Id,MSSubClass,MSZoning,LotFrontage,LotArea,Street,Alley,LotShape,LandContour,Utilities,LotConfig,LandSlope,Neighborhood,Condition1,Condition2,BldgType,HouseStyle,OverallQual,OverallCond,YearBuilt,YearRemodAdd,RoofStyle,RoofMatl,Exterior1st,Exterior2nd,MasVnrType,MasVnrArea,ExterQual,ExterCond,Foundation,BsmtQual,BsmtCond,BsmtExposure,BsmtFinType1,BsmtFinType2,TotalBsmtSF,Heating,HeatingQC,CentralAir,Electrical,GrLivArea,BsmtFullBath,BsmtHalfBath,FullBath,HalfBath,BedroomAbvGr,KitchenAbvGr,KitchenQual,Functional,Fireplaces,FireplaceQu,GarageType,GarageYrBlt,GarageFinish,GarageCars,GarageQual,GarageCond,PavedDrive,WoodDeckSF,OpenPorchSF,EnclosedPorch,3SsnPorch,ScreenPorch,PoolArea,PoolQC,Fence,MiscFeature,MiscVal,MoSold,YrSold,SaleType,SaleCondition,SalePrice
1,60,RL,65.0,8450,Pave,None,Reg,Lvl,AllPub,Inside,Gtl,CollgCr,Norm,Norm,1Fam,2Story,7,5,2003,2003,Gable,CompShg,VinylSd,VinylSd,BrkFace,196.0,Gd,TA,PConc,Gd,TA,No,GLQ,Unf,856,GasA,Ex,Y,SBrkr,1710,1,0,2,1,3,1,Gd,Typ,0,None,Attchd,2003.0,RFn,2,TA,TA,Y,0,61,0,0,0,0,None,None,None,0,2,2008,WD,Normal,208500
2,20,RL,80.0,9600,Pave,None,Reg,Lvl,AllPub,FR2,Gtl,Veenker,Feedr,Norm,1Fam,1Story,6,8,1976,1976,Gable,CompShg,MetalSd,MetalSd,None,0.0,TA,TA,CBlock,Gd,TA,Gd,ALQ,Unf,1262,GasA,Ex,Y,SBrkr,1262,0,1,2,0,3,1,TA,Typ,1,TA,Attchd,1976.0,RFn,2,TA,TA,Y,298,0,0,0,0,0,None,None,None,0,5,2007,WD,Normal,181500
3,60,RL,68.0,11250,Pave,None,IR1,Lvl,AllPub,Inside,Gtl,CollgCr,Norm,Norm,1Fam,2Story,7,5,2001,2002,Gable,CompShg,VinylSd,VinylSd,BrkFace,162.0,Gd,TA,PConc,Gd,TA,Mn,GLQ,Unf,920,GasA,Ex,Y,SBrkr,1786,1,0,2,1,3,1,Gd,Typ,1,TA,Attchd,2001.0,RFn,2,TA,TA,Y,0,42,0,0,0,0,None,None,None,0,9,2008,WD,Normal,223500
4,70,RL,60.0,9550,Pave,None,IR1,Lvl,AllPub,Corner,Gtl,Crawfor,Norm,Norm,1Fam,2Story,7,5,1915,1970,Gable,CompShg,Wd Sdng,Wd Shng,None,0.0,TA,TA,BrkTil,TA,Gd,No,ALQ,Unf,756,GasA,Gd,Y,SBrkr,1717,1,0,1,0,3,1,Gd,Typ,1,Gd,Detchd,1998.0,Unf,3,TA,TA,Y,0,35,272,0,0,0,None,None,None,0,2,2006,WD,Abnorml,140000
5,60,RL,84.0,14260,Pave,None,IR1,Lvl,AllPub,FR2,Gtl,NoRidge,Norm,Norm,1Fam,2Story,8,5,2000,2000,Gable,CompShg,VinylSd,VinylSd,BrkFace,350.0,Gd,TA,PConc,Gd,TA,Av,GLQ,Unf,1145,GasA,Ex,Y,SBrkr,2198,1,0,2,1,4,1,Gd,Typ,1,TA,Attchd,2000.0,RFn,3,TA,TA,Y,192,84,0,0,0,0,None,None,None,0,12,2008,WD,Normal,250000
6,50,RL,85.0,14115,Pave,None,IR1,Lvl,AllPub,Inside,Gtl,Mitchel,Norm,Norm,1Fam,1.5Fin,5,5,1993,1995,Gable,CompShg,VinylSd,VinylSd,None,0.0,TA,TA,Wood,Gd,TA,No,GLQ,Unf,796,GasA,Ex,Y,SBrkr,1362,1,0,1,1,1,1,TA,Typ,0,None,Attchd,1993.0,Unf,2,TA,TA,Y,40,30,0,320,0,0,None,MnPrv,Shed,700,10,2009,WD,Normal,143000
7,20,RL,75.0,10084,Pave,None,Reg,Lvl,AllPub,Inside,Gtl,Somerst,Norm,Norm,1Fam,1Story,8,5,2004,2005,Gable,CompShg,VinylSd,VinylSd,Stone,186.0,Gd,TA,PConc,Ex,TA,Av,GLQ,Unf,1686,GasA,Ex,Y,SBrkr,1694,1,0,2,0,3,1,Gd,Typ,1,Gd,Attchd,2004.0,RFn,2,TA,TA,Y,255,57,0,0,0,0,None,None,None,0,8,2007,WD,Normal,307000
8,60,RL,80.0,10382,Pave,None,IR1,Lvl,AllPub,Corner,Gtl,NWAmes,PosN,Norm,1Fam,2Story,7,6,1973,1973,Gable,CompShg,HdBoard,HdBoard,Stone,240.0,TA,TA,CBlock,Gd,TA,Mn,ALQ,BLQ,1107,GasA,Ex,Y,SBrkr,2090,1,0,2,1,3,1,TA,Typ,2,TA,Attchd,1973.0,RFn,2,TA,TA,Y,235,204,228,0,0,0,None,None,Shed,350,11,2009,WD,Normal,200000
9,50,RM,51.0,6120,Pave,None,Reg,Lvl,AllPub,Inside,Gtl,OldTown,Artery,Norm,1Fam,1.5Fin,7,5,1931,1950,Gable,CompShg,BrkFace,Wd Shng,None,0.0,TA,TA,BrkTil,TA,TA,No,Unf,Unf,952,GasA,Gd,Y,FuseF,1774,0,0,2,0,2,2,TA,Min1,2,TA,Detchd,1931.0,Unf,2,Fa,TA,Y,90,0,205,0,0,0,None,None,None,0,4,2008,WD,Abnorml,129900
10,190,RL,50.0,7420,Pave,None,Reg,Lvl,AllPub,Corner,Gtl,BrkSide,Artery,Artery,2fmCon,1.5Unf,5,6,1939,1950,Gable,CompShg,MetalSd,MetalSd,None,0.0,TA,TA,BrkTil,TA,TA,No,GLQ,Unf,991,GasA,Ex,Y,SBrkr,1077,1,0,1,0,2,2,TA,Typ,2,TA,Attchd,1939.0,RFn,1,Gd,TA,Y,0,4,0,0,0,0,None,None,None,0,1,2008,WD,Normal,118000
11,20,RL,70.0,11200,Pave,None,Reg,Lvl,AllPub,Inside,Gtl,Sawyer,Norm,Norm,1Fam,1Story,5,5,1965,1965,Hip,CompShg,HdBoard,HdBoard,None,0.0,TA,TA,CBlock,TA,TA,No,Rec,Unf,1040,GasA,Ex,Y,SBrkr,1040,1,0,1,0,3,1,TA,Typ,0,None,Detchd,1965.0,Unf,1,TA,TA,Y,0,0,0,0,0,0,None,None,None,0,2,2008,WD,Normal,129500
12,60,RL,85.0,11924,Pave,None,IR1,Lvl,AllPub,Inside,Gtl,NridgHt,Norm,Norm,1Fam,2Story,9,5,2005,2006,Hip,CompShg,WdShing,Wd Shng,Stone,286.0,Ex,TA,PConc,Ex,TA,No,GLQ,Unf,1175,GasA,Ex,Y,SBrkr,2324,1,0,3,0,4,1,Ex,Typ,2,Gd,BuiltIn,2005.0,Fin,3,TA,TA,Y,147,21,0,0,0,0,None,None,None,0,7,2006,New,Partial,345000
13,20,RL,71.0,12968,Pave,None,IR2,Lvl,AllPub,Inside,Gtl,Sawyer,Norm,Norm,1Fam,1Story,5,6,1962,1962,Hip,CompShg,HdBoard,Plywood,None,0.0,TA,TA,CBlock,TA,TA,No,ALQ,Unf,912,GasA,TA,Y,SBrkr,912,1,0,1,0,2,1,TA,Typ,0,None,Detchd,1962.0,Unf,1,TA,TA,Y,140,0,0,0,176,0,None,None,None,0,9,2008,WD,Normal,144000
14,20,RL,91.0,10652,Pave,None,IR1,Lvl,AllPub,Inside,Gtl,CollgCr,Norm,Norm,1Fam,1Story,7,5,2006,2007,Gable,CompShg,VinylSd,VinylSd,Stone,306.0,Gd,TA,PConc,Gd,TA,Av,Unf,Unf,1494,GasA,Ex,Y,SBrkr,1494,0,0,2,0,3,1,Gd,Typ,1,Gd,Attchd,2006.0,RFn,3,TA,TA,Y,160,33,0,0,0,0,None,None,None,0,8,2007,New,Partial,279500
15,20,RL,73.0,10920,Pave,None,IR1,Lvl,AllPub,Corner,Gtl,NAmes,Norm,Norm,1Fam,1Story,6,5,1960,1960,Hip,CompShg,MetalSd,MetalSd,BrkFace,212.0,TA,TA,CBlock,TA,TA,No,BLQ,Unf,1253,GasA,TA,Y,SBrkr,1253,1,0,1,1,2,1,TA,Typ,1,Fa,Attchd,1960.0,RFn,1,TA,TA,Y,0,213,176,0,0,0,None,GdWo,None,0,5,2008,WD,Normal,157000
16,45,RM,51.0,6120,Pave,None,Reg,Lvl,AllPub,Corner,Gtl,BrkSide,Norm,Norm,1Fam,1.5Unf,7,8,1929,2001,Gable,CompShg,Wd Sdng,Wd Sdng,None,0.0,TA,TA,BrkTil,TA,TA,No,Unf,Unf,832,GasA,Ex,Y,FuseA,854,0,0,1,0,2,1,TA,Typ,0,None,Detchd,1991.0,Unf,2,TA,TA,Y,48,112,0,0,0,0,None,GdPrv,None,0,7,2007,WD,Normal,132000
17,20,RL,73.0,11241,Pave,None,IR1,Lvl,AllPub,CulDSac,Gtl,NAmes,Norm,Norm,1Fam,1Story,6,7,1970,1970,Gable,CompShg,Wd Sdng,Wd Sdng,BrkFace,180.0,TA,TA,CBlock,TA,TA,No,ALQ,Unf,1004,GasA,Ex,Y,SBrkr,1004,1,0,1,0,2,1,TA,Typ,1,TA,Attchd,1970.0,Fin,2,TA,TA,Y,0,0,0,0,0,0,None,None,Shed,700,3,2010,WD,Normal,149000
18,90,RL,72.0,10791,Pave,None,Reg,Lvl,AllPub,Inside,Gtl,Sawyer,Norm,Norm,Duplex,1Story,4,5,1967,1967,Gable,CompShg,MetalSd,MetalSd,None,0.0,TA,TA,Slab,None,None,None,None,None,0,GasA,TA,Y,SBrkr,1296,0,0,2,0,2,2,TA,Typ,0,None,CarPort,1967.0,Unf,2,TA,TA,Y,0,0,0,0,0,0,None,None,Shed,500,10,2006,WD,Normal,90000
19,20,RL,66.0,13695,Pave,None,Reg,Lvl,AllPub,Inside,Gtl,SawyerW,RRAe,Norm,1Fam,1Story,5,5,2004,2004,Gable,CompShg,VinylSd,VinylSd,None,0.0,TA,TA,PConc,TA,TA,No,GLQ,Unf,1114,GasA,Ex,Y,SBrkr,1114,1,0,1,1,3,1,Gd,Typ,0,None,Detchd,2004.0,Unf,2,TA,TA,Y,0,102,0,0,0,0,None,None,None,0,6,2008,WD,Normal,159000
20,20,RL,70.0,7560,Pave,None,Reg,Lvl,AllPub,Inside,Gtl,NAmes,Norm,Norm,1Fam,1Story,5,6,1958,1965,Hip,CompShg,BrkFace,Plywood,None,0.0,TA,TA,CBlock,TA,TA,No,LwQ,Unf,1029,GasA,TA,Y,SBrkr,1339,0,0,1,0,3,1,TA,Min1,0,None,Attchd,1958.0,Unf,1,TA,TA,Y,0,0,0,0,0,0,None,MnPrv,None,0,5,2009,COD,Abnorml,139000
21,60,RL,101.0,14215,Pave,None,IR1,Lvl,AllPub,Corner,Gtl,NridgHt,Norm,Norm,1Fam,2Story,8,5,2005,2006,Gable,CompShg,VinylSd,VinylSd,BrkFace,380.0,Gd,TA,PConc,Ex,TA,Av,Unf,Unf,1158,GasA,Ex,Y,SBrkr,2376,0,0,3,1,4,1,Gd,Typ,1,Gd,BuiltIn,2005.0,RFn,3,TA,TA,Y,240,154,0,0,0,0,None,None,None,0,11,2006,New,Partial,325300
22,45,RM,57.0,7449,Pave,Grvl,Reg,Bnk,AllPub,Inside,Gtl,IDOTRR,Norm,Norm,1Fam,1.5Unf,7,7,1930,1950,Gable,CompShg,Wd Sdng,Wd Sdng,None,0.0,TA,TA,PConc,TA,TA,No,Unf,Unf,637,GasA,Ex,Y,FuseF,1108,0,0,1,0,3,1,Gd,Typ,1,Gd,Attchd,1930.0,Unf,1,TA,TA,N,0,0,205,0,0,0,None,GdPrv,None,0,6,2007,WD,Normal,139400
23,20,RL,75.0,9742,Pave,None,Reg,Lvl,AllPub,Inside,Gtl,CollgCr,Norm,Norm,1Fam,1Story,8,5,2002,2002,Hip,CompShg,VinylSd,VinylSd,BrkFace,281.0,Gd,TA,PConc,Gd,TA,No,Unf,Unf,1777,GasA,Ex,Y,SBrkr,1795,0,0,2,0,3,1,Gd,Typ,1,Gd,Attchd,2002.0,RFn,2,TA,TA,Y,171,159,0,0,0,0,None,None,None,0,9,2008,WD,Normal,230000
24,120,RM,44.0,4224,Pave,None,Reg,Lvl,AllPub,Inside,Gtl,MeadowV,Norm,Norm,TwnhsE,1Story,5,7,1976,1976,Gable,CompShg,CemntBd,CmentBd,None,0.0,TA,TA,PConc,Gd,TA,No,GLQ,Unf,1040,GasA,TA,Y,SBrkr,1060,1,0,1,0,3,1,TA,Typ,1,TA,Attchd,1976.0,Unf,2,TA,TA,Y,100,110,0,0,0,0,None,None,None,0,6,2007,WD,Normal,129900
25,20,RL,71.0,8246,Pave,None,IR1,Lvl,AllPub,Inside,Gtl,Sawyer,Norm,Norm,1Fam,1Story,5,8,1968,2001,Gable,CompShg,Plywood,Plywood,None,0.0,TA,Gd,CBlock,TA,TA,Mn,Rec,ALQ,1060,GasA,Ex,Y,SBrkr,1060,1,0,1,0,3,1,Gd,Typ,1,TA,Attchd,1968.0,Unf,1,TA,TA,Y,406,90,0,0,0,0,None,MnPrv,None,0,5,2010,WD,Normal,154000
26,20,RL,110.0,14230,Pave,None,Reg,Lvl,AllPub,Corner,Gtl,NridgHt,Norm,Norm,1Fam,1Story,8,5,2007,2007,Gable,CompShg,VinylSd,VinylSd,Stone,640.0,Gd,TA,PConc,Gd,TA,No,Unf,Unf,1566,GasA,Ex,Y,SBrkr,1600,0,0,2,0,3,1,Gd,Typ,1,Gd,Attchd,2007.0,RFn,3,TA,TA,Y,0,56,0,0,0,0,None,None,None,0,7,2009,WD,Normal,256300
27,20,RL,60.0,7200,Pave,None,Reg,Lvl,AllPub,Corner,Gtl,NAmes,Norm,Norm,1Fam,1Story,5,7,1951,2000,Gable,CompShg,Wd Sdng,Wd Sdng,None,0.0,TA,TA,CBlock,TA,TA,Mn,BLQ,Rec,900,GasA,TA,Y,SBrkr,900,0,1,1,0,3,1,Gd,Typ,0,None,Detchd,2005.0,Unf,2,TA,TA,Y,222,32,0,0,0,0,None,None,None,0,5,2010,WD,Normal,134800
28,20,RL,98.0,11478,Pave,None,Reg,Lvl,AllPub,Inside,Gtl,NridgHt,Norm,Norm,1Fam,1Story,8,5,2007,2008,Gable,CompShg,VinylSd,VinylSd,Stone,200.0,Gd,TA,PConc,Ex,TA,No,GLQ,Unf,1704,GasA,Ex,Y,SBrkr,1704,1,0,2,0,3,1,Gd,Typ,1,Gd,Attchd,2008.0,RFn,3,TA,TA,Y,0,50,0,0,0,0,None,None,None,0,5,2010,WD,Normal,306000
29,20,RL,47.0,16321,Pave,None,IR1,Lvl,AllPub,CulDSac,Gtl,NAmes,Norm,Norm,1Fam,1Story,5,6,1957,1997,Gable,CompShg,MetalSd,MetalSd,None,0.0,TA,TA,CBlock,TA,TA,Gd,BLQ,Unf,1484,GasA,TA,Y,SBrkr,1600,1,0,1,0,2,1,TA,Typ,2,Gd,Attchd,1957.0,RFn,1,TA,TA,Y,288,258,0,0,0,0,None,None,None,0,12,2006,WD,Normal,207500
30,30,RM,60.0,6324,Pave,None,IR1,Lvl,AllPub,Inside,Gtl,BrkSide,Feedr,RRNn,1Fam,1Story,4,6,1927,1950,Gable,CompShg,MetalSd,MetalSd,None,0.0,TA,TA,BrkTil,TA,TA,No,Unf,Unf,520,GasA,Fa,N,SBrkr,520,0,0,1,0,1,1,Fa,Typ,0,None,Detchd,1920.0,Unf,1,Fa,TA,Y,49,0,87,0,0,0,None,None,None,0,5,2008,WD,Normal,68500
31,70,C (all),50.0,8500,Pave,Pave,Reg,Lvl,AllPub,Inside,Gtl,IDOTRR,Feedr,Norm,1Fam,2Story,4,4,1920,1950,Gambrel,CompShg,BrkFace,BrkFace,None,0.0,TA,Fa,BrkTil,TA,TA,No,Unf,Unf,649,GasA,TA,N,SBrkr,1317,0,0,1,0,3,1,TA,Typ,0,None,Detchd,1920.0,Unf,1,TA,Fa,N,0,54,172,0,0,0,None,MnPrv,None,0,7,2008,WD,Normal,40000
32,20,RL,71.0,8544,Pave,None,IR1,Lvl,AllPub,CulDSac,Gtl,Sawyer,Norm,Norm,1Fam,1Story,5,6,1966,2006,Gable,CompShg,HdBoard,HdBoard,None,0.0,TA,TA,CBlock,TA,TA,No,Unf,Unf,1228,GasA,Gd,Y,SBrkr,1228,0,0,1,1,3,1,Gd,Typ,0,None,Attchd,1966.0,Unf,1,TA,TA,Y,0,65,0,0,0,0,None,MnPrv,None,0,6,2008,WD,Normal,149350
33,20,RL,85.0,11049,Pave,None,Reg,Lvl,AllPub,Corner,Gtl,CollgCr,Norm,Norm,1Fam,1Story,8,5,2007,2007,Gable,CompShg,VinylSd,VinylSd,None,0.0,Gd,TA,PConc,Ex,TA,Av,Unf,Unf,1234,GasA,Ex,Y,SBrkr,1234,0,0,2,0,3,1,Gd,Typ,0,None,Attchd,2007.0,RFn,2,TA,TA,Y,0,30,0,0,0,0,None,None,None,0,1,2008,WD,Normal,179900
34,20,RL,70.0,10552,Pave,None,IR1,Lvl,AllPub,Inside,Gtl,NAmes,Norm,Norm,1Fam,1Story,5,5,1959,1959,Hip,CompShg,BrkFace,BrkFace,None,0.0,TA,TA,CBlock,TA,TA,No,Rec,Unf,1398,GasA,Gd,Y,SBrkr,1700,0,1,1,1,4,1,Gd,Typ,1,Gd,Attchd,1959.0,RFn,2,TA,TA,Y,0,38,0,0,0,0,None,None,None,0,4,2010,WD,Normal,165500
35,120,RL,60.0,7313,Pave,None,Reg,Lvl,AllPub,Inside,Gtl,NridgHt,Norm,Norm,TwnhsE,1Story,9,5,2005,2005,Hip,CompShg,MetalSd,MetalSd,BrkFace,246.0,Ex,TA,PConc,Ex,TA,No,GLQ,Unf,1561,GasA,Ex,Y,SBrkr,1561,1,0,2,0,2,1,Ex,Typ,1,Gd,Attchd,2005.0,Fin,2,TA,TA,Y,203,47,0,0,0,0,None,None,None,0,8,2007,WD,Normal,277500
36,60,RL,108.0,13418,Pave,None,Reg,Lvl,AllPub,Inside,Gtl,NridgHt,Norm,Norm,1Fam,2Story,8,5,2004,2005,Gable,CompShg,VinylSd,VinylSd,Stone,132.0,Gd,TA,PConc,Ex,TA,Av,Unf,Unf,1117,GasA,Ex,Y,SBrkr,2452,0,0,3,1,4,1,Gd,Typ,1,Gd,BuiltIn,2004.0,Fin,3,TA,TA,Y,113,32,0,0,0,0,None,None,None,0,9,2006,WD,Normal,309000
37,20,RL,112.0,10859,Pave,None,Reg,Lvl,AllPub,Corner,Gtl,CollgCr,Norm,Norm,1Fam,1Story,5,5,1994,1995,Gable,CompShg,VinylSd,VinylSd,None,0.0,TA,TA,PConc,Gd,TA,No,Unf,Unf,1097,GasA,Ex,Y,SBrkr,1097,0,0,1,1,3,1,TA,Typ,0,None,Attchd,1995.0,Unf,2,TA,TA,Y,392,64,0,0,0,0,None,None,None,0,6,2009,WD,Normal,145000
38,20,RL,74.0,8532,Pave,None,Reg,Lvl,AllPub,Inside,Gtl,NAmes,Norm,Norm,1Fam,1Story,5,6,1954,1990,Hip,CompShg,Wd Sdng,Wd Sdng,BrkFace,650.0,TA,TA,CBlock,TA,TA,No,Rec,Unf,1297,GasA,Gd,Y,SBrkr,1297,0,1,1,0,3,1,TA,Typ,1,TA,Attchd,1954.0,Fin,2,TA,TA,Y,0,0,0,0,0,0,None,None,None,0,10,2009,WD,Normal,153000
39,20,RL,68.0,7922,Pave,None,Reg,Lvl,AllPub,Inside,Gtl,NAmes,Norm,Norm,1Fam,1Story,5,7,1953,2007,Gable,CompShg,VinylSd,VinylSd,None,0.0,TA,Gd,CBlock,TA,TA,No,GLQ,Unf,1057,GasA,TA,Y,SBrkr,1057,1,0,1,0,3,1,Gd,Typ,0,None,Detchd,1953.0,Unf,1,TA,TA,Y,0,52,0,0,0,0,None,None,None,0,1,2010,WD,Abnorml,109000
40,90,RL,65.0,6040,Pave,None,Reg,Lvl,AllPub,Inside,Gtl,Edwards,Norm,Norm,Duplex,1Story,4,5,1955,1955,Gable,CompShg,AsbShng,Plywood,None,0.0,TA,TA,PConc,None,None,None,None,None,0,GasA,TA,N,FuseP,1152,0,0,2,0,2,2,Fa,Typ,0,None,None,0.0,None,0,None,None,N,0,0,0,0,0,0,None,None,None,0,6,2008,WD,AdjLand,82000
41,20,RL,84.0,8658,Pave,None,Reg,Lvl,AllPub,Inside,Gtl,NAmes,Norm,Norm,1Fam,1Story,6,5,1965,1965,Gable,CompShg,Wd Sdng,Wd Sdng,BrkFace,101.0,TA,TA,CBlock,TA,TA,No,Rec,Unf,1088,GasA,Ex,Y,SBrkr,1324,0,0,2,0,3,1,TA,Typ,1,TA,Attchd,1965.0,RFn,2,TA,TA,Y,0,138,0,0,0,0,None,GdWo,None,0,12,2006,WD,Abnorml,160000
42,20,RL,115.0,16905,Pave,None,Reg,Lvl,AllPub,Inside,Gtl,Timber,Norm,Norm,1Fam,1Story,5,6,1959,1959,Gable,CompShg,VinylSd,VinylSd,None,0.0,TA,Gd,CBlock,TA,TA,Gd,BLQ,Unf,1350,GasA,Gd,Y,SBrkr,1328,0,1,1,1,2,1,TA,Typ,2,Gd,Attchd,1959.0,RFn,1,TA,TA,P,0,104,0,0,0,0,None,None,None,0,7,2007,WD,Normal,170000
43,85,RL,66.5,9180,Pave,None,IR1,Lvl,AllPub,CulDSac,Gtl,SawyerW,Norm,Norm,1Fam,SFoyer,5,7,1983,1983,Gable,CompShg,HdBoard,HdBoard,None,0.0,TA,TA,CBlock,Gd,TA,Av,ALQ,LwQ,840,GasA,Gd,Y,SBrkr,884,1,0,1,0,2,1,Gd,Typ,0,None,Attchd,1983.0,RFn,2,TA,Gd,Y,240,0,0,0,0,0,None,MnPrv,None,0,12,2007,WD,Normal,144000
44,20,RL,70.0,9200,Pave,None,IR1,Lvl,AllPub,CulDSac,Gtl,CollgCr,Norm,Norm,1Fam,1Story,5,6,1975,1980,Hip,CompShg,VinylSd,VinylSd,None,0.0,TA,TA,CBlock,Gd,TA,Av,LwQ,BLQ,938,GasA,TA,Y,SBrkr,938,1,0,1,0,3,1,TA,Typ,0,None,Detchd,1977.0,Unf,1,TA,TA,Y,145,0,0,0,0,0,None,MnPrv,None,0,7,2008,WD,Normal,130250
45,20,RL,70.0,7945,Pave,None,Reg,Lvl,AllPub,Inside,Gtl,NAmes,Norm,Norm,1Fam,1Story,5,6,1959,1959,Gable,CompShg,BrkFace,Wd Sdng,None,0.0,TA,TA,CBlock,TA,TA,No,ALQ,BLQ,1150,GasA,Ex,Y,FuseA,1150,1,0,1,0,3,1,TA,Typ,0,None,Attchd,1959.0,RFn,1,TA,TA,Y,0,0,0,0,0,0,None,None,None,0,5,2006,WD,Normal,141000
46,120,RL,61.0,7658,Pave,None,Reg,Lvl,AllPub,Inside,Gtl,NridgHt,Norm,Norm,TwnhsE,1Story,9,5,2005,2005,Hip,CompShg,MetalSd,MetalSd,BrkFace,412.0,Ex,TA,PConc,Ex,TA,No,GLQ,Unf,1752,GasA,Ex,Y,SBrkr,1752,1,0,2,0,2,1,Ex,Typ,1,Gd,Attchd,2005.0,RFn,2,TA,TA,Y,196,82,0,0,0,0,None,None,None,0,2,2010,WD,Normal,319900
47,50,RL,48.0,12822,Pave,None,IR1,Lvl,AllPub,CulDSac,Gtl,Mitchel,Norm,Norm,1Fam,1.5Fin,7,5,2003,2003,Gable,CompShg,VinylSd,VinylSd,None,0.0,Gd,TA,PConc,Ex,TA,No,GLQ,Unf,1434,GasA,Ex,Y,SBrkr,2149,1,0,1,1,1,1,Gd,Typ,1,Ex,Attchd,2003.0,RFn,2,TA,TA,Y,168,43,0,0,198,0,None,None,None,0,8,2009,WD,Abnorml,239686
48,20,FV,84.0,11096,Pave,None,Reg,Lvl,AllPub,Inside,Gtl,Somerst,Norm,Norm,1Fam,1Story,8,5,2006,2006,Gable,CompShg,VinylSd,VinylSd,None,0.0,Gd,TA,PConc,Gd,TA,Av,GLQ,Unf,1656,GasA,Ex,Y,SBrkr,1656,0,0,2,0,3,1,Gd,Typ,0,None,Attchd,2006.0,RFn,3,TA,TA,Y,0,146,0,0,0,0,None,None,None,0,7,2007,WD,Normal,249700
49,190,RM,33.0,4456,Pave,None,Reg,Lvl,AllPub,Inside,Gtl,OldTown,Norm,Norm,2fmCon,2Story,4,5,1920,2008,Gable,CompShg,MetalSd,MetalSd,None,0.0,TA,TA,BrkTil,TA,TA,No,Unf,Unf,736,GasA,Gd,Y,SBrkr,1452,0,0,2,0,2,3,TA,Typ,0,None,None,0.0,None,0,None,None,N,0,0,102,0,0,0,None,None,None,0,6,2009,New,Partial,113000
50,20,RL,66.0,7742,Pave,None,Reg,Lvl,AllPub,Inside,Gtl,Sawyer,Norm,Norm,1Fam,1Story,5,7,1966,1966,Gable,CompShg,HdBoard,HdBoard,None,0.0,TA,TA,CBlock,TA,TA,No,BLQ,Unf,955,GasA,Ex,Y,SBrkr,955,1,0,1,0,3,1,TA,Typ,0,None,Attchd,1966.0,Unf,1,TA,TA,Y,0,0,0,0,0,0,None,MnPrv,None,0,1,2007,WD,Normal,127000
51,60,RL,65.0,13869,Pave,None,IR2,Lvl,AllPub,Corner,Gtl,Gilbert,Norm,Norm,1Fam,2Story,6,6,1997,1997,Gable,CompShg,VinylSd,VinylSd,None,0.0,TA,TA,PConc,Gd,TA,Av,GLQ,Unf,794,GasA,Gd,Y,SBrkr,1470,0,1,2,0,3,1,TA,Typ,0,None,Attchd,1997.0,Fin,2,TA,TA,Y,0,75,0,0,0,0,None,None,None,0,7,2007,WD,Normal,177000
52,50,RM,52.0,6240,Pave,None,Reg,Lvl,AllPub,Inside,Gtl,BrkSide,Norm,Norm,1Fam,1.5Fin,6,6,1934,1950,Gable,CompShg,Wd Sdng,Wd Sdng,None,0.0,TA,TA,PConc,TA,TA,No,Unf,Unf,816,GasA,TA,Y,SBrkr,1176,0,0,1,0,3,1,TA,Typ,1,Gd,Detchd,1985.0,Unf,2,TA,TA,Y,112,0,0,0,0,0,None,MnPrv,Shed,400,9,2006,WD,Normal,114500
53,90,RM,110.0,8472,Grvl,None,IR2,Bnk,AllPub,Corner,Mod,IDOTRR,RRNn,Norm,Duplex,1Story,5,5,1963,1963,Gable,CompShg,Wd Sdng,Wd Sdng,None,0.0,Fa,TA,CBlock,Gd,TA,Gd,LwQ,GLQ,816,GasA,TA,N,SBrkr,816,1,0,1,0,2,1,TA,Typ,0,None,CarPort,1963.0,Unf,2,TA,TA,Y,106,0,0,0,0,0,None,None,None,0,5,2010,WD,Normal,110000
54,20,RL,68.0,50271,Pave,None,IR1,Low,AllPub,Inside,Gtl,Veenker,Norm,Norm,1Fam,1Story,9,5,1981,1987,Gable,WdShngl,WdShing,Wd Shng,None,0.0,Gd,TA,CBlock,Ex,TA,Gd,GLQ,Unf,1842,GasA,Gd,Y,SBrkr,1842,2,0,0,1,0,1,Gd,Typ,1,Gd,Attchd,1981.0,Fin,3,TA,TA,Y,857,72,0,0,0,0,None,None,None,0,11,2006,WD,Normal,385000
55,80,RL,60.0,7134,Pave,None,Reg,Bnk,AllPub,Inside,Mod,NAmes,Norm,Norm,1Fam,SLvl,5,5,1955,1955,Gable,CompShg,MetalSd,MetalSd,None,0.0,TA,TA,CBlock,TA,TA,No,ALQ,Unf,384,GasA,TA,Y,SBrkr,1360,0,0,1,0,3,1,TA,Min1,1,TA,Detchd,1962.0,Unf,2,TA,TA,Y,0,50,0,0,0,0,None,MnPrv,None,0,2,2007,WD,Normal,130000
56,20,RL,100.0,10175,Pave,None,IR1,Lvl,AllPub,Inside,Gtl,NAmes,Norm,Norm,1Fam,1Story,6,5,1964,1964,Gable,CompShg,HdBoard,Plywood,BrkFace,272.0,TA,TA,CBlock,TA,TA,No,BLQ,Unf,1425,GasA,Gd,Y,SBrkr,1425,0,0,2,0,3,1,TA,Typ,1,Gd,Attchd,1964.0,RFn,2,TA,TA,Y,0,0,0,407,0,0,None,None,None,0,7,2008,WD,Normal,180500
57,160,FV,24.0,2645,Pave,Pave,Reg,Lvl,AllPub,Inside,Gtl,Somerst,Norm,Norm,Twnhs,2Story,8,5,1999,2000,Gable,CompShg,MetalSd,MetalSd,BrkFace,456.0,Gd,TA,PConc,Gd,TA,No,GLQ,Unf,970,GasA,Ex,Y,SBrkr,1739,1,0,2,1,3,1,Gd,Typ,0,None,Attchd,1999.0,Fin,2,TA,TA,Y,115,0,0,0,0,0,None,None,None,0,8,2009,WD,Abnorml,172500
58,60,RL,89.0,11645,Pave,None,IR1,Lvl,AllPub,Corner,Gtl,CollgCr,Norm,Norm,1Fam,2Story,7,5,2004,2004,Gable,CompShg,VinylSd,VinylSd,None,0.0,Gd,TA,PConc,Gd,TA,No,Unf,Unf,860,GasA,Ex,Y,SBrkr,1720,0,0,2,1,3,1,Gd,Typ,0,None,Attchd,2004.0,RFn,2,TA,TA,Y,0,70,0,0,0,0,None,None,None,0,8,2006,WD,Normal,196500
59,60,RL,66.0,13682,Pave,None,IR2,HLS,AllPub,CulDSac,Gtl,StoneBr,Norm,Norm,1Fam,2Story,10,5,2006,2006,Hip,CompShg,VinylSd,VinylSd,BrkFace,1031.0,Ex,TA,PConc,Ex,TA,Gd,Unf,Unf,1410,GasA,Ex,Y,SBrkr,2945,0,0,3,1,3,1,Gd,Typ,1,Gd,BuiltIn,2006.0,Fin,3,TA,TA,Y,192,0,37,0,0,0,None,None,None,0,10,2006,New,Partial,438780
60,20,RL,60.0,7200,Pave,None,Reg,Bnk,AllPub,Inside,Gtl,CollgCr,Norm,Norm,1Fam,1Story,5,7,1972,1972,Gable,CompShg,HdBoard,HdBoard,None,0.0,TA,TA,CBlock,TA,TA,Av,ALQ,Unf,780,GasA,Ex,Y,SBrkr,780,0,0,1,0,2,1,TA,Typ,0,None,Detchd,1973.0,Unf,1,TA,TA,Y,196,0,0,0,0,0,None,MnPrv,None,0,1,2008,WD,Normal,124900
61,20,RL,63.0,13072,Pave,None,Reg,Lvl,AllPub,Inside,Gtl,SawyerW,RRAe,Norm,1Fam,1Story,6,5,2004,2004,Gable,CompShg,VinylSd,VinylSd,None,0.0,TA,TA,PConc,Gd,TA,No,ALQ,Unf,1158,GasA,Ex,Y,SBrkr,1158,1,0,1,1,3,1,Gd,Typ,0,None,Detchd,2006.0,Unf,2,TA,TA,Y,0,50,0,0,0,0,None,None,None,0,5,2006,New,Partial,158000
62,75,RM,60.0,7200,Pave,None,Reg,Lvl,AllPub,Inside,Gtl,IDOTRR,Norm,Norm,1Fam,2.5Unf,5,7,1920,1996,Gable,CompShg,MetalSd,MetalSd,None,0.0,TA,TA,BrkTil,TA,Fa,No,Unf,Unf,530,GasA,TA,N,SBrkr,1111,0,0,1,0,3,1,Fa,Typ,0,None,Detchd,1935.0,Unf,1,TA,TA,N,0,0,144,0,0,0,None,None,None,0,3,2007,WD,Normal,101000
63,120,RL,44.0,6442,Pave,None,IR1,Lvl,AllPub,Inside,Gtl,NridgHt,Norm,Norm,TwnhsE,1Story,8,5,2006,2006,Gable,CompShg,VinylSd,VinylSd,Stone,178.0,Gd,TA,PConc,Gd,Gd,Mn,GLQ,Unf,1370,GasA,Ex,Y,SBrkr,1370,0,0,2,0,2,1,Gd,Typ,1,Gd,Attchd,2006.0,RFn,2,TA,TA,Y,120,49,0,0,0,0,None,None,None,0,10,2007,WD,Normal,202500
64,70,RM,50.0,10300,Pave,None,IR1,Bnk,AllPub,Inside,Gtl,OldTown,RRAn,Feedr,1Fam,2Story,7,6,1921,1950,Gable,CompShg,Stucco,Stucco,None,0.0,TA,TA,BrkTil,TA,TA,No,Unf,Unf,576,GasA,Gd,Y,SBrkr,1710,0,0,2,0,3,1,TA,Typ,0,None,Detchd,1990.0,Unf,2,TA,TA,Y,12,11,64,0,0,0,None,GdPrv,None,0,4,2010,WD,Normal,140000
65,60,RL,70.0,9375,Pave,None,Reg,Lvl,AllPub,Inside,Gtl,CollgCr,Norm,Norm,1Fam,2Story,7,5,1997,1998,Gable,CompShg,VinylSd,VinylSd,BrkFace,573.0,TA,TA,PConc,Gd,TA,No,GLQ,Unf,1057,GasA,Ex,Y,SBrkr,2034,1,0,2,1,3,1,Gd,Typ,0,None,Attchd,1998.0,RFn,2,TA,TA,Y,576,36,0,0,0,0,None,GdPrv,None,0,2,2009,WD,Normal,219500
66,60,RL,76.0,9591,Pave,None,Reg,Lvl,AllPub,Inside,Gtl,NridgHt,Norm,Norm,1Fam,2Story,8,5,2004,2005,Gable,CompShg,VinylSd,VinylSd,BrkFace,344.0,Gd,TA,PConc,Ex,TA,Av,Unf,Unf,1143,GasA,Ex,Y,SBrkr,2473,0,0,2,1,4,1,Gd,Typ,1,Gd,BuiltIn,2004.0,RFn,3,TA,TA,Y,192,151,0,0,0,0,None,None,None,0,10,2007,WD,Normal,317000
67,20,RL,73.0,19900,Pave,None,Reg,Lvl,AllPub,Inside,Gtl,NAmes,PosA,Norm,1Fam,1Story,7,5,1970,1989,Gable,CompShg,Plywood,Plywood,BrkFace,287.0,TA,TA,CBlock,Gd,TA,Gd,GLQ,Unf,1947,GasA,TA,Y,SBrkr,2207,1,0,2,0,3,1,TA,Min1,1,Gd,Attchd,1970.0,RFn,2,TA,TA,Y,301,0,0,0,0,0,None,None,None,0,7,2010,WD,Normal,180000
68,20,RL,72.0,10665,Pave,None,IR1,Lvl,AllPub,Inside,Gtl,CollgCr,Norm,Norm,1Fam,1Story,7,5,2003,2003,Gable,CompShg,VinylSd,VinylSd,BrkFace,167.0,Gd,TA,PConc,Gd,TA,Av,GLQ,Unf,1453,GasA,Ex,Y,SBrkr,1479,1,0,2,0,3,1,Gd,Typ,0,None,Attchd,2003.0,RFn,2,TA,TA,Y,144,29,0,0,0,0,None,None,None,0,6,2007,WD,Normal,226000
69,30,RM,47.0,4608,Pave,None,Reg,Lvl,AllPub,Corner,Gtl,OldTown,Artery,Norm,1Fam,1Story,4,6,1945,1950,Gable,CompShg,MetalSd,MetalSd,None,0.0,TA,Gd,CBlock,TA,TA,No,Unf,Unf,747,GasA,TA,Y,SBrkr,747,0,0,1,0,2,1,TA,Typ,0,None,Attchd,1945.0,Unf,1,TA,TA,Y,0,0,0,0,0,0,None,None,None,0,6,2010,WD,Normal,80000
70,50,RL,81.0,15593,Pave,None,Reg,Lvl,AllPub,Corner,Gtl,ClearCr,Norm,Norm,1Fam,1.5Fin,7,4,1953,1953,Gable,CompShg,BrkFace,AsbShng,None,0.0,Gd,TA,CBlock,TA,TA,No,BLQ,Unf,1304,GasW,TA,Y,SBrkr,2287,0,0,2,0,3,1,TA,Typ,1,TA,Attchd,1953.0,Fin,2,TA,TA,Y,0,21,114,0,0,0,None,None,None,0,7,2006,WD,Normal,225000
71,20,RL,95.0,13651,Pave,None,IR1,Lvl,AllPub,Inside,Gtl,NAmes,Norm,Norm,1Fam,1Story,7,6,1973,1973,Gable,CompShg,Plywood,Plywood,BrkFace,1115.0,TA,Gd,CBlock,Gd,TA,Gd,ALQ,Unf,2223,GasA,Ex,Y,SBrkr,2223,1,0,2,0,3,1,TA,Typ,2,Gd,Attchd,1973.0,Fin,2,TA,TA,Y,300,0,0,0,0,0,None,None,None,0,2,2007,WD,Normal,244000
72,20,RL,69.0,7599,Pave,None,Reg,Lvl,AllPub,Corner,Gtl,Mitchel,Norm,Norm,1Fam,1Story,4,6,1982,2006,Gable,CompShg,HdBoard,Plywood,None,0.0,TA,TA,CBlock,TA,TA,No,ALQ,Unf,845,GasA,TA,Y,SBrkr,845,1,0,1,0,2,1,TA,Typ,0,None,Detchd,1987.0,Unf,2,TA,TA,Y,0,0,0,0,0,0,None,None,None,0,6,2007,WD,Normal,129500
73,60,RL,74.0,10141,Pave,None,IR1,Lvl,AllPub,Corner,Gtl,Gilbert,Norm,Norm,1Fam,2Story,7,5,1998,1998,Gable,CompShg,VinylSd,VinylSd,BrkFace,40.0,TA,TA,PConc,Gd,TA,No,Unf,Unf,832,GasA,Gd,Y,SBrkr,1718,0,0,2,1,3,1,TA,Typ,1,TA,Attchd,1998.0,Fin,2,TA,TA,Y,0,94,0,0,291,0,None,None,None,0,12,2009,WD,Normal,185000
74,20,RL,85.0,10200,Pave,None,Reg,Lvl,AllPub,Inside,Gtl,NAmes,Norm,Norm,1Fam,1Story,5,7,1954,2003,Gable,CompShg,Wd Sdng,Wd Sdng,BrkFace,104.0,TA,TA,CBlock,TA,TA,No,ALQ,BLQ,1086,GasA,Gd,Y,SBrkr,1086,1,0,1,0,3,1,TA,Typ,0,None,Attchd,1989.0,Unf,2,TA,TA,Y,0,0,0,0,0,0,None,GdWo,None,0,5,2010,WD,Normal,144900
75,50,RM,60.0,5790,Pave,None,Reg,Lvl,AllPub,Corner,Gtl,OldTown,Norm,Norm,1Fam,2Story,3,6,1915,1950,Gambrel,CompShg,VinylSd,VinylSd,None,0.0,Gd,Gd,CBlock,Fa,TA,No,Unf,Unf,840,GasA,Gd,N,SBrkr,1605,0,0,2,0,3,2,TA,Typ,0,None,Detchd,1915.0,Unf,1,TA,TA,Y,0,0,202,0,0,0,None,None,None,0,5,2010,WD,Normal,107400
76,180,RM,21.0,1596,Pave,None,Reg,Lvl,AllPub,Inside,Gtl,MeadowV,Norm,Norm,Twnhs,SLvl,4,5,1973,1973,Gable,CompShg,CemntBd,CmentBd,None,0.0,TA,TA,CBlock,Gd,TA,Gd,GLQ,Unf,462,GasA,TA,Y,SBrkr,988,1,0,1,0,2,1,TA,Typ,0,None,BuiltIn,1973.0,Unf,1,TA,TA,Y,120,101,0,0,0,0,None,GdWo,None,0,11,2009,WD,Normal,91000
77,20,RL,73.0,8475,Pave,None,IR1,Lvl,AllPub,Inside,Gtl,NAmes,Norm,Norm,1Fam,1Story,4,7,1956,1956,Gable,CompShg,VinylSd,VinylSd,None,0.0,TA,TA,CBlock,TA,TA,No,ALQ,Unf,952,GasA,Ex,Y,FuseA,952,0,0,1,0,2,1,TA,Typ,0,None,Detchd,1956.0,Unf,1,TA,TA,Y,0,0,0,0,0,0,None,None,None,0,4,2008,WD,Normal,135750
78,50,RM,50.0,8635,Pave,None,Reg,Lvl,AllPub,Inside,Gtl,BrkSide,Norm,Norm,1Fam,1.5Fin,5,5,1948,2001,Gable,CompShg,Wd Sdng,Wd Sdng,None,0.0,TA,TA,CBlock,TA,TA,No,BLQ,GLQ,672,GasA,TA,Y,SBrkr,1285,1,0,1,0,2,1,TA,Min1,0,None,Detchd,1948.0,Unf,1,TA,TA,Y,0,0,0,0,0,0,None,MnPrv,None,0,1,2008,WD,Normal,127000
79,90,RL,72.0,10778,Pave,None,Reg,Lvl,AllPub,Inside,Gtl,Sawyer,Norm,Norm,Duplex,1Story,4,5,1968,1968,Hip,CompShg,HdBoard,HdBoard,None,0.0,TA,TA,CBlock,TA,TA,No,Unf,Unf,1768,GasA,TA,N,SBrkr,1768,0,0,2,0,4,2,TA,Typ,0,None,None,0.0,None,0,None,None,Y,0,0,0,0,0,0,None,None,None,0,4,2010,WD,Normal,136500
80,50,RM,60.0,10440,Pave,Grvl,Reg,Lvl,AllPub,Corner,Gtl,OldTown,Norm,Norm,1Fam,2Story,5,6,1910,1981,Gable,CompShg,Wd Sdng,Wd Sdng,None,0.0,TA,TA,PConc,TA,TA,No,Unf,Unf,440,GasA,Gd,Y,SBrkr,1230,0,0,1,1,2,1,TA,Typ,0,None,Detchd,1966.0,Unf,2,TA,TA,Y,74,0,128,0,0,0,None,MnPrv,None,0,5,2009,WD,Normal,110000
81,60,RL,100.0,13000,Pave,None,Reg,Lvl,AllPub,Corner,Gtl,NAmes,Norm,Norm,1Fam,2Story,6,6,1968,1968,Gable,CompShg,VinylSd,VinylSd,BrkFace,576.0,TA,Gd,CBlock,Gd,TA,No,Rec,Unf,896,GasA,TA,Y,SBrkr,2142,0,0,2,1,4,1,Gd,Typ,1,Gd,Attchd,1968.0,Fin,1,TA,TA,Y,0,72,0,0,252,0,None,None,None,0,6,2009,WD,Normal,193500
82,120,RM,32.0,4500,Pave,None,Reg,Lvl,AllPub,FR2,Gtl,Mitchel,Norm,Norm,TwnhsE,1Story,6,5,1998,1998,Hip,CompShg,VinylSd,VinylSd,BrkFace,443.0,TA,Gd,PConc,Ex,Gd,No,GLQ,Unf,1237,GasA,Ex,Y,SBrkr,1337,1,0,2,0,2,1,TA,Typ,0,None,Attchd,1998.0,Fin,2,TA,TA,Y,0,199,0,0,0,0,None,None,None,0,3,2006,WD,Normal,153500
83,20,RL,78.0,10206,Pave,None,Reg,Lvl,AllPub,Inside,Gtl,Somerst,Norm,Norm,1Fam,1Story,8,5,2007,2007,Gable,CompShg,VinylSd,VinylSd,Stone,468.0,TA,TA,PConc,Gd,TA,No,GLQ,Unf,1563,GasA,Ex,Y,SBrkr,1563,0,0,2,0,3,1,Gd,Typ,1,Gd,Attchd,2007.0,RFn,3,TA,TA,Y,144,99,0,0,0,0,None,None,None,0,10,2008,WD,Normal,245000
84,20,RL,80.0,8892,Pave,None,IR1,Lvl,AllPub,Inside,Gtl,NAmes,Norm,Norm,1Fam,1Story,5,5,1960,1960,Gable,CompShg,MetalSd,MetalSd,BrkCmn,66.0,TA,TA,CBlock,TA,TA,No,Unf,Unf,1065,GasA,Gd,Y,SBrkr,1065,0,0,1,1,3,1,TA,Typ,0,None,Detchd,1974.0,Unf,2,TA,TA,Y,74,0,0,0,0,0,None,None,None,0,7,2007,COD,Normal,126500
85,80,RL,65.0,8530,Pave,None,IR1,Lvl,AllPub,Inside,Gtl,Gilbert,Norm,Norm,1Fam,SLvl,7,5,1995,1996,Gable,CompShg,HdBoard,HdBoard,BrkFace,22.0,TA,TA,PConc,Gd,TA,No,Unf,Unf,384,GasA,Gd,Y,SBrkr,1474,0,0,2,1,3,1,TA,Typ,1,TA,BuiltIn,1995.0,Fin,2,TA,TA,Y,120,72,0,0,0,0,None,None,Shed,700,5,2009,WD,Normal,168500
86,60,RL,121.0,16059,Pave,None,Reg,Lvl,AllPub,Corner,Gtl,NoRidge,Norm,Norm,1Fam,2Story,8,5,1991,1992,Hip,CompShg,HdBoard,HdBoard,BrkFace,284.0,Gd,TA,CBlock,Gd,TA,No,Unf,Unf,1288,GasA,Ex,Y,SBrkr,2417,0,0,2,1,4,1,Gd,Typ,1,TA,Attchd,1991.0,Unf,2,TA,TA,Y,127,82,0,0,0,0,None,None,None,0,4,2006,WD,Normal,260000
87,60,RL,122.0,11911,Pave,None,IR2,Lvl,AllPub,Inside,Gtl,Gilbert,Norm,Norm,1Fam,2Story,6,5,2005,2005,Gable,CompShg,VinylSd,VinylSd,None,0.0,Gd,TA,PConc,Gd,TA,Av,Unf,Unf,684,GasA,Ex,Y,SBrkr,1560,0,0,2,1,3,1,Gd,Typ,1,Gd,BuiltIn,2005.0,Fin,2,TA,TA,Y,100,38,0,0,0,0,None,None,None,0,3,2009,WD,Normal,174000
88,160,FV,40.0,3951,Pave,Pave,Reg,Lvl,AllPub,Corner,Gtl,Somerst,Norm,Norm,TwnhsE,2Story,6,5,2009,2009,Gable,CompShg,VinylSd,VinylSd,Stone,76.0,Gd,TA,PConc,Gd,TA,Av,Unf,Unf,612,GasA,Ex,Y,SBrkr,1224,0,0,2,1,2,1,Gd,Typ,0,None,Detchd,2009.0,RFn,2,TA,TA,Y,0,234,0,0,0,0,None,None,None,0,6,2009,New,Partial,164500
89,50,C (all),105.0,8470,Pave,None,IR1,Lvl,AllPub,Corner,Gtl,IDOTRR,Feedr,Feedr,1Fam,1.5Fin,3,2,1915,1982,Hip,CompShg,Plywood,Plywood,None,0.0,Fa,Fa,CBlock,TA,Fa,No,Unf,Unf,1013,GasA,TA,N,SBrkr,1526,0,0,1,0,2,1,Fa,Typ,0,None,None,0.0,None,0,None,None,N,0,0,156,0,0,0,None,MnPrv,None,0,10,2009,ConLD,Abnorml,85000
90,20,RL,60.0,8070,Pave,None,Reg,Lvl,AllPub,Inside,Gtl,CollgCr,Norm,Norm,1Fam,1Story,4,5,1994,1995,Gable,CompShg,VinylSd,VinylSd,None,0.0,TA,TA,PConc,Gd,TA,No,GLQ,Unf,990,GasA,Ex,Y,SBrkr,990,1,0,1,0,3,1,TA,Typ,0,None,None,0.0,None,0,None,None,Y,0,0,0,0,0,0,None,None,None,0,8,2007,WD,Normal,123600
91,20,RL,60.0,7200,Pave,None,Reg,Lvl,AllPub,Inside,Gtl,NAmes,Norm,Norm,1Fam,1Story,4,5,1950,1950,Gable,CompShg,BrkFace,Wd Sdng,None,0.0,TA,TA,Slab,None,None,None,None,None,0,GasA,TA,Y,FuseA,1040,0,0,1,0,2,1,TA,Typ,0,None,Detchd,1950.0,Unf,2,TA,TA,Y,0,29,0,0,0,0,None,None,None,0,7,2006,WD,Normal,109900
92,20,RL,85.0,8500,Pave,None,Reg,Lvl,AllPub,Inside,Gtl,NAmes,Norm,Norm,1Fam,1Story,5,3,1961,1961,Hip,CompShg,HdBoard,HdBoard,BrkCmn,203.0,TA,TA,CBlock,TA,TA,No,Rec,Unf,1235,GasA,TA,Y,SBrkr,1235,0,0,1,0,2,1,TA,Typ,0,None,Attchd,1961.0,Unf,2,TA,TA,Y,0,0,0,0,0,0,None,GdWo,None,0,12,2006,WD,Abnorml,98600
93,30,RL,80.0,13360,Pave,Grvl,IR1,HLS,AllPub,Inside,Gtl,Crawfor,Norm,Norm,1Fam,1Story,5,7,1921,2006,Gable,CompShg,Wd Sdng,Wd Sdng,None,0.0,TA,Gd,BrkTil,Gd,TA,No,ALQ,Unf,876,GasA,Ex,Y,SBrkr,964,1,0,1,0,2,1,TA,Typ,0,None,Detchd,1921.0,Unf,2,TA,TA,Y,0,0,44,0,0,0,None,None,None,0,8,2009,WD,Normal,163500
94,190,C (all),60.0,7200,Pave,None,Reg,Lvl,AllPub,Corner,Gtl,OldTown,Norm,Norm,2fmCon,2.5Unf,6,6,1910,1998,Hip,CompShg,MetalSd,MetalSd,None,0.0,TA,TA,BrkTil,TA,Fa,Mn,Rec,Unf,1214,GasW,Ex,N,SBrkr,2291,0,1,2,0,4,2,TA,Typ,1,Gd,Detchd,1900.0,Unf,2,TA,TA,Y,0,0,0,0,99,0,None,None,None,0,11,2007,WD,Normal,133900
95,60,RL,69.0,9337,Pave,None,IR1,Lvl,AllPub,Inside,Gtl,CollgCr,Norm,Norm,1Fam,2Story,6,5,1997,1997,Gable,CompShg,VinylSd,VinylSd,None,0.0,TA,Gd,PConc,Gd,TA,No,GLQ,Unf,824,GasA,Ex,Y,SBrkr,1786,1,0,2,1,3,1,Gd,Typ,0,None,Attchd,1997.0,RFn,2,TA,TA,Y,0,162,0,0,0,0,None,None,None,0,5,2007,WD,Normal,204750
96,60,RL,65.0,9765,Pave,None,IR2,Lvl,AllPub,Corner,Gtl,Gilbert,Norm,Norm,1Fam,2Story,6,8,1993,1993,Gable,CompShg,VinylSd,VinylSd,BrkFace,68.0,Ex,Gd,PConc,Gd,Gd,No,ALQ,Unf,680,GasA,Gd,Y,SBrkr,1470,0,0,2,1,3,1,TA,Typ,1,TA,BuiltIn,1993.0,Fin,2,TA,TA,Y,232,63,0,0,0,0,None,None,Shed,480,4,2009,WD,Normal,185000
97,20,RL,78.0,10264,Pave,None,IR1,Lvl,AllPub,Inside,Gtl,CollgCr,Norm,Norm,1Fam,1Story,7,5,1999,1999,Gable,CompShg,VinylSd,VinylSd,BrkFace,183.0,Gd,TA,PConc,Gd,TA,Av,ALQ,Unf,1588,GasA,Ex,Y,SBrkr,1588,0,0,2,0,3,1,Gd,Typ,0,None,Attchd,1999.0,RFn,2,TA,TA,Y,158,29,0,0,0,0,None,None,None,0,8,2006,WD,Normal,214000
98,20,RL,73.0,10921,Pave,None,Reg,HLS,AllPub,Inside,Gtl,Edwards,Norm,Norm,1Fam,1Story,4,5,1965,1965,Hip,CompShg,HdBoard,HdBoard,BrkFace,48.0,TA,TA,CBlock,TA,TA,No,Rec,Unf,960,GasA,TA,Y,FuseF,960,1,0,1,0,3,1,TA,Typ,0,None,Attchd,1965.0,Fin,1,TA,TA,P,120,0,0,0,0,0,None,None,None,0,5,2007,WD,Normal,94750
99,30,RL,85.0,10625,Pave,None,Reg,Lvl,AllPub,Corner,Gtl,Edwards,Norm,Norm,1Fam,1Story,5,5,1920,1950,Gable,CompShg,Wd Sdng,Wd Sdng,None,0.0,TA,TA,BrkTil,TA,TA,No,ALQ,Unf,458,GasA,Fa,N,SBrkr,835,0,0,1,0,2,1,TA,Typ,0,None,Basment,1920.0,Unf,1,Fa,TA,Y,0,0,77,0,0,0,None,None,Shed,400,5,2010,COD,Abnorml,83000
100,20,RL,77.0,9320,Pave,None,IR1,Lvl,AllPub,Inside,Gtl,NAmes,Norm,Norm,1Fam,1Story,4,5,1959,1959,Gable,CompShg,Plywood,Plywood,None,0.0,TA,TA,CBlock,TA,TA,No,ALQ,Unf,950,GasA,Fa,Y,SBrkr,1225,1,0,1,1,3,1,TA,Typ,0,None,None,0.0,None,0,None,None,Y,352,0,0,0,0,0,None,None,Shed,400,1,2010,WD,Normal,128950
101,20,RL,80.0,10603,Pave,None,IR1,Lvl,AllPub,Inside,Gtl,NWAmes,Norm,Norm,1Fam,1Story,6,7,1977,2001,Gable,CompShg,Plywood,Plywood,BrkFace,28.0,TA,TA,PConc,TA,TA,Mn,ALQ,Unf,1610,GasA,Gd,Y,SBrkr,1610,1,0,2,0,3,1,Gd,Typ,2,TA,Attchd,1977.0,RFn,2,TA,TA,Y,168,68,0,0,0,0,None,None,None,0,2,2010,WD,Normal,205000
102,60,RL,77.0,9206,Pave,None,Reg,Lvl,AllPub,Inside,Gtl,SawyerW,Norm,Norm,1Fam,2Story,6,5,1985,1985,Gable,CompShg,HdBoard,HdBoard,BrkFace,336.0,Gd,TA,CBlock,Gd,TA,No,Unf,Unf,741,GasA,TA,Y,SBrkr,1732,0,0,2,1,3,1,Gd,Typ,1,TA,Attchd,1985.0,Fin,2,TA,TA,Y,192,46,0,0,0,0,None,None,None,0,6,2010,WD,Normal,178000
103,90,RL,64.0,7018,Pave,None,Reg,Bnk,AllPub,Inside,Gtl,SawyerW,Norm,Norm,Duplex,1Story,5,5,1979,1979,Gable,CompShg,HdBoard,HdBoard,None,0.0,TA,Fa,Slab,None,None,None,None,None,0,GasA,TA,Y,SBrkr,1535,0,0,2,0,4,2,TA,Typ,0,None,Attchd,1979.0,Unf,2,TA,TA,Y,0,0,0,0,0,0,None,None,None,0,6,2009,WD,Alloca,118964
104,20,RL,94.0,10402,Pave,None,IR1,Lvl,AllPub,Corner,Gtl,CollgCr,Norm,Norm,1Fam,1Story,7,5,2009,2009,Gable,CompShg,VinylSd,VinylSd,None,0.0,TA,TA,PConc,Gd,TA,No,Unf,Unf,1226,GasA,Ex,Y,SBrkr,1226,0,0,2,0,3,1,Gd,Typ,0,None,Attchd,2009.0,RFn,3,TA,TA,Y,0,36,0,0,0,0,None,None,None,0,5,2010,WD,Normal,198900
105,50,RM,60.0,7758,Pave,None,Reg,Lvl,AllPub,Corner,Gtl,IDOTRR,Norm,Norm,1Fam,1.5Fin,7,4,1931,1950,Gable,CompShg,Stucco,Stucco,BrkFace,600.0,TA,Fa,PConc,TA,TA,No,LwQ,Unf,1040,GasA,Ex,Y,FuseF,1818,0,0,1,1,4,1,TA,Typ,2,TA,Detchd,1951.0,Unf,1,TA,TA,Y,0,0,0,0,184,0,None,None,None,0,6,2007,WD,Normal,169500
106,60,FV,75.0,9375,Pave,None,Reg,Lvl,AllPub,Inside,Gtl,Somerst,Norm,Norm,1Fam,2Story,8,5,2003,2004,Hip,CompShg,VinylSd,VinylSd,BrkFace,768.0,Gd,TA,PConc,Ex,TA,No,Unf,Unf,1053,GasA,Ex,Y,SBrkr,1992,0,0,2,1,3,1,Gd,Typ,1,Gd,Attchd,2003.0,RFn,2,TA,TA,Y,140,45,0,0,0,0,None,None,None,0,8,2008,WD,Normal,250000
107,30,RM,60.0,10800,Pave,Grvl,Reg,Lvl,AllPub,Inside,Gtl,OldTown,Norm,Norm,1Fam,1Story,4,7,1885,1995,Mansard,CompShg,VinylSd,VinylSd,None,0.0,TA,TA,BrkTil,Fa,TA,No,Unf,Unf,641,GasA,Gd,Y,SBrkr,1047,0,0,1,0,2,1,TA,Typ,0,None,Detchd,1954.0,Unf,1,Fa,Fa,N,0,0,0,0,0,0,None,None,Shed,450,8,2007,WD,Normal,100000
108,20,RM,50.0,6000,Pave,None,Reg,Lvl,AllPub,Inside,Gtl,OldTown,Norm,Norm,1Fam,1Story,5,5,1948,1950,Gable,CompShg,VinylSd,VinylSd,None,0.0,TA,TA,CBlock,TA,TA,No,ALQ,BLQ,789,GasA,Ex,Y,SBrkr,789,0,0,1,0,2,1,TA,Typ,0,None,Detchd,1948.0,Unf,1,TA,TA,Y,0,0,0,0,0,0,None,None,None,0,4,2008,WD,Partial,115000
109,50,RM,85.0,8500,Pave,None,Reg,Lvl,AllPub,Corner,Gtl,IDOTRR,Artery,Norm,1Fam,1.5Fin,5,7,1919,2005,Gable,CompShg,CemntBd,CmentBd,None,0.0,TA,TA,CBlock,TA,TA,No,Unf,Unf,793,GasW,TA,N,FuseF,1517,0,0,2,0,3,1,Fa,Typ,0,None,None,0.0,None,0,None,None,N,0,0,144,0,0,0,None,None,None,0,8,2007,WD,Normal,115000
110,20,RL,105.0,11751,Pave,None,IR1,Lvl,AllPub,Inside,Gtl,NWAmes,Norm,Norm,1Fam,1Story,6,6,1977,1977,Hip,CompShg,Plywood,Plywood,BrkFace,480.0,TA,TA,CBlock,Gd,TA,No,BLQ,Unf,1844,GasA,Ex,Y,SBrkr,1844,0,0,2,0,3,1,TA,Typ,1,TA,Attchd,1977.0,RFn,2,TA,TA,Y,0,122,0,0,0,0,None,MnPrv,None,0,1,2010,COD,Normal,190000
111,50,RL,75.0,9525,Pave,None,Reg,Lvl,AllPub,Inside,Gtl,Edwards,Norm,Norm,1Fam,1.5Fin,6,4,1954,1972,Gable,CompShg,Wd Sdng,Wd Sdng,None,0.0,TA,TA,CBlock,TA,Fa,No,Rec,Unf,994,GasA,Gd,Y,SBrkr,1855,0,0,2,0,4,1,TA,Typ,0,None,Attchd,1954.0,Unf,1,TA,TA,Y,182,0,0,0,0,0,None,None,None,0,10,2006,WD,Normal,136900
112,80,RL,65.0,7750,Pave,None,IR1,Lvl,AllPub,Inside,Gtl,Gilbert,Norm,Norm,1Fam,SLvl,7,5,2000,2000,Gable,CompShg,VinylSd,VinylSd,None,0.0,TA,TA,PConc,Gd,TA,No,GLQ,Unf,384,GasA,Ex,Y,SBrkr,1430,0,0,2,1,3,1,TA,Typ,1,TA,BuiltIn,2000.0,Fin,2,TA,TA,Y,180,0,0,0,0,0,None,None,None,0,4,2010,WD,Normal,180000
113,60,RL,77.0,9965,Pave,None,Reg,Lvl,AllPub,Inside,Gtl,CollgCr,Norm,Norm,1Fam,2Story,7,5,2007,2007,Gable,CompShg,VinylSd,VinylSd,Stone,220.0,Gd,TA,PConc,Ex,TA,Av,GLQ,Unf,1264,GasA,Ex,Y,SBrkr,2696,1,0,2,1,4,1,Ex,Typ,1,Gd,BuiltIn,2007.0,Fin,3,TA,TA,Y,120,184,0,0,168,0,None,None,None,0,10,2007,New,Partial,383970
114,20,RL,74.0,21000,Pave,None,Reg,Bnk,AllPub,Corner,Gtl,Crawfor,Norm,Norm,1Fam,1Story,6,5,1953,1953,Hip,CompShg,Wd Sdng,Wd Sdng,BrkFace,184.0,TA,Gd,CBlock,Gd,TA,Mn,ALQ,Rec,1809,GasA,TA,Y,SBrkr,2259,1,0,2,0,3,1,Gd,Typ,2,Gd,Basment,1953.0,Unf,2,TA,TA,Y,166,120,192,0,0,0,None,MnPrv,None,0,10,2007,COD,Abnorml,217000
115,70,RL,61.0,7259,Pave,None,IR1,Lvl,AllPub,Inside,Mod,Crawfor,Norm,Norm,1Fam,2Story,6,8,1945,2002,Gambrel,CompShg,Wd Sdng,Wd Sdng,None,0.0,TA,TA,CBlock,TA,TA,No,ALQ,LwQ,1028,GasA,Ex,Y,SBrkr,2320,1,0,2,1,3,1,Gd,Typ,1,TA,Detchd,1945.0,Unf,1,TA,TA,Y,224,0,0,0,0,0,None,MnPrv,None,0,7,2007,WD,Normal,259500
116,160,FV,34.0,3230,Pave,Pave,Reg,Lvl,AllPub,Corner,Gtl,Somerst,Norm,Norm,TwnhsE,2Story,6,5,1999,1999,Gable,CompShg,MetalSd,MetalSd,BrkFace,1129.0,TA,TA,PConc,Gd,TA,No,GLQ,Unf,729,GasA,Gd,Y,SBrkr,1458,0,0,2,1,2,1,TA,Typ,1,Fa,Detchd,1999.0,Unf,2,TA,TA,Y,0,32,0,0,0,0,None,None,None,0,6,2007,WD,Normal,176000
117,20,RL,71.0,11616,Pave,None,Reg,Lvl,AllPub,Inside,Gtl,Sawyer,Norm,Norm,1Fam,1Story,5,5,1962,1962,Gable,CompShg,Wd Sdng,Wd Sdng,BrkFace,116.0,TA,TA,CBlock,TA,TA,No,LwQ,BLQ,1092,GasA,TA,Y,SBrkr,1092,0,1,1,0,3,1,TA,Typ,1,Po,Attchd,1962.0,Unf,1,TA,TA,Y,0,20,144,0,0,0,None,None,None,0,9,2009,WD,Normal,139000
118,20,RL,74.0,8536,Pave,None,Reg,Lvl,AllPub,Corner,Gtl,Edwards,Norm,Norm,1Fam,1Story,5,5,2006,2007,Gable,CompShg,VinylSd,VinylSd,None,0.0,TA,TA,PConc,Gd,TA,No,Unf,Unf,1125,GasA,Gd,Y,SBrkr,1125,0,0,1,1,2,1,TA,Typ,0,None,Attchd,2007.0,Unf,2,TA,TA,Y,80,64,0,0,0,0,None,None,None,0,4,2007,New,Partial,155000
119,60,RL,90.0,12376,Pave,None,Reg,Lvl,AllPub,Corner,Gtl,SawyerW,Norm,Norm,1Fam,2Story,7,5,1990,1990,Hip,CompShg,Plywood,Plywood,None,0.0,TA,TA,PConc,Gd,TA,Mn,GLQ,Unf,1673,GasA,Gd,Y,SBrkr,3222,1,0,3,0,5,1,Gd,Typ,2,TA,Attchd,1990.0,Unf,3,TA,TA,Y,367,0,0,0,0,0,None,None,None,0,5,2010,WD,Normal,320000
120,60,RL,65.0,8461,Pave,None,Reg,Lvl,AllPub,Inside,Gtl,CollgCr,Norm,Norm,1Fam,2Story,6,5,2005,2006,Gable,CompShg,VinylSd,VinylSd,None,0.0,Gd,TA,PConc,Gd,TA,No,Unf,Unf,728,GasA,Ex,Y,SBrkr,1456,0,0,2,1,3,1,Gd,Typ,1,Gd,Attchd,2005.0,Fin,2,TA,TA,Y,0,24,0,0,0,0,None,None,None,0,7,2006,New,Partial,163990
121,80,RL,80.0,21453,Pave,None,IR1,Low,AllPub,CulDSac,Sev,ClearCr,Norm,Norm,1Fam,SLvl,6,5,1969,1969,Flat,Metal,Plywood,Plywood,None,0.0,TA,TA,CBlock,TA,TA,Gd,ALQ,Unf,938,GasA,Ex,Y,SBrkr,988,1,0,1,0,1,1,TA,Typ,2,TA,Attchd,1969.0,Unf,2,TA,TA,Y,0,130,0,130,0,0,None,None,None,0,10,2006,WD,Normal,180000
122,50,RM,50.0,6060,Pave,None,Reg,Lvl,AllPub,Inside,Gtl,IDOTRR,Norm,Norm,1Fam,1.5Fin,4,5,1939,1950,Gable,CompShg,AsbShng,AsbShng,None,0.0,TA,TA,PConc,TA,TA,No,Unf,Unf,732,GasA,Gd,Y,SBrkr,1123,0,0,1,0,3,1,TA,Typ,0,None,Detchd,1979.0,Unf,1,TA,TA,P,0,0,140,0,0,0,None,MnPrv,None,0,6,2007,WD,Normal,100000
123,20,RL,75.0,9464,Pave,None,Reg,Lvl,AllPub,Corner,Gtl,NAmes,Norm,Norm,1Fam,1Story,6,7,1958,1958,Hip,CompShg,MetalSd,MetalSd,BrkFace,135.0,TA,Gd,CBlock,TA,TA,No,BLQ,Unf,1080,GasA,Gd,Y,SBrkr,1080,0,0,1,0,3,1,TA,Typ,0,None,Attchd,1958.0,Unf,1,TA,TA,Y,0,0,0,0,130,0,None,None,None,0,6,2008,WD,Normal,136000
124,120,RL,55.0,7892,Pave,None,Reg,Lvl,AllPub,Inside,Gtl,SawyerW,Norm,Norm,TwnhsE,1Story,6,5,1993,1993,Gable,CompShg,Plywood,Plywood,None,0.0,Gd,TA,PConc,Gd,TA,No,GLQ,Unf,1199,GasA,Ex,Y,SBrkr,1199,0,0,2,0,2,1,Gd,Typ,0,None,Attchd,1993.0,RFn,2,TA,TA,Y,0,63,0,0,0,0,None,None,None,0,3,2008,WD,Normal,153900
125,20,RL,48.0,17043,Pave,None,IR1,Lvl,AllPub,CulDSac,Gtl,NWAmes,Norm,Norm,1Fam,1Story,6,5,1979,1998,Gable,CompShg,HdBoard,HdBoard,None,0.0,TA,Gd,CBlock,Gd,Fa,No,Unf,Unf,1362,GasA,TA,Y,SBrkr,1586,0,0,2,0,3,1,TA,Typ,1,TA,Attchd,1979.0,Unf,2,TA,TA,Y,192,0,0,0,0,0,None,None,None,0,1,2009,WD,Normal,181000
126,190,RM,60.0,6780,Pave,None,Reg,Lvl,AllPub,Inside,Gtl,IDOTRR,Norm,Norm,2fmCon,1.5Fin,6,8,1935,1982,Gable,CompShg,Wd Sdng,Wd Sdng,None,0.0,TA,Fa,CBlock,TA,TA,Av,GLQ,Unf,520,GasA,Gd,N,SBrkr,754,1,0,1,0,2,1,TA,Typ,0,None,None,0.0,None,0,None,None,N,53,0,0,0,0,0,None,None,None,0,6,2006,WD,Normal,84500
127,120,RL,24.0,4928,Pave,None,IR1,Lvl,AllPub,Inside,Gtl,NPkVill,Norm,Norm,TwnhsE,1Story,6,5,1976,1976,Gable,CompShg,Plywood,Plywood,None,0.0,TA,TA,CBlock,Gd,TA,No,ALQ,Unf,1078,GasA,TA,Y,SBrkr,958,0,0,2,0,2,1,TA,Typ,1,TA,Attchd,1977.0,RFn,2,TA,TA,Y,0,205,0,0,0,0,None,None,None,0,2,2007,WD,Normal,128000
128,45,RM,55.0,4388,Pave,None,IR1,Bnk,AllPub,Inside,Gtl,OldTown,Feedr,Norm,1Fam,1.5Unf,5,7,1930,1950,Gable,CompShg,WdShing,Wd Sdng,None,0.0,TA,Gd,BrkTil,TA,TA,No,LwQ,Unf,672,GasA,Ex,Y,SBrkr,840,0,0,1,0,3,1,TA,Typ,1,TA,None,0.0,None,0,None,None,N,0,0,0,0,0,0,None,None,None,0,6,2007,WD,Normal,87000
129,60,RL,69.0,7590,Pave,None,Reg,Lvl,AllPub,Inside,Gtl,NAmes,PosN,Norm,1Fam,2Story,6,5,1966,1966,Gable,CompShg,VinylSd,VinylSd,BrkFace,266.0,TA,TA,CBlock,TA,TA,No,BLQ,Unf,660,GasA,TA,Y,SBrkr,1348,0,0,1,1,3,1,TA,Typ,1,Fa,Attchd,1966.0,RFn,2,TA,TA,Y,188,108,0,0,0,0,None,None,None,0,7,2006,WD,Normal,155000
130,20,RL,69.0,8973,Pave,None,Reg,Lvl,AllPub,Inside,Gtl,NAmes,Norm,Norm,1Fam,1Story,5,7,1958,1991,Gable,CompShg,Plywood,Plywood,BrkFace,85.0,TA,TA,CBlock,TA,TA,No,Rec,BLQ,1008,GasA,TA,Y,FuseA,1053,0,1,1,1,3,1,Ex,Typ,0,None,2Types,1998.0,RFn,2,TA,TA,Y,0,80,0,180,0,0,None,MnWw,None,0,7,2006,WD,Abnorml,150000
131,60,RL,88.0,14200,Pave,None,Reg,Lvl,AllPub,Corner,Gtl,NAmes,Norm,Norm,1Fam,2Story,7,6,1966,1966,Gable,CompShg,MetalSd,MetalSd,BrkFace,309.0,TA,TA,CBlock,TA,TA,No,Rec,Unf,924,GasA,Ex,Y,SBrkr,2157,0,0,2,1,4,1,Gd,Typ,2,Gd,Attchd,1966.0,Fin,2,TA,TA,Y,105,66,0,0,0,0,None,GdPrv,None,0,5,2006,WD,Normal,226000
132,60,RL,65.0,12224,Pave,None,IR1,Lvl,AllPub,Corner,Gtl,Gilbert,Norm,Norm,1Fam,2Story,6,5,2000,2000,Gable,CompShg,VinylSd,VinylSd,BrkFace,40.0,Gd,TA,PConc,Gd,TA,No,GLQ,Unf,992,GasA,Ex,Y,SBrkr,2054,1,0,2,1,3,1,Gd,Typ,1,TA,BuiltIn,2000.0,RFn,2,TA,TA,Y,24,48,0,0,0,0,None,None,None,0,7,2009,WD,Normal,244000
133,20,RL,75.0,7388,Pave,None,Reg,Lvl,AllPub,Corner,Gtl,NAmes,Norm,Norm,1Fam,1Story,5,6,1959,2002,Gable,CompShg,MetalSd,MetalSd,None,0.0,TA,TA,CBlock,TA,TA,No,Rec,Unf,1063,GasA,Gd,Y,SBrkr,1327,1,0,1,0,3,1,Gd,Typ,0,None,Detchd,1974.0,Unf,2,TA,TA,Y,0,0,0,0,0,0,None,None,None,0,7,2007,WD,Normal,150750
134,20,RL,85.0,6853,Pave,None,IR1,Lvl,AllPub,Inside,Gtl,Timber,Norm,Norm,1Fam,1Story,8,5,2001,2002,Gable,CompShg,VinylSd,VinylSd,BrkFace,136.0,Gd,TA,PConc,Ex,TA,No,GLQ,Unf,1267,GasA,Ex,Y,SBrkr,1296,1,0,2,0,2,1,Gd,Typ,0,None,Attchd,2001.0,Fin,2,TA,TA,Y,192,25,0,0,0,0,None,None,None,0,6,2009,WD,Normal,220000
135,20,RL,78.0,10335,Pave,None,IR1,Lvl,AllPub,Inside,Gtl,Sawyer,Norm,Norm,1Fam,1Story,5,6,1968,1993,Gable,CompShg,Plywood,Plywood,None,0.0,TA,TA,CBlock,TA,TA,No,Rec,Unf,1461,GasA,Gd,Y,SBrkr,1721,0,0,2,1,3,1,TA,Min1,1,TA,Attchd,1968.0,RFn,2,TA,TA,Y,0,96,180,0,0,0,None,MnPrv,None,0,7,2006,WD,Normal,180000
136,20,RL,80.0,10400,Pave,None,Reg,Lvl,AllPub,Inside,Gtl,NWAmes,Norm,Norm,1Fam,1Story,7,6,1970,1970,Hip,CompShg,Plywood,Plywood,BrkFace,288.0,TA,TA,PConc,TA,TA,No,Unf,Unf,1304,GasA,Gd,Y,SBrkr,1682,0,0,2,0,3,1,TA,Typ,1,Gd,Attchd,1970.0,Unf,2,TA,TA,Y,98,0,0,0,0,0,None,MnPrv,None,0,5,2008,WD,Normal,174000
137,20,RL,73.0,10355,Pave,None,IR1,Lvl,AllPub,Corner,Gtl,NAmes,Norm,Norm,1Fam,1Story,5,5,1967,1967,Gable,CompShg,MetalSd,MetalSd,BrkFace,196.0,TA,TA,CBlock,TA,TA,No,BLQ,Unf,1214,GasA,TA,Y,SBrkr,1214,0,0,2,0,3,1,TA,Typ,1,Fa,Attchd,1967.0,RFn,1,TA,TA,Y,0,111,0,0,0,0,None,None,None,0,7,2007,WD,Normal,143000
138,90,RL,82.0,11070,Pave,None,Reg,Lvl,AllPub,Inside,Gtl,Mitchel,Norm,Norm,Duplex,1Story,7,5,1988,1989,Gable,CompShg,VinylSd,VinylSd,BrkFace,70.0,TA,TA,CBlock,TA,TA,No,Unf,Unf,1907,GasA,Gd,Y,SBrkr,1959,0,0,3,0,5,2,TA,Typ,0,None,2Types,1989.0,Unf,3,TA,TA,Y,0,0,0,0,0,0,None,None,None,0,7,2006,WD,Family,171000
139,60,RL,73.0,9066,Pave,None,IR1,Lvl,AllPub,Inside,Gtl,CollgCr,Norm,Norm,1Fam,2Story,8,5,1999,2000,Gable,CompShg,VinylSd,VinylSd,BrkFace,320.0,Gd,TA,PConc,Gd,TA,Mn,GLQ,Unf,1004,GasA,Ex,Y,SBrkr,1852,0,0,2,1,3,1,Gd,Typ,2,TA,Attchd,1999.0,Fin,3,TA,TA,Y,224,106,0,0,0,0,None,GdPrv,None,0,12,2008,WD,Normal,230000
140,60,RL,65.0,15426,Pave,None,IR1,Lvl,AllPub,Inside,Gtl,CollgCr,Norm,Norm,1Fam,2Story,6,5,1997,1997,Gable,CompShg,VinylSd,VinylSd,None,0.0,TA,TA,PConc,Gd,TA,No,GLQ,Unf,928,GasA,Ex,Y,SBrkr,1764,1,0,2,1,3,1,Gd,Typ,0,None,Attchd,1997.0,RFn,2,TA,TA,Y,276,99,0,0,0,0,None,MnPrv,None,0,8,2009,WD,Normal,231500
141,20,RL,70.0,10500,Pave,None,Reg,Lvl,AllPub,FR2,Gtl,NAmes,Norm,Norm,1Fam,1Story,4,5,1971,1971,Gable,CompShg,HdBoard,HdBoard,None,0.0,TA,TA,CBlock,TA,TA,No,ALQ,Unf,864,GasA,TA,Y,SBrkr,864,0,0,1,0,3,1,TA,Typ,1,Po,None,0.0,None,0,None,None,Y,0,0,0,0,0,0,None,None,None,0,4,2010,ConLI,Normal,115000
142,20,RL,78.0,11645,Pave,None,Reg,Lvl,AllPub,Inside,Gtl,CollgCr,Norm,Norm,1Fam,1Story,7,5,2005,2005,Gable,CompShg,VinylSd,VinylSd,None,0.0,Gd,TA,PConc,Gd,TA,Av,GLQ,Unf,1734,GasA,Ex,Y,SBrkr,1734,1,0,2,0,3,1,Gd,Typ,0,None,Attchd,2005.0,Fin,2,TA,TA,Y,160,24,0,0,0,0,None,None,None,0,1,2006,WD,Normal,260000
143,50,RL,71.0,8520,Pave,None,Reg,Lvl,AllPub,Corner,Gtl,NAmes,Artery,Norm,1Fam,1.5Fin,5,4,1952,1952,Gable,CompShg,BrkFace,Wd Sdng,None,0.0,TA,Fa,CBlock,TA,TA,No,Rec,Unf,910,GasA,Fa,Y,SBrkr,1385,0,0,2,0,4,1,TA,Typ,0,None,Detchd,2000.0,Unf,2,TA,TA,Y,0,0,0,0,0,0,None,MnPrv,None,0,6,2010,WD,Normal,166000
144,20,RL,78.0,10335,Pave,None,IR1,Lvl,AllPub,Inside,Gtl,CollgCr,Norm,Norm,1Fam,1Story,7,5,1999,1999,Gable,CompShg,VinylSd,VinylSd,BrkFace,183.0,Gd,TA,PConc,Gd,TA,Gd,GLQ,Unf,1490,GasA,Ex,Y,SBrkr,1501,1,0,2,0,3,1,Gd,Typ,0,None,Attchd,1999.0,RFn,2,TA,TA,Y,144,29,0,0,0,0,None,None,None,0,6,2009,WD,Normal,204000
145,90,RM,70.0,9100,Pave,None,Reg,Lvl,AllPub,Inside,Gtl,Sawyer,RRAe,Norm,Duplex,1Story,5,5,1963,1963,Gable,CompShg,HdBoard,HdBoard,BrkFace,336.0,TA,TA,CBlock,TA,TA,No,Rec,Unf,1728,GasA,TA,Y,SBrkr,1728,1,0,2,0,6,2,TA,Typ,0,None,Detchd,1963.0,Unf,2,TA,TA,Y,0,0,0,0,0,0,None,None,None,0,11,2006,ConLI,Abnorml,125000
146,160,RM,24.0,2522,Pave,None,Reg,Lvl,AllPub,Inside,Gtl,Edwards,Norm,Norm,Twnhs,2Story,6,5,2004,2006,Gable,CompShg,VinylSd,VinylSd,Stone,50.0,Gd,TA,PConc,Gd,TA,No,Unf,Unf,970,GasA,Ex,Y,SBrkr,1709,0,0,2,0,3,1,Gd,Maj1,0,None,Detchd,2004.0,Unf,2,TA,TA,Y,0,40,0,0,0,0,None,None,None,0,4,2006,WD,Normal,130000
147,30,RM,51.0,6120,Pave,None,Reg,Lvl,AllPub,Corner,Gtl,BrkSide,Norm,Norm,1Fam,1Story,5,7,1931,1993,Gable,CompShg,Wd Sdng,Wd Sdng,None,0.0,TA,TA,BrkTil,TA,TA,No,BLQ,Unf,715,GasA,TA,Y,FuseA,875,1,0,1,0,2,1,TA,Typ,0,None,Detchd,1931.0,Unf,1,Fa,TA,Y,48,0,0,0,0,0,None,None,None,0,11,2009,WD,Normal,105000
148,60,RL,65.0,9505,Pave,None,IR1,Lvl,AllPub,CulDSac,Gtl,Gilbert,Norm,Norm,1Fam,2Story,7,5,2001,2001,Gable,CompShg,VinylSd,VinylSd,BrkFace,180.0,Gd,TA,PConc,Gd,TA,No,Unf,Unf,884,GasA,Ex,Y,SBrkr,2035,0,0,2,1,3,1,Gd,Typ,1,Gd,BuiltIn,2001.0,Fin,2,TA,TA,Y,144,48,0,0,0,0,None,None,None,0,5,2010,WD,Normal,222500
149,20,RL,63.0,7500,Pave,None,Reg,Lvl,AllPub,Inside,Gtl,SawyerW,Norm,Norm,1Fam,1Story,7,5,2004,2005,Gable,CompShg,VinylSd,VinylSd,BrkFace,120.0,TA,TA,PConc,Gd,TA,No,GLQ,Unf,1080,GasA,Ex,Y,SBrkr,1080,1,0,1,0,3,1,Gd,Typ,0,None,None,0.0,None,0,None,None,Y,0,0,0,0,0,0,None,None,None,0,4,2008,WD,Normal,141000
150,50,RM,52.0,6240,Pave,None,Reg,Lvl,AllPub,Inside,Gtl,BrkSide,Norm,Norm,1Fam,1.5Fin,5,4,1936,1950,Gable,CompShg,MetalSd,MetalSd,None,0.0,TA,TA,BrkTil,Gd,TA,No,Unf,Unf,896,GasA,Gd,Y,FuseA,1344,0,0,1,0,3,1,TA,Typ,0,None,Detchd,1936.0,Unf,1,Fa,TA,Y,200,114,0,0,0,0,None,None,None,0,4,2006,WD,Normal,115000
151,20,RL,120.0,10356,Pave,None,Reg,Lvl,AllPub,Corner,Gtl,CollgCr,Norm,Norm,1Fam,1Story,5,6,1975,1975,Gable,CompShg,HdBoard,HdBoard,None,0.0,TA,TA,CBlock,TA,TA,Av,BLQ,Unf,969,GasA,TA,Y,SBrkr,969,0,0,1,1,3,1,TA,Typ,0,None,Attchd,1975.0,Unf,2,TA,TA,Y,0,0,0,0,0,0,None,MnPrv,None,0,1,2007,WD,Normal,122000
152,20,RL,107.0,13891,Pave,None,Reg,Lvl,AllPub,Inside,Gtl,NridgHt,Norm,Norm,1Fam,1Story,8,5,2007,2008,Hip,CompShg,VinylSd,VinylSd,Stone,436.0,Gd,TA,PConc,Ex,TA,Gd,GLQ,Unf,1710,GasA,Ex,Y,SBrkr,1710,1,0,2,0,2,1,Gd,Typ,1,Gd,Attchd,2007.0,RFn,3,TA,TA,Y,0,102,0,0,0,0,None,None,None,0,1,2008,New,Partial,372402
153,60,RL,80.0,14803,Pave,None,IR1,Lvl,AllPub,CulDSac,Gtl,NWAmes,Norm,Norm,1Fam,2Story,6,5,1971,1971,Gable,CompShg,HdBoard,HdBoard,BrkFace,252.0,TA,TA,CBlock,TA,TA,No,Rec,Unf,825,GasA,Gd,Y,SBrkr,1993,0,0,2,1,4,1,TA,Typ,1,Gd,Attchd,1971.0,RFn,2,TA,TA,Y,0,66,0,0,0,0,None,GdWo,None,0,6,2006,WD,Normal,190000
154,20,RL,80.0,13500,Pave,None,Reg,Lvl,AllPub,Inside,Gtl,ClearCr,Norm,Norm,1Fam,1Story,6,7,1960,1975,Flat,CompShg,BrkFace,Plywood,None,0.0,TA,TA,CBlock,Gd,TA,Gd,BLQ,ALQ,1602,GasA,Gd,Y,SBrkr,1252,1,0,1,0,1,1,TA,Typ,1,Gd,Attchd,1960.0,RFn,2,TA,TA,Y,409,0,0,0,0,0,None,None,None,0,3,2008,WD,Normal,235000
155,30,RM,84.0,11340,Pave,None,Reg,Lvl,AllPub,Corner,Gtl,OldTown,Norm,Norm,1Fam,1Story,6,5,1923,1950,Gable,CompShg,Wd Sdng,Wd Sdng,None,0.0,TA,TA,BrkTil,TA,TA,No,Unf,Unf,1200,GasA,TA,Y,FuseA,1200,0,0,1,0,4,1,TA,Typ,0,None,Detchd,1923.0,Unf,1,Fa,Fa,Y,0,0,228,0,0,0,None,None,None,0,3,2006,WD,Family,125000
156,50,RL,60.0,9600,Pave,None,Reg,Lvl,AllPub,Corner,Gtl,Edwards,Artery,Norm,1Fam,1.5Fin,6,5,1924,1950,Gable,CompShg,Wd Sdng,Wd Sdng,None,0.0,TA,TA,BrkTil,TA,TA,No,Unf,Unf,572,Grav,Fa,N,FuseF,1096,0,0,1,0,2,1,TA,Typ,0,None,None,0.0,None,0,None,None,N,0,8,128,0,0,0,None,None,None,0,4,2008,WD,Normal,79000
157,20,RL,60.0,7200,Pave,None,Reg,Lvl,AllPub,Inside,Gtl,NAmes,Norm,Norm,1Fam,1Story,5,7,1950,1950,Hip,CompShg,Wd Sdng,Wd Sdng,None,0.0,TA,TA,CBlock,None,None,None,None,None,0,GasA,TA,Y,FuseF,1040,0,0,1,0,2,1,TA,Typ,0,None,Detchd,1950.0,Unf,2,TA,TA,Y,0,0,0,0,0,0,None,None,None,0,6,2006,WD,Normal,109500
158,60,RL,92.0,12003,Pave,None,Reg,Lvl,AllPub,Corner,Gtl,Timber,Norm,Norm,1Fam,2Story,8,5,2009,2010,Gable,CompShg,VinylSd,VinylSd,BrkFace,84.0,Gd,TA,PConc,Ex,TA,No,Unf,Unf,774,GasA,Ex,Y,SBrkr,1968,0,0,2,1,4,1,Ex,Typ,1,Gd,BuiltIn,2009.0,Fin,3,TA,TA,Y,0,75,0,0,0,0,None,None,None,0,5,2010,New,Partial,269500
159,60,FV,100.0,12552,Pave,None,Reg,Lvl,AllPub,Corner,Gtl,Somerst,Norm,Norm,1Fam,2Story,7,5,2004,2005,Gable,CompShg,VinylSd,VinylSd,None,0.0,Gd,TA,PConc,Gd,TA,No,GLQ,Unf,991,GasA,Ex,Y,SBrkr,1947,0,0,2,1,3,1,Gd,Typ,1,Gd,Attchd,2004.0,RFn,2,TA,TA,Y,0,136,0,0,0,0,None,GdWo,None,0,5,2010,WD,Normal,254900
160,60,RL,134.0,19378,Pave,None,IR1,HLS,AllPub,Corner,Gtl,Gilbert,Norm,Norm,1Fam,2Story,7,5,2005,2006,Gable,CompShg,VinylSd,VinylSd,BrkFace,456.0,Gd,TA,PConc,Gd,TA,Mn,GLQ,Unf,1392,GasA,Ex,Y,SBrkr,2462,1,0,2,1,4,1,Gd,Typ,1,Gd,Attchd,2006.0,RFn,2,TA,TA,Y,239,132,0,168,0,0,None,None,None,0,3,2006,New,Partial,320000
161,20,RL,68.0,11120,Pave,None,IR1,Lvl,AllPub,CulDSac,Gtl,Veenker,Norm,Norm,1Fam,1Story,6,6,1984,1984,Gable,CompShg,Plywood,Plywood,None,0.0,TA,TA,PConc,Gd,TA,No,BLQ,Unf,1232,GasA,TA,Y,SBrkr,1232,0,0,2,0,3,1,TA,Typ,0,None,Attchd,1984.0,Unf,2,TA,TA,Y,0,0,0,0,0,0,None,None,None,0,6,2008,WD,Normal,162500
162,60,RL,110.0,13688,Pave,None,IR1,Lvl,AllPub,Inside,Gtl,NridgHt,Norm,Norm,1Fam,2Story,9,5,2003,2004,Gable,CompShg,VinylSd,VinylSd,BrkFace,664.0,Gd,TA,PConc,Ex,TA,Av,GLQ,Unf,1572,GasA,Ex,Y,SBrkr,2668,1,0,2,1,3,1,Ex,Typ,2,Gd,BuiltIn,2003.0,Fin,3,TA,TA,Y,400,0,0,0,0,0,None,None,None,0,3,2008,WD,Normal,412500
163,20,RL,95.0,12182,Pave,None,Reg,Lvl,AllPub,Corner,Gtl,NridgHt,Norm,Norm,1Fam,1Story,7,5,2005,2005,Gable,CompShg,VinylSd,VinylSd,BrkFace,226.0,Gd,TA,PConc,Gd,TA,Mn,BLQ,Unf,1541,GasA,Ex,Y,SBrkr,1541,0,0,2,0,3,1,Gd,Typ,1,Gd,Attchd,2005.0,RFn,2,TA,TA,Y,0,70,0,0,0,0,None,None,None,0,5,2010,New,Partial,220000
164,45,RL,55.0,5500,Pave,None,Reg,Lvl,AllPub,Inside,Gtl,OldTown,Norm,Norm,1Fam,1.5Unf,4,6,1956,1956,Gable,CompShg,MetalSd,MetalSd,None,0.0,TA,TA,CBlock,TA,TA,No,Unf,Unf,882,GasA,Ex,Y,SBrkr,882,0,0,1,0,1,1,TA,Typ,0,None,None,0.0,None,0,None,None,Y,0,0,0,0,0,0,None,MnPrv,None,0,4,2007,WD,Normal,103200
165,40,RM,40.0,5400,Pave,Pave,Reg,Lvl,AllPub,Corner,Gtl,OldTown,Norm,Norm,1Fam,1Story,6,7,1926,2004,Gable,CompShg,MetalSd,MetalSd,None,0.0,TA,Gd,BrkTil,TA,TA,Mn,LwQ,Unf,1149,GasA,Gd,Y,FuseA,1616,0,0,2,0,3,1,Gd,Typ,0,None,Detchd,1926.0,Unf,1,TA,TA,Y,0,0,183,0,0,0,None,None,None,0,10,2007,WD,Normal,152000
166,190,RL,62.0,10106,Pave,None,Reg,Lvl,AllPub,Inside,Gtl,Edwards,Norm,Norm,2fmCon,1.5Fin,5,7,1940,1999,Gable,CompShg,Wd Sdng,Wd Sdng,None,0.0,TA,Gd,BrkTil,TA,TA,No,ALQ,Rec,644,GasA,Gd,Y,SBrkr,1355,1,0,2,0,4,2,TA,Typ,0,None,None,0.0,None,0,None,None,Y,140,0,0,0,0,0,None,None,None,0,9,2008,WD,Normal,127500
167,20,RL,80.0,10708,Pave,None,IR1,Lvl,AllPub,Inside,Gtl,ClearCr,Norm,Norm,1Fam,1Story,5,5,1955,1993,Hip,CompShg,Wd Sdng,Wd Sdng,None,0.0,Gd,TA,CBlock,TA,TA,No,LwQ,BLQ,1617,GasA,Ex,Y,FuseA,1867,1,0,1,0,2,1,TA,Typ,3,Gd,Attchd,1955.0,Fin,1,TA,TA,Y,476,0,0,0,142,0,None,GdWo,None,0,11,2009,COD,Normal,190000
168,60,RL,86.0,10562,Pave,None,Reg,Lvl,AllPub,Inside,Gtl,NridgHt,Norm,Norm,1Fam,2Story,8,5,2007,2007,Gable,CompShg,VinylSd,VinylSd,Stone,300.0,Gd,TA,PConc,Ex,TA,No,GLQ,Unf,1582,GasA,Ex,Y,SBrkr,2161,1,0,1,1,3,1,Ex,Typ,1,Gd,Attchd,2007.0,Fin,3,TA,TA,Y,178,120,0,0,0,0,None,None,None,0,11,2007,New,Partial,325624
169,60,RL,62.0,8244,Pave,None,IR1,Lvl,AllPub,Inside,Gtl,Gilbert,Norm,Norm,1Fam,2Story,7,5,2004,2004,Gable,CompShg,VinylSd,VinylSd,None,0.0,Gd,TA,PConc,Gd,TA,No,Unf,Unf,840,GasA,Ex,Y,SBrkr,1720,0,0,2,1,3,1,Gd,Typ,1,Gd,Attchd,2004.0,Fin,2,TA,TA,Y,100,48,0,0,0,0,None,None,None,0,5,2007,WD,Normal,183500
170,20,RL,85.0,16669,Pave,None,IR1,Lvl,AllPub,Corner,Gtl,Timber,Norm,Norm,1Fam,1Story,8,6,1981,1981,Hip,WdShake,Plywood,Plywood,BrkFace,653.0,Gd,TA,CBlock,Gd,TA,No,Unf,Unf,1686,GasA,TA,Y,SBrkr,1707,0,0,2,1,2,1,TA,Typ,1,TA,Attchd,1981.0,RFn,2,TA,TA,Y,574,64,0,0,0,0,None,None,None,0,1,2006,WD,Normal,228000
171,50,RM,60.0,12358,Pave,None,IR1,Lvl,AllPub,Inside,Gtl,OldTown,Feedr,Norm,1Fam,1.5Fin,5,6,1941,1950,Gable,CompShg,MetalSd,MetalSd,None,0.0,TA,TA,CBlock,TA,TA,No,Rec,Unf,720,GasA,TA,Y,SBrkr,1382,0,0,1,1,2,1,TA,Typ,0,None,Detchd,1991.0,Unf,2,TA,TA,Y,237,0,0,0,0,0,None,None,None,0,5,2007,WD,Normal,128500
172,20,RL,141.0,31770,Pave,None,IR1,Lvl,AllPub,Corner,Gtl,NAmes,Norm,Norm,1Fam,1Story,6,5,1960,1960,Hip,CompShg,BrkFace,Plywood,Stone,112.0,TA,TA,CBlock,TA,Gd,Gd,BLQ,Unf,1080,GasA,Fa,Y,SBrkr,1656,1,0,1,0,3,1,TA,Typ,2,Gd,Attchd,1960.0,Fin,2,TA,TA,P,210,62,0,0,0,0,None,None,None,0,5,2010,WD,Normal,215000
173,160,RL,44.0,5306,Pave,None,IR1,Lvl,AllPub,Inside,Gtl,StoneBr,Norm,Norm,TwnhsE,2Story,7,7,1987,1987,Gable,CompShg,HdBoard,HdBoard,None,0.0,Gd,Gd,PConc,Gd,Gd,No,GLQ,Rec,1064,GasA,Gd,Y,SBrkr,1767,1,0,2,0,2,1,Gd,Typ,1,TA,Attchd,1987.0,RFn,2,Gd,TA,Y,441,35,0,0,0,0,None,None,None,0,6,2006,WD,Normal,239000
174,20,RL,80.0,10197,Pave,None,IR1,Lvl,AllPub,Inside,Gtl,NAmes,Norm,Norm,1Fam,1Story,6,5,1961,1961,Gable,CompShg,WdShing,Wd Shng,BrkCmn,491.0,TA,TA,CBlock,TA,TA,No,ALQ,Rec,1362,GasA,TA,Y,SBrkr,1362,1,0,1,1,3,1,TA,Typ,1,TA,Attchd,1961.0,Unf,2,TA,TA,Y,0,20,0,0,0,0,None,None,None,0,6,2008,COD,Normal,163000
175,20,RL,47.0,12416,Pave,None,IR1,Lvl,AllPub,Inside,Gtl,Timber,Norm,Norm,1Fam,1Story,6,5,1986,1986,Gable,CompShg,VinylSd,Plywood,Stone,132.0,TA,TA,CBlock,Gd,Fa,No,ALQ,LwQ,1606,GasA,TA,Y,SBrkr,1651,1,0,2,0,3,1,TA,Min2,1,TA,Attchd,1986.0,Fin,2,TA,TA,Y,192,0,0,0,0,0,None,None,None,0,11,2008,WD,Normal,184000
176,20,RL,84.0,12615,Pave,None,Reg,Lvl,AllPub,Corner,Gtl,Edwards,Norm,Norm,1Fam,1Story,6,7,1950,2001,Gable,CompShg,WdShing,Wd Shng,None,0.0,TA,TA,CBlock,TA,Gd,Av,ALQ,Unf,1202,GasA,TA,Y,SBrkr,2158,1,0,2,0,4,1,Gd,Typ,1,Gd,Attchd,1950.0,Unf,2,TA,TA,Y,0,29,39,0,0,0,None,MnPrv,None,0,6,2007,WD,Normal,243000
177,60,RL,97.0,10029,Pave,None,IR1,Lvl,AllPub,Corner,Gtl,ClearCr,Norm,Norm,1Fam,2Story,6,5,1988,1989,Gable,CompShg,Plywood,Plywood,BrkFace,268.0,Gd,TA,PConc,Gd,TA,No,GLQ,Unf,1151,GasA,TA,Y,SBrkr,2060,0,1,2,1,4,1,TA,Typ,1,TA,Attchd,1988.0,Unf,2,TA,TA,Y,0,228,0,0,192,0,None,None,None,0,9,2007,WD,Normal,211000
178,50,RL,71.0,13650,Pave,None,Reg,Lvl,AllPub,Inside,Gtl,Sawyer,Norm,Norm,1Fam,1.5Fin,5,5,1958,1958,Gable,CompShg,MetalSd,MetalSd,None,0.0,Gd,Gd,CBlock,TA,TA,No,ALQ,BLQ,1052,GasA,Ex,Y,SBrkr,1920,1,0,2,0,4,1,Gd,Typ,1,Gd,Attchd,1958.0,Unf,2,TA,TA,Y,0,0,0,0,0,0,None,None,None,0,7,2006,WD,Normal,172500
179,20,RL,63.0,17423,Pave,None,IR1,Lvl,AllPub,CulDSac,Gtl,StoneBr,Norm,Norm,1Fam,1Story,9,5,2008,2009,Hip,CompShg,VinylSd,VinylSd,Stone,748.0,Ex,TA,PConc,Ex,TA,No,GLQ,Unf,2216,GasA,Ex,Y,SBrkr,2234,1,0,2,0,1,1,Ex,Typ,1,Gd,Attchd,2009.0,Fin,3,TA,TA,Y,0,60,0,0,0,0,None,None,None,0,7,2009,New,Partial,501837
180,30,RM,60.0,8520,Pave,None,Reg,Lvl,AllPub,Inside,Gtl,OldTown,Norm,Norm,1Fam,1Story,5,6,1923,2006,Gable,CompShg,Wd Sdng,Wd Sdng,None,0.0,Gd,TA,CBlock,TA,TA,No,Unf,Unf,968,GasA,TA,Y,SBrkr,968,0,0,1,0,2,1,TA,Typ,0,None,Detchd,1935.0,Unf,2,Fa,TA,N,0,0,184,0,0,0,None,None,None,0,7,2007,WD,Normal,100000
181,160,FV,73.5,2117,Pave,None,Reg,Lvl,AllPub,Inside,Gtl,Somerst,Norm,Norm,Twnhs,2Story,6,5,2000,2000,Gable,CompShg,MetalSd,MetalSd,BrkFace,456.0,Gd,TA,PConc,Gd,TA,No,GLQ,Unf,756,GasA,Ex,Y,SBrkr,1525,0,0,2,1,3,1,Gd,Typ,1,TA,Detchd,2000.0,Unf,2,TA,TA,Y,0,0,0,0,0,0,None,None,None,0,6,2007,WD,Normal,177000
182,70,RL,54.0,7588,Pave,None,Reg,Lvl,AllPub,Inside,Gtl,Crawfor,Norm,Norm,1Fam,2Story,7,6,1920,1950,Gable,CompShg,Stucco,Stucco,None,0.0,TA,TA,BrkTil,Fa,TA,No,LwQ,Unf,793,GasA,Gd,Y,SBrkr,1802,0,0,1,1,4,1,TA,Typ,1,Gd,Detchd,1920.0,Unf,1,Fa,TA,Y,0,0,40,0,0,0,None,None,None,0,7,2006,WD,Normal,200100
183,20,RL,60.0,9060,Pave,None,Reg,Lvl,AllPub,Inside,Gtl,Edwards,Artery,Norm,1Fam,1Story,5,6,1957,2006,Hip,CompShg,Wd Sdng,Wd Sdng,BrkFace,98.0,TA,TA,PConc,None,None,None,None,None,0,GasA,Ex,Y,SBrkr,1340,0,0,1,0,3,1,TA,Typ,1,Gd,Attchd,1957.0,RFn,1,TA,TA,Y,116,0,0,180,0,0,None,MnPrv,None,0,6,2007,WD,Normal,120000
184,50,RM,63.0,11426,Pave,None,Reg,Lvl,AllPub,Inside,Gtl,OldTown,Norm,Norm,1Fam,1.5Fin,7,5,2003,2003,Gable,CompShg,VinylSd,VinylSd,None,0.0,TA,TA,PConc,Gd,TA,No,Unf,Unf,1362,GasA,Ex,Y,SBrkr,2082,0,0,2,1,3,1,Gd,Mod,0,None,Detchd,2003.0,Unf,2,TA,TA,N,280,238,0,0,0,0,None,None,None,0,6,2008,WD,Normal,200000
185,50,RL,92.0,7438,Pave,None,IR1,Lvl,AllPub,Inside,Gtl,BrkSide,RRAn,Feedr,1Fam,1.5Fin,5,8,1908,1991,Gable,CompShg,AsbShng,Plywood,None,0.0,TA,TA,PConc,Fa,TA,No,Unf,Unf,504,GasA,Gd,Y,SBrkr,1252,0,0,1,0,3,1,TA,Typ,0,None,Attchd,1986.0,Unf,2,TA,TA,Y,104,0,0,0,0,0,None,MnPrv,None,0,6,2006,WD,Normal,127000
186,75,RM,90.0,22950,Pave,None,IR2,Lvl,AllPub,Inside,Gtl,OldTown,Artery,Norm,1Fam,2.5Fin,10,9,1892,1993,Gable,WdShngl,Wd Sdng,Wd Sdng,None,0.0,Gd,Gd,BrkTil,TA,TA,Mn,Unf,Unf,1107,GasA,Ex,Y,SBrkr,3608,0,0,2,1,4,1,Ex,Typ,2,TA,Detchd,1993.0,Unf,3,Ex,TA,Y,0,260,0,0,410,0,None,GdPrv,None,0,6,2006,WD,Normal,475000
187,80,RL,73.0,9947,Pave,None,IR1,Lvl,AllPub,CulDSac,Gtl,Mitchel,Norm,Norm,1Fam,SLvl,7,5,1990,1991,Gable,CompShg,HdBoard,HdBoard,None,0.0,TA,TA,PConc,Gd,TA,Av,GLQ,Unf,1188,GasA,Ex,Y,SBrkr,1217,1,0,2,0,3,1,Gd,Typ,0,None,Attchd,1990.0,Unf,2,TA,TA,Y,168,27,0,0,0,0,None,GdPrv,None,0,6,2009,WD,Normal,173000
188,50,RL,60.0,10410,Pave,None,Reg,Lvl,AllPub,Inside,Gtl,OldTown,Norm,Norm,1Fam,1.5Fin,5,7,1916,1987,Gable,CompShg,HdBoard,HdBoard,None,0.0,TA,TA,CBlock,Fa,TA,No,Unf,Unf,660,GasA,Ex,Y,SBrkr,1656,0,0,2,1,3,1,TA,Min2,0,None,Detchd,1916.0,Unf,1,Fa,Fa,N,0,0,0,140,0,0,None,MnPrv,None,0,8,2009,WD,Normal,135000
189,90,RL,64.0,7018,Pave,None,Reg,Bnk,AllPub,Inside,Gtl,SawyerW,Feedr,Norm,Duplex,SFoyer,5,5,1979,1979,Gable,CompShg,Plywood,Plywood,Stone,275.0,TA,TA,CBlock,Gd,TA,Av,GLQ,Unf,1086,GasA,TA,Y,SBrkr,1224,2,0,0,2,2,2,TA,Typ,2,TA,Detchd,1979.0,Unf,2,TA,TA,Y,120,0,0,0,0,0,None,None,None,0,6,2009,WD,Alloca,153337
190,120,RL,41.0,4923,Pave,None,Reg,Lvl,AllPub,Inside,Gtl,StoneBr,Norm,Norm,TwnhsE,1Story,8,5,2001,2002,Gable,CompShg,CemntBd,CmentBd,None,0.0,Gd,TA,PConc,Ex,TA,Av,GLQ,Unf,1593,GasA,Ex,Y,SBrkr,1593,1,0,1,1,0,1,Ex,Typ,1,Gd,Attchd,2001.0,Fin,2,TA,TA,Y,0,120,0,0,224,0,None,None,None,0,8,2008,WD,Normal,286000
191,70,RL,70.0,10570,Pave,None,Reg,Bnk,AllPub,Inside,Mod,Crawfor,Norm,Norm,1Fam,2Story,8,8,1932,1994,Hip,CompShg,BrkFace,BrkFace,None,0.0,Gd,TA,CBlock,Gd,Gd,No,Rec,Unf,853,GasA,TA,Y,SBrkr,2727,0,0,2,1,3,1,Gd,Maj1,2,TA,Detchd,1932.0,Unf,2,TA,TA,Y,0,74,0,0,0,0,None,None,None,0,12,2007,WD,Normal,315000
192,60,RL,73.0,7472,Pave,None,IR1,Lvl,AllPub,CulDSac,Gtl,NAmes,Norm,Norm,1Fam,2Story,7,9,1972,2004,Gable,CompShg,HdBoard,HdBoard,BrkFace,138.0,TA,TA,CBlock,TA,TA,No,ALQ,Unf,725,GasA,Gd,Y,SBrkr,1479,1,0,1,1,4,1,Gd,Typ,0,None,Attchd,1972.0,Fin,2,TA,TA,Y,0,32,0,0,0,0,None,None,None,0,6,2007,WD,Normal,184000
193,20,RL,68.0,9017,Pave,None,IR1,Lvl,AllPub,Inside,Gtl,CollgCr,Norm,Norm,1Fam,1Story,7,5,1999,1999,Gable,CompShg,VinylSd,VinylSd,None,0.0,Gd,TA,PConc,Gd,TA,Av,GLQ,Unf,1431,GasA,Ex,Y,SBrkr,1431,1,0,2,0,3,1,Gd,Typ,0,None,Attchd,1999.0,Fin,2,TA,TA,Y,0,35,0,0,0,0,None,None,None,0,9,2009,WD,Normal,192000
194,160,RM,24.0,2522,Pave,None,Reg,Lvl,AllPub,Inside,Gtl,Edwards,Norm,Norm,Twnhs,2Story,7,5,2004,2004,Gable,CompShg,VinylSd,VinylSd,Stone,50.0,Gd,TA,PConc,Gd,TA,No,Unf,Unf,970,GasA,Ex,Y,SBrkr,1709,0,0,2,0,3,1,Gd,Maj1,0,None,Detchd,2004.0,Unf,2,TA,TA,Y,0,40,0,0,0,0,None,None,None,0,5,2006,WD,Normal,130000
195,20,RL,60.0,7180,Pave,None,IR1,Lvl,AllPub,Inside,Gtl,CollgCr,Norm,Norm,1Fam,1Story,5,7,1972,1972,Hip,CompShg,HdBoard,HdBoard,None,0.0,TA,TA,CBlock,TA,TA,Av,ALQ,Unf,864,GasA,TA,Y,SBrkr,864,0,0,1,0,3,1,TA,Typ,0,None,Detchd,1989.0,Unf,1,TA,TA,Y,0,0,0,0,0,0,None,None,None,0,5,2008,WD,Normal,127000
196,160,RL,24.0,2280,Pave,None,Reg,Lvl,AllPub,FR2,Gtl,NPkVill,Norm,Norm,Twnhs,2Story,6,6,1976,1976,Gable,CompShg,Plywood,Brk Cmn,None,0.0,TA,TA,CBlock,Gd,TA,No,ALQ,Unf,855,GasA,TA,Y,SBrkr,1456,0,0,2,1,3,1,TA,Typ,1,TA,Attchd,1976.0,Unf,2,TA,TA,Y,87,0,0,0,0,0,None,None,None,0,7,2009,WD,Normal,148500
197,20,RL,79.0,9416,Pave,None,Reg,Lvl,AllPub,Inside,Gtl,Somerst,Norm,Norm,1Fam,1Story,7,5,2007,2007,Hip,CompShg,CemntBd,CmentBd,Stone,205.0,Ex,TA,PConc,Ex,TA,No,GLQ,Unf,1726,GasA,Ex,Y,SBrkr,1726,1,0,2,0,3,1,Ex,Typ,1,Gd,Attchd,2007.0,Fin,3,TA,TA,Y,171,138,0,0,266,0,None,None,None,0,9,2007,New,Partial,311872
198,75,RL,174.0,25419,Pave,None,Reg,Lvl,AllPub,Corner,Gtl,NAmes,Artery,Norm,1Fam,2Story,8,4,1918,1990,Gable,CompShg,Stucco,Stucco,None,0.0,Gd,Gd,PConc,TA,TA,No,GLQ,LwQ,1360,GasA,Gd,Y,SBrkr,3112,1,1,2,0,4,1,Gd,Typ,1,Ex,Detchd,1918.0,Unf,2,TA,TA,Y,0,16,552,0,0,512,Ex,GdPrv,None,0,3,2006,WD,Abnorml,235000
199,75,RM,92.0,5520,Pave,None,Reg,Lvl,AllPub,Corner,Gtl,OldTown,Norm,Norm,1Fam,2.5Fin,6,6,1912,1950,Gable,CompShg,Wd Sdng,Wd Sdng,None,0.0,TA,TA,CBlock,TA,TA,No,Unf,Unf,755,GasA,Ex,Y,SBrkr,2229,0,0,1,0,5,1,TA,Typ,0,None,None,0.0,None,0,None,None,Y,0,198,30,0,0,0,None,MnPrv,None,0,7,2009,WD,Abnorml,104000
200,20,RL,76.0,9591,Pave,None,Reg,Lvl,AllPub,Inside,Gtl,NridgHt,Norm,Norm,1Fam,1Story,8,5,2004,2005,Hip,CompShg,VinylSd,VinylSd,BrkFace,262.0,Gd,TA,PConc,Ex,TA,Av,GLQ,Unf,1713,GasA,Ex,Y,SBrkr,1713,1,0,2,0,3,1,Ex,Typ,1,Gd,Attchd,2004.0,Fin,3,TA,TA,Y,0,26,0,0,170,0,None,None,None,0,1,2009,WD,Normal,274900
201,20,RM,80.0,8546,Pave,None,Reg,Lvl,AllPub,Corner,Gtl,Edwards,Norm,Norm,1Fam,1Story,4,5,2003,2004,Gable,CompShg,VinylSd,VinylSd,None,0.0,TA,TA,PConc,Gd,TA,No,Unf,Unf,1121,GasA,Ex,Y,SBrkr,1121,0,0,2,0,2,1,TA,Typ,0,None,Attchd,2003.0,RFn,2,TA,TA,Y,132,64,0,0,0,0,None,None,None,0,3,2010,WD,Normal,140000
202,20,RL,75.0,10125,Pave,None,Reg,Lvl,AllPub,Inside,Gtl,Mitchel,Norm,Norm,1Fam,1Story,6,6,1977,1977,Gable,CompShg,Plywood,Plywood,None,0.0,TA,TA,CBlock,TA,TA,No,ALQ,LwQ,1196,GasA,TA,Y,SBrkr,1279,0,1,2,0,3,1,TA,Typ,2,Fa,Detchd,1980.0,Unf,2,TA,TA,Y,238,83,0,0,0,0,None,MnPrv,None,0,2,2008,WD,Normal,171500
203,50,RL,50.0,7000,Pave,None,Reg,Lvl,AllPub,Corner,Gtl,OldTown,Artery,Norm,1Fam,1.5Fin,6,6,1924,1950,Gable,CompShg,MetalSd,MetalSd,None,0.0,TA,Gd,BrkTil,Fa,TA,No,LwQ,Unf,617,GasA,Gd,Y,SBrkr,1310,0,0,2,0,2,1,TA,Min1,0,None,Attchd,1924.0,Unf,1,TA,TA,Y,0,0,126,0,0,0,None,None,None,0,5,2006,COD,Normal,112000
204,120,RM,70.0,4438,Pave,None,Reg,Lvl,AllPub,Inside,Gtl,CollgCr,Norm,Norm,TwnhsE,1Story,6,5,2004,2004,Gable,CompShg,VinylSd,VinylSd,BrkFace,205.0,Gd,TA,PConc,Gd,TA,Av,GLQ,Unf,848,GasA,Ex,Y,SBrkr,848,1,0,1,0,1,1,Gd,Typ,1,Gd,Attchd,2004.0,RFn,2,TA,TA,Y,149,0,0,0,0,0,None,None,None,0,1,2008,WD,Normal,149000
205,50,RM,50.0,3500,Pave,Grvl,Reg,Lvl,AllPub,Inside,Gtl,OldTown,Norm,Norm,1Fam,1.5Fin,5,7,1947,1950,Gable,CompShg,AsbShng,AsbShng,None,0.0,TA,TA,CBlock,TA,TA,No,LwQ,Unf,720,GasA,TA,Y,SBrkr,1284,0,0,1,1,2,1,TA,Typ,0,None,Detchd,1948.0,Unf,1,TA,TA,Y,0,35,0,0,0,0,None,MnWw,None,0,4,2009,WD,Normal,110000
206,20,RL,99.0,11851,Pave,None,Reg,Lvl,AllPub,Corner,Gtl,Gilbert,Norm,Norm,1Fam,1Story,7,5,1990,1990,Gable,CompShg,HdBoard,HdBoard,None,0.0,TA,TA,PConc,Gd,TA,No,Unf,Unf,1424,GasA,Ex,Y,SBrkr,1442,0,0,2,0,3,1,TA,Typ,0,None,Attchd,1990.0,RFn,2,TA,TA,Y,0,34,0,508,0,0,None,None,None,0,5,2009,WD,Normal,180500
207,20,RL,40.0,13673,Pave,None,IR1,Lvl,AllPub,CulDSac,Gtl,Sawyer,RRAe,Norm,1Fam,1Story,5,5,1962,1962,Gable,CompShg,HdBoard,HdBoard,None,0.0,TA,Gd,CBlock,TA,TA,No,Unf,Unf,1140,GasA,TA,Y,SBrkr,1696,0,0,1,1,3,1,TA,Min2,1,TA,Attchd,1962.0,RFn,1,TA,TA,Y,0,30,0,0,0,0,None,None,None,0,3,2007,WD,Normal,143900
208,20,RL,73.0,12493,Pave,None,IR1,Lvl,AllPub,Inside,Gtl,NAmes,Norm,Norm,1Fam,1Story,4,5,1960,1960,Gable,CompShg,Wd Sdng,Wd Sdng,None,0.0,TA,TA,PConc,TA,TA,No,ALQ,Rec,1100,GasA,TA,Y,SBrkr,1100,1,0,1,0,3,1,TA,Typ,1,Po,Attchd,1960.0,RFn,1,TA,TA,Y,355,0,0,0,0,0,None,GdWo,None,0,4,2008,WD,Normal,141000
209,60,RL,66.5,14364,Pave,None,IR1,Low,AllPub,Inside,Mod,SawyerW,Norm,Norm,1Fam,2Story,7,5,1988,1989,Gable,CompShg,Plywood,Plywood,BrkFace,128.0,Gd,TA,CBlock,Gd,TA,Gd,GLQ,Unf,1157,GasA,Ex,Y,SBrkr,2062,1,0,2,1,3,1,TA,Typ,1,Gd,Attchd,1988.0,Fin,2,TA,TA,Y,60,55,0,0,154,0,None,None,None,0,4,2007,WD,Normal,277000
210,20,RL,75.0,8250,Pave,None,Reg,Lvl,AllPub,Inside,Gtl,NAmes,Norm,Norm,1Fam,1Story,6,7,1964,1964,Hip,CompShg,HdBoard,HdBoard,Stone,260.0,TA,TA,CBlock,Gd,TA,No,Rec,Unf,1092,GasA,Ex,Y,SBrkr,1092,1,0,1,0,3,1,TA,Typ,0,None,Attchd,1964.0,RFn,2,TA,Gd,Y,0,0,0,0,0,0,None,MnPrv,None,0,7,2008,WD,Normal,145000
211,30,RL,67.0,5604,Pave,None,Reg,Lvl,AllPub,Inside,Gtl,Edwards,Norm,Norm,1Fam,1Story,5,6,1925,1950,Gable,CompShg,Stucco,Stucco,None,0.0,TA,TA,CBlock,TA,TA,No,Rec,Unf,864,GasA,TA,N,FuseA,864,1,0,1,0,2,1,TA,Typ,0,None,None,0.0,None,0,None,None,Y,0,0,96,0,0,0,None,None,None,0,4,2008,WD,Normal,98000
212,20,RL,83.0,10420,Pave,None,Reg,Lvl,AllPub,Corner,Gtl,Edwards,Norm,Norm,1Fam,1Story,6,5,2009,2009,Gable,CompShg,VinylSd,VinylSd,None,0.0,TA,TA,PConc,Gd,TA,Mn,GLQ,Unf,1212,GasA,Ex,Y,SBrkr,1212,0,0,2,0,3,1,Gd,Typ,0,None,Attchd,2009.0,RFn,2,TA,TA,Y,100,22,0,0,0,0,None,None,None,0,3,2010,WD,Normal,186000
213,60,FV,72.0,8640,Pave,None,Reg,Lvl,AllPub,Inside,Gtl,Somerst,Norm,Norm,1Fam,2Story,7,5,2009,2009,Gable,CompShg,VinylSd,VinylSd,None,0.0,TA,TA,PConc,Gd,TA,No,GLQ,Unf,900,GasA,Ex,Y,SBrkr,1852,1,0,2,1,3,1,Gd,Typ,1,TA,Attchd,2009.0,RFn,2,TA,TA,Y,168,108,0,0,0,0,None,None,None,0,7,2009,New,Partial,252678
214,20,RL,43.0,13568,Pave,None,IR2,Lvl,AllPub,CulDSac,Gtl,CollgCr,Norm,Norm,1Fam,1Story,5,5,1995,1995,Gable,CompShg,VinylSd,VinylSd,None,0.0,TA,TA,PConc,Gd,TA,No,ALQ,Unf,990,GasA,Ex,Y,SBrkr,990,0,1,1,0,3,1,TA,Typ,0,None,Attchd,1996.0,Unf,2,TA,TA,Y,224,0,0,0,0,0,None,None,None,0,7,2006,WD,Normal,156000
215,60,RL,70.0,10900,Pave,None,IR1,Lvl,AllPub,FR2,Gtl,CollgCr,Norm,Norm,1Fam,2Story,6,7,1977,1977,Gable,CompShg,HdBoard,HdBoard,BrkFace,153.0,TA,TA,CBlock,Gd,TA,No,GLQ,Unf,689,GasA,Ex,Y,SBrkr,1392,0,0,1,1,3,1,TA,Typ,0,None,Attchd,1977.0,Fin,1,TA,TA,Y,0,36,0,0,0,0,None,MnPrv,Shed,450,3,2010,WD,Normal,161750
216,20,RL,72.0,10011,Pave,None,IR1,Lvl,AllPub,Inside,Gtl,NAmes,Norm,Norm,1Fam,1Story,5,6,1957,1996,Gable,CompShg,HdBoard,HdBoard,BrkFace,64.0,TA,TA,CBlock,TA,TA,No,BLQ,Unf,1070,GasA,TA,Y,SBrkr,1236,0,1,1,0,2,1,Gd,Min1,1,Fa,Attchd,1957.0,Unf,1,TA,TA,Y,0,0,0,0,0,0,None,MnPrv,None,0,5,2006,WD,Normal,134450
217,20,RL,65.0,8450,Pave,None,Reg,Lvl,AllPub,Inside,Gtl,CollgCr,Norm,Norm,1Fam,1Story,7,5,2004,2004,Gable,CompShg,VinylSd,VinylSd,BrkFace,266.0,Gd,TA,PConc,Gd,TA,Mn,GLQ,Unf,1436,GasA,Ex,Y,SBrkr,1436,1,0,2,0,3,1,Gd,Typ,0,None,Attchd,2004.0,Unf,2,TA,TA,Y,139,98,0,0,0,0,None,None,None,0,4,2008,WD,Normal,210000
218,70,RM,57.0,9906,Pave,Grvl,Reg,Lvl,AllPub,Inside,Gtl,OldTown,Norm,Norm,1Fam,2Story,4,4,1925,1950,Gable,CompShg,MetalSd,MetalSd,None,0.0,TA,TA,CBlock,TA,TA,No,Unf,Unf,686,GasA,Fa,N,SBrkr,1328,0,0,1,0,3,1,TA,Typ,0,None,Detchd,1940.0,Unf,1,TA,TA,Y,0,172,60,0,0,0,None,None,None,0,9,2006,WD,Family,107000
219,50,RL,74.0,15660,Pave,None,IR1,Lvl,AllPub,Corner,Gtl,Crawfor,Norm,Norm,1Fam,1.5Fin,7,9,1939,2006,Gable,CompShg,VinylSd,VinylSd,BrkFace,312.0,Gd,Gd,CBlock,TA,TA,No,BLQ,Unf,798,GasA,Ex,Y,SBrkr,1954,0,1,1,1,3,1,Gd,Typ,2,TA,Attchd,1939.0,Unf,2,TA,TA,Y,0,119,150,0,0,0,None,None,None,0,5,2008,WD,Normal,311500
220,120,RL,43.0,3010,Pave,None,Reg,Lvl,AllPub,Inside,Gtl,Blmngtn,Norm,Norm,TwnhsE,1Story,7,5,2005,2006,Gable,CompShg,VinylSd,VinylSd,BrkFace,16.0,Gd,TA,PConc,Gd,TA,Av,GLQ,Unf,1248,GasA,Ex,Y,SBrkr,1248,0,0,2,0,2,1,Gd,Typ,0,None,Attchd,2005.0,Fin,2,TA,TA,Y,108,0,0,0,0,0,None,None,None,0,3,2006,New,Partial,167240
221,20,RL,73.0,8990,Pave,None,IR1,Lvl,AllPub,Inside,Gtl,CollgCr,Norm,Norm,1Fam,1Story,7,5,2006,2006,Gable,CompShg,VinylSd,VinylSd,None,0.0,Gd,TA,PConc,Gd,TA,Mn,Unf,Unf,1498,GasA,Ex,Y,SBrkr,1498,0,0,2,0,2,1,Gd,Typ,0,None,Attchd,2006.0,RFn,2,TA,TA,Y,351,33,0,0,0,0,None,None,None,0,4,2006,New,Partial,204900
222,60,RL,65.0,8068,Pave,None,IR1,Lvl,AllPub,Inside,Gtl,Gilbert,Norm,Norm,1Fam,2Story,6,5,2002,2002,Gable,CompShg,VinylSd,VinylSd,None,0.0,Gd,TA,PConc,Gd,TA,No,Unf,Unf,1010,GasA,Ex,Y,SBrkr,2267,0,0,2,1,4,1,Gd,Typ,1,TA,BuiltIn,2002.0,RFn,2,TA,TA,Y,120,46,0,0,0,0,None,None,None,0,12,2009,ConLI,Normal,200000
223,60,RL,85.0,11475,Pave,None,Reg,Lvl,AllPub,Inside,Gtl,NWAmes,RRAn,Norm,1Fam,2Story,6,6,1975,1975,Gable,CompShg,VinylSd,VinylSd,None,0.0,TA,TA,CBlock,Gd,TA,No,ALQ,Unf,713,GasA,TA,Y,SBrkr,1552,1,0,2,1,3,1,TA,Typ,1,TA,Attchd,1975.0,RFn,2,TA,TA,Y,209,208,0,0,0,0,None,MnPrv,None,0,2,2006,WD,Normal,179900
224,20,RL,70.0,10500,Pave,None,Reg,Lvl,AllPub,FR2,Gtl,NAmes,Norm,Norm,1Fam,1Story,4,6,1971,1971,Gable,CompShg,HdBoard,HdBoard,None,0.0,TA,TA,CBlock,TA,TA,No,ALQ,LwQ,864,GasA,Gd,Y,SBrkr,864,0,0,1,0,2,1,TA,Typ,0,None,Detchd,1989.0,Unf,2,TA,TA,Y,216,0,0,0,0,0,None,None,None,0,3,2009,WD,Abnorml,97000
225,20,RL,103.0,13472,Pave,None,Reg,Lvl,AllPub,Inside,Gtl,NridgHt,Norm,Norm,1Fam,1Story,10,5,2003,2003,Hip,CompShg,VinylSd,VinylSd,BrkFace,922.0,Ex,TA,PConc,Ex,TA,Gd,GLQ,Unf,2392,GasA,Ex,Y,SBrkr,2392,0,0,2,0,3,1,Ex,Typ,1,Ex,Attchd,2003.0,Fin,3,TA,TA,Y,248,105,0,0,0,0,None,None,None,0,6,2009,WD,Normal,386250
226,160,RM,21.0,1680,Pave,None,Reg,Lvl,AllPub,Inside,Gtl,BrDale,Norm,Norm,Twnhs,2Story,5,5,1971,1971,Gable,CompShg,HdBoard,HdBoard,BrkFace,142.0,TA,TA,CBlock,TA,TA,No,Unf,Unf,630,GasA,TA,Y,SBrkr,1302,0,0,2,1,3,1,TA,Typ,0,None,Detchd,1991.0,Unf,1,TA,TA,Y,0,0,0,0,0,0,None,None,None,0,5,2009,COD,Abnorml,112000
227,60,RL,82.0,9950,Pave,None,IR1,Lvl,AllPub,Inside,Gtl,NoRidge,Norm,Norm,1Fam,2Story,7,5,1995,1995,Gable,CompShg,VinylSd,VinylSd,BrkFace,290.0,Gd,TA,PConc,Gd,TA,No,GLQ,Unf,1203,GasA,Ex,Y,SBrkr,2520,0,0,2,1,4,1,Gd,Typ,1,TA,Attchd,1995.0,RFn,3,TA,TA,Y,224,114,0,0,0,0,None,None,None,0,6,2007,WD,Abnorml,290000
228,160,RM,21.0,1869,Pave,None,Reg,Lvl,AllPub,Inside,Gtl,BrDale,Norm,Norm,Twnhs,2Story,6,6,1970,1970,Gable,CompShg,HdBoard,HdBoard,BrkFace,127.0,TA,TA,CBlock,TA,TA,No,Rec,Unf,483,GasA,TA,Y,SBrkr,987,0,0,1,1,2,1,TA,Typ,0,None,Detchd,1987.0,Unf,1,TA,TA,Y,0,0,0,0,0,0,None,None,None,0,9,2008,WD,Normal,106000
229,20,RL,70.0,8521,Pave,None,Reg,Lvl,AllPub,FR2,Gtl,Sawyer,Feedr,Norm,1Fam,1Story,5,5,1967,1967,Gable,CompShg,HdBoard,HdBoard,None,0.0,TA,TA,CBlock,TA,TA,No,ALQ,Unf,912,GasA,TA,Y,SBrkr,912,0,0,1,0,3,1,TA,Typ,1,Fa,Detchd,1974.0,Unf,1,TA,TA,Y,0,0,0,0,0,0,None,MnPrv,None,0,5,2010,WD,Normal,125000
230,120,RL,43.0,3182,Pave,None,Reg,Lvl,AllPub,Inside,Gtl,Blmngtn,Norm,Norm,TwnhsE,1Story,7,5,2005,2006,Gable,CompShg,VinylSd,VinylSd,BrkFace,16.0,Gd,TA,PConc,Gd,TA,Av,GLQ,Unf,1373,GasA,Ex,Y,SBrkr,1555,0,0,2,0,2,1,Gd,Typ,1,TA,Attchd,2005.0,Fin,2,TA,TA,Y,143,20,0,0,0,0,None,None,None,0,5,2009,WD,Normal,192500
231,20,RL,73.0,8760,Pave,None,Reg,Lvl,AllPub,Inside,Gtl,NAmes,Norm,Norm,1Fam,1Story,6,6,1959,1959,Hip,CompShg,MetalSd,MetalSd,BrkFace,220.0,TA,TA,CBlock,TA,TA,No,Unf,Unf,1194,GasA,TA,Y,SBrkr,1194,1,0,1,0,3,1,TA,Typ,0,None,Attchd,1959.0,RFn,1,TA,TA,Y,0,0,120,0,0,0,None,None,None,0,4,2010,WD,Normal,148000
232,60,RL,174.0,15138,Pave,None,IR1,Lvl,AllPub,Inside,Gtl,NoRidge,Norm,Norm,1Fam,2Story,8,5,1995,1996,Gable,CompShg,VinylSd,VinylSd,BrkFace,506.0,Gd,TA,PConc,Gd,TA,No,GLQ,Unf,1462,GasA,Ex,Y,SBrkr,2794,1,0,2,1,4,1,Ex,Typ,1,TA,Attchd,1995.0,Fin,3,TA,TA,Y,0,146,202,0,0,0,None,None,None,0,7,2009,WD,Normal,403000
233,160,RM,21.0,1680,Pave,None,Reg,Lvl,AllPub,Inside,Gtl,BrDale,Norm,Norm,Twnhs,2Story,6,5,1972,1972,Gable,CompShg,HdBoard,HdBoard,BrkFace,297.0,TA,TA,CBlock,TA,TA,No,Unf,Unf,483,GasA,TA,Y,SBrkr,987,0,0,1,1,2,1,TA,Typ,1,Po,Attchd,1972.0,Unf,1,TA,TA,Y,0,0,0,0,0,0,None,None,None,0,6,2006,WD,Normal,94500
234,20,RL,75.0,10650,Pave,None,Reg,Lvl,AllPub,Corner,Gtl,CollgCr,Norm,Norm,1Fam,1Story,5,6,1976,1976,Gable,CompShg,HdBoard,HdBoard,None,0.0,TA,TA,CBlock,TA,Gd,Av,LwQ,ALQ,894,GasA,TA,Y,SBrkr,894,1,0,1,0,3,1,TA,Typ,0,None,Attchd,1976.0,Unf,1,TA,TA,Y,365,0,0,0,0,0,None,MnPrv,None,0,2,2010,WD,Normal,128200
235,60,RL,65.0,7851,Pave,None,Reg,Lvl,AllPub,Inside,Gtl,Gilbert,Norm,Norm,1Fam,2Story,6,5,2002,2002,Gable,CompShg,VinylSd,VinylSd,None,0.0,Gd,TA,PConc,Gd,TA,No,GLQ,Unf,860,GasA,Ex,Y,SBrkr,1960,1,0,2,1,4,1,Gd,Typ,2,TA,BuiltIn,2002.0,Fin,2,TA,TA,Y,288,48,0,0,0,0,None,None,None,0,5,2010,WD,Normal,216500
236,160,RM,21.0,1680,Pave,None,Reg,Lvl,AllPub,Inside,Gtl,BrDale,Norm,Norm,TwnhsE,2Story,6,3,1971,1971,Gable,CompShg,HdBoard,HdBoard,BrkFace,604.0,TA,TA,CBlock,TA,TA,No,ALQ,Unf,483,GasA,TA,Y,SBrkr,987,0,0,1,1,2,1,TA,Typ,0,None,Detchd,1971.0,Unf,1,TA,TA,Y,0,0,0,0,0,0,None,None,None,0,8,2008,WD,Normal,89500
237,20,RL,65.0,8773,Pave,None,Reg,Lvl,AllPub,FR2,Gtl,CollgCr,Norm,Norm,1Fam,1Story,7,5,2004,2004,Gable,CompShg,VinylSd,VinylSd,BrkFace,98.0,Gd,TA,PConc,Gd,TA,Av,GLQ,Unf,1414,GasA,Ex,Y,SBrkr,1414,0,0,2,0,3,1,Gd,Typ,0,None,Attchd,2004.0,RFn,2,TA,TA,Y,132,105,0,0,0,0,None,None,None,0,5,2010,WD,Normal,185500
238,60,RL,66.5,9453,Pave,None,IR1,Lvl,AllPub,CulDSac,Gtl,SawyerW,RRNe,Norm,1Fam,2Story,7,7,1993,2003,Gable,CompShg,HdBoard,HdBoard,None,0.0,Gd,TA,PConc,Gd,TA,No,BLQ,Unf,996,GasA,Ex,Y,SBrkr,1744,0,0,2,1,3,1,Gd,Typ,0,None,Attchd,1993.0,RFn,2,TA,TA,Y,370,70,0,238,0,0,None,None,None,0,2,2010,WD,Normal,194500
239,20,RL,93.0,12030,Pave,None,Reg,Lvl,AllPub,Inside,Gtl,NridgHt,Norm,Norm,1Fam,1Story,8,5,2007,2007,Hip,CompShg,VinylSd,VinylSd,BrkFace,254.0,Ex,TA,PConc,Ex,TA,No,Unf,Unf,1694,GasA,Ex,Y,SBrkr,1694,0,0,2,0,3,1,Gd,Typ,0,None,Attchd,2007.0,Fin,3,TA,TA,Y,168,228,0,0,0,0,None,None,None,0,12,2007,New,Partial,318000
240,50,RL,52.0,8741,Pave,None,Reg,Lvl,AllPub,Inside,Gtl,Edwards,Norm,Norm,1Fam,1.5Fin,6,4,1945,1950,Gable,CompShg,VinylSd,VinylSd,None,0.0,TA,TA,CBlock,TA,Fa,No,LwQ,Unf,735,GasA,TA,Y,FuseA,1487,0,0,1,1,3,1,TA,Typ,1,Gd,Detchd,1949.0,Unf,1,TA,TA,Y,0,140,0,0,0,0,None,MnPrv,None,0,4,2010,WD,Normal,113000
241,20,FV,75.0,9000,Pave,None,Reg,Lvl,AllPub,Inside,Gtl,Somerst,Norm,Norm,1Fam,1Story,8,5,2008,2008,Gable,CompShg,VinylSd,VinylSd,Stone,36.0,Gd,TA,PConc,Gd,TA,Av,GLQ,Unf,1566,GasA,Ex,Y,SBrkr,1566,1,0,2,0,3,1,Gd,Typ,0,None,Attchd,2008.0,RFn,2,TA,TA,Y,144,168,0,0,0,0,None,None,None,0,4,2010,WD,Normal,262500
242,30,RM,40.0,3880,Pave,None,Reg,Lvl,AllPub,Inside,Gtl,OldTown,Norm,Norm,1Fam,1Story,5,9,1945,1997,Gable,CompShg,VinylSd,VinylSd,None,0.0,TA,Gd,CBlock,TA,TA,No,ALQ,Unf,686,GasA,Gd,Y,SBrkr,866,0,0,1,0,2,1,Gd,Typ,0,None,None,0.0,None,0,None,None,Y,58,42,0,0,0,0,None,None,None,0,8,2007,WD,Normal,110500
243,50,RM,63.0,5000,Pave,None,Reg,Lvl,AllPub,Corner,Gtl,OldTown,Norm,Norm,1Fam,1.5Fin,5,4,1900,1950,Gable,CompShg,Wd Sdng,Wd Sdng,None,0.0,TA,TA,BrkTil,TA,TA,No,Unf,Unf,540,GasA,Gd,N,FuseA,1440,0,0,1,0,3,1,TA,Typ,0,None,Attchd,1940.0,Unf,1,Fa,TA,Y,0,0,77,0,0,0,None,None,None,0,4,2006,WD,Normal,79000
244,160,RL,75.0,10762,Pave,None,Reg,Lvl,AllPub,Corner,Gtl,SawyerW,Norm,Norm,TwnhsE,2Story,6,6,1980,1980,Gable,CompShg,Plywood,Plywood,None,0.0,TA,TA,CBlock,Gd,TA,No,Unf,Unf,626,GasA,TA,Y,SBrkr,1217,0,0,1,1,3,1,TA,Typ,1,TA,Attchd,1980.0,RFn,1,TA,TA,Y,0,28,0,0,0,0,None,None,None,0,4,2009,WD,Normal,120000
245,60,RL,66.5,8880,Pave,None,IR1,Lvl,AllPub,Inside,Gtl,SawyerW,Norm,Norm,1Fam,2Story,7,5,1994,2002,Gable,CompShg,VinylSd,VinylSd,None,0.0,Gd,TA,PConc,Gd,TA,No,GLQ,Unf,948,GasA,Ex,Y,SBrkr,2110,1,0,2,1,3,1,Gd,Typ,2,Fa,Attchd,1994.0,RFn,2,TA,TA,Y,0,130,0,0,0,0,None,None,None,0,5,2010,WD,Normal,205000
246,20,RL,80.0,10400,Pave,None,Reg,Lvl,AllPub,Inside,Gtl,NWAmes,Norm,Norm,1Fam,1Story,7,5,1988,1988,Gable,CompShg,Wd Sdng,Wd Sdng,BrkFace,102.0,TA,TA,CBlock,Gd,TA,Av,GLQ,Unf,1845,GasA,Gd,Y,SBrkr,1872,0,1,2,0,3,1,TA,Typ,1,TA,Attchd,1988.0,Fin,2,TA,TA,Y,197,39,0,0,0,0,None,None,None,0,6,2006,WD,Normal,241500
247,190,RM,69.0,9142,Pave,Grvl,Reg,Lvl,AllPub,Inside,Gtl,OldTown,Norm,Norm,2fmCon,2Story,6,8,1910,1950,Gable,CompShg,AsbShng,AsbShng,None,0.0,TA,Fa,Stone,Fa,TA,No,Unf,Unf,1020,GasA,Gd,N,FuseP,1928,0,0,2,0,4,2,Fa,Typ,0,None,Detchd,1910.0,Unf,1,Po,Po,Y,0,60,112,0,0,0,None,None,None,0,4,2006,WD,Normal,137000
248,20,RL,75.0,11310,Pave,None,Reg,Lvl,AllPub,Inside,Gtl,NAmes,Norm,Norm,1Fam,1Story,6,5,1954,1954,Hip,CompShg,Wd Sdng,BrkFace,None,0.0,TA,TA,CBlock,TA,TA,No,Unf,Unf,1367,GasA,Ex,Y,SBrkr,1375,0,0,1,0,2,1,TA,Typ,1,TA,Attchd,1954.0,Unf,2,TA,TA,Y,0,30,0,0,0,0,None,None,None,0,6,2006,WD,Normal,140000
249,60,RL,72.0,11317,Pave,None,Reg,Lvl,AllPub,Inside,Gtl,CollgCr,Norm,Norm,1Fam,2Story,7,5,2003,2003,Gable,CompShg,VinylSd,VinylSd,BrkFace,101.0,Gd,TA,PConc,Gd,TA,No,Unf,Unf,840,GasA,Ex,Y,SBrkr,1668,0,0,2,1,3,1,Gd,Typ,0,None,Attchd,2003.0,RFn,2,TA,TA,Y,144,68,0,0,0,0,None,None,None,0,9,2007,WD,Normal,180000
250,50,RL,80.0,159000,Pave,None,IR2,Low,AllPub,CulDSac,Sev,ClearCr,Norm,Norm,1Fam,1.5Fin,6,7,1958,2006,Gable,CompShg,Wd Sdng,HdBoard,BrkCmn,472.0,Gd,TA,CBlock,Gd,TA,Gd,Rec,Unf,1444,GasA,Gd,Y,SBrkr,2144,0,1,2,0,4,1,Gd,Typ,2,TA,Attchd,1958.0,Fin,2,TA,TA,Y,0,98,0,0,0,0,None,None,Shed,500,6,2007,WD,Normal,277000
251,30,RL,55.0,5350,Pave,None,IR1,Lvl,AllPub,Inside,Gtl,BrkSide,Norm,Norm,1Fam,1Story,3,2,1940,1966,Gable,CompShg,Wd Sdng,Plywood,None,0.0,TA,Po,CBlock,TA,TA,No,Unf,Unf,728,GasA,Ex,Y,SBrkr,1306,0,0,1,0,3,1,Fa,Mod,0,None,None,0.0,None,0,None,None,Y,263,0,0,0,0,0,None,GdWo,Shed,450,5,2010,WD,Normal,76500
252,120,RM,44.0,4750,Pave,None,IR1,HLS,AllPub,Inside,Mod,Crawfor,Norm,Norm,TwnhsE,1Story,8,5,2006,2007,Hip,CompShg,VinylSd,VinylSd,Stone,481.0,Gd,TA,PConc,Gd,TA,Gd,GLQ,Unf,1573,GasA,Ex,Y,SBrkr,1625,1,1,2,0,2,1,Gd,Typ,1,Gd,Attchd,2006.0,Fin,2,TA,TA,Y,123,0,0,0,153,0,None,None,None,0,12,2007,WD,Family,235000
253,60,RL,65.0,8366,Pave,None,IR1,Lvl,AllPub,Inside,Gtl,SawyerW,Norm,Norm,1Fam,2Story,6,5,2004,2004,Gable,CompShg,VinylSd,VinylSd,None,0.0,Gd,TA,PConc,Gd,TA,No,Unf,Unf,798,GasA,Ex,Y,SBrkr,1640,0,0,2,1,3,1,Gd,Typ,0,None,Attchd,2004.0,RFn,2,TA,TA,Y,138,45,0,0,0,0,None,None,None,0,12,2008,WD,Normal,173000
254,80,RL,85.0,9350,Pave,None,Reg,Lvl,AllPub,Inside,Gtl,NAmes,Norm,Norm,1Fam,SLvl,6,7,1964,1991,Hip,CompShg,HdBoard,HdBoard,BrkFace,108.0,TA,TA,CBlock,Gd,TA,Gd,LwQ,ALQ,1302,GasA,Ex,Y,SBrkr,1302,0,1,2,0,3,1,Gd,Min1,0,None,Attchd,1964.0,RFn,1,TA,TA,Y,333,0,0,0,0,0,None,MnPrv,None,0,10,2007,CWD,Normal,158000
255,20,RL,70.0,8400,Pave,None,Reg,Lvl,AllPub,Inside,Gtl,NAmes,Norm,Norm,1Fam,1Story,5,6,1957,1957,Gable,CompShg,MetalSd,MetalSd,None,0.0,TA,Gd,CBlock,TA,TA,No,Rec,Unf,1314,GasA,TA,Y,SBrkr,1314,1,0,1,0,3,1,TA,Typ,0,None,Attchd,1957.0,RFn,1,TA,TA,Y,250,0,0,0,0,0,None,None,None,0,6,2010,WD,Normal,145000
256,60,RL,66.0,8738,Pave,None,IR1,Lvl,AllPub,Inside,Gtl,Gilbert,Norm,Norm,1Fam,2Story,7,5,1999,1999,Gable,CompShg,VinylSd,VinylSd,BrkFace,302.0,Gd,TA,PConc,Gd,TA,No,Unf,Unf,975,GasA,Ex,Y,SBrkr,2291,0,0,2,1,4,1,Gd,Typ,1,TA,BuiltIn,1999.0,Fin,2,TA,TA,Y,192,0,0,0,0,0,None,None,None,0,2,2006,WD,Normal,230000
257,60,FV,64.0,8791,Pave,None,IR1,Lvl,AllPub,Inside,Gtl,Somerst,Norm,Norm,1Fam,2Story,6,5,2003,2003,Gable,CompShg,VinylSd,VinylSd,None,0.0,Gd,TA,PConc,Gd,TA,No,Rec,Unf,864,GasA,Ex,Y,SBrkr,1728,0,0,2,1,3,1,Gd,Typ,0,None,Attchd,2003.0,RFn,2,TA,TA,Y,216,56,0,0,0,0,None,None,None,0,5,2008,WD,Normal,207500
258,20,RL,68.0,8814,Pave,None,Reg,Lvl,AllPub,Inside,Gtl,CollgCr,Norm,Norm,1Fam,1Story,7,5,2006,2006,Gable,CompShg,VinylSd,VinylSd,Stone,180.0,Gd,TA,PConc,Gd,TA,No,GLQ,Unf,1604,GasA,Ex,Y,SBrkr,1604,1,0,2,1,3,1,Gd,Typ,1,Gd,Attchd,2006.0,RFn,2,TA,TA,Y,123,110,0,0,0,0,None,None,None,0,3,2009,WD,Abnorml,220000
259,60,RL,80.0,12435,Pave,None,Reg,Lvl,AllPub,Inside,Gtl,CollgCr,Norm,Norm,1Fam,2Story,7,5,2001,2001,Gable,CompShg,VinylSd,VinylSd,BrkFace,172.0,Gd,TA,PConc,Gd,TA,No,GLQ,Unf,963,GasA,Ex,Y,SBrkr,1792,0,0,2,1,3,1,Gd,Typ,1,TA,Attchd,2001.0,RFn,2,TA,TA,Y,0,96,0,245,0,0,None,None,None,0,5,2008,WD,Normal,231500
260,20,RM,70.0,12702,Pave,None,Reg,Lvl,AllPub,Inside,Gtl,OldTown,Norm,Norm,1Fam,1Story,5,5,1956,1956,Gable,CompShg,BrkFace,BrkFace,None,0.0,TA,TA,PConc,None,None,None,None,None,0,GasA,Gd,Y,FuseA,882,0,0,1,0,2,1,TA,Typ,0,None,Detchd,1956.0,Unf,1,TA,TA,Y,0,45,0,0,0,0,None,None,None,0,12,2008,WD,Normal,97000
261,80,RL,120.0,19296,Pave,None,Reg,Lvl,AllPub,Corner,Gtl,NAmes,Artery,Norm,1Fam,SLvl,6,5,1962,1962,Gable,CompShg,Wd Sdng,Wd Sdng,BrkFace,399.0,TA,TA,CBlock,TA,TA,Gd,Rec,ALQ,1362,GasA,TA,Y,SBrkr,1382,1,0,1,0,3,1,TA,Typ,1,TA,Attchd,1991.0,Unf,2,TA,TA,Y,0,0,252,0,0,0,None,GdWo,None,0,5,2009,WD,Normal,176000
262,60,RL,69.0,9588,Pave,None,IR1,Lvl,AllPub,Inside,Gtl,CollgCr,Norm,Norm,1Fam,2Story,8,5,2007,2007,Gable,CompShg,CemntBd,CmentBd,Stone,270.0,Gd,TA,PConc,Ex,TA,No,Unf,Unf,1482,GasA,Ex,Y,SBrkr,2574,0,0,2,1,3,1,Ex,Typ,1,Gd,BuiltIn,2007.0,Fin,3,TA,TA,Y,0,148,0,0,0,0,None,None,None,0,11,2007,New,Partial,276000
263,80,RL,88.0,8471,Pave,None,IR1,Lvl,AllPub,Corner,Gtl,Sawyer,Norm,Norm,1Fam,SLvl,6,7,1977,1995,Gable,CompShg,HdBoard,Plywood,BrkFace,46.0,TA,TA,CBlock,Gd,Gd,Av,ALQ,Unf,506,GasA,TA,Y,SBrkr,1212,1,0,1,0,3,1,TA,Typ,1,TA,Attchd,1978.0,Unf,2,TA,TA,Y,292,12,0,0,0,0,None,GdWo,None,0,7,2006,WD,Normal,151000
264,50,RM,50.0,5500,Pave,None,Reg,Lvl,AllPub,Corner,Gtl,OldTown,Norm,Norm,1Fam,1.5Fin,5,7,1929,2001,Gable,CompShg,Wd Sdng,Wd Sdng,None,0.0,TA,TA,BrkTil,TA,TA,No,LwQ,ALQ,926,GasA,TA,Y,SBrkr,1316,1,0,1,0,3,1,TA,Typ,0,None,Detchd,1974.0,Unf,2,TA,TA,Y,0,0,0,0,0,0,None,None,None,0,4,2010,WD,Normal,130000
265,30,RM,30.0,5232,Pave,Grvl,IR3,Bnk,AllPub,Inside,Gtl,OldTown,Artery,Norm,1Fam,1Story,5,5,1925,2004,Gable,CompShg,Wd Sdng,Wd Sdng,None,0.0,TA,TA,BrkTil,Fa,TA,No,Unf,Unf,680,GasA,Gd,N,FuseP,764,0,0,1,0,2,1,TA,Typ,0,None,Detchd,1965.0,Unf,2,TA,TA,N,0,0,0,0,0,0,None,None,None,0,6,2008,WD,Normal,73000
266,20,RL,78.0,12090,Pave,None,IR1,Lvl,AllPub,Inside,Gtl,NWAmes,Norm,Norm,1Fam,1Story,6,6,1981,1981,Gable,CompShg,MetalSd,MetalSd,BrkFace,210.0,TA,Gd,CBlock,Gd,TA,No,GLQ,LwQ,1422,GasA,TA,Y,SBrkr,1422,0,0,2,0,3,1,Gd,Typ,1,TA,Attchd,1981.0,Fin,2,TA,TA,Y,276,0,0,0,0,0,None,GdPrv,None,0,6,2008,WD,Normal,175500
267,60,RL,70.0,11207,Pave,None,IR1,HLS,AllPub,FR2,Gtl,Gilbert,Norm,Norm,1Fam,2Story,6,5,1997,1997,Gable,CompShg,VinylSd,VinylSd,None,0.0,TA,TA,PConc,Gd,TA,Av,GLQ,Unf,802,GasA,Gd,Y,SBrkr,1511,1,0,2,1,3,1,TA,Typ,1,TA,Attchd,1997.0,Fin,2,TA,TA,Y,95,75,0,0,0,0,None,None,None,0,6,2006,WD,Normal,185000
268,75,RL,60.0,8400,Pave,None,Reg,Bnk,AllPub,Inside,Mod,SWISU,Norm,Norm,1Fam,2.5Fin,5,8,1939,1997,Gable,CompShg,Wd Sdng,Wd Sdng,None,0.0,TA,TA,PConc,TA,TA,No,LwQ,Unf,720,GasA,Ex,Y,SBrkr,2192,0,0,2,1,4,1,Gd,Typ,1,Gd,Detchd,1939.0,Unf,1,TA,TA,Y,262,24,0,0,0,0,None,None,None,0,7,2008,WD,Normal,179500
269,30,RM,71.0,6900,Pave,None,Reg,Lvl,AllPub,Inside,Gtl,IDOTRR,Norm,Norm,1Fam,1Story,5,6,1940,1955,Gable,CompShg,VinylSd,VinylSd,None,0.0,TA,TA,CBlock,TA,TA,No,ALQ,Rec,740,GasA,Ex,Y,SBrkr,778,0,0,1,0,2,1,TA,Typ,1,Gd,Detchd,1966.0,Fin,1,Ex,Ex,Y,0,25,0,0,0,0,None,None,None,0,2,2008,WD,Normal,120500
270,20,RL,65.5,7917,Pave,None,IR1,Lvl,AllPub,Corner,Gtl,Edwards,Norm,Norm,1Fam,1Story,6,7,1976,1976,Hip,CompShg,HdBoard,HdBoard,BrkFace,174.0,TA,Gd,CBlock,TA,Gd,No,BLQ,Unf,1143,GasA,TA,Y,SBrkr,1113,1,0,1,1,3,1,TA,Typ,1,Fa,Attchd,1987.0,RFn,1,TA,Gd,Y,370,30,0,0,0,0,None,GdPrv,None,0,5,2007,WD,Normal,148000
271,60,FV,84.0,10728,Pave,None,Reg,Lvl,AllPub,Inside,Gtl,Somerst,Norm,Norm,1Fam,2Story,8,5,2006,2006,Gable,CompShg,VinylSd,VinylSd,None,0.0,Gd,TA,PConc,Gd,TA,Mn,Unf,Unf,1095,GasA,Gd,Y,SBrkr,1939,0,0,2,1,3,1,Gd,Typ,1,Gd,Attchd,2006.0,RFn,3,TA,TA,Y,192,51,0,0,0,0,None,None,None,0,8,2006,New,Partial,266000
272,20,RL,73.0,39104,Pave,None,IR1,Low,AllPub,CulDSac,Sev,ClearCr,Norm,Norm,1Fam,1Story,7,7,1954,2005,Flat,Membran,Plywood,Plywood,None,0.0,TA,TA,CBlock,Gd,TA,Gd,LwQ,GLQ,1385,GasA,Ex,Y,SBrkr,1363,1,0,1,0,2,1,TA,Mod,2,TA,Attchd,1954.0,Unf,2,TA,TA,Y,81,0,0,0,0,0,None,None,None,0,4,2008,WD,Normal,241500
273,60,RL,92.0,11764,Pave,None,IR1,Lvl,AllPub,CulDSac,Gtl,NoRidge,Norm,Norm,1Fam,2Story,8,7,1999,2007,Gable,CompShg,VinylSd,VinylSd,BrkFace,348.0,Gd,TA,PConc,Gd,TA,No,GLQ,Unf,1152,GasA,Ex,Y,SBrkr,2270,0,0,2,1,4,1,Gd,Typ,1,Gd,Attchd,1999.0,Fin,3,TA,TA,Y,132,57,0,0,0,0,None,None,None,0,4,2010,WD,Normal,290000
274,20,RL,80.0,9600,Pave,None,Reg,Lvl,AllPub,Inside,Gtl,NAmes,Feedr,Norm,1Fam,1Story,6,6,1958,1988,Hip,CompShg,Wd Sdng,Wd Sdng,BrkCmn,183.0,TA,TA,CBlock,TA,TA,No,Rec,LwQ,1240,GasA,Gd,Y,SBrkr,1632,1,0,2,0,3,1,TA,Min1,1,Gd,Attchd,1958.0,RFn,1,TA,TA,Y,289,0,0,0,0,0,None,MnPrv,None,0,4,2009,WD,Normal,139000
275,20,RL,76.0,8314,Pave,None,Reg,Lvl,AllPub,Corner,Gtl,Mitchel,Norm,Norm,1Fam,1Story,5,7,1982,1982,Gable,CompShg,HdBoard,ImStucc,None,0.0,TA,TA,CBlock,TA,TA,Gd,ALQ,Unf,816,GasA,TA,Y,SBrkr,816,0,0,1,0,2,1,TA,Typ,0,None,Attchd,1982.0,Unf,1,TA,TA,Y,168,0,0,0,0,0,None,None,None,0,6,2007,WD,Normal,124500
276,50,RL,55.0,7264,Pave,None,Reg,Lvl,AllPub,Inside,Gtl,BrkSide,Norm,Norm,1Fam,1.5Fin,7,7,1925,2007,Gable,CompShg,Wd Sdng,Wd Sdng,None,0.0,Gd,Gd,BrkTil,TA,TA,No,Unf,Unf,952,GasW,Gd,N,SBrkr,1548,0,0,2,1,3,1,Ex,Typ,0,None,Detchd,1978.0,Unf,2,TA,TA,Y,74,0,0,0,144,0,None,None,None,0,10,2009,WD,Normal,205000
277,20,RL,129.0,9196,Pave,None,IR1,Lvl,AllPub,Inside,Gtl,Mitchel,Norm,Norm,1Fam,1Story,7,5,2003,2003,Gable,CompShg,VinylSd,VinylSd,None,0.0,Gd,TA,PConc,Ex,TA,No,Unf,Unf,1560,GasA,Ex,Y,SBrkr,1560,0,0,2,0,3,1,Gd,Typ,0,None,Attchd,2003.0,Fin,2,TA,TA,Y,100,150,0,0,0,0,None,None,None,0,4,2010,WD,Normal,201000
278,20,RL,140.0,19138,Pave,None,Reg,Lvl,AllPub,Corner,Gtl,Gilbert,Norm,Norm,1Fam,1Story,4,5,1951,1951,Gable,CompShg,VinylSd,VinylSd,None,0.0,TA,TA,CBlock,TA,TA,No,LwQ,Unf,864,GasA,Ex,Y,SBrkr,864,0,0,1,0,2,1,TA,Typ,0,None,Detchd,1951.0,Unf,2,TA,TA,Y,0,0,0,0,0,0,None,None,None,0,6,2010,WD,Normal,141000
279,20,RL,107.0,14450,Pave,None,Reg,Lvl,AllPub,Inside,Gtl,NridgHt,Norm,Norm,1Fam,1Story,9,5,2006,2007,Gable,CompShg,CemntBd,CmentBd,BrkFace,315.0,Ex,TA,PConc,Ex,TA,Gd,Unf,Unf,2121,GasA,Ex,Y,SBrkr,2121,0,0,2,1,3,1,Ex,Typ,1,Ex,Attchd,2007.0,Fin,3,TA,TA,Y,124,98,0,0,142,0,None,None,None,0,5,2007,New,Partial,415298
280,60,RL,83.0,10005,Pave,None,Reg,Lvl,AllPub,Inside,Gtl,ClearCr,Norm,Norm,1Fam,2Story,7,5,1977,1977,Hip,CompShg,Plywood,Plywood,BrkFace,299.0,TA,TA,CBlock,Gd,TA,No,BLQ,Unf,1160,GasA,Ex,Y,SBrkr,2022,0,0,2,1,4,1,TA,Typ,1,TA,Attchd,1977.0,Fin,2,TA,TA,Y,288,117,0,0,0,0,None,None,None,0,3,2008,WD,Normal,192000
281,60,RL,82.0,11287,Pave,None,Reg,Lvl,AllPub,Inside,Gtl,SawyerW,Norm,Norm,1Fam,2Story,7,6,1989,1989,Gable,CompShg,Plywood,Plywood,BrkFace,340.0,Gd,TA,CBlock,Gd,TA,Av,GLQ,Unf,807,GasA,Gd,Y,SBrkr,1982,0,0,2,1,3,1,Gd,Typ,1,TA,Attchd,1989.0,Fin,2,TA,TA,Y,0,84,0,196,0,0,None,None,None,0,1,2007,WD,Normal,228500
282,20,FV,60.0,7200,Pave,Pave,Reg,Lvl,AllPub,Inside,Gtl,Somerst,Norm,Norm,1Fam,1Story,6,5,2006,2006,Gable,CompShg,VinylSd,VinylSd,Stone,68.0,Gd,TA,PConc,Gd,TA,No,GLQ,Unf,1262,GasA,Gd,Y,SBrkr,1262,0,0,2,0,2,1,Gd,Typ,0,None,Attchd,2006.0,Fin,2,TA,TA,Y,0,120,0,0,0,0,None,None,None,0,5,2006,New,Partial,185000
283,120,RL,34.0,5063,Pave,None,Reg,Lvl,AllPub,Inside,Gtl,NridgHt,Norm,Norm,Twnhs,1Story,7,5,2007,2008,Gable,CompShg,VinylSd,VinylSd,Stone,166.0,Gd,TA,PConc,Gd,TA,No,GLQ,Unf,1314,GasA,Ex,Y,SBrkr,1314,1,0,2,0,2,1,Gd,Typ,1,Gd,Attchd,2008.0,RFn,2,TA,TA,Y,172,62,0,0,0,0,None,None,None,0,4,2009,ConLw,Normal,207500
284,20,RL,74.0,9612,Pave,None,Reg,Lvl,AllPub,Inside,Gtl,Somerst,Feedr,Norm,1Fam,1Story,8,5,2008,2009,Gable,CompShg,VinylSd,VinylSd,Stone,72.0,Gd,TA,PConc,Gd,TA,No,Unf,Unf,1468,GasA,Ex,Y,SBrkr,1468,0,0,2,0,3,1,Gd,Typ,1,Gd,Attchd,2008.0,Fin,3,TA,TA,Y,210,150,0,0,0,0,None,None,None,0,12,2009,New,Partial,244600
285,120,RL,50.0,8012,Pave,None,Reg,Lvl,AllPub,Inside,Gtl,SawyerW,Norm,Norm,TwnhsE,1Story,6,5,1992,1992,Gable,CompShg,Plywood,ImStucc,None,0.0,Gd,TA,PConc,Gd,TA,No,GLQ,Unf,1575,GasA,Gd,Y,SBrkr,1575,1,0,2,0,2,1,Gd,Typ,0,None,Attchd,1992.0,RFn,2,TA,TA,Y,0,0,52,0,0,0,None,None,None,0,7,2007,WD,Normal,179200
286,160,FV,35.0,4251,Pave,Pave,IR1,Lvl,AllPub,Inside,Gtl,Somerst,Norm,Norm,TwnhsE,2Story,7,5,2006,2007,Gable,CompShg,MetalSd,MetalSd,None,0.0,Gd,TA,PConc,Gd,TA,No,Unf,Unf,625,GasA,Ex,Y,SBrkr,1250,0,0,2,1,2,1,Gd,Typ,0,None,Detchd,2006.0,RFn,2,TA,TA,Y,0,54,0,0,0,0,None,None,None,0,6,2007,New,Partial,164700
287,50,RL,77.0,9786,Pave,None,IR1,Bnk,AllPub,Inside,Gtl,NAmes,Norm,Norm,1Fam,1.5Fin,6,7,1962,1981,Gable,CompShg,Wd Sdng,Wd Sdng,None,0.0,TA,TA,CBlock,TA,TA,No,Rec,Unf,912,GasA,TA,Y,SBrkr,1734,0,0,1,1,3,1,Gd,Typ,1,Gd,Attchd,1962.0,RFn,2,TA,TA,Y,0,0,0,0,128,0,None,GdPrv,None,0,6,2006,WD,Normal,159000
288,20,RL,73.0,8125,Pave,None,IR1,Lvl,AllPub,Corner,Gtl,NAmes,Norm,Norm,1Fam,1Story,4,4,1971,1971,Gable,CompShg,HdBoard,HdBoard,None,0.0,TA,TA,CBlock,TA,TA,No,BLQ,Unf,858,GasA,TA,Y,SBrkr,858,0,0,1,0,3,1,TA,Typ,0,None,None,0.0,None,0,None,None,Y,0,0,0,0,0,0,None,None,None,0,6,2006,WD,Normal,88000
289,20,RL,71.0,9819,Pave,None,IR1,Lvl,AllPub,Inside,Gtl,Sawyer,Norm,Norm,1Fam,1Story,5,5,1967,1967,Gable,CompShg,MetalSd,MetalSd,BrkFace,31.0,TA,Gd,CBlock,TA,TA,No,BLQ,Unf,882,GasA,TA,Y,SBrkr,900,0,0,1,0,3,1,TA,Typ,0,None,Detchd,1970.0,Unf,1,TA,TA,Y,0,0,0,0,0,0,None,MnPrv,None,0,2,2010,WD,Normal,122000
290,70,RL,60.0,8730,Pave,None,Reg,Lvl,AllPub,Inside,Gtl,BrkSide,RRAn,Norm,1Fam,2Story,6,7,1915,2003,Gable,CompShg,Wd Sdng,Wd Sdng,None,0.0,TA,TA,BrkTil,TA,TA,No,Unf,Unf,698,GasA,Ex,Y,FuseA,1396,0,0,1,0,3,1,TA,Typ,0,None,Detchd,2003.0,Unf,1,TA,TA,Y,0,0,0,0,259,0,None,None,None,0,7,2007,WD,Normal,153575
291,60,RL,120.0,15611,Pave,None,Reg,Lvl,AllPub,Inside,Gtl,CollgCr,Norm,Norm,1Fam,2Story,8,5,2006,2006,Gable,CompShg,VinylSd,VinylSd,None,0.0,Gd,TA,PConc,Gd,TA,Av,Unf,Unf,1079,GasA,Ex,Y,SBrkr,1919,0,0,2,1,3,1,Gd,Typ,1,Gd,Attchd,2006.0,RFn,2,Gd,TA,Y,0,51,0,0,0,0,None,None,None,0,7,2006,New,Partial,233230
292,190,RL,55.0,5687,Pave,Grvl,Reg,Bnk,AllPub,Inside,Gtl,SWISU,Norm,Norm,2fmCon,2Story,5,6,1912,2000,Gable,CompShg,VinylSd,VinylSd,None,0.0,TA,Fa,PConc,TA,Fa,No,Rec,Unf,780,GasA,Ex,N,SBrkr,1716,1,0,2,0,6,1,Fa,Typ,0,None,None,0.0,None,0,None,None,N,0,184,0,0,0,0,None,None,None,0,3,2008,WD,Normal,135900
293,50,RL,60.0,11409,Pave,None,Reg,Lvl,AllPub,Inside,Gtl,Edwards,Norm,Norm,1Fam,1.5Fin,5,4,1949,2008,Gable,CompShg,Wd Sdng,Wd Sdng,None,0.0,TA,TA,CBlock,TA,TA,No,LwQ,Unf,768,GasA,Gd,Y,SBrkr,1716,0,0,1,1,3,1,TA,Min2,1,Gd,Attchd,1949.0,Unf,1,TA,TA,Y,0,0,0,0,160,0,None,None,None,0,1,2009,WD,Normal,131000
294,60,RL,80.0,16659,Pave,None,IR1,Lvl,AllPub,Corner,Gtl,NWAmes,PosA,Norm,1Fam,2Story,7,7,1977,1994,Gable,CompShg,Plywood,Plywood,BrkFace,34.0,TA,TA,CBlock,TA,TA,No,ALQ,Unf,795,GasA,Fa,Y,SBrkr,2263,1,0,2,1,3,1,Gd,Typ,1,TA,Attchd,1977.0,Fin,2,TA,TA,Y,0,250,0,0,0,0,None,None,None,0,3,2006,WD,Normal,235000
295,20,RL,80.0,9600,Pave,None,Reg,Lvl,AllPub,Inside,Gtl,NAmes,Norm,Norm,1Fam,1Story,6,5,1953,1953,Hip,CompShg,HdBoard,HdBoard,Stone,238.0,TA,TA,CBlock,TA,TA,No,GLQ,Unf,1416,GasA,TA,Y,SBrkr,1644,1,0,1,0,3,1,TA,Typ,2,Gd,Attchd,1953.0,Fin,2,TA,TA,Y,110,0,0,0,0,0,None,None,None,0,10,2009,WD,Normal,167000
296,80,RL,37.0,7937,Pave,None,IR1,Lvl,AllPub,CulDSac,Gtl,Mitchel,Norm,Norm,1Fam,SLvl,6,6,1984,1984,Gable,CompShg,HdBoard,HdBoard,None,0.0,TA,TA,CBlock,TA,TA,Av,GLQ,Unf,1003,GasA,TA,Y,SBrkr,1003,1,0,1,0,3,1,TA,Typ,0,None,Detchd,1984.0,Unf,2,TA,TA,Y,120,0,0,0,0,0,None,GdPrv,None,0,3,2006,WD,Normal,142500
297,50,RM,75.0,13710,Pave,None,Reg,Lvl,AllPub,Inside,Gtl,IDOTRR,Norm,Norm,1Fam,1.5Fin,5,5,1950,1950,Gable,CompShg,Wd Sdng,Wd Sdng,None,0.0,TA,TA,CBlock,TA,TA,No,BLQ,Unf,910,GasA,TA,Y,FuseA,1558,0,0,1,1,4,1,TA,Typ,0,None,Attchd,1950.0,Unf,1,TA,TA,Y,289,0,0,0,0,0,None,MnPrv,None,0,6,2007,WD,Normal,152000
298,60,FV,66.0,7399,Pave,Pave,IR1,Lvl,AllPub,Inside,Gtl,Somerst,Norm,Norm,1Fam,2Story,7,5,1997,1998,Hip,CompShg,VinylSd,VinylSd,BrkFace,1600.0,Gd,TA,PConc,Gd,TA,No,BLQ,Unf,975,GasA,Ex,Y,SBrkr,1950,0,0,2,1,3,1,Gd,Typ,1,TA,Detchd,1997.0,RFn,2,TA,TA,Y,0,10,0,0,198,0,None,None,None,0,6,2007,WD,Normal,239000
299,60,RL,90.0,11700,Pave,None,Reg,Lvl,AllPub,Inside,Gtl,NWAmes,Norm,Norm,1Fam,2Story,6,6,1968,1968,Mansard,CompShg,HdBoard,AsphShn,BrkFace,365.0,Gd,TA,CBlock,TA,TA,No,ALQ,Rec,702,GasA,Gd,Y,SBrkr,1743,0,1,1,2,3,1,TA,Typ,1,Gd,Attchd,1968.0,Unf,2,TA,TA,Y,224,0,0,0,0,0,None,None,None,0,6,2007,WD,Normal,175000
300,20,RL,80.0,14000,Pave,None,Reg,Lvl,AllPub,Inside,Gtl,Crawfor,Norm,Norm,1Fam,1Story,6,8,1950,2004,Gable,CompShg,HdBoard,HdBoard,None,0.0,TA,Gd,CBlock,TA,TA,No,Unf,Unf,1092,GasA,Ex,Y,SBrkr,1152,0,1,1,0,3,1,Gd,Typ,1,Gd,Attchd,1950.0,Unf,1,TA,TA,Y,0,36,0,0,0,0,None,GdPrv,None,0,8,2009,WD,Family,158500
301,190,RL,90.0,15750,Pave,None,Reg,Lvl,AllPub,Corner,Gtl,Crawfor,Norm,Norm,2fmCon,1Story,5,5,1953,1953,Hip,CompShg,MetalSd,MetalSd,BrkFace,56.0,TA,TA,CBlock,TA,TA,Mn,BLQ,Unf,1165,GasA,TA,Y,SBrkr,1336,1,0,1,0,2,1,TA,Typ,2,Gd,Attchd,1953.0,Unf,1,TA,TA,Y,0,0,0,0,0,0,None,None,None,0,6,2006,WD,Normal,157000
302,60,RL,66.0,16226,Pave,None,IR3,Lvl,AllPub,Inside,Gtl,CollgCr,Norm,Norm,1Fam,2Story,8,5,1998,1999,Gable,CompShg,VinylSd,VinylSd,None,0.0,Gd,TA,PConc,Gd,TA,No,GLQ,Unf,1028,GasA,Ex,Y,SBrkr,2452,0,0,2,1,4,1,Gd,Typ,1,TA,BuiltIn,1998.0,Fin,2,TA,TA,Y,208,50,0,0,0,0,None,None,None,0,5,2007,WD,Normal,267000
303,20,RL,118.0,13704,Pave,None,IR1,Lvl,AllPub,Corner,Gtl,CollgCr,Norm,Norm,1Fam,1Story,7,5,2001,2002,Gable,CompShg,VinylSd,VinylSd,BrkFace,150.0,Gd,TA,PConc,Gd,TA,No,Unf,Unf,1541,GasA,Ex,Y,SBrkr,1541,0,0,2,0,3,1,Gd,Typ,1,TA,Attchd,2001.0,RFn,3,TA,TA,Y,468,81,0,0,0,0,None,None,None,0,1,2006,WD,Normal,205000
304,20,RL,70.0,9800,Pave,None,Reg,Lvl,AllPub,Corner,Gtl,CollgCr,Norm,Norm,1Fam,1Story,5,7,1972,1972,Gable,CompShg,VinylSd,VinylSd,None,0.0,TA,TA,PConc,TA,TA,No,ALQ,Unf,894,GasA,TA,Y,SBrkr,894,1,0,1,0,3,1,TA,Typ,0,None,Attchd,1975.0,Unf,2,TA,TA,Y,256,0,0,0,0,0,None,GdWo,None,0,7,2006,WD,Abnorml,149900
305,75,RM,87.0,18386,Pave,None,Reg,Lvl,AllPub,Inside,Gtl,OldTown,Norm,Norm,1Fam,2.5Fin,7,9,1880,2002,Gable,CompShg,CemntBd,CmentBd,None,0.0,TA,TA,BrkTil,TA,TA,No,Unf,Unf,1470,GasA,Ex,Y,SBrkr,3493,0,0,3,0,3,1,Gd,Typ,1,Ex,Attchd,2003.0,Unf,3,TA,TA,Y,302,0,0,0,0,0,None,None,None,0,5,2008,WD,Normal,295000
306,20,RL,80.0,10386,Pave,None,Reg,Lvl,AllPub,Inside,Gtl,CollgCr,Norm,Norm,1Fam,1Story,8,5,2004,2005,Gable,CompShg,CemntBd,CmentBd,Stone,246.0,Gd,TA,PConc,Gd,TA,No,GLQ,Unf,2000,GasA,Ex,Y,SBrkr,2000,1,0,2,0,3,1,Gd,Typ,0,None,Attchd,2004.0,Fin,3,TA,TA,Y,168,0,0,0,0,0,None,None,None,0,7,2007,WD,Normal,305900
307,60,RL,116.0,13474,Pave,None,Reg,Lvl,AllPub,Inside,Gtl,SawyerW,Feedr,Norm,1Fam,2Story,7,5,1990,1991,Gable,CompShg,HdBoard,Plywood,BrkFace,246.0,Gd,TA,CBlock,Gd,TA,No,ALQ,Unf,700,GasA,Gd,Y,SBrkr,2243,1,0,2,1,4,1,Gd,Typ,1,TA,Attchd,1990.0,RFn,3,TA,TA,Y,127,44,224,0,0,0,None,None,None,0,6,2007,WD,Normal,225000
308,50,RM,60.0,7920,Pave,Grvl,IR1,Lvl,AllPub,Inside,Gtl,IDOTRR,Artery,Norm,1Fam,1.5Fin,6,7,1920,1950,Gable,CompShg,MetalSd,MetalSd,None,0.0,TA,Fa,CBlock,TA,TA,No,Unf,Unf,319,GasA,TA,Y,FuseA,1406,0,0,1,0,3,1,Fa,Typ,0,None,None,0.0,None,0,None,None,N,0,144,0,0,0,0,None,MnPrv,None,0,3,2008,WD,Normal,89500
309,30,RL,65.5,12342,Pave,None,IR1,Lvl,AllPub,Inside,Gtl,Edwards,Norm,Norm,1Fam,1Story,4,5,1940,1950,Gable,CompShg,VinylSd,VinylSd,None,0.0,TA,TA,CBlock,TA,TA,No,BLQ,Unf,861,GasA,Ex,Y,SBrkr,861,0,0,1,0,1,1,TA,Typ,0,None,Detchd,1961.0,Unf,2,TA,TA,Y,158,0,0,0,0,0,None,None,None,0,3,2009,WD,Normal,82500
310,20,RL,90.0,12378,Pave,None,IR1,Lvl,AllPub,Inside,Gtl,NridgHt,Norm,Norm,1Fam,1Story,9,5,2003,2004,Gable,CompShg,VinylSd,VinylSd,None,0.0,Gd,TA,PConc,Ex,TA,Gd,GLQ,Unf,1896,GasA,Ex,Y,SBrkr,1944,1,0,2,0,3,1,Ex,Typ,3,Ex,Attchd,2003.0,Fin,3,TA,TA,Y,208,175,0,0,0,0,None,None,None,0,11,2006,WD,Normal,360000
311,60,RL,65.0,7685,Pave,None,IR1,Lvl,AllPub,Inside,Gtl,Gilbert,Norm,Norm,1Fam,2Story,6,5,1993,1994,Gable,CompShg,HdBoard,HdBoard,BrkFace,112.0,TA,TA,PConc,Gd,TA,No,ALQ,Unf,697,GasA,Gd,Y,SBrkr,1501,0,0,2,1,3,1,Gd,Typ,1,TA,Attchd,1993.0,Fin,2,TA,TA,Y,190,63,0,0,0,0,None,None,None,0,5,2006,WD,Normal,165600
312,20,RL,50.0,8000,Pave,None,Reg,Lvl,AllPub,Inside,Gtl,NAmes,Norm,Norm,1Fam,1Story,6,6,1948,2002,Gable,CompShg,VinylSd,VinylSd,None,0.0,TA,Gd,CBlock,TA,TA,No,ALQ,Unf,972,GasA,Ex,Y,SBrkr,972,1,0,1,0,2,1,TA,Typ,1,Gd,Detchd,1948.0,Unf,1,TA,TA,Y,0,0,0,0,0,0,None,None,None,0,5,2009,WD,Normal,132000
313,190,RM,65.0,7800,Pave,None,Reg,Lvl,AllPub,Inside,Gtl,OldTown,Artery,Norm,2fmCon,1.5Fin,5,7,1939,1950,Gable,CompShg,MetalSd,MetalSd,None,0.0,TA,TA,CBlock,Gd,TA,Mn,Rec,Unf,793,GasA,TA,Y,SBrkr,1118,1,0,1,0,3,1,TA,Typ,1,Gd,Detchd,1939.0,Unf,2,TA,TA,Y,0,0,0,0,271,0,None,MnPrv,None,0,5,2006,WD,Normal,119900
314,20,RL,150.0,215245,Pave,None,IR3,Low,AllPub,Inside,Sev,Timber,Norm,Norm,1Fam,1Story,7,5,1965,1965,Hip,CompShg,BrkFace,BrkFace,None,0.0,TA,TA,CBlock,Gd,TA,Gd,ALQ,Rec,2136,GasW,TA,Y,SBrkr,2036,2,0,2,0,3,1,TA,Typ,2,Gd,Attchd,1965.0,RFn,2,TA,TA,Y,0,0,0,0,0,0,None,None,None,0,6,2009,WD,Normal,375000
315,70,RM,60.0,9600,Pave,Grvl,Reg,Lvl,AllPub,Inside,Gtl,OldTown,Norm,Norm,1Fam,2Story,7,7,1925,1990,Gable,CompShg,Wd Sdng,Wd Sdng,None,0.0,TA,TA,BrkTil,TA,Gd,No,LwQ,Unf,728,GasA,Ex,Y,SBrkr,1641,0,1,1,1,3,1,Ex,Typ,1,Gd,Detchd,1925.0,Unf,2,Fa,TA,Y,0,0,234,0,0,0,None,None,None,0,8,2006,WD,Normal,178000
316,60,RL,71.0,7795,Pave,None,IR1,Lvl,AllPub,Inside,Gtl,Gilbert,Norm,Norm,1Fam,2Story,7,5,2004,2005,Gable,CompShg,VinylSd,VinylSd,None,0.0,Gd,TA,PConc,Gd,TA,No,GLQ,Unf,716,GasA,Ex,Y,SBrkr,1432,1,0,2,1,3,1,Gd,Typ,1,Gd,Attchd,2004.0,Fin,2,TA,TA,Y,100,51,0,0,0,0,None,None,None,0,7,2009,WD,Normal,188500
317,60,RL,94.0,13005,Pave,None,IR1,Lvl,AllPub,Corner,Gtl,NWAmes,Norm,Norm,1Fam,2Story,7,7,1980,1980,Gable,CompShg,CemntBd,CmentBd,BrkFace,278.0,Gd,TA,CBlock,Gd,TA,No,GLQ,Unf,845,GasA,TA,Y,SBrkr,2353,1,0,2,1,4,1,Ex,Typ,1,TA,Attchd,1983.0,RFn,2,TA,TA,Y,288,195,0,0,0,0,None,GdPrv,None,0,8,2009,WD,Normal,260000
318,60,FV,75.0,9000,Pave,None,Reg,Lvl,AllPub,Inside,Gtl,Somerst,Norm,Norm,1Fam,2Story,8,5,2006,2006,Gable,CompShg,VinylSd,VinylSd,None,0.0,Gd,TA,PConc,Gd,TA,Av,Unf,Unf,1088,GasA,Ex,Y,SBrkr,1959,0,0,2,1,3,1,Gd,Typ,1,Gd,Attchd,2006.0,RFn,3,TA,TA,Y,208,46,0,0,0,0,None,None,None,0,12,2007,WD,Normal,270000
319,60,RL,90.0,9900,Pave,None,Reg,Low,AllPub,Inside,Mod,NoRidge,Norm,Norm,1Fam,2Story,7,5,1993,1993,Gable,CompShg,HdBoard,HdBoard,BrkFace,256.0,Gd,TA,PConc,Gd,TA,Gd,GLQ,Unf,1347,GasA,Ex,Y,SBrkr,2646,1,0,2,1,4,1,Gd,Typ,1,TA,Attchd,1993.0,RFn,3,TA,TA,Y,340,60,144,0,0,0,None,None,None,0,4,2009,WD,Normal,260000
320,80,RL,80.0,14115,Pave,None,Reg,Lvl,AllPub,Inside,Gtl,NWAmes,Norm,Norm,1Fam,SLvl,7,5,1980,1980,Gable,CompShg,Plywood,Plywood,BrkFace,225.0,TA,TA,CBlock,Gd,TA,Av,GLQ,Unf,1372,GasA,TA,Y,SBrkr,1472,1,0,2,0,3,1,TA,Typ,2,TA,Attchd,1980.0,Unf,2,TA,TA,Y,233,48,0,0,0,0,None,None,None,0,6,2009,WD,Normal,187500
321,60,RL,111.0,16259,Pave,None,Reg,Lvl,AllPub,Corner,Gtl,NridgHt,Norm,Norm,1Fam,2Story,9,5,2006,2006,Gable,CompShg,VinylSd,VinylSd,Stone,370.0,TA,TA,PConc,Ex,Gd,Av,Unf,Unf,1249,GasA,Ex,Y,SBrkr,2596,0,0,3,1,4,1,Gd,Typ,0,None,Attchd,2006.0,RFn,3,TA,TA,Y,240,154,0,0,0,0,None,None,None,0,9,2006,New,Partial,342643
322,60,RL,99.0,12099,Pave,None,IR1,Lvl,AllPub,Inside,Gtl,NridgHt,Norm,Norm,1Fam,2Story,8,5,2004,2004,Gable,CompShg,VinylSd,VinylSd,BrkFace,388.0,Gd,TA,PConc,Ex,TA,Av,GLQ,Unf,1136,GasA,Ex,Y,SBrkr,2468,1,0,2,1,4,1,Gd,Typ,1,Gd,BuiltIn,2004.0,Fin,3,TA,TA,Y,184,154,0,0,0,0,None,None,None,0,6,2007,WD,Normal,354000
323,60,RL,86.0,10380,Pave,None,IR1,Lvl,AllPub,Inside,Gtl,SawyerW,Norm,Norm,1Fam,2Story,7,5,1986,1987,Gable,CompShg,Plywood,Plywood,BrkFace,172.0,Gd,TA,CBlock,TA,TA,Gd,LwQ,ALQ,1502,GasA,Ex,Y,SBrkr,2730,1,0,2,1,4,1,Gd,Typ,1,TA,Attchd,1987.0,Fin,2,TA,TA,Y,201,96,0,0,0,0,None,MnPrv,None,0,8,2007,WD,Normal,301000
324,20,RM,49.0,5820,Pave,None,Reg,Lvl,AllPub,Inside,Gtl,OldTown,Norm,Norm,1Fam,1Story,3,8,1955,2005,Gable,CompShg,VinylSd,VinylSd,None,0.0,TA,Gd,CBlock,TA,TA,No,ALQ,Unf,1162,GasA,Ex,Y,SBrkr,1163,1,0,1,0,3,1,TA,Typ,0,None,Attchd,1955.0,Unf,1,Fa,TA,Y,142,98,0,0,0,0,None,None,None,0,7,2006,WD,Normal,126175
325,80,RL,96.0,11275,Pave,None,Reg,Lvl,AllPub,Corner,Gtl,NAmes,PosN,Norm,1Fam,SLvl,7,7,1967,2007,Mansard,WdShake,Wd Sdng,Wd Sdng,BrkFace,300.0,Gd,Gd,CBlock,Gd,TA,No,Unf,Unf,710,GasA,Ex,Y,SBrkr,2978,0,0,2,1,5,1,Gd,Typ,1,Gd,BuiltIn,1961.0,Fin,2,TA,TA,Y,240,0,0,0,0,0,None,None,None,0,6,2010,WD,Normal,242000
326,45,RM,50.0,5000,Pave,None,Reg,Lvl,AllPub,Inside,Gtl,IDOTRR,RRAe,Norm,1Fam,1.5Unf,5,6,1941,1950,Gable,CompShg,MetalSd,MetalSd,None,0.0,TA,TA,CBlock,TA,TA,Av,BLQ,Unf,720,GasA,Po,N,FuseF,803,0,0,1,0,2,1,TA,Typ,0,None,Detchd,1941.0,Unf,2,TA,TA,Y,0,0,244,0,0,0,None,None,None,0,12,2007,WD,Normal,87000
327,120,RL,32.0,10846,Pave,None,IR1,Lvl,AllPub,CulDSac,Gtl,Veenker,Norm,Norm,TwnhsE,1Story,8,5,1993,1993,Gable,CompShg,BrkFace,BrkFace,None,0.0,Gd,TA,PConc,Gd,TA,Gd,GLQ,Unf,1719,GasA,Ex,Y,SBrkr,1719,2,0,1,1,1,1,Gd,Typ,2,Gd,Attchd,1993.0,Fin,2,TA,TA,Y,122,30,0,0,0,0,None,None,None,0,5,2008,Con,Normal,324000
328,20,RL,80.0,11600,Pave,None,Reg,Lvl,AllPub,Inside,Gtl,NAmes,Norm,Norm,1Fam,1Story,6,5,1960,1960,Hip,CompShg,Wd Sdng,Wd Sdng,BrkFace,175.0,TA,TA,CBlock,TA,TA,No,Rec,Unf,1383,GasA,TA,Y,SBrkr,1383,0,0,1,1,3,1,TA,Typ,0,None,Attchd,1960.0,RFn,1,TA,TA,Y,0,45,0,0,0,0,None,None,None,0,4,2006,WD,Normal,145250
329,75,RL,52.0,11888,Pave,Pave,IR1,Bnk,AllPub,Inside,Gtl,BrkSide,PosN,Norm,1Fam,2.5Unf,6,6,1916,1994,Gable,CompShg,Wd Sdng,Wd Shng,None,0.0,TA,TA,BrkTil,TA,TA,No,Unf,Unf,844,GasA,Gd,N,FuseA,2134,0,0,2,0,5,1,Gd,Typ,0,None,Detchd,1930.0,Unf,2,TA,TA,Y,0,60,268,0,0,0,None,None,None,0,7,2009,WD,Normal,214500
330,70,RM,60.0,6402,Pave,None,Reg,Lvl,AllPub,Corner,Gtl,IDOTRR,Norm,Norm,1Fam,2Story,5,5,1920,1950,Gable,CompShg,Wd Sdng,Wd Shng,None,0.0,TA,TA,PConc,TA,TA,Mn,Unf,Unf,596,GasA,TA,N,SBrkr,1192,0,0,1,0,3,1,TA,Typ,0,None,Detchd,1920.0,Unf,1,Fa,Fa,N,0,0,137,0,0,0,None,GdWo,None,0,7,2009,WD,Normal,78000
331,90,RL,73.0,10624,Pave,None,IR1,Lvl,AllPub,Inside,Gtl,NAmes,Norm,Norm,Duplex,1Story,5,4,1964,1964,Gable,CompShg,HdBoard,HdBoard,BrkFace,84.0,TA,TA,CBlock,TA,TA,No,GLQ,Rec,1728,GasA,TA,Y,SBrkr,1728,0,1,2,0,6,2,TA,Typ,0,None,Detchd,2002.0,Unf,1,TA,TA,Y,155,0,0,0,0,0,None,None,None,0,11,2007,WD,Normal,119000
332,20,RL,70.0,8176,Pave,None,Reg,Lvl,AllPub,Inside,Gtl,NAmes,Norm,Norm,1Fam,1Story,5,6,1958,1992,Gable,CompShg,Wd Sdng,Wd Sdng,None,0.0,TA,TA,CBlock,TA,TA,No,Rec,Unf,1056,GasA,Fa,Y,SBrkr,1056,1,0,1,0,3,1,TA,Typ,0,None,Attchd,1958.0,RFn,1,TA,TA,Y,0,0,0,0,0,0,None,None,None,0,8,2007,WD,Normal,139000
333,20,RL,85.0,10655,Pave,None,IR1,Lvl,AllPub,Inside,Gtl,NridgHt,Norm,Norm,1Fam,1Story,8,5,2003,2004,Gable,CompShg,VinylSd,VinylSd,BrkFace,296.0,Gd,TA,PConc,Gd,TA,No,GLQ,Unf,3206,GasA,Ex,Y,SBrkr,1629,1,0,2,0,3,1,Gd,Typ,1,Gd,Attchd,2003.0,RFn,3,TA,TA,Y,0,0,0,0,0,0,None,None,None,0,10,2009,WD,Normal,284000
334,120,RM,59.0,8198,Pave,None,Reg,Lvl,AllPub,FR3,Gtl,NridgHt,Norm,Norm,TwnhsE,1Story,7,5,2004,2004,Gable,CompShg,VinylSd,VinylSd,Stone,146.0,Gd,TA,PConc,Gd,TA,Av,GLQ,Unf,1358,GasA,Ex,Y,SBrkr,1358,1,0,2,0,2,1,Gd,Typ,1,Gd,Attchd,2004.0,RFn,2,TA,TA,Y,192,30,0,0,0,0,None,None,None,0,7,2008,WD,Normal,207000
335,60,RL,59.0,9042,Pave,None,IR1,Lvl,AllPub,Inside,Gtl,Gilbert,Norm,Norm,1Fam,2Story,6,5,1998,1998,Gable,CompShg,VinylSd,VinylSd,None,0.0,TA,TA,PConc,Gd,TA,Gd,GLQ,Unf,943,GasA,Gd,Y,SBrkr,1638,1,0,2,1,3,1,TA,Typ,2,TA,Attchd,1998.0,Fin,2,TA,TA,Y,100,38,0,0,0,0,None,None,None,0,7,2008,WD,Normal,192000
336,190,RL,85.0,164660,Grvl,None,IR1,HLS,AllPub,Corner,Sev,Timber,Norm,Norm,2fmCon,1.5Fin,5,6,1965,1965,Gable,CompShg,Plywood,Plywood,None,0.0,TA,TA,CBlock,TA,TA,Gd,ALQ,BLQ,1499,GasA,Ex,Y,SBrkr,1786,2,0,2,0,3,1,TA,Typ,2,Gd,Attchd,1965.0,Fin,2,TA,TA,Y,670,0,0,0,0,0,None,None,Shed,700,8,2008,WD,Normal,228950
337,20,RL,86.0,14157,Pave,None,IR1,HLS,AllPub,Corner,Gtl,StoneBr,Norm,Norm,1Fam,1Story,9,5,2005,2006,Hip,CompShg,VinylSd,VinylSd,Stone,200.0,Gd,TA,PConc,Ex,TA,Gd,GLQ,Unf,1922,GasA,Ex,Y,SBrkr,1922,1,0,2,0,3,1,Gd,Typ,1,Gd,Attchd,2005.0,Fin,3,TA,TA,Y,178,51,0,0,0,0,None,None,None,0,7,2007,WD,Normal,377426
338,20,RL,70.0,9135,Pave,None,Reg,Lvl,AllPub,Inside,Gtl,CollgCr,Norm,Norm,1Fam,1Story,7,5,2002,2003,Gable,CompShg,VinylSd,VinylSd,BrkFace,113.0,Gd,TA,PConc,Gd,TA,Av,GLQ,Unf,1536,GasA,Ex,Y,SBrkr,1536,1,0,2,0,3,1,Gd,Typ,0,None,Attchd,2002.0,RFn,2,TA,TA,Y,192,74,0,0,0,0,None,None,None,0,12,2008,WD,Normal,214000
339,20,RL,91.0,14145,Pave,None,Reg,Lvl,AllPub,Corner,Gtl,NWAmes,Norm,Norm,1Fam,1Story,7,7,1984,1998,Gable,CompShg,Wd Sdng,Wd Sdng,None,0.0,Gd,TA,CBlock,Gd,TA,Mn,ALQ,Unf,1208,GasA,Ex,Y,SBrkr,1621,1,0,2,0,3,1,Gd,Typ,0,None,Attchd,1984.0,RFn,2,TA,TA,Y,108,45,0,0,0,0,None,None,Shed,400,5,2006,WD,Normal,202500
340,20,RL,66.0,12400,Pave,None,IR1,Lvl,AllPub,Inside,Gtl,NAmes,Feedr,Norm,1Fam,1Story,6,7,1958,1998,Hip,CompShg,Wd Sdng,Wd Sdng,BrkFace,176.0,TA,TA,CBlock,TA,Fa,No,Rec,Unf,1215,GasA,TA,Y,FuseA,1215,0,0,1,0,3,1,TA,Typ,0,None,Attchd,1958.0,Unf,1,TA,TA,Y,0,0,0,0,234,0,None,None,None,0,6,2009,WD,Normal,155000
341,60,RL,85.0,14191,Pave,None,Reg,Lvl,AllPub,Inside,Gtl,Timber,Norm,Norm,1Fam,2Story,8,5,2002,2002,Gable,CompShg,VinylSd,VinylSd,None,0.0,Gd,TA,PConc,Gd,TA,No,Unf,Unf,967,GasA,Ex,Y,SBrkr,1908,0,0,2,1,4,1,Gd,Typ,0,None,Attchd,2002.0,Fin,2,TA,TA,Y,135,0,0,0,0,0,None,None,None,0,4,2010,WD,Normal,202900
342,20,RH,60.0,8400,Pave,None,Reg,Lvl,AllPub,Inside,Gtl,SawyerW,Feedr,Norm,1Fam,1Story,4,4,1950,1950,Gable,CompShg,Wd Sdng,AsbShng,None,0.0,Fa,Fa,CBlock,TA,Fa,No,Unf,Unf,721,GasA,Gd,Y,SBrkr,841,0,0,1,0,2,1,TA,Typ,0,None,CarPort,1950.0,Unf,1,TA,TA,N,250,0,24,0,0,0,None,None,None,0,9,2009,WD,Normal,82000
343,90,RL,73.0,8544,Pave,None,Reg,Lvl,AllPub,Inside,Gtl,NAmes,Norm,Norm,Duplex,1Story,3,4,1949,1950,Gable,CompShg,Stucco,Stucco,BrkFace,340.0,TA,TA,Slab,None,None,None,None,None,0,Wall,Fa,N,FuseA,1040,0,0,2,0,2,2,TA,Typ,0,None,Detchd,1949.0,Unf,2,TA,TA,Y,0,0,0,0,0,0,None,None,None,0,5,2006,WD,Normal,87500
344,120,RL,63.0,8849,Pave,None,IR1,Lvl,AllPub,Inside,Gtl,NridgHt,Norm,Norm,TwnhsE,1Story,9,5,2005,2005,Hip,CompShg,MetalSd,MetalSd,BrkFace,616.0,Ex,TA,PConc,Ex,TA,No,GLQ,Unf,1684,GasA,Ex,Y,SBrkr,1684,0,0,2,0,2,1,Ex,Typ,1,Ex,Attchd,2005.0,RFn,2,TA,TA,Y,495,72,0,0,0,0,None,None,None,0,7,2008,WD,Normal,266000
345,160,RM,36.0,2592,Pave,None,Reg,Lvl,AllPub,Inside,Gtl,MeadowV,Norm,Norm,TwnhsE,2Story,5,3,1976,1976,Gable,CompShg,CemntBd,CmentBd,None,0.0,TA,TA,CBlock,Gd,TA,No,Rec,BLQ,536,GasA,TA,Y,SBrkr,1112,0,0,1,1,3,1,TA,Typ,0,None,Attchd,1976.0,Unf,1,TA,TA,Y,182,0,0,0,0,0,None,None,None,0,4,2010,WD,Normal,85000
346,50,RL,65.0,6435,Pave,None,Reg,Lvl,AllPub,Inside,Gtl,BrkSide,RRAn,Norm,1Fam,1.5Fin,6,5,1939,1950,Gable,CompShg,MetalSd,MetalSd,None,0.0,TA,TA,BrkTil,TA,TA,No,Unf,Unf,972,GasA,Gd,Y,SBrkr,1577,0,0,1,0,3,1,Fa,Typ,1,Gd,Detchd,1939.0,Unf,1,TA,TA,Y,0,0,0,0,0,0,None,None,None,0,10,2006,WD,Normal,140200
347,20,RL,73.0,12772,Pave,None,IR1,Lvl,AllPub,CulDSac,Gtl,NAmes,Norm,Norm,1Fam,1Story,6,8,1960,1998,Hip,CompShg,MetalSd,MetalSd,None,0.0,TA,Gd,CBlock,TA,TA,Mn,BLQ,Unf,958,GasA,TA,Y,SBrkr,958,0,0,1,0,2,1,TA,Typ,0,None,Attchd,1960.0,RFn,1,TA,TA,Y,0,0,0,0,0,0,None,None,Gar2,15500,4,2007,WD,Normal,151500
348,20,RL,73.0,17600,Pave,None,IR1,Lvl,AllPub,Inside,Gtl,NAmes,Norm,Norm,1Fam,1Story,6,5,1960,1960,Gable,CompShg,Wd Sdng,Wd Sdng,BrkFace,30.0,TA,TA,CBlock,TA,TA,No,BLQ,Unf,1478,GasA,Ex,Y,FuseA,1478,1,0,2,0,3,1,TA,Typ,2,Gd,Attchd,1960.0,Unf,2,TA,TA,Y,0,40,0,0,0,0,None,None,None,0,12,2009,WD,Normal,157500
349,160,RL,36.0,2448,Pave,None,Reg,Lvl,AllPub,Inside,Gtl,NridgHt,Norm,Norm,Twnhs,2Story,7,5,2003,2004,Gable,CompShg,VinylSd,Wd Shng,Stone,106.0,Gd,TA,PConc,Gd,TA,No,GLQ,Unf,764,GasA,Ex,Y,SBrkr,1626,1,0,2,1,2,1,Gd,Typ,0,None,BuiltIn,2003.0,RFn,2,TA,TA,Y,0,27,0,0,0,0,None,None,None,0,10,2008,WD,Normal,154000
350,60,RL,56.0,20431,Pave,None,IR2,Lvl,AllPub,Inside,Gtl,NridgHt,Norm,Norm,1Fam,2Story,9,5,2005,2006,Hip,CompShg,CemntBd,CmentBd,BrkFace,870.0,Ex,TA,PConc,Ex,TA,No,GLQ,Unf,1848,GasA,Ex,Y,SBrkr,2728,1,0,2,1,4,1,Ex,Typ,2,Ex,Attchd,2006.0,Fin,3,TA,TA,Y,0,0,0,0,0,0,None,None,None,0,4,2006,New,Partial,437154
351,120,RL,68.0,7820,Pave,None,IR1,Lvl,AllPub,Inside,Gtl,NridgHt,Norm,Norm,TwnhsE,1Story,9,5,2007,2007,Hip,CompShg,MetalSd,MetalSd,BrkFace,362.0,Ex,TA,PConc,Ex,TA,No,Unf,Unf,1869,GasA,Ex,Y,SBrkr,1869,0,0,2,0,2,1,Ex,Typ,1,Gd,Attchd,2007.0,RFn,2,TA,TA,Y,210,54,0,0,0,0,None,None,None,0,12,2007,New,Partial,318061
352,120,RL,80.0,5271,Pave,None,IR1,Low,AllPub,Inside,Mod,ClearCr,Norm,Norm,1Fam,1Story,7,5,1986,1986,Gable,CompShg,Wd Sdng,Wd Sdng,None,0.0,TA,TA,PConc,Gd,TA,Gd,GLQ,Unf,1453,GasA,Gd,Y,SBrkr,1453,1,0,1,1,2,1,Gd,Typ,1,TA,Attchd,1986.0,RFn,2,TA,TA,Y,0,80,0,0,184,0,None,None,None,0,12,2006,WD,Abnorml,190000
353,50,RL,60.0,9084,Pave,None,Reg,Lvl,AllPub,Inside,Gtl,Edwards,Artery,Norm,1Fam,1.5Fin,5,6,1941,1950,Gable,CompShg,VinylSd,VinylSd,None,0.0,TA,TA,CBlock,TA,Fa,Mn,LwQ,Rec,616,GasA,TA,N,SBrkr,1111,0,1,1,0,3,1,TA,Typ,0,None,Detchd,1941.0,Unf,1,TA,Fa,Y,48,0,0,0,0,0,None,None,None,0,3,2008,ConLw,Normal,95000
354,30,RM,60.0,8520,Pave,None,Reg,Lvl,AllPub,Inside,Gtl,OldTown,Norm,Norm,1Fam,1Story,6,8,1928,2003,Gable,CompShg,VinylSd,VinylSd,None,0.0,TA,Gd,BrkTil,TA,TA,No,Unf,Unf,624,GasA,Gd,Y,SBrkr,720,0,0,1,0,2,1,TA,Typ,0,None,Detchd,2005.0,Unf,2,TA,TA,Y,106,0,0,0,0,0,None,None,None,0,5,2010,WD,Normal,105900
355,50,RL,60.0,8400,Pave,None,Reg,Bnk,AllPub,Inside,Gtl,SWISU,Norm,Norm,1Fam,1.5Fin,6,5,1940,2000,Gable,CompShg,Wd Sdng,MetalSd,None,0.0,TA,TA,CBlock,TA,TA,No,LwQ,Unf,940,GasA,Ex,Y,SBrkr,1595,0,0,1,0,2,1,TA,Typ,2,Gd,Attchd,1940.0,Unf,1,TA,TA,Y,0,0,108,0,0,0,None,None,None,0,6,2006,WD,Normal,140000
356,20,RL,105.0,11249,Pave,None,IR2,Lvl,AllPub,Inside,Gtl,CollgCr,Norm,Norm,1Fam,1Story,6,5,1995,1995,Gable,CompShg,VinylSd,VinylSd,None,0.0,Gd,Gd,PConc,Gd,Gd,No,ALQ,BLQ,1200,GasA,Ex,Y,SBrkr,1200,1,0,2,0,3,1,Gd,Typ,0,None,Attchd,1995.0,RFn,2,TA,TA,Y,0,26,0,0,0,0,None,None,None,0,8,2007,WD,Normal,177500
357,20,RL,65.0,9248,Pave,None,IR1,Lvl,AllPub,Inside,Gtl,Gilbert,Norm,Norm,1Fam,1Story,6,6,1992,1992,Gable,CompShg,HdBoard,HdBoard,BrkFace,106.0,TA,TA,PConc,Gd,TA,No,GLQ,Unf,1158,GasA,Gd,Y,SBrkr,1167,1,0,2,0,3,1,Gd,Typ,0,None,Attchd,1992.0,RFn,2,TA,TA,Y,120,26,0,0,0,0,None,None,None,0,7,2009,WD,Normal,173000
358,120,RM,44.0,4224,Pave,None,Reg,Lvl,AllPub,Inside,Gtl,MeadowV,Norm,Norm,TwnhsE,1Story,5,5,1976,1976,Gable,CompShg,CemntBd,CmentBd,None,0.0,TA,TA,PConc,Gd,TA,No,ALQ,Unf,1142,GasA,TA,Y,SBrkr,1142,1,0,1,1,3,1,TA,Typ,1,Po,Attchd,1976.0,Fin,2,TA,TA,Y,536,90,0,0,0,0,None,MnPrv,None,0,8,2007,WD,Normal,134000
359,80,RL,92.0,6930,Pave,None,IR1,Lvl,AllPub,Inside,Gtl,ClearCr,Norm,Norm,1Fam,SLvl,5,4,1958,1958,Hip,CompShg,Wd Sdng,ImStucc,BrkFace,120.0,TA,TA,CBlock,TA,TA,Av,BLQ,Rec,1062,GasA,Ex,Y,FuseF,1352,0,1,1,0,3,1,Gd,Min2,0,None,BuiltIn,1958.0,Unf,1,TA,TA,Y,168,0,294,0,0,0,None,None,None,0,7,2006,WD,Abnorml,130000
360,60,RL,78.0,12011,Pave,None,IR1,Lvl,AllPub,CulDSac,Gtl,NoRidge,Norm,Norm,1Fam,2Story,8,5,1998,1998,Gable,CompShg,VinylSd,VinylSd,BrkFace,530.0,Gd,TA,PConc,Gd,TA,Av,GLQ,Unf,1086,GasA,Ex,Y,SBrkr,1924,1,0,2,1,3,1,Gd,Typ,1,TA,Attchd,1998.0,RFn,2,TA,TA,Y,208,75,0,0,374,0,None,None,None,0,6,2006,WD,Normal,280000
361,85,RL,73.0,7540,Pave,None,IR1,Lvl,AllPub,CulDSac,Gtl,Mitchel,Norm,Norm,1Fam,SFoyer,6,6,1978,1978,Gable,CompShg,VinylSd,VinylSd,None,0.0,TA,TA,CBlock,Gd,TA,Av,GLQ,Unf,888,GasA,Ex,Y,SBrkr,912,1,0,1,0,2,1,TA,Typ,1,TA,Attchd,1978.0,RFn,2,TA,TA,Y,0,0,0,0,192,0,None,MnPrv,None,0,6,2007,WD,Normal,156000
362,50,RL,52.0,9144,Pave,Pave,Reg,Lvl,AllPub,Inside,Gtl,BrkSide,Norm,Norm,1Fam,1.5Fin,5,5,1940,1982,Gable,CompShg,MetalSd,MetalSd,None,0.0,TA,TA,CBlock,TA,TA,No,Rec,Unf,883,GasA,Gd,Y,SBrkr,1505,1,0,1,0,3,1,TA,Typ,0,None,Detchd,1940.0,Unf,1,TA,TA,N,0,0,0,0,0,0,None,None,None,0,7,2008,WD,Normal,145000
363,85,RL,64.0,7301,Pave,None,Reg,Lvl,AllPub,Corner,Gtl,Edwards,Norm,Norm,1Fam,SFoyer,7,5,2003,2003,Gable,CompShg,HdBoard,HdBoard,BrkFace,500.0,Gd,TA,Slab,None,None,None,None,None,0,GasA,Ex,Y,SBrkr,1922,0,0,3,0,4,1,Gd,Typ,1,Ex,BuiltIn,2003.0,RFn,2,TA,TA,Y,0,0,177,0,0,0,None,None,None,0,7,2009,ConLD,Normal,198500
364,160,RM,21.0,1680,Pave,None,Reg,Lvl,AllPub,Inside,Gtl,BrDale,Norm,Norm,Twnhs,2Story,6,8,1972,2007,Gable,CompShg,HdBoard,HdBoard,BrkFace,510.0,TA,TA,CBlock,TA,TA,No,ALQ,Unf,483,GasA,Gd,Y,SBrkr,987,0,0,1,1,2,1,Gd,Typ,0,None,Detchd,1972.0,Unf,1,TA,TA,Y,250,0,0,0,0,0,None,None,None,0,5,2009,WD,Normal,118000
365,60,RL,80.0,18800,Pave,None,IR1,Lvl,AllPub,FR2,Gtl,NWAmes,Norm,Norm,1Fam,2Story,6,5,1976,1976,Gable,CompShg,HdBoard,HdBoard,BrkFace,120.0,TA,TA,PConc,Gd,TA,Mn,GLQ,Unf,796,GasA,TA,Y,SBrkr,1574,1,0,2,1,3,1,TA,Typ,1,TA,Attchd,1976.0,Fin,2,TA,TA,Y,306,111,0,0,0,0,None,None,None,0,7,2006,WD,Normal,190000
366,70,RM,59.0,10690,Pave,None,Reg,Lvl,AllPub,Inside,Gtl,IDOTRR,Norm,Norm,1Fam,2Story,5,7,1920,1997,Hip,CompShg,VinylSd,VinylSd,None,0.0,TA,Gd,CBlock,TA,Fa,No,Rec,Unf,672,GasA,Gd,Y,FuseA,1344,0,0,1,0,3,1,TA,Typ,0,None,Detchd,1964.0,Unf,1,TA,Fa,Y,0,128,218,0,0,0,None,None,None,0,7,2009,WD,Normal,147000
367,20,RL,73.0,9500,Pave,None,IR1,Lvl,AllPub,Inside,Gtl,NAmes,Norm,Norm,1Fam,1Story,6,5,1963,1963,Gable,CompShg,Plywood,Plywood,BrkFace,247.0,TA,TA,CBlock,Gd,TA,No,BLQ,Unf,1394,GasA,Gd,Y,SBrkr,1394,1,0,1,1,3,1,TA,Typ,2,Gd,Attchd,1963.0,RFn,2,TA,TA,Y,0,76,0,0,185,0,None,None,None,0,7,2009,WD,Normal,159000
368,80,RL,101.0,9150,Pave,None,IR1,Lvl,AllPub,Corner,Gtl,NAmes,Norm,Norm,1Fam,SLvl,6,5,1962,1962,Gable,Tar&Grv,Plywood,Plywood,BrkFace,305.0,TA,TA,CBlock,Gd,TA,Gd,GLQ,Unf,1099,GasA,Gd,Y,SBrkr,1431,0,1,1,0,3,1,TA,Typ,1,Gd,Basment,1962.0,RFn,1,TA,TA,Y,64,110,0,0,0,0,None,None,None,0,12,2008,WD,Normal,165000
369,20,RL,78.0,7800,Pave,None,Reg,Lvl,AllPub,Inside,Gtl,NAmes,Norm,Norm,1Fam,1Story,5,6,1954,1954,Gable,CompShg,HdBoard,HdBoard,BrkFace,200.0,TA,TA,PConc,TA,TA,No,LwQ,Unf,1268,GasA,Gd,Y,SBrkr,1268,0,0,1,0,2,1,TA,Typ,1,Gd,Attchd,1954.0,Fin,1,TA,TA,Y,0,98,0,0,0,0,None,None,None,0,3,2010,WD,Normal,132000
370,20,RL,73.0,9830,Pave,None,IR1,Lvl,AllPub,Corner,Gtl,NAmes,Norm,Norm,1Fam,1Story,5,7,1959,2006,Gable,CompShg,Wd Sdng,Wd Sdng,None,0.0,TA,Gd,CBlock,TA,TA,No,ALQ,Rec,1063,GasA,Ex,Y,SBrkr,1287,1,0,1,0,3,1,Gd,Typ,1,Gd,Detchd,1997.0,Fin,2,TA,TA,Y,364,17,0,0,182,0,None,None,None,0,3,2010,WD,Normal,162000
371,60,RL,65.0,8121,Pave,None,IR1,Lvl,AllPub,Inside,Gtl,Gilbert,Norm,Norm,1Fam,2Story,6,5,2000,2000,Gable,CompShg,VinylSd,VinylSd,None,0.0,TA,TA,PConc,Gd,TA,No,Unf,Unf,953,GasA,Ex,Y,SBrkr,1664,0,0,2,1,3,1,TA,Typ,1,TA,Attchd,2000.0,RFn,2,TA,TA,Y,100,40,0,0,0,0,None,None,None,0,1,2006,WD,Normal,172400
372,50,RL,80.0,17120,Pave,None,Reg,Lvl,AllPub,Inside,Gtl,ClearCr,Feedr,Norm,1Fam,1.5Fin,4,4,1959,1959,Gable,CompShg,WdShing,Plywood,None,0.0,TA,TA,CBlock,None,None,None,None,None,0,GasA,TA,Y,SBrkr,1588,0,0,2,0,4,1,TA,Min2,1,Gd,Detchd,1991.0,Fin,2,TA,TA,N,0,59,0,0,0,0,None,None,None,0,7,2008,WD,Normal,134432
373,120,RL,50.0,7175,Pave,None,Reg,Lvl,AllPub,Inside,Gtl,SawyerW,Norm,Norm,TwnhsE,1Story,6,5,1984,1984,Gable,CompShg,Plywood,Plywood,None,0.0,TA,TA,CBlock,Gd,TA,No,ALQ,LwQ,744,GasA,TA,Y,SBrkr,752,1,0,1,0,2,1,TA,Typ,0,None,Attchd,1984.0,Unf,1,TA,TA,Y,353,0,0,0,90,0,None,MnPrv,None,0,2,2010,WD,Normal,125000
374,20,RL,79.0,10634,Pave,None,Reg,Lvl,AllPub,Inside,Gtl,NAmes,Norm,Norm,1Fam,1Story,5,6,1953,1953,Gable,CompShg,MetalSd,MetalSd,None,0.0,TA,TA,PConc,TA,TA,No,BLQ,LwQ,608,GasA,TA,Y,SBrkr,1319,1,0,1,0,3,1,TA,Min2,0,None,Attchd,1953.0,Unf,1,TA,TA,Y,66,0,0,0,0,0,None,GdWo,None,0,11,2009,WD,Normal,123000
375,60,RL,65.0,8200,Pave,None,Reg,Lvl,AllPub,Inside,Gtl,CollgCr,Norm,Norm,1Fam,2Story,7,5,2003,2004,Gable,CompShg,VinylSd,VinylSd,None,0.0,Gd,TA,PConc,Gd,TA,No,Unf,Unf,847,GasA,Ex,Y,SBrkr,1928,0,0,2,1,4,1,Gd,Typ,1,Gd,BuiltIn,2003.0,Fin,2,TA,TA,Y,100,48,0,0,0,0,None,None,None,0,7,2007,WD,Normal,219500
376,30,RL,65.5,10020,Pave,None,IR1,Low,AllPub,Inside,Sev,Edwards,Norm,Norm,1Fam,1Story,1,1,1922,1950,Gable,CompShg,Wd Sdng,Wd Sdng,None,0.0,Fa,Fa,BrkTil,Fa,Po,Gd,BLQ,Unf,683,GasA,Gd,N,FuseA,904,1,0,0,1,1,1,Fa,Maj1,0,None,None,0.0,None,0,None,None,Y,0,0,0,0,0,0,None,None,None,0,3,2009,WD,Normal,61000
377,85,RL,57.0,8846,Pave,None,IR1,Lvl,AllPub,CulDSac,Gtl,CollgCr,Norm,Norm,1Fam,SFoyer,5,5,1996,1996,Gable,CompShg,VinylSd,VinylSd,None,0.0,Gd,TA,PConc,Gd,TA,Av,GLQ,Unf,870,GasA,Ex,Y,SBrkr,914,0,0,1,0,2,1,TA,Typ,0,None,Detchd,1998.0,Unf,2,TA,TA,Y,0,0,0,0,0,0,None,None,None,0,7,2006,WD,Normal,148000
378,60,FV,102.0,11143,Pave,None,IR1,Lvl,AllPub,Corner,Gtl,Somerst,Norm,Norm,1Fam,2Story,8,5,2004,2005,Gable,CompShg,CemntBd,CmentBd,None,0.0,Gd,TA,PConc,Gd,TA,No,Unf,Unf,1580,GasA,Ex,Y,SBrkr,2466,0,0,3,0,4,1,Gd,Typ,1,Gd,Attchd,2004.0,RFn,2,TA,TA,Y,159,214,0,0,0,0,None,None,None,0,12,2007,WD,Normal,340000
379,20,RL,88.0,11394,Pave,None,Reg,Lvl,AllPub,Corner,Gtl,StoneBr,Norm,Norm,1Fam,1Story,9,2,2010,2010,Hip,CompShg,VinylSd,VinylSd,Stone,350.0,Gd,TA,PConc,Ex,TA,Av,GLQ,Unf,1856,GasA,Ex,Y,SBrkr,1856,1,0,1,1,1,1,Ex,Typ,1,Ex,Attchd,2010.0,Fin,3,TA,TA,Y,113,0,0,0,0,0,None,None,None,0,6,2010,New,Partial,394432
380,60,RL,60.0,8123,Pave,None,IR1,Lvl,AllPub,Inside,Gtl,Gilbert,RRAn,Norm,1Fam,2Story,6,5,2000,2000,Gable,CompShg,VinylSd,VinylSd,BrkFace,16.0,TA,TA,PConc,Gd,TA,No,Unf,Unf,982,GasA,Ex,Y,SBrkr,1800,0,0,2,1,3,1,TA,Typ,1,TA,Attchd,2000.0,Fin,2,TA,TA,Y,100,63,0,0,0,0,None,None,None,0,6,2009,WD,Normal,179000
381,50,RL,50.0,5000,Pave,Pave,Reg,Lvl,AllPub,Inside,Gtl,SWISU,Norm,Norm,1Fam,1.5Fin,5,6,1924,1950,Gable,CompShg,BrkFace,Wd Sdng,None,0.0,TA,TA,BrkTil,TA,TA,No,LwQ,Unf,1026,GasA,TA,Y,SBrkr,1691,0,0,2,0,3,1,Gd,Typ,1,Gd,Detchd,1924.0,Unf,1,TA,TA,Y,0,0,242,0,0,0,None,None,None,0,5,2010,WD,Normal,127000
382,20,FV,60.0,7200,Pave,Pave,Reg,Lvl,AllPub,Inside,Gtl,Somerst,Norm,Norm,1Fam,1Story,7,5,2006,2006,Gable,CompShg,VinylSd,VinylSd,None,0.0,Gd,TA,PConc,Gd,Gd,No,Unf,Unf,1293,GasA,Ex,Y,SBrkr,1301,1,0,2,0,2,1,Gd,Typ,1,Gd,Attchd,2006.0,RFn,2,TA,TA,Y,216,121,0,0,0,0,None,None,None,0,8,2006,New,Partial,187750
383,60,RL,79.0,9245,Pave,None,IR1,Lvl,AllPub,Inside,Gtl,CollgCr,Norm,Norm,1Fam,2Story,7,5,2006,2006,Gable,CompShg,VinylSd,VinylSd,None,0.0,Gd,TA,PConc,Gd,TA,Av,Unf,Unf,939,GasA,Ex,Y,SBrkr,1797,0,0,2,1,3,1,Gd,Typ,0,None,Attchd,2006.0,RFn,2,TA,TA,Y,144,53,0,0,0,0,None,None,None,0,4,2007,WD,Normal,213500
384,45,RH,60.0,9000,Pave,None,Reg,Lvl,AllPub,Corner,Gtl,SawyerW,Norm,Norm,1Fam,1.5Unf,6,3,1928,1950,Gable,CompShg,Wd Sdng,Wd Sdng,None,0.0,TA,TA,BrkTil,Fa,Fa,No,Unf,Unf,784,GasA,TA,N,FuseA,784,0,0,1,0,2,1,TA,Typ,0,None,Detchd,1950.0,Unf,2,Fa,Fa,N,0,0,91,0,0,0,None,None,None,0,10,2009,WD,Normal,76000
385,60,RL,80.0,53107,Pave,None,IR2,Low,AllPub,Corner,Mod,ClearCr,Feedr,Norm,1Fam,2Story,6,5,1992,1992,Gable,CompShg,HdBoard,HdBoard,None,0.0,Gd,TA,PConc,Gd,TA,Av,GLQ,Unf,1580,GasA,Ex,Y,SBrkr,1953,1,0,2,1,3,1,Gd,Typ,2,Fa,Attchd,1992.0,Fin,2,TA,TA,Y,216,231,0,0,0,0,None,None,None,0,6,2007,WD,Normal,240000
386,120,RL,43.0,3182,Pave,None,Reg,Lvl,AllPub,Inside,Gtl,Blmngtn,Norm,Norm,TwnhsE,1Story,8,5,2004,2005,Gable,CompShg,VinylSd,VinylSd,BrkFace,16.0,Gd,TA,PConc,Gd,TA,No,GLQ,Unf,1256,GasA,Ex,Y,SBrkr,1269,0,0,2,0,2,1,Gd,Typ,1,TA,Attchd,2004.0,Fin,2,TA,TA,Y,146,20,0,0,144,0,None,None,None,0,4,2010,WD,Normal,192000
387,50,RL,58.0,8410,Pave,None,Reg,Lvl,AllPub,FR2,Gtl,Edwards,Feedr,Norm,1Fam,1.5Fin,5,3,1910,1996,Gambrel,CompShg,Wd Sdng,VinylSd,None,0.0,TA,Fa,PConc,TA,TA,No,Unf,Unf,658,GasA,TA,Y,SBrkr,1184,0,0,1,0,5,1,TA,Typ,0,None,None,0.0,None,0,None,None,N,0,151,0,0,0,0,None,None,None,0,5,2006,WD,AdjLand,81000
388,80,RL,72.0,7200,Pave,None,Reg,Lvl,AllPub,Inside,Gtl,Edwards,Norm,Norm,1Fam,SLvl,6,6,1976,1976,Hip,CompShg,MetalSd,MetalSd,BrkFace,255.0,TA,TA,CBlock,TA,TA,Av,ALQ,Unf,1041,GasA,Ex,Y,SBrkr,1125,1,0,1,0,3,1,TA,Typ,1,Fa,Detchd,1977.0,Unf,1,TA,TA,Y,296,0,0,0,0,0,None,GdWo,None,0,10,2009,WD,Abnorml,125000
389,20,RL,93.0,9382,Pave,None,IR1,Lvl,AllPub,CulDSac,Gtl,CollgCr,Norm,Norm,1Fam,1Story,7,5,1999,2000,Gable,CompShg,VinylSd,VinylSd,BrkFace,125.0,Gd,TA,PConc,Gd,TA,No,Unf,Unf,1468,GasA,Ex,Y,SBrkr,1479,0,0,2,0,3,1,Gd,Typ,0,None,Attchd,1999.0,RFn,2,TA,TA,Y,120,25,0,0,0,0,None,None,None,0,7,2008,WD,Normal,191000
390,60,RL,96.0,12474,Pave,None,Reg,Lvl,AllPub,Inside,Gtl,NridgHt,Norm,Norm,1Fam,2Story,10,5,2007,2008,Gable,CompShg,VinylSd,VinylSd,Stone,272.0,Ex,TA,PConc,Ex,TA,Av,GLQ,Unf,1682,GasA,Ex,Y,SBrkr,2332,1,0,2,1,3,1,Ex,Typ,1,Ex,BuiltIn,2008.0,Fin,3,TA,TA,Y,196,134,0,0,0,0,None,None,None,0,8,2008,New,Partial,426000
391,50,RL,50.0,8405,Pave,Grvl,Reg,Lvl,AllPub,Inside,Gtl,Edwards,Norm,Norm,1Fam,1.5Fin,5,8,1900,1950,Gable,CompShg,MetalSd,MetalSd,None,0.0,TA,TA,BrkTil,TA,Gd,No,Rec,BLQ,861,GasA,Ex,Y,SBrkr,1367,1,0,1,0,4,1,TA,Typ,0,None,Detchd,1978.0,Unf,1,TA,TA,Y,0,130,112,0,0,0,None,MnPrv,None,0,4,2008,WD,Normal,119000
392,60,RL,71.0,12209,Pave,None,IR1,Lvl,AllPub,CulDSac,Gtl,Mitchel,Norm,Norm,1Fam,2Story,6,5,2001,2002,Gable,CompShg,VinylSd,VinylSd,None,0.0,TA,TA,PConc,Ex,TA,No,ALQ,Unf,804,GasA,Ex,Y,SBrkr,1961,1,0,2,1,3,1,Gd,Typ,1,TA,BuiltIn,2001.0,Fin,2,TA,TA,Y,125,192,0,0,0,0,None,None,None,0,6,2009,WD,Normal,215000
393,20,RL,73.0,8339,Pave,None,IR1,Lvl,AllPub,Inside,Gtl,NAmes,Norm,Norm,1Fam,1Story,5,7,1959,1959,Gable,CompShg,MetalSd,MetalSd,None,0.0,TA,TA,Slab,None,None,None,None,None,0,GasA,TA,Y,SBrkr,882,0,0,1,0,3,1,TA,Typ,0,None,Attchd,1959.0,RFn,1,TA,TA,Y,0,0,0,0,0,0,None,MnPrv,Shed,1200,7,2007,WD,Normal,106500
394,30,RL,52.0,7446,Pave,None,Reg,Lvl,AllPub,Corner,Gtl,BrkSide,Feedr,Norm,1Fam,1Story,4,5,1941,1950,Gable,CompShg,WdShing,Wd Shng,None,0.0,TA,TA,CBlock,TA,TA,No,Rec,Unf,788,GasA,TA,Y,FuseA,788,0,0,1,0,2,1,TA,Typ,2,TA,None,0.0,None,0,None,None,Y,0,0,0,0,0,0,None,GdWo,None,0,4,2006,WD,Abnorml,100000
395,50,RL,60.0,10134,Pave,None,Reg,Lvl,AllPub,Inside,Gtl,OldTown,Norm,Norm,1Fam,1.5Fin,5,6,1940,1950,Gable,CompShg,MetalSd,MetalSd,None,0.0,TA,TA,CBlock,TA,TA,No,Unf,Unf,735,GasA,Gd,Y,FuseA,1034,0,0,1,0,2,1,TA,Typ,0,None,Detchd,1940.0,Unf,1,TA,TA,Y,0,39,0,0,0,0,None,None,None,0,7,2007,WD,Normal,109000
396,20,RL,68.0,9571,Pave,None,Reg,Lvl,AllPub,Inside,Gtl,Edwards,Norm,Norm,1Fam,1Story,5,6,1956,1956,Gable,CompShg,Wd Sdng,Wd Sdng,None,0.0,TA,TA,CBlock,TA,TA,Av,BLQ,Unf,1144,GasA,TA,Y,SBrkr,1144,1,0,1,0,3,1,TA,Typ,0,None,Attchd,1956.0,Unf,1,TA,TA,Y,44,0,0,0,0,0,None,None,None,0,6,2010,WD,Normal,129000
397,20,RL,60.0,7200,Pave,None,Reg,Low,AllPub,Inside,Gtl,CollgCr,Norm,Norm,1Fam,1Story,5,5,1972,1972,Hip,CompShg,MetalSd,MetalSd,None,0.0,TA,TA,CBlock,TA,TA,Av,Rec,Unf,894,GasA,TA,Y,SBrkr,894,0,0,1,0,2,1,TA,Typ,0,None,Detchd,1985.0,RFn,2,TA,TA,Y,215,0,0,0,0,0,None,None,None,0,9,2009,WD,Normal,123000
398,60,RL,69.0,7590,Pave,None,Reg,Lvl,AllPub,Inside,Gtl,NAmes,PosN,Norm,1Fam,2Story,5,5,1962,1962,Gable,CompShg,VinylSd,VinylSd,BrkFace,288.0,TA,TA,CBlock,TA,TA,No,ALQ,Unf,864,GasA,TA,Y,SBrkr,1812,0,0,2,0,4,1,TA,Typ,1,TA,Attchd,1962.0,RFn,1,TA,TA,Y,0,168,0,0,0,0,None,None,None,0,7,2007,WD,Normal,169500
399,30,RM,60.0,8967,Pave,None,Reg,Lvl,AllPub,Corner,Gtl,IDOTRR,Norm,Norm,1Fam,1Story,5,2,1920,1950,Gable,CompShg,MetalSd,MetalSd,None,0.0,TA,Fa,BrkTil,Fa,Po,No,Unf,Unf,961,GasA,Gd,Y,Mix,1077,0,0,1,0,2,1,TA,Maj2,0,None,Detchd,1920.0,Unf,1,Po,Po,N,0,0,0,0,0,0,None,None,None,0,11,2007,WD,Abnorml,67000
400,60,FV,65.0,8125,Pave,None,Reg,Lvl,AllPub,Inside,Gtl,Somerst,Norm,Norm,1Fam,2Story,7,5,2006,2007,Gable,CompShg,CemntBd,CmentBd,Stone,100.0,Gd,TA,PConc,Gd,TA,No,GLQ,Unf,1092,GasA,Ex,Y,SBrkr,1550,1,0,2,0,2,1,Gd,Typ,0,None,Attchd,2007.0,Fin,2,TA,TA,Y,0,168,0,0,0,0,None,None,None,0,10,2009,WD,Normal,241000
401,120,RL,38.0,14963,Pave,None,IR2,Lvl,AllPub,Inside,Gtl,Veenker,Norm,Norm,TwnhsE,1Story,8,5,1996,1996,Gable,CompShg,BrkFace,BrkFace,None,0.0,Gd,TA,PConc,Gd,TA,No,GLQ,Unf,1260,GasA,Ex,Y,SBrkr,1288,1,0,1,1,1,1,Ex,Typ,2,Gd,Attchd,1996.0,Fin,2,TA,TA,Y,120,30,0,0,224,0,None,None,None,0,12,2008,WD,Normal,245500
402,20,RL,65.0,8767,Pave,None,IR1,Lvl,AllPub,Inside,Gtl,CollgCr,Norm,Norm,1Fam,1Story,7,5,2005,2005,Gable,CompShg,VinylSd,VinylSd,None,0.0,Gd,TA,PConc,Gd,TA,Av,GLQ,Unf,1310,GasA,Ex,Y,SBrkr,1310,0,0,2,0,3,1,Gd,Typ,1,Gd,Attchd,2005.0,Fin,2,TA,TA,Y,0,0,0,0,0,0,None,None,None,0,7,2006,New,Partial,164990
403,30,RL,60.0,10200,Pave,None,Reg,Lvl,AllPub,Inside,Gtl,Sawyer,Norm,Norm,1Fam,1Story,5,8,1940,1997,Gable,CompShg,Wd Sdng,Wd Sdng,None,0.0,TA,TA,PConc,TA,TA,No,Unf,Unf,672,GasA,Ex,Y,SBrkr,672,0,0,1,0,2,1,TA,Typ,0,None,Detchd,1940.0,Unf,1,TA,TA,N,168,0,0,0,0,0,None,GdPrv,None,0,8,2008,WD,Normal,108000
404,60,RL,93.0,12090,Pave,None,Reg,Lvl,AllPub,Corner,Gtl,NoRidge,Norm,Norm,1Fam,2Story,8,5,1998,1998,Hip,CompShg,VinylSd,VinylSd,BrkFace,650.0,Gd,TA,PConc,Gd,TA,No,Unf,Unf,1141,GasA,Gd,Y,SBrkr,2263,0,0,2,1,4,1,Gd,Typ,1,TA,BuiltIn,1998.0,Fin,2,TA,TA,Y,144,123,0,0,0,0,None,None,None,0,7,2006,WD,Abnorml,258000
405,60,RL,65.0,10364,Pave,None,IR1,Lvl,AllPub,Inside,Gtl,Gilbert,Norm,Norm,1Fam,2Story,6,5,1995,1996,Gable,CompShg,MetalSd,MetalSd,None,0.0,TA,TA,PConc,Gd,TA,No,Unf,Unf,806,GasA,Gd,Y,SBrkr,1572,0,0,2,1,3,1,TA,Typ,1,TA,BuiltIn,1995.0,Fin,2,TA,TA,Y,0,40,0,0,0,0,None,None,None,0,5,2007,WD,Normal,168000
406,20,RL,71.0,9991,Pave,None,IR1,Lvl,AllPub,Corner,Gtl,Sawyer,Feedr,Norm,1Fam,1Story,4,4,1976,1993,Gable,CompShg,Plywood,Plywood,None,0.0,TA,TA,CBlock,TA,TA,No,BLQ,Unf,1281,GasA,Ex,Y,SBrkr,1620,1,0,2,0,3,1,TA,Min1,1,TA,Attchd,1993.0,Unf,2,TA,TA,Y,120,78,0,0,0,0,None,GdWo,None,0,6,2009,WD,Normal,150000
407,50,RL,51.0,10480,Pave,None,Reg,Lvl,AllPub,Inside,Gtl,SWISU,Norm,Norm,1Fam,1.5Fin,6,5,1936,1950,Gable,CompShg,MetalSd,MetalSd,None,0.0,TA,TA,BrkTil,TA,TA,No,Unf,Unf,1064,GasA,Ex,Y,FuseA,1639,0,0,1,0,3,1,TA,Maj2,0,None,Detchd,1936.0,Unf,1,TA,TA,Y,0,0,0,0,0,0,None,None,None,0,3,2008,WD,Normal,115000
408,70,RL,63.0,15576,Pave,None,Reg,Lvl,AllPub,Inside,Gtl,Crawfor,Norm,Norm,1Fam,2Story,6,7,1915,1976,Gable,CompShg,Wd Sdng,Plywood,None,0.0,TA,TA,BrkTil,Gd,TA,No,Unf,Unf,840,GasA,Ex,Y,SBrkr,1680,0,0,2,0,4,1,TA,Typ,0,None,Attchd,1960.0,Unf,1,TA,TA,Y,0,0,160,0,0,0,None,None,None,0,3,2008,WD,Normal,177000
409,60,RL,109.0,14154,Pave,None,Reg,Lvl,AllPub,Corner,Gtl,NridgHt,Norm,Norm,1Fam,2Story,7,5,2006,2006,Gable,CompShg,VinylSd,VinylSd,BrkFace,350.0,Gd,TA,PConc,Ex,Gd,No,Unf,Unf,1063,GasA,Ex,Y,SBrkr,2172,0,0,2,1,3,1,Gd,Typ,1,Gd,Attchd,2006.0,RFn,3,TA,TA,Y,192,62,0,0,0,0,None,None,None,0,8,2007,New,Partial,280000
410,60,FV,85.0,10800,Pave,None,Reg,Lvl,AllPub,Inside,Gtl,Somerst,Norm,Norm,1Fam,2Story,8,5,2007,2008,Gable,CompShg,VinylSd,VinylSd,Stone,100.0,Gd,TA,PConc,Ex,TA,No,GLQ,Unf,1034,GasA,Ex,Y,SBrkr,2078,1,0,2,1,3,1,Ex,Typ,1,Gd,Attchd,2008.0,Fin,3,TA,TA,Y,0,102,0,0,0,0,None,None,None,0,4,2008,New,Partial,339750
411,20,RL,68.0,9571,Pave,None,Reg,Lvl,AllPub,Inside,Gtl,Edwards,Norm,Norm,1Fam,1Story,5,3,1958,1958,Gable,CompShg,BrkComm,Brk Cmn,None,0.0,TA,Fa,CBlock,TA,Fa,No,Unf,Unf,1276,GasA,TA,Y,FuseA,1276,0,0,1,0,3,1,TA,Mod,0,None,Attchd,1958.0,Unf,1,TA,TA,Y,0,0,0,0,0,0,None,None,None,0,6,2009,COD,Abnorml,60000
412,190,RL,100.0,34650,Pave,None,Reg,Bnk,AllPub,Inside,Gtl,Gilbert,Norm,Norm,2fmCon,1Story,5,5,1955,1955,Hip,CompShg,Wd Sdng,Wd Sdng,None,0.0,TA,TA,CBlock,TA,TA,Mn,Rec,Unf,1056,GasA,TA,N,SBrkr,1056,1,0,1,0,3,1,TA,Typ,0,None,Attchd,1955.0,Fin,2,TA,TA,Y,264,0,0,0,0,0,None,None,None,0,1,2006,WD,Normal,145000
413,20,FV,73.5,4403,Pave,None,IR2,Lvl,AllPub,Inside,Gtl,Somerst,Norm,Norm,1Fam,1Story,7,5,2009,2009,Gable,CompShg,MetalSd,MetalSd,Stone,432.0,Ex,TA,PConc,Ex,TA,Av,GLQ,Unf,1470,GasA,Ex,Y,SBrkr,1478,1,0,2,1,2,1,Gd,Typ,1,Gd,Attchd,2009.0,Fin,2,TA,TA,Y,0,144,0,0,0,0,None,None,None,0,6,2010,New,Partial,222000
414,30,RM,56.0,8960,Pave,Grvl,Reg,Lvl,AllPub,Inside,Gtl,OldTown,Artery,Norm,1Fam,1Story,5,6,1927,1950,Gable,CompShg,WdShing,Wd Shng,None,0.0,TA,TA,CBlock,TA,TA,No,Unf,Unf,1008,GasA,Gd,Y,FuseA,1028,0,0,1,0,2,1,TA,Typ,1,Gd,Detchd,1927.0,Unf,2,TA,TA,Y,0,0,130,0,0,0,None,None,None,0,3,2010,WD,Normal,115000
415,60,RL,59.0,11228,Pave,None,IR2,Lvl,AllPub,CulDSac,Gtl,SawyerW,Norm,Norm,1Fam,2Story,7,5,1993,1993,Gable,CompShg,VinylSd,VinylSd,None,0.0,Gd,TA,PConc,Gd,TA,No,BLQ,GLQ,1080,GasA,Ex,Y,SBrkr,2097,0,1,2,1,3,1,Gd,Typ,1,TA,Attchd,1993.0,Unf,3,TA,TA,Y,196,187,0,0,0,0,None,None,None,0,12,2008,WD,Normal,228000
416,20,RL,73.0,8899,Pave,None,IR1,Lvl,AllPub,Inside,Gtl,Gilbert,Norm,Norm,1Fam,1Story,7,5,2007,2007,Gable,CompShg,VinylSd,VinylSd,None,0.0,Gd,TA,PConc,Gd,TA,Av,GLQ,Unf,1340,GasA,Ex,Y,SBrkr,1340,0,0,2,0,3,1,Gd,Typ,0,None,Attchd,2007.0,Fin,2,TA,TA,Y,100,30,0,0,0,0,None,None,None,0,8,2007,New,Partial,181134
417,60,RL,74.0,7844,Pave,None,Reg,Lvl,AllPub,Inside,Gtl,Sawyer,Norm,Norm,1Fam,2Story,6,7,1978,1978,Hip,CompShg,HdBoard,HdBoard,BrkFace,203.0,TA,TA,CBlock,TA,TA,No,ALQ,Unf,672,GasA,TA,Y,SBrkr,1400,0,0,1,1,3,1,TA,Typ,1,TA,Attchd,1978.0,Fin,2,TA,TA,Y,0,0,0,0,0,0,None,None,None,0,3,2006,WD,Normal,149500
418,70,RL,86.0,22420,Pave,None,IR1,Lvl,AllPub,Inside,Gtl,Crawfor,Feedr,Norm,1Fam,2Story,6,6,1918,1950,Hip,CompShg,Wd Sdng,Stucco,None,0.0,TA,TA,BrkTil,Gd,TA,No,BLQ,Unf,1370,GasW,TA,N,FuseA,2624,1,0,2,1,4,1,TA,Typ,1,Gd,Detchd,1918.0,Unf,3,TA,TA,N,0,0,0,0,0,0,None,None,None,0,11,2007,WD,Normal,239000
419,50,RL,60.0,8160,Pave,None,Reg,Lvl,AllPub,Inside,Gtl,Edwards,Norm,Norm,1Fam,1.5Fin,5,6,1940,1950,Gable,CompShg,MetalSd,MetalSd,None,0.0,TA,TA,BrkTil,TA,TA,No,ALQ,Unf,756,GasA,Fa,N,FuseF,1134,1,0,1,1,3,1,TA,Typ,0,None,Detchd,1940.0,Unf,1,TA,TA,P,0,0,0,0,0,0,None,None,None,0,4,2007,WD,AdjLand,126000
420,20,RL,65.0,8450,Pave,None,Reg,Lvl,AllPub,Inside,Gtl,NAmes,Norm,Norm,1Fam,1Story,5,6,1968,1968,Gable,CompShg,VinylSd,VinylSd,None,0.0,TA,TA,CBlock,TA,TA,No,BLQ,Unf,1056,GasA,Ex,Y,SBrkr,1056,1,0,1,0,3,1,TA,Typ,1,Fa,Attchd,1968.0,Unf,1,TA,TA,Y,0,85,184,0,0,0,None,None,None,0,7,2010,WD,Normal,142000
421,90,RM,78.0,7060,Pave,None,Reg,Lvl,AllPub,Inside,Gtl,Mitchel,Norm,Norm,Duplex,SFoyer,7,5,1997,1998,Gable,CompShg,VinylSd,VinylSd,BrkFace,200.0,TA,Gd,PConc,Gd,Gd,Gd,GLQ,Unf,1344,GasA,Ex,Y,SBrkr,1344,2,0,2,0,2,2,TA,Typ,0,None,Attchd,1997.0,Fin,4,TA,TA,Y,0,0,0,0,0,0,None,None,None,0,11,2008,WD,Alloca,206300
422,20,RL,80.0,16635,Pave,None,IR1,Lvl,AllPub,FR2,Gtl,NWAmes,Norm,Norm,1Fam,1Story,6,7,1977,2000,Gable,CompShg,CemntBd,CmentBd,Stone,126.0,Gd,TA,CBlock,Gd,TA,No,ALQ,Unf,1602,GasA,Gd,Y,SBrkr,1602,0,1,2,0,3,1,Gd,Typ,1,TA,Attchd,1977.0,Fin,2,TA,TA,Y,240,0,0,0,0,0,None,None,None,0,6,2009,WD,Normal,215000
423,20,RL,100.0,21750,Pave,None,Reg,HLS,AllPub,Inside,Mod,Mitchel,Artery,Norm,1Fam,1Story,5,5,1954,1954,Hip,CompShg,HdBoard,HdBoard,None,0.0,TA,TA,CBlock,TA,TA,No,Unf,Unf,988,GasA,Ex,Y,FuseA,988,0,0,1,0,2,1,TA,Typ,0,None,Attchd,1954.0,RFn,2,TA,TA,N,0,0,0,0,0,0,None,None,None,0,2,2008,WD,Normal,113000
424,60,RL,80.0,9200,Pave,None,Reg,Lvl,AllPub,Inside,Gtl,NoRidge,Norm,Norm,1Fam,2Story,8,5,1998,1998,Gable,CompShg,VinylSd,VinylSd,BrkFace,473.0,Gd,TA,PConc,Gd,TA,No,GLQ,Unf,1470,GasA,Gd,Y,SBrkr,2630,1,0,2,1,4,1,Gd,Typ,1,TA,Attchd,1998.0,Fin,3,TA,TA,Y,0,66,0,0,0,0,None,None,None,0,6,2008,WD,Normal,315000
425,20,RL,72.0,9000,Pave,None,Reg,Lvl,AllPub,Inside,Gtl,NAmes,Norm,Norm,1Fam,1Story,6,5,1956,1956,Gable,CompShg,Wd Sdng,Wd Sdng,BrkFace,74.0,TA,TA,CBlock,Gd,TA,No,LwQ,Unf,1196,GasA,Gd,Y,FuseA,1196,1,0,1,0,2,1,TA,Typ,1,Gd,Attchd,1956.0,RFn,1,TA,TA,Y,0,44,0,0,0,0,None,None,None,0,5,2008,WD,Normal,139000
426,60,RM,60.0,3378,Pave,Grvl,Reg,HLS,AllPub,Inside,Gtl,OldTown,Norm,Norm,1Fam,2Story,7,8,1946,1992,Gable,CompShg,HdBoard,HdBoard,None,0.0,TA,Gd,CBlock,TA,TA,No,Unf,Unf,651,GasA,Gd,Y,SBrkr,1389,0,0,1,1,3,1,TA,Typ,2,Gd,Detchd,1947.0,Unf,1,TA,TA,P,0,0,126,0,0,0,None,None,None,0,9,2009,WD,Normal,135000
427,80,RL,66.5,12800,Pave,None,Reg,Low,AllPub,Inside,Mod,SawyerW,Norm,Norm,1Fam,SLvl,7,5,1989,1989,Gable,CompShg,Wd Sdng,Wd Sdng,BrkFace,145.0,Gd,TA,PConc,Gd,TA,Gd,GLQ,Unf,1518,GasA,Gd,Y,SBrkr,1644,1,1,2,0,2,1,Gd,Typ,1,TA,Attchd,1989.0,Fin,2,TA,TA,Y,80,0,0,0,396,0,None,None,None,0,8,2009,WD,Normal,275000
428,20,RL,77.0,8593,Pave,None,IR1,Lvl,AllPub,Inside,Gtl,NAmes,Norm,Norm,1Fam,1Story,4,6,1957,1957,Hip,CompShg,MetalSd,MetalSd,None,0.0,TA,TA,CBlock,TA,TA,No,Rec,Unf,907,GasA,Ex,Y,SBrkr,907,0,0,1,0,3,1,TA,Typ,0,None,Detchd,1964.0,Unf,1,TA,TA,Y,0,0,0,0,0,0,None,None,None,0,7,2008,WD,Normal,109008
429,20,RL,64.0,6762,Pave,None,Reg,Lvl,AllPub,Inside,Gtl,CollgCr,Norm,Norm,1Fam,1Story,7,5,2007,2007,Gable,CompShg,VinylSd,VinylSd,BrkFace,108.0,Gd,TA,PConc,Gd,TA,No,GLQ,Unf,1208,GasA,Ex,Y,SBrkr,1208,1,0,2,0,2,1,Gd,Typ,0,None,Attchd,2007.0,RFn,2,TA,TA,Y,105,54,0,0,0,0,None,None,None,0,9,2007,New,Partial,195400
430,20,RL,130.0,11457,Pave,None,IR1,Lvl,AllPub,Corner,Gtl,Timber,Norm,Norm,1Fam,1Story,6,5,1988,1988,Gable,CompShg,HdBoard,HdBoard,None,0.0,TA,TA,CBlock,Gd,TA,Mn,GLQ,Unf,1392,GasA,TA,Y,SBrkr,1412,1,0,2,0,3,1,Gd,Typ,1,TA,Attchd,1988.0,Unf,2,TA,TA,Y,0,0,169,0,0,0,None,None,None,0,3,2009,WD,Normal,175000
431,160,RM,21.0,1680,Pave,None,Reg,Lvl,AllPub,Inside,Gtl,BrDale,Norm,Norm,Twnhs,2Story,6,5,1971,1971,Gable,CompShg,HdBoard,HdBoard,BrkFace,232.0,TA,TA,CBlock,TA,TA,No,ALQ,Unf,483,GasA,TA,Y,SBrkr,987,0,0,1,1,2,1,TA,Typ,0,None,Detchd,1971.0,Unf,1,TA,TA,Y,0,0,0,0,0,0,None,None,None,0,7,2008,COD,Abnorml,85400
432,50,RM,60.0,5586,Pave,None,IR1,Bnk,AllPub,Inside,Gtl,OldTown,Feedr,Norm,1Fam,1.5Fin,6,7,1920,1998,Gable,CompShg,MetalSd,MetalSd,None,0.0,TA,TA,BrkTil,TA,TA,No,Unf,Unf,901,GasA,Gd,Y,SBrkr,1198,0,0,1,0,4,1,TA,Typ,0,None,None,0.0,None,0,None,None,N,0,98,0,0,0,0,None,MnPrv,None,0,9,2008,ConLD,Abnorml,79900
433,160,RM,24.0,1920,Pave,None,Reg,Lvl,AllPub,Inside,Gtl,BrDale,Norm,Norm,TwnhsE,2Story,5,5,1971,1971,Gable,CompShg,HdBoard,HdBoard,BrkFace,376.0,TA,TA,CBlock,TA,TA,No,ALQ,Unf,765,GasA,Ex,Y,SBrkr,1365,1,0,1,1,2,1,TA,Min1,0,None,Detchd,1971.0,Unf,2,TA,TA,Y,240,36,0,0,0,0,None,None,None,0,8,2007,WD,Normal,122500
434,60,RL,100.0,10839,Pave,None,IR1,Lvl,AllPub,Corner,Gtl,Gilbert,Norm,Norm,1Fam,2Story,6,5,1997,1998,Gable,CompShg,VinylSd,VinylSd,None,0.0,TA,TA,PConc,Gd,TA,No,Unf,Unf,926,GasA,Ex,Y,SBrkr,1604,0,0,2,1,3,1,TA,Typ,1,TA,Attchd,1997.0,Fin,2,TA,TA,Y,0,36,0,0,0,0,None,None,None,0,7,2008,WD,Normal,181000
435,180,RM,21.0,1890,Pave,None,Reg,Lvl,AllPub,Inside,Gtl,MeadowV,Norm,Norm,Twnhs,SFoyer,4,7,1972,1972,Gable,CompShg,CemntBd,CmentBd,None,0.0,TA,Gd,CBlock,Gd,TA,Av,ALQ,Unf,630,GasA,Gd,Y,SBrkr,630,1,0,1,0,1,1,TA,Typ,0,None,None,0.0,None,0,None,None,Y,88,0,0,0,0,0,None,None,None,0,6,2008,WD,Normal,81000
436,60,RL,43.0,10667,Pave,None,IR2,Lvl,AllPub,CulDSac,Gtl,CollgCr,PosN,Norm,1Fam,2Story,7,6,1996,1996,Gable,CompShg,VinylSd,VinylSd,None,0.0,Gd,TA,PConc,Gd,TA,Av,GLQ,ALQ,799,GasA,Ex,Y,SBrkr,1661,1,0,2,1,3,1,Gd,Typ,1,TA,Attchd,1996.0,RFn,2,TA,TA,Y,158,61,0,0,0,0,None,None,None,0,4,2009,ConLw,Normal,212000
437,50,RM,40.0,4400,Pave,None,Reg,Lvl,AllPub,Inside,Gtl,OldTown,Norm,Norm,1Fam,1.5Fin,6,8,1920,1950,Gable,CompShg,Stucco,Stucco,None,0.0,TA,TA,BrkTil,Fa,TA,No,Unf,Unf,648,GasA,TA,Y,FuseA,1118,0,0,1,0,2,1,TA,Typ,0,None,Detchd,1990.0,Unf,2,TA,TA,Y,0,0,0,0,0,0,None,None,None,0,10,2006,WD,Normal,116000
438,45,RM,50.0,6000,Pave,None,Reg,Lvl,AllPub,Inside,Gtl,BrkSide,Norm,Norm,1Fam,1.5Unf,6,7,1926,2004,Gable,CompShg,Wd Sdng,Wd Sdng,None,0.0,Gd,TA,PConc,TA,TA,No,Unf,Unf,884,GasA,Gd,Y,SBrkr,904,0,0,1,0,2,1,TA,Typ,0,None,Detchd,1926.0,Unf,1,TA,TA,Y,0,0,105,0,0,0,None,None,None,0,1,2009,WD,Normal,119000
439,30,RL,40.0,4280,Pave,None,Reg,Lvl,AllPub,Inside,Gtl,Crawfor,Norm,Norm,1Fam,1Story,5,6,1913,2002,Gable,CompShg,WdShing,Stucco,None,0.0,TA,TA,PConc,TA,TA,No,LwQ,Unf,440,GasA,TA,N,SBrkr,694,0,0,1,0,2,1,Gd,Typ,1,Gd,Detchd,1990.0,Unf,1,Gd,TA,P,0,0,34,0,0,0,None,MnPrv,None,0,3,2007,WD,Normal,90350
440,50,RL,67.0,12354,Pave,Grvl,Reg,Lvl,AllPub,Corner,Gtl,Edwards,Norm,Norm,1Fam,1.5Fin,6,8,1920,2000,Gable,CompShg,Wd Sdng,Wd Sdng,None,0.0,TA,TA,BrkTil,TA,Fa,Mn,Unf,Unf,684,GasA,Gd,Y,SBrkr,1196,0,0,1,0,3,1,Gd,Typ,0,None,Detchd,2005.0,Unf,2,TA,TA,Y,0,46,0,0,0,0,None,GdPrv,Shed,800,8,2009,ConLI,Normal,110000
441,20,RL,105.0,15431,Pave,None,Reg,Lvl,AllPub,Inside,Gtl,NridgHt,Norm,Norm,1Fam,1Story,10,5,2008,2008,Hip,CompShg,VinylSd,VinylSd,Stone,200.0,Ex,TA,PConc,Ex,TA,Gd,GLQ,ALQ,3094,GasA,Ex,Y,SBrkr,2402,1,0,2,0,2,1,Ex,Typ,2,Gd,Attchd,2008.0,Fin,3,TA,TA,Y,0,72,0,0,170,0,None,None,None,0,4,2009,WD,Normal,555000
442,90,RL,92.0,12108,Pave,None,Reg,Lvl,AllPub,Inside,Gtl,Edwards,Norm,Norm,Duplex,1Story,4,4,1955,1955,Gable,CompShg,VinylSd,VinylSd,BrkFace,270.0,TA,TA,CBlock,TA,TA,No,ALQ,Unf,1440,GasA,TA,N,FuseF,1440,0,0,2,0,4,2,Fa,Typ,0,None,None,0.0,None,0,None,None,Y,0,0,0,0,0,0,None,None,None,0,9,2008,WD,Normal,118000
443,50,RM,52.0,6240,Pave,None,Reg,Lvl,AllPub,Inside,Gtl,BrkSide,Norm,Norm,1Fam,1.5Fin,5,7,1930,1992,Gable,CompShg,MetalSd,MetalSd,None,0.0,TA,TA,PConc,TA,TA,No,Unf,Unf,1078,GasA,TA,Y,SBrkr,1573,0,0,2,0,3,1,TA,Typ,1,Gd,Detchd,1930.0,Unf,2,TA,TA,P,0,0,0,0,0,0,None,None,None,0,6,2008,WD,Normal,162900
444,120,RL,53.0,3922,Pave,None,Reg,Lvl,AllPub,Inside,Gtl,Blmngtn,Norm,Norm,TwnhsE,1Story,7,5,2006,2007,Gable,CompShg,WdShing,Wd Shng,BrkFace,72.0,Gd,TA,PConc,Ex,TA,Av,Unf,Unf,1258,GasA,Ex,Y,SBrkr,1258,0,0,2,0,2,1,Gd,Typ,1,Gd,Attchd,2007.0,Fin,3,TA,TA,Y,144,16,0,0,0,0,None,None,None,0,6,2007,New,Partial,172500
445,60,RL,70.0,8750,Pave,None,Reg,Lvl,AllPub,Inside,Gtl,CollgCr,Norm,Norm,1Fam,2Story,7,5,1994,1995,Gable,CompShg,VinylSd,VinylSd,None,0.0,Gd,Gd,PConc,Gd,TA,No,GLQ,Unf,915,GasA,Ex,Y,SBrkr,1908,1,0,2,1,4,1,Gd,Typ,1,TA,Attchd,1994.0,Unf,2,TA,TA,Y,144,133,0,0,0,0,None,None,None,0,7,2008,WD,Normal,210000
446,20,RL,73.0,9855,Pave,None,Reg,Lvl,AllPub,Corner,Gtl,Edwards,Norm,Norm,1Fam,1Story,6,5,1956,1956,Hip,CompShg,Wd Sdng,Wd Sdng,None,0.0,TA,TA,CBlock,TA,TA,No,Unf,Unf,1436,GasA,Fa,Y,SBrkr,1689,0,0,1,0,3,1,TA,Typ,1,Gd,Attchd,1956.0,Unf,2,TA,TA,Y,0,0,0,0,0,0,None,MnPrv,None,0,11,2009,COD,Normal,127500
447,20,RL,137.0,16492,Pave,None,IR1,Lvl,AllPub,Corner,Gtl,NAmes,PosA,Norm,1Fam,1Story,6,6,1966,2002,Gable,CompShg,BrkFace,Plywood,None,0.0,Gd,TA,CBlock,TA,TA,No,ALQ,Rec,1517,GasA,Ex,Y,SBrkr,1888,0,0,2,1,2,1,Gd,Mod,1,Gd,Attchd,1966.0,Fin,2,TA,TA,Y,0,0,0,0,0,0,None,None,None,0,6,2010,WD,Normal,190000
448,60,RL,65.0,11214,Pave,None,IR1,Lvl,AllPub,Corner,Gtl,Gilbert,Norm,Norm,1Fam,2Story,7,5,1998,1999,Gable,CompShg,VinylSd,VinylSd,None,0.0,Gd,TA,PConc,Gd,TA,No,Unf,Unf,930,GasA,Gd,Y,SBrkr,1886,0,0,2,1,4,1,Gd,Typ,1,TA,Attchd,1998.0,Fin,2,TA,TA,Y,89,0,0,0,0,0,None,None,None,0,7,2006,WD,Normal,199900
449,50,RM,50.0,8600,Pave,None,Reg,Bnk,AllPub,Inside,Gtl,IDOTRR,Norm,Norm,1Fam,1.5Fin,6,6,1937,1950,Gable,CompShg,MetalSd,MetalSd,None,0.0,TA,TA,BrkTil,TA,TA,No,Unf,Unf,780,GasA,TA,Y,SBrkr,1376,0,0,2,0,3,1,TA,Typ,1,Gd,Detchd,1937.0,Unf,1,TA,TA,N,0,0,0,0,0,0,None,None,None,0,6,2006,WD,Normal,119500
450,50,RM,50.0,6000,Pave,None,Reg,Lvl,AllPub,Inside,Gtl,OldTown,Norm,Norm,1Fam,1.5Fin,3,7,1948,2002,Gable,CompShg,MetalSd,MetalSd,None,0.0,TA,Gd,CBlock,TA,TA,No,ALQ,Unf,649,GasA,Ex,Y,SBrkr,1183,0,0,1,1,2,1,TA,Typ,0,None,Detchd,1981.0,Unf,1,TA,TA,Y,0,176,0,0,0,0,None,None,None,0,6,2007,WD,Normal,120000
451,30,RM,70.0,5684,Pave,None,Reg,Lvl,AllPub,Inside,Gtl,OldTown,Norm,Norm,1Fam,1Story,6,8,1930,2005,Hip,CompShg,Wd Sdng,Wd Sdng,None,0.0,TA,TA,BrkTil,TA,TA,No,Unf,Unf,813,GasA,Ex,Y,FuseA,813,0,0,1,0,2,1,Gd,Typ,0,None,Detchd,1932.0,Unf,1,Fa,Fa,N,0,113,0,0,0,0,None,None,None,0,6,2006,WD,Normal,110000
452,20,RL,62.0,70761,Pave,None,IR1,Low,AllPub,Inside,Mod,ClearCr,Norm,Norm,1Fam,1Story,7,5,1975,1975,Gable,WdShngl,Plywood,Plywood,None,0.0,TA,TA,CBlock,Gd,TA,Gd,ALQ,Unf,1533,GasA,TA,Y,SBrkr,1533,1,0,2,0,2,1,Gd,Typ,2,TA,Attchd,1975.0,Unf,2,TA,TA,Y,200,54,0,0,0,0,None,None,None,0,12,2006,WD,Normal,280000
453,60,RL,85.0,9303,Pave,None,IR1,Lvl,AllPub,Corner,Gtl,Timber,Norm,Norm,1Fam,2Story,6,5,1996,1997,Hip,CompShg,VinylSd,VinylSd,BrkFace,42.0,Gd,TA,PConc,Ex,TA,No,ALQ,Unf,872,GasA,Ex,Y,SBrkr,1756,1,0,2,1,3,1,TA,Typ,0,None,Attchd,1996.0,Fin,2,TA,TA,Y,144,122,0,0,0,0,None,None,None,0,7,2007,WD,Normal,204000
454,60,FV,75.0,9000,Pave,None,Reg,Lvl,AllPub,Inside,Gtl,Somerst,Norm,Norm,1Fam,2Story,8,5,2008,2008,Gable,CompShg,VinylSd,VinylSd,None,0.0,Gd,TA,PConc,Gd,TA,No,Unf,Unf,768,GasA,Ex,Y,SBrkr,1590,0,0,2,1,3,1,Gd,Typ,0,None,Attchd,2008.0,RFn,2,TA,TA,Y,0,30,0,0,0,0,None,None,None,0,6,2009,WD,Normal,210000
455,90,RL,63.0,9297,Pave,None,Reg,Lvl,AllPub,Inside,Gtl,Mitchel,Norm,Norm,Duplex,1Story,5,5,1976,1976,Gable,CompShg,Plywood,Plywood,None,0.0,TA,TA,CBlock,TA,TA,No,ALQ,Unf,1728,GasA,TA,Y,SBrkr,1728,2,0,2,0,4,2,TA,Typ,0,None,Detchd,1976.0,Unf,2,TA,TA,Y,0,0,0,0,0,0,None,None,None,0,7,2006,WD,Family,188000
456,20,RL,80.0,9600,Pave,None,Reg,Lvl,AllPub,Inside,Gtl,NWAmes,Norm,Norm,1Fam,1Story,7,6,1973,1973,Hip,CompShg,HdBoard,HdBoard,BrkFace,320.0,TA,TA,CBlock,TA,TA,No,ALQ,Unf,1242,GasA,Fa,Y,SBrkr,1242,0,0,1,1,3,1,TA,Typ,1,TA,Attchd,1973.0,Unf,2,TA,TA,Y,0,0,0,0,0,0,None,None,None,0,9,2007,WD,Normal,175500
457,70,RM,34.0,4571,Pave,Grvl,Reg,Lvl,AllPub,Inside,Gtl,OldTown,Norm,Norm,1Fam,2Story,5,5,1916,1950,Gable,CompShg,AsbShng,AsbShng,None,0.0,TA,TA,BrkTil,TA,TA,No,Unf,Unf,624,GasA,Fa,N,SBrkr,1344,0,0,1,0,4,1,TA,Typ,0,None,Detchd,1916.0,Unf,3,Fa,Fa,Y,0,0,96,0,0,0,None,None,None,0,5,2008,COD,Abnorml,98000
458,20,RL,80.0,53227,Pave,None,IR1,Low,AllPub,CulDSac,Mod,ClearCr,Norm,Norm,1Fam,1Story,4,6,1954,1994,Flat,Tar&Grv,Plywood,Plywood,None,0.0,TA,TA,CBlock,Gd,TA,Gd,BLQ,Unf,1364,GasA,Ex,Y,SBrkr,1663,1,0,1,0,2,1,Gd,Min1,2,Gd,Attchd,1954.0,Fin,2,TA,TA,Y,224,137,0,0,0,0,None,None,None,0,3,2008,WD,Normal,256000
459,70,RM,60.0,5100,Pave,Grvl,Reg,Lvl,AllPub,Inside,Gtl,OldTown,Norm,Norm,1Fam,2Story,8,7,1925,1996,Hip,CompShg,Stucco,Wd Shng,None,0.0,TA,Gd,PConc,TA,TA,No,Unf,Unf,588,GasA,Fa,Y,SBrkr,1666,0,0,1,0,3,1,Gd,Typ,1,Gd,Detchd,1925.0,Unf,1,TA,TA,Y,192,63,0,0,0,0,None,MnPrv,None,0,6,2008,WD,Normal,161000
460,50,RL,52.0,7015,Pave,None,IR1,Bnk,AllPub,Corner,Gtl,BrkSide,Norm,Norm,1Fam,1.5Fin,5,4,1950,1950,Gable,CompShg,MetalSd,MetalSd,BrkCmn,161.0,TA,TA,CBlock,TA,TA,No,LwQ,Unf,709,GasA,TA,Y,SBrkr,1203,1,0,1,0,3,1,Gd,Typ,1,TA,Detchd,1950.0,Unf,1,TA,TA,Y,0,0,248,0,0,0,None,None,None,0,7,2009,WD,Normal,110000
461,60,FV,75.0,8004,Pave,None,IR1,Lvl,AllPub,Inside,Gtl,Somerst,RRAn,Norm,1Fam,2Story,8,5,2009,2009,Gable,CompShg,VinylSd,VinylSd,Stone,110.0,Gd,TA,PConc,Gd,TA,No,GLQ,Unf,832,GasA,Ex,Y,SBrkr,1935,1,0,2,1,3,1,TA,Typ,0,None,BuiltIn,2009.0,Fin,2,TA,TA,Y,0,150,0,0,0,0,None,None,None,0,12,2009,New,Partial,263435
462,70,RL,60.0,7200,Pave,None,Reg,Lvl,AllPub,Inside,Gtl,SWISU,Feedr,Norm,1Fam,2Story,7,9,1936,2007,Gable,CompShg,Wd Sdng,Wd Sdng,None,0.0,Gd,Gd,PConc,Gd,Gd,No,ALQ,BLQ,560,GasA,Ex,Y,SBrkr,1135,1,0,1,0,3,1,Gd,Typ,0,None,Detchd,1971.0,RFn,2,TA,TA,Y,256,0,0,0,0,0,None,MnPrv,None,0,4,2009,WD,Normal,155000
463,20,RL,60.0,8281,Pave,None,IR1,Lvl,AllPub,Inside,Gtl,Sawyer,Norm,Norm,1Fam,1Story,5,5,1965,1965,Gable,CompShg,MetalSd,MetalSd,None,0.0,TA,TA,CBlock,TA,TA,No,Rec,BLQ,864,GasA,Gd,Y,SBrkr,864,0,0,1,0,3,1,TA,Typ,1,Po,Detchd,1965.0,Unf,1,TA,TA,Y,0,0,236,0,0,0,None,GdWo,None,0,12,2009,WD,Normal,62383
464,70,RL,74.0,11988,Pave,None,IR1,HLS,AllPub,Inside,Mod,Crawfor,Norm,Norm,1Fam,2Story,6,7,1934,1995,Hip,CompShg,Stucco,Stucco,None,0.0,TA,TA,CBlock,TA,TA,No,LwQ,Unf,715,GasA,Fa,Y,FuseA,1660,0,0,1,1,3,1,TA,Typ,1,Gd,Detchd,1939.0,Unf,1,TA,TA,Y,0,0,0,0,0,0,None,None,None,0,8,2008,WD,Normal,188700
465,20,RL,60.0,8430,Pave,None,Reg,HLS,AllPub,Inside,Mod,CollgCr,Norm,Norm,1Fam,1Story,5,5,1978,1978,Gable,CompShg,HdBoard,HdBoard,BrkFace,136.0,TA,TA,CBlock,Gd,TA,No,Rec,Unf,1040,GasA,TA,Y,SBrkr,1040,0,0,2,0,3,1,TA,Typ,0,None,None,0.0,None,0,None,None,Y,0,0,0,0,0,0,None,None,None,0,8,2009,WD,Normal,124000
466,120,RM,43.0,3072,Pave,None,Reg,Lvl,AllPub,Inside,Gtl,Blmngtn,Norm,Norm,TwnhsE,1Story,7,5,2004,2004,Hip,CompShg,VinylSd,VinylSd,BrkFace,18.0,Gd,TA,PConc,Gd,TA,No,Unf,Unf,1375,GasA,Ex,Y,SBrkr,1414,0,0,2,0,2,1,Gd,Typ,1,TA,Attchd,2004.0,Fin,2,TA,TA,Y,144,20,0,0,0,0,None,None,None,0,5,2006,WD,Normal,178740
467,20,RL,85.0,10628,Pave,None,Reg,Lvl,AllPub,Inside,Gtl,NAmes,Norm,Norm,1Fam,1Story,7,5,1970,1970,Flat,Tar&Grv,Plywood,Plywood,None,0.0,TA,Gd,CBlock,TA,Gd,Gd,GLQ,Unf,1277,GasA,TA,Y,SBrkr,1277,1,0,1,0,2,1,TA,Typ,1,Po,Attchd,1970.0,Unf,2,TA,TA,Y,0,0,0,0,176,0,None,GdWo,None,0,4,2007,WD,Normal,167000
468,70,RL,79.0,9480,Pave,None,Reg,Lvl,AllPub,Inside,Gtl,NAmes,Artery,Norm,1Fam,2Story,5,7,1942,1995,Gable,CompShg,MetalSd,MetalSd,Stone,224.0,TA,TA,CBlock,TA,TA,No,LwQ,Unf,728,GasA,Ex,Y,SBrkr,1644,0,0,1,1,3,1,Gd,Typ,2,Gd,Attchd,1942.0,Unf,1,TA,TA,Y,168,0,0,0,0,0,None,None,None,0,6,2007,WD,Normal,146500
469,20,RL,98.0,11428,Pave,None,IR1,Lvl,AllPub,Inside,Gtl,NridgHt,Norm,Norm,1Fam,1Story,8,5,2006,2006,Gable,CompShg,VinylSd,VinylSd,Stone,248.0,Gd,TA,PConc,Gd,TA,No,Unf,Unf,1626,GasA,Ex,Y,SBrkr,1634,0,0,2,0,3,1,Gd,Typ,1,Gd,Attchd,2006.0,RFn,3,TA,TA,Y,0,44,0,0,0,0,None,None,None,0,5,2007,WD,Normal,250000
470,60,RL,76.0,9291,Pave,None,IR1,Lvl,AllPub,Corner,Gtl,SawyerW,RRNe,Norm,1Fam,2Story,6,5,1993,1993,Gable,CompShg,HdBoard,HdBoard,BrkFace,120.0,Gd,TA,PConc,Gd,TA,No,GLQ,Unf,832,GasA,Ex,Y,SBrkr,1710,0,0,2,1,3,1,Gd,Typ,0,None,Attchd,1993.0,RFn,2,TA,TA,Y,144,70,0,0,0,0,None,None,None,0,6,2008,WD,Normal,187000
471,120,RL,61.5,6820,Pave,None,IR1,Lvl,AllPub,Corner,Gtl,StoneBr,Norm,Norm,TwnhsE,1Story,8,5,1985,1985,Gable,CompShg,HdBoard,HdBoard,None,0.0,Gd,TA,PConc,Gd,TA,Av,GLQ,BLQ,1488,GasA,TA,Y,SBrkr,1502,1,0,1,1,1,1,Gd,Typ,0,None,Attchd,1985.0,RFn,2,TA,TA,Y,0,54,0,0,140,0,None,None,None,0,6,2010,WD,Normal,212000
472,60,RL,92.0,11952,Pave,None,Reg,Lvl,AllPub,Inside,Gtl,NWAmes,PosA,Norm,1Fam,2Story,7,6,1977,1977,Mansard,WdShake,WdShing,Plywood,None,0.0,TA,TA,CBlock,Gd,TA,No,Unf,Unf,808,GasA,TA,Y,SBrkr,1969,0,0,2,1,3,1,TA,Typ,1,Gd,Attchd,1977.0,RFn,2,TA,TA,Y,0,0,0,0,276,0,None,None,None,0,11,2007,WD,Normal,190000
473,180,RM,35.0,3675,Pave,None,Reg,Lvl,AllPub,Inside,Gtl,Edwards,Norm,Norm,TwnhsE,SLvl,6,5,2005,2005,Gable,CompShg,VinylSd,VinylSd,BrkFace,80.0,TA,TA,PConc,Gd,TA,Gd,GLQ,Unf,547,GasA,Ex,Y,SBrkr,1072,1,0,1,0,2,1,TA,Typ,0,None,Basment,2005.0,RFn,2,TA,TA,Y,0,28,0,0,0,0,None,None,None,0,6,2008,WD,Normal,148000
474,20,RL,110.0,14977,Pave,None,IR1,Lvl,AllPub,Inside,Gtl,NridgHt,Norm,Norm,1Fam,1Story,8,5,2006,2007,Gable,CompShg,VinylSd,VinylSd,BrkFace,304.0,Gd,TA,PConc,Ex,TA,Gd,GLQ,Unf,1976,GasA,Ex,Y,SBrkr,1976,1,0,2,0,2,1,Gd,Typ,1,Ex,Attchd,2006.0,RFn,3,TA,TA,Y,250,63,0,0,0,0,None,None,None,0,7,2007,New,Partial,440000
475,120,RL,41.0,5330,Pave,None,Reg,Lvl,AllPub,Inside,Gtl,StoneBr,Norm,Norm,TwnhsE,1Story,8,5,2000,2000,Gable,CompShg,CemntBd,CmentBd,None,0.0,Gd,TA,PConc,Gd,TA,Av,GLQ,Unf,1494,GasA,Ex,Y,SBrkr,1652,1,0,2,0,2,1,Ex,Typ,0,None,Attchd,2000.0,RFn,2,TA,TA,Y,96,48,0,0,0,0,None,None,None,0,8,2007,WD,Normal,251000
476,20,RL,80.0,8480,Pave,None,Reg,Lvl,AllPub,Corner,Gtl,Sawyer,Norm,Norm,1Fam,1Story,5,6,1963,1963,Hip,CompShg,HdBoard,HdBoard,None,0.0,TA,TA,CBlock,TA,TA,No,GLQ,Unf,970,GasA,TA,Y,SBrkr,970,1,0,1,0,2,1,TA,Typ,0,None,Detchd,1996.0,Unf,2,TA,TA,Y,0,24,0,0,192,0,None,None,None,0,7,2007,WD,Normal,132500
477,20,RL,75.0,13125,Pave,None,Reg,Lvl,AllPub,Inside,Mod,CollgCr,Norm,Norm,1Fam,1Story,6,5,1997,1998,Gable,CompShg,VinylSd,VinylSd,BrkFace,215.0,TA,TA,PConc,Gd,TA,Gd,GLQ,Unf,1478,GasA,Ex,Y,SBrkr,1493,1,0,2,0,3,1,Gd,Typ,1,TA,Attchd,1997.0,Fin,2,TA,TA,Y,140,39,0,0,0,0,None,None,None,0,4,2008,WD,Normal,208900
478,60,RL,105.0,13693,Pave,None,Reg,Lvl,AllPub,Inside,Gtl,NridgHt,Norm,Norm,1Fam,2Story,9,5,2006,2006,Hip,CompShg,VinylSd,VinylSd,BrkFace,772.0,Ex,TA,PConc,Gd,TA,Av,Unf,Unf,2153,GasA,Ex,Y,SBrkr,2643,0,0,2,1,3,1,Ex,Typ,1,Gd,BuiltIn,2006.0,Fin,3,TA,TA,Y,414,84,0,0,0,0,None,None,None,0,3,2007,WD,Normal,380000
479,20,RL,79.0,10637,Pave,None,Reg,Lvl,AllPub,Inside,Gtl,CollgCr,Norm,Norm,1Fam,1Story,8,5,2007,2008,Hip,CompShg,VinylSd,VinylSd,Stone,336.0,Gd,TA,PConc,Ex,TA,Gd,GLQ,Unf,1705,GasA,Ex,Y,SBrkr,1718,1,0,2,0,3,1,Gd,Typ,1,Gd,Attchd,2007.0,RFn,3,TA,TA,Y,208,44,0,0,0,0,None,None,None,0,9,2009,WD,Normal,297000
480,30,RM,50.0,5925,Pave,None,Reg,Bnk,AllPub,Inside,Gtl,OldTown,Norm,Norm,1Fam,1Story,4,7,1937,2000,Hip,CompShg,Stucco,Stucco,BrkCmn,435.0,TA,TA,BrkTil,Fa,TA,No,Rec,Unf,907,GasA,TA,Y,SBrkr,1131,0,0,1,0,2,1,TA,Typ,0,None,Detchd,1995.0,Unf,2,TA,TA,Y,0,72,0,0,0,0,None,MnPrv,None,0,3,2007,WD,Alloca,89471
481,20,RL,98.0,16033,Pave,None,IR1,Lvl,AllPub,FR2,Gtl,NridgHt,Norm,Norm,1Fam,1Story,9,5,2004,2005,Hip,CompShg,VinylSd,VinylSd,BrkFace,378.0,Gd,TA,PConc,Ex,TA,Gd,GLQ,Unf,1833,GasA,Ex,Y,SBrkr,1850,1,0,2,0,3,1,Gd,Typ,1,Gd,Attchd,2004.0,Fin,3,TA,TA,Y,519,112,0,0,0,0,None,None,None,0,3,2006,WD,Normal,326000
482,20,RL,72.0,11846,Pave,None,IR1,HLS,AllPub,Inside,Gtl,NridgHt,Norm,Norm,1Fam,1Story,9,5,2003,2004,Hip,CompShg,VinylSd,VinylSd,BrkFace,562.0,Gd,TA,PConc,Ex,TA,Gd,GLQ,Unf,1792,GasA,Ex,Y,SBrkr,1792,1,0,2,0,2,1,Ex,Typ,1,Gd,Attchd,2003.0,Fin,3,TA,TA,Y,206,49,0,0,0,0,None,None,None,0,8,2006,WD,Normal,374000
483,70,RM,50.0,2500,Pave,Pave,Reg,Lvl,AllPub,Corner,Gtl,OldTown,Norm,Norm,1Fam,2Story,7,8,1915,2005,Gable,CompShg,Stucco,Stucco,None,0.0,Gd,TA,PConc,TA,TA,No,ALQ,Unf,910,GasA,Ex,Y,SBrkr,1826,1,0,1,1,4,1,Ex,Min2,1,Gd,Attchd,1915.0,Unf,1,Fa,Fa,Y,0,0,0,0,0,0,None,None,None,0,6,2009,WD,Normal,155000
484,120,RM,32.0,4500,Pave,None,Reg,Lvl,AllPub,FR2,Gtl,Mitchel,Norm,Norm,Twnhs,1Story,6,5,1998,1998,Hip,CompShg,VinylSd,VinylSd,BrkFace,116.0,TA,TA,PConc,Ex,TA,No,GLQ,Unf,1216,GasA,Ex,Y,SBrkr,1216,1,0,2,0,2,1,TA,Typ,0,None,Attchd,1998.0,Unf,2,TA,TA,Y,0,125,0,0,0,0,None,None,None,0,5,2006,WD,Normal,164000
485,20,RL,71.0,7758,Pave,None,IR1,Lvl,AllPub,Corner,Gtl,Sawyer,Norm,Norm,1Fam,1Story,5,7,1962,2001,Gable,CompShg,HdBoard,Plywood,None,0.0,TA,Gd,CBlock,TA,TA,No,ALQ,Unf,999,GasA,Gd,Y,SBrkr,999,1,0,1,0,3,1,Gd,Typ,0,None,Detchd,1963.0,Unf,1,TA,TA,Y,0,132,0,0,0,0,None,None,None,0,3,2007,WD,Normal,132500
486,20,RL,80.0,9600,Pave,None,Reg,Lvl,AllPub,Inside,Gtl,NAmes,Norm,Norm,1Fam,1Story,5,7,1950,2007,Gable,CompShg,MetalSd,MetalSd,None,0.0,Gd,TA,CBlock,TA,TA,No,ALQ,Unf,1113,GasA,Gd,Y,SBrkr,1113,0,0,1,0,3,1,Gd,Typ,1,Gd,Attchd,1950.0,Unf,1,TA,TA,Y,0,80,120,0,0,0,None,None,None,0,7,2009,WD,Normal,147000
487,20,RL,79.0,10289,Pave,None,Reg,Lvl,AllPub,Inside,Gtl,NAmes,Norm,Norm,1Fam,1Story,5,7,1965,1965,Hip,CompShg,MetalSd,MetalSd,BrkFace,168.0,TA,TA,CBlock,TA,TA,No,ALQ,Unf,1073,GasA,TA,Y,SBrkr,1073,1,0,1,1,3,1,TA,Typ,0,None,Attchd,1965.0,RFn,2,TA,TA,Y,0,0,0,0,0,0,None,None,None,0,6,2007,WD,Normal,156000
488,20,RL,70.0,12243,Pave,None,IR1,Lvl,AllPub,Inside,Gtl,NWAmes,Norm,Norm,1Fam,1Story,5,6,1971,1971,Gable,CompShg,Plywood,Plywood,None,0.0,TA,TA,CBlock,Gd,TA,Av,ALQ,Unf,1484,GasA,Gd,Y,SBrkr,1484,0,0,2,0,3,1,TA,Typ,1,TA,Attchd,1971.0,Unf,2,TA,TA,Y,224,0,0,0,180,0,None,None,None,0,2,2007,WD,Normal,175000
489,190,RL,60.0,10800,Pave,None,Reg,Lvl,AllPub,Corner,Gtl,OldTown,Norm,Norm,2fmCon,1.5Fin,5,4,1900,1970,Gable,CompShg,Wd Sdng,Wd Sdng,None,0.0,TA,Fa,CBlock,TA,Fa,No,BLQ,Unf,954,GasA,TA,N,FuseA,2414,0,0,2,0,3,2,TA,Mod,1,Gd,Attchd,1970.0,Unf,2,TA,Fa,N,142,0,0,0,0,0,None,None,None,0,5,2006,ConLD,Normal,160000
490,180,RM,21.0,1526,Pave,None,Reg,Lvl,AllPub,Inside,Gtl,MeadowV,Norm,Norm,Twnhs,SFoyer,4,8,1970,2002,Gable,CompShg,CemntBd,CmentBd,None,0.0,TA,Gd,CBlock,Gd,TA,Av,GLQ,Unf,630,GasA,TA,Y,SBrkr,630,1,0,1,0,1,1,Gd,Typ,0,None,Attchd,1970.0,Unf,1,TA,TA,Y,0,0,0,0,0,0,None,None,None,0,5,2009,WD,Normal,86000
491,160,RM,21.0,2665,Pave,None,Reg,Lvl,AllPub,Inside,Gtl,MeadowV,Norm,Norm,TwnhsE,2Story,5,6,1976,1976,Gable,CompShg,CemntBd,CmentBd,None,0.0,TA,TA,PConc,Gd,TA,Mn,Unf,Unf,264,GasA,TA,Y,SBrkr,1304,0,0,1,1,3,1,TA,Typ,1,Gd,BuiltIn,1976.0,Fin,1,TA,TA,Y,141,24,0,0,0,0,None,None,None,0,6,2008,WD,Normal,115000
492,50,RL,79.0,9490,Pave,None,Reg,Lvl,AllPub,Inside,Gtl,NAmes,Artery,Norm,1Fam,1.5Fin,6,7,1941,1950,Gable,CompShg,Wd Sdng,Wd Sdng,None,0.0,TA,TA,CBlock,TA,TA,No,BLQ,Rec,806,GasA,TA,Y,FuseA,1578,1,0,1,0,3,1,Fa,Typ,2,TA,Attchd,1941.0,Unf,1,TA,TA,Y,0,0,32,0,0,0,None,MnPrv,None,0,8,2006,WD,Normal,133000
493,60,RL,105.0,15578,Pave,None,IR1,Lvl,AllPub,Corner,Gtl,Gilbert,Norm,Norm,1Fam,2Story,6,5,2006,2006,Gable,CompShg,VinylSd,VinylSd,None,0.0,Gd,TA,PConc,Gd,TA,No,Unf,Unf,728,GasA,Gd,Y,SBrkr,1456,0,0,2,1,3,1,TA,Typ,0,None,Attchd,2006.0,RFn,2,TA,TA,Y,0,0,0,0,0,0,None,None,None,0,5,2006,New,Partial,172785
494,20,RL,70.0,7931,Pave,None,Reg,Lvl,AllPub,Inside,Gtl,NAmes,Norm,Norm,1Fam,1Story,5,6,1960,1960,Gable,CompShg,BrkFace,Wd Sdng,None,0.0,TA,TA,CBlock,TA,TA,No,BLQ,LwQ,1269,GasA,TA,Y,FuseA,1269,0,0,1,1,3,1,TA,Typ,1,Fa,Detchd,1964.0,Unf,1,TA,TA,Y,0,0,0,0,0,0,None,None,None,0,6,2008,WD,Normal,155000
495,30,RM,50.0,5784,Pave,None,Reg,Lvl,AllPub,Inside,Gtl,OldTown,Artery,Norm,1Fam,1Story,5,8,1938,1996,Gable,CompShg,MetalSd,MetalSd,None,0.0,TA,TA,BrkTil,Fa,TA,No,Unf,Unf,190,GasA,Gd,Y,FuseA,886,0,0,1,0,2,1,TA,Typ,0,None,Attchd,1938.0,Unf,1,TA,TA,Y,144,20,80,0,0,0,None,None,None,0,12,2009,WD,Normal,91300
496,30,C (all),60.0,7879,Pave,None,Reg,Lvl,AllPub,Inside,Gtl,IDOTRR,Norm,Norm,1Fam,1Story,4,5,1920,1950,Gable,CompShg,Wd Sdng,Wd Sdng,None,0.0,TA,TA,CBlock,TA,TA,No,Rec,Unf,720,GasA,TA,N,FuseA,720,0,0,1,0,2,1,TA,Typ,0,None,None,0.0,None,0,None,None,N,0,523,115,0,0,0,None,GdWo,None,0,11,2009,WD,Abnorml,34900
497,20,RL,91.0,12692,Pave,None,IR1,Lvl,AllPub,Inside,Gtl,NoRidge,Norm,Norm,1Fam,1Story,8,5,1992,1993,Hip,CompShg,BrkFace,BrkFace,None,0.0,Gd,TA,PConc,Gd,TA,No,GLQ,Unf,3200,GasA,Ex,Y,SBrkr,3228,1,0,3,0,4,1,Gd,Typ,1,Gd,Attchd,1992.0,RFn,2,TA,TA,Y,264,75,291,0,0,0,None,None,None,0,5,2007,WD,Normal,430000
498,50,RL,60.0,9120,Pave,Pave,Reg,Lvl,AllPub,Inside,Gtl,BrkSide,Norm,Norm,1Fam,1.5Fin,7,6,1925,1950,Gable,CompShg,Wd Sdng,Wd Sdng,None,0.0,TA,Gd,PConc,TA,TA,No,Rec,Unf,1026,GasA,Ex,Y,SBrkr,1820,1,0,2,0,4,1,TA,Typ,0,None,Detchd,1925.0,Unf,1,TA,TA,N,0,100,0,0,0,0,None,GdPrv,None,0,6,2008,WD,Normal,184000
499,20,RL,65.0,7800,Pave,None,Reg,Lvl,AllPub,Inside,Gtl,Sawyer,Norm,Norm,1Fam,1Story,5,7,1967,2004,Hip,CompShg,HdBoard,HdBoard,BrkFace,89.0,TA,TA,PConc,TA,TA,No,ALQ,Unf,864,GasA,Ex,Y,SBrkr,899,0,0,1,0,3,1,Gd,Typ,0,None,Attchd,1967.0,Fin,1,TA,TA,Y,64,0,0,0,0,0,None,MnPrv,None,0,6,2009,WD,Normal,130000
500,20,RL,70.0,7535,Pave,None,IR1,Lvl,AllPub,Inside,Gtl,NAmes,Norm,Norm,1Fam,1Story,5,7,1958,1985,Gable,CompShg,MetalSd,MetalSd,None,0.0,TA,TA,CBlock,TA,TA,No,BLQ,LwQ,912,GasA,Fa,Y,SBrkr,912,0,1,1,0,2,1,TA,Typ,0,None,Attchd,1958.0,Fin,1,TA,TA,Y,12,285,0,0,0,0,None,MnWw,Shed,480,6,2007,WD,Normal,120000
501,160,RM,21.0,1890,Pave,None,Reg,Lvl,AllPub,Inside,Gtl,BrDale,Norm,Norm,Twnhs,2Story,6,5,1973,1973,Gable,CompShg,HdBoard,HdBoard,BrkFace,285.0,TA,TA,CBlock,TA,TA,No,BLQ,Unf,672,GasA,TA,Y,SBrkr,1218,0,0,1,1,3,1,TA,Typ,0,None,Detchd,1973.0,Unf,1,TA,TA,Y,144,28,0,0,0,0,None,None,None,0,5,2007,WD,Normal,113000
502,60,FV,75.0,9803,Pave,None,Reg,Lvl,AllPub,Inside,Gtl,Somerst,Norm,Norm,1Fam,2Story,7,5,2005,2005,Gable,CompShg,VinylSd,VinylSd,None,0.0,Gd,TA,PConc,Gd,TA,No,GLQ,Unf,866,GasA,Gd,Y,SBrkr,1768,0,0,2,1,3,1,Gd,Typ,0,None,Attchd,2005.0,RFn,2,TA,TA,Y,0,108,0,0,0,0,None,None,None,0,2,2008,WD,Normal,226700
503,20,RL,70.0,9170,Pave,None,Reg,Lvl,AllPub,Corner,Gtl,Edwards,Feedr,Norm,1Fam,1Story,5,7,1965,1965,Hip,CompShg,MetalSd,MetalSd,None,0.0,TA,TA,CBlock,TA,TA,No,ALQ,GLQ,1214,GasA,Ex,Y,SBrkr,1214,1,0,1,0,2,1,TA,Typ,0,None,Detchd,1965.0,Unf,2,Fa,Fa,Y,0,0,184,0,0,0,None,GdPrv,Shed,400,4,2007,WD,Normal,140000
504,20,RL,100.0,15602,Pave,None,IR1,Lvl,AllPub,Inside,Gtl,Crawfor,Norm,Norm,1Fam,1Story,7,8,1959,1997,Gable,CompShg,BrkFace,Wd Sdng,None,0.0,TA,TA,CBlock,TA,TA,No,ALQ,Unf,1501,GasA,TA,Y,SBrkr,1801,1,0,2,0,1,1,TA,Typ,2,TA,Attchd,1959.0,Fin,2,TA,TA,Y,0,54,0,0,161,0,None,GdWo,None,0,3,2010,WD,Normal,289000
505,160,RL,24.0,2308,Pave,None,Reg,Lvl,AllPub,Inside,Gtl,NPkVill,Norm,Norm,TwnhsE,2Story,6,5,1974,1974,Gable,CompShg,Plywood,Brk Cmn,None,0.0,TA,TA,CBlock,TA,TA,No,ALQ,Rec,855,GasA,TA,Y,SBrkr,1322,0,1,2,1,3,1,TA,Typ,1,Fa,Attchd,1974.0,Unf,2,TA,TA,Y,260,0,0,0,0,0,None,None,None,0,6,2009,WD,Normal,147000
506,90,RM,60.0,7596,Pave,Grvl,Reg,Lvl,AllPub,Inside,Gtl,OldTown,Artery,Norm,Duplex,2Story,5,5,1952,1952,Hip,CompShg,Wd Sdng,Wd Sdng,BrkFace,360.0,TA,TA,CBlock,TA,TA,No,Unf,Unf,960,GasA,Gd,Y,SBrkr,1960,0,0,2,0,4,2,TA,Typ,0,None,Detchd,1952.0,Unf,2,TA,TA,N,0,0,0,0,0,0,None,None,None,0,7,2009,COD,Normal,124500
507,60,RL,80.0,9554,Pave,None,IR1,Lvl,AllPub,Inside,Gtl,SawyerW,Norm,Norm,1Fam,2Story,8,5,1993,1994,Gable,CompShg,VinylSd,VinylSd,BrkFace,125.0,Gd,TA,PConc,Gd,TA,No,GLQ,Unf,777,GasA,Ex,Y,SBrkr,1911,0,0,2,1,3,1,Gd,Typ,1,TA,Attchd,1993.0,RFn,2,TA,TA,Y,182,81,0,0,0,0,None,None,None,0,9,2006,WD,Normal,215000
508,20,FV,75.0,7862,Pave,None,IR1,Lvl,AllPub,Inside,Gtl,Somerst,Norm,Norm,1Fam,1Story,6,5,2009,2009,Gable,CompShg,VinylSd,VinylSd,None,0.0,Gd,TA,PConc,Gd,TA,No,GLQ,Unf,1218,GasA,Ex,Y,SBrkr,1218,0,0,2,0,2,1,Gd,Typ,0,None,Attchd,2009.0,Fin,2,TA,TA,Y,0,102,0,0,0,0,None,None,None,0,9,2009,New,Partial,208300
509,70,RM,60.0,9600,Pave,None,Reg,Lvl,AllPub,Inside,Gtl,OldTown,Norm,Norm,1Fam,2Story,7,9,1928,2005,Gambrel,CompShg,MetalSd,MetalSd,None,0.0,TA,Ex,BrkTil,TA,TA,No,Rec,Unf,689,GasA,Ex,Y,SBrkr,1378,0,0,2,0,3,1,Gd,Typ,1,Gd,Detchd,1928.0,Unf,2,TA,TA,N,0,0,116,0,0,0,None,None,None,0,10,2008,WD,Normal,161000
510,20,RL,80.0,9600,Pave,None,Reg,Lvl,AllPub,Corner,Gtl,NAmes,Norm,Norm,1Fam,1Story,5,6,1959,1959,Gable,CompShg,MetalSd,MetalSd,BrkFace,132.0,TA,TA,CBlock,TA,TA,No,ALQ,Unf,1041,GasA,Ex,Y,SBrkr,1041,1,0,1,0,3,1,TA,Typ,0,None,Attchd,1959.0,RFn,1,TA,TA,Y,224,88,0,0,0,0,None,MnPrv,None,0,7,2009,WD,Normal,124500
511,20,RL,75.0,14559,Pave,None,Reg,Lvl,AllPub,Inside,Gtl,NAmes,Norm,Norm,1Fam,1Story,5,7,1951,2000,Hip,CompShg,Wd Sdng,Wd Sdng,BrkCmn,70.0,Gd,TA,CBlock,TA,TA,No,BLQ,Rec,1008,GasA,Ex,Y,SBrkr,1363,1,0,1,0,2,1,TA,Min1,2,TA,CarPort,1951.0,Unf,1,TA,TA,Y,324,42,0,0,168,0,None,None,Shed,2000,6,2009,WD,Normal,164900
512,120,RL,40.0,6792,Pave,None,IR1,Lvl,AllPub,Inside,Gtl,NridgHt,Norm,Norm,TwnhsE,1Story,7,5,2005,2006,Gable,CompShg,VinylSd,VinylSd,Stone,94.0,Gd,TA,PConc,Gd,TA,No,Unf,Unf,1368,GasA,Ex,Y,SBrkr,1368,0,0,2,0,2,1,Gd,Typ,1,Gd,Attchd,2005.0,RFn,2,TA,TA,Y,132,35,0,0,0,0,None,None,None,0,3,2006,New,Partial,202665
513,20,RL,70.0,9100,Pave,None,Reg,Lvl,AllPub,Corner,Gtl,NAmes,Feedr,Norm,1Fam,1Story,5,5,1958,1958,Gable,CompShg,VinylSd,VinylSd,None,0.0,TA,TA,CBlock,TA,TA,No,BLQ,LwQ,864,GasA,TA,Y,SBrkr,864,1,0,1,0,3,1,TA,Typ,0,None,Detchd,1964.0,Unf,2,TA,TA,Y,0,0,0,0,0,0,None,None,None,0,7,2006,WD,Normal,129900
514,20,RL,71.0,9187,Pave,None,Reg,Bnk,AllPub,Corner,Gtl,Mitchel,Norm,Norm,1Fam,1Story,6,5,1983,1983,Gable,CompShg,VinylSd,VinylSd,None,0.0,TA,Gd,PConc,TA,TA,No,ALQ,Unf,1084,GasA,TA,Y,SBrkr,1080,0,0,1,1,3,1,TA,Typ,0,None,Attchd,1983.0,Unf,2,TA,TA,Y,120,0,158,0,0,0,None,None,None,0,6,2007,WD,Normal,134000
515,45,RL,55.0,10594,Pave,None,Reg,Lvl,AllPub,Inside,Gtl,Crawfor,Norm,Norm,1Fam,1.5Unf,5,5,1926,1950,Gable,CompShg,Wd Sdng,Wd Sdng,None,0.0,TA,TA,BrkTil,TA,TA,No,Unf,Unf,768,Grav,Fa,N,SBrkr,789,0,0,1,0,2,1,TA,Typ,0,None,Detchd,1926.0,Unf,1,Po,Po,Y,0,0,112,0,0,0,None,MnPrv,None,0,6,2007,WD,Normal,96500
516,20,RL,94.0,12220,Pave,None,Reg,Lvl,AllPub,Inside,Gtl,NridgHt,Norm,Norm,1Fam,1Story,10,5,2009,2009,Hip,CompShg,CemntBd,CmentBd,BrkFace,305.0,Ex,TA,CBlock,Ex,TA,No,GLQ,Unf,2006,GasA,Ex,Y,SBrkr,2020,1,0,2,1,3,1,Ex,Typ,1,Gd,Attchd,2009.0,Fin,3,TA,TA,Y,156,54,0,0,0,0,None,None,None,0,9,2009,New,Partial,402861
517,80,RL,80.0,10448,Pave,None,IR1,Lvl,AllPub,Corner,Gtl,NWAmes,Norm,Norm,1Fam,SLvl,6,6,1972,1972,Gable,CompShg,HdBoard,HdBoard,BrkFace,333.0,TA,TA,CBlock,TA,TA,No,Unf,Unf,689,GasA,TA,Y,SBrkr,2119,0,0,2,1,3,1,TA,Typ,1,TA,Attchd,1972.0,RFn,2,TA,TA,Y,0,104,0,0,0,0,None,GdPrv,None,0,8,2009,COD,Abnorml,158000
518,60,RL,79.0,10208,Pave,None,IR1,Lvl,AllPub,Inside,Gtl,NoRidge,Norm,Norm,1Fam,2Story,7,5,1996,1997,Gable,CompShg,VinylSd,VinylSd,BrkFace,921.0,Gd,TA,PConc,Gd,TA,No,Unf,Unf,1264,GasA,Ex,Y,SBrkr,2344,0,0,2,1,3,1,Gd,Typ,1,TA,Attchd,1996.0,RFn,3,TA,TA,Y,220,0,0,0,0,0,None,None,None,0,7,2009,WD,Normal,265000
519,60,RL,70.0,9531,Pave,None,IR1,Lvl,AllPub,CulDSac,Gtl,CollgCr,Norm,Norm,1Fam,2Story,6,5,1998,1998,Gable,CompShg,VinylSd,VinylSd,None,0.0,TA,TA,PConc,Gd,TA,Mn,GLQ,Unf,794,GasA,Ex,Y,SBrkr,1796,1,0,2,1,3,1,TA,Typ,0,None,Attchd,1998.0,RFn,2,TA,TA,Y,0,36,0,0,0,0,None,MnPrv,None,0,5,2007,WD,Normal,211000
520,70,RL,53.0,10918,Pave,None,Reg,Lvl,AllPub,Inside,Gtl,Crawfor,Norm,Norm,1Fam,2Story,7,9,1926,2004,Gambrel,CompShg,MetalSd,MetalSd,None,0.0,Gd,TA,BrkTil,Gd,TA,No,Unf,Unf,1276,GasA,Ex,Y,SBrkr,2080,0,0,1,1,3,1,Gd,Typ,2,Gd,Detchd,1926.0,Unf,1,TA,TA,Y,0,0,0,0,145,0,None,MnPrv,None,0,6,2009,WD,Normal,234000
521,190,RL,60.0,10800,Pave,Grvl,Reg,Lvl,AllPub,Inside,Gtl,OldTown,Norm,Norm,2fmCon,2Story,4,7,1900,2000,Gable,CompShg,MetalSd,MetalSd,None,0.0,TA,TA,BrkTil,None,None,None,None,None,0,GasA,TA,N,FuseA,1294,0,0,2,0,3,2,TA,Typ,0,None,None,0.0,None,0,None,None,N,220,114,210,0,0,0,None,None,None,0,8,2008,WD,Normal,106250
522,20,RL,90.0,11988,Pave,None,IR1,Lvl,AllPub,Corner,Gtl,NAmes,Feedr,Norm,1Fam,1Story,6,6,1957,1957,Gable,CompShg,VinylSd,VinylSd,None,0.0,TA,TA,CBlock,TA,TA,No,Rec,Unf,1244,GasA,Ex,Y,FuseA,1244,0,0,1,1,3,1,TA,Typ,2,Gd,Attchd,1957.0,Unf,1,TA,TA,Y,0,40,0,0,0,0,None,None,None,0,5,2007,WD,Normal,150000
523,50,RM,50.0,5000,Pave,None,Reg,Lvl,AllPub,Corner,Gtl,BrkSide,Feedr,Norm,1Fam,1.5Fin,6,7,1947,1950,Gable,CompShg,CemntBd,CmentBd,None,0.0,TA,Gd,CBlock,TA,TA,No,ALQ,Unf,1004,GasA,Ex,Y,SBrkr,1664,0,0,2,0,3,1,TA,Typ,2,Gd,Detchd,1950.0,Unf,2,TA,TA,Y,0,24,36,0,0,0,None,None,None,0,10,2006,WD,Normal,159000
524,60,RL,130.0,40094,Pave,None,IR1,Bnk,AllPub,Inside,Gtl,Edwards,PosN,PosN,1Fam,2Story,10,5,2007,2008,Hip,CompShg,CemntBd,CmentBd,Stone,762.0,Ex,TA,PConc,Ex,TA,Gd,GLQ,Unf,3138,GasA,Ex,Y,SBrkr,4676,1,0,3,1,3,1,Ex,Typ,1,Gd,BuiltIn,2007.0,Fin,3,TA,TA,Y,208,406,0,0,0,0,None,None,None,0,10,2007,New,Partial,184750
525,60,RL,95.0,11787,Pave,None,IR1,Lvl,AllPub,Inside,Gtl,NoRidge,Norm,Norm,1Fam,2Story,7,5,1996,1997,Gable,CompShg,VinylSd,VinylSd,BrkFace,594.0,Gd,TA,PConc,Gd,TA,No,GLQ,Unf,1379,GasA,Ex,Y,SBrkr,2398,1,0,2,1,3,1,Gd,Typ,1,TA,Attchd,1996.0,Fin,3,TA,TA,Y,239,60,0,0,0,0,None,None,None,0,8,2007,WD,Normal,315750
526,20,FV,62.0,7500,Pave,Pave,Reg,Lvl,AllPub,Inside,Gtl,Somerst,Norm,Norm,1Fam,1Story,7,5,2005,2005,Gable,CompShg,VinylSd,VinylSd,None,0.0,Gd,TA,PConc,Gd,TA,No,Unf,Unf,1257,GasA,Ex,Y,SBrkr,1266,0,0,2,0,3,1,Gd,Typ,1,TA,Attchd,2005.0,Unf,2,TA,TA,Y,38,144,0,0,0,0,None,None,None,0,4,2006,WD,Normal,176000
527,20,RL,70.0,13300,Pave,None,Reg,Lvl,AllPub,Inside,Gtl,NAmes,Norm,Norm,1Fam,1Story,5,7,1956,2000,Hip,CompShg,Wd Sdng,Wd Sdng,None,0.0,TA,TA,CBlock,Gd,TA,No,Rec,Unf,928,GasA,TA,Y,SBrkr,928,0,0,1,0,2,1,TA,Typ,0,None,Attchd,1956.0,Unf,1,TA,TA,Y,261,0,156,0,0,0,None,None,None,0,6,2007,WD,Normal,132000
528,60,RL,67.0,14948,Pave,None,IR1,Lvl,AllPub,Inside,Gtl,NridgHt,Norm,Norm,1Fam,2Story,9,5,2008,2008,Hip,CompShg,VinylSd,VinylSd,Stone,268.0,Ex,TA,PConc,Ex,TA,Av,GLQ,Unf,1452,GasA,Ex,Y,SBrkr,2713,1,0,2,1,3,1,Ex,Typ,1,Gd,Attchd,2008.0,Fin,3,TA,TA,Y,126,66,0,0,0,0,None,None,None,0,11,2008,New,Partial,446261
529,30,RL,58.0,9098,Pave,None,IR1,Lvl,AllPub,Inside,Gtl,Edwards,Norm,Norm,1Fam,1Story,4,7,1920,2002,Gable,CompShg,Wd Sdng,Wd Sdng,None,0.0,TA,TA,BrkTil,TA,TA,Mn,ALQ,Unf,528,GasA,Ex,Y,SBrkr,605,1,0,1,0,2,1,TA,Typ,0,None,None,0.0,None,0,None,None,N,0,0,144,0,0,0,None,None,None,0,7,2007,WD,Normal,86000
530,20,RL,74.0,32668,Pave,None,IR1,Lvl,AllPub,CulDSac,Gtl,Crawfor,Norm,Norm,1Fam,1Story,6,3,1957,1975,Hip,CompShg,Wd Sdng,Stone,None,0.0,Gd,TA,PConc,TA,TA,No,Rec,Unf,2035,GasA,TA,Y,SBrkr,2515,1,0,3,0,4,2,TA,Maj1,2,TA,Attchd,1975.0,RFn,2,TA,TA,Y,0,0,200,0,0,0,None,None,None,0,3,2007,WD,Alloca,200624
531,80,RL,85.0,10200,Pave,None,Reg,Lvl,AllPub,Inside,Gtl,Timber,Norm,Norm,1Fam,SLvl,6,5,1988,1989,Gable,CompShg,HdBoard,HdBoard,BrkFace,219.0,Gd,TA,CBlock,Gd,TA,Av,GLQ,Unf,1461,GasA,Ex,Y,SBrkr,1509,1,0,2,0,3,1,Gd,Typ,1,Fa,Attchd,1988.0,RFn,2,TA,TA,Y,224,0,0,0,0,0,None,None,None,0,8,2008,WD,Abnorml,175000
532,70,RM,60.0,6155,Pave,None,IR1,Lvl,AllPub,FR3,Gtl,BrkSide,RRNn,Feedr,1Fam,2Story,6,8,1920,1999,Gable,CompShg,Wd Sdng,Wd Sdng,None,0.0,TA,TA,BrkTil,Fa,Fa,Mn,Unf,Unf,611,GasA,Ex,Y,SBrkr,1362,0,0,2,0,3,1,TA,Typ,0,None,Detchd,1920.0,Fin,2,TA,Fa,Y,0,0,84,0,0,0,None,None,None,0,6,2008,WD,Normal,128000
533,20,RL,60.0,7200,Pave,None,Reg,Lvl,AllPub,Inside,Gtl,NAmes,Norm,Norm,1Fam,1Story,5,7,1955,2007,Gable,CompShg,VinylSd,VinylSd,None,0.0,TA,TA,Slab,None,None,None,None,None,0,GasA,Ex,Y,SBrkr,827,0,0,1,0,2,1,TA,Mod,1,Po,Detchd,1967.0,Unf,1,TA,TA,Y,0,0,0,0,0,0,None,None,None,0,4,2010,WD,Normal,107500
534,20,RL,50.0,5000,Pave,None,Reg,Low,AllPub,Inside,Mod,BrkSide,Norm,Norm,1Fam,1Story,1,3,1946,1950,Gable,CompShg,VinylSd,VinylSd,None,0.0,Fa,Fa,Slab,None,None,None,None,None,0,GasA,Fa,N,FuseF,334,0,0,1,0,1,1,Fa,Typ,0,None,None,0.0,None,0,None,None,N,0,0,0,0,0,0,None,None,None,0,1,2007,WD,Normal,39300
535,60,RL,74.0,9056,Pave,None,IR1,Lvl,AllPub,Inside,Gtl,Gilbert,Norm,Norm,1Fam,2Story,8,5,2004,2004,Gable,CompShg,VinylSd,VinylSd,None,0.0,Gd,TA,PConc,Ex,Gd,Av,Unf,Unf,707,GasA,Ex,Y,SBrkr,1414,0,0,2,1,3,1,Gd,Typ,1,Gd,Attchd,2004.0,Fin,2,TA,TA,Y,100,35,0,0,0,0,None,None,None,0,10,2006,WD,Normal,178000
536,190,RL,70.0,7000,Pave,None,Reg,Lvl,AllPub,Inside,Gtl,Edwards,Norm,Norm,2fmCon,2Story,5,7,1910,1991,Gable,CompShg,MetalSd,MetalSd,None,0.0,TA,TA,CBlock,Gd,TA,Gd,GLQ,Unf,1117,GasA,TA,Y,SBrkr,1347,1,0,1,0,3,1,TA,Typ,0,None,None,0.0,None,0,None,None,N,85,0,148,0,0,0,None,None,None,0,1,2008,WD,Normal,107500
537,60,RL,57.0,8924,Pave,None,IR1,Lvl,AllPub,CulDSac,Gtl,CollgCr,Norm,Norm,1Fam,2Story,7,5,1998,1999,Gable,CompShg,VinylSd,VinylSd,None,0.0,TA,TA,PConc,Gd,TA,Av,Unf,Unf,880,GasA,Ex,Y,SBrkr,1724,0,0,2,1,3,1,Gd,Typ,0,None,Attchd,1998.0,Fin,2,TA,TA,Y,120,155,0,0,0,0,None,None,None,0,7,2008,WD,Normal,188000
538,20,RL,73.0,12735,Pave,None,IR1,Lvl,AllPub,FR2,Gtl,NAmes,Norm,Norm,1Fam,1Story,4,5,1972,1972,Hip,CompShg,MetalSd,MetalSd,None,0.0,TA,TA,CBlock,TA,TA,No,BLQ,Unf,864,GasA,TA,Y,SBrkr,864,0,0,1,0,3,1,TA,Typ,0,None,Detchd,1980.0,Unf,2,TA,TA,Y,216,0,0,0,0,0,None,MnWw,None,0,4,2008,COD,Normal,111250
539,20,RL,71.0,11553,Pave,None,IR1,Lvl,AllPub,Inside,Gtl,Sawyer,Norm,Norm,1Fam,1Story,5,5,1968,1968,Hip,CompShg,Plywood,Plywood,BrkFace,188.0,TA,TA,CBlock,TA,TA,No,BLQ,Unf,1051,GasA,TA,Y,SBrkr,1159,0,0,1,1,3,1,TA,Typ,1,Fa,Attchd,1968.0,Unf,1,TA,TA,Y,466,0,0,0,0,0,None,None,None,0,7,2006,WD,Normal,158000
540,20,RL,70.0,11423,Pave,None,Reg,Lvl,AllPub,Inside,Gtl,CollgCr,Norm,Norm,1Fam,1Story,8,5,2001,2002,Gable,CompShg,VinylSd,VinylSd,BrkFace,479.0,Gd,TA,PConc,Gd,TA,Av,GLQ,Unf,1581,GasA,Ex,Y,SBrkr,1601,1,0,2,0,3,1,Gd,Typ,1,TA,Attchd,2001.0,RFn,2,TA,TA,Y,180,0,0,0,0,0,None,MnPrv,Shed,2000,5,2010,WD,Normal,272000
541,20,RL,85.0,14601,Pave,None,Reg,Lvl,AllPub,Inside,Gtl,Timber,Norm,Norm,1Fam,1Story,9,5,2006,2006,Hip,CompShg,VinylSd,VinylSd,BrkFace,584.0,Ex,TA,PConc,Ex,TA,Av,GLQ,Unf,1838,GasA,Ex,Y,SBrkr,1838,1,0,2,0,2,1,Ex,Typ,1,Gd,Attchd,2006.0,Fin,3,TA,TA,Y,270,68,0,0,0,0,None,None,None,0,3,2009,WD,Normal,315000
542,60,RL,91.0,11000,Pave,None,Reg,Lvl,AllPub,FR2,Gtl,NoRidge,Norm,Norm,1Fam,2Story,8,5,2000,2000,Gable,CompShg,VinylSd,VinylSd,BrkFace,72.0,Gd,TA,PConc,Gd,TA,No,Unf,Unf,969,GasA,Ex,Y,SBrkr,2285,0,0,2,1,4,1,Gd,Typ,1,TA,BuiltIn,2000.0,Fin,3,TA,TA,Y,0,56,0,0,0,0,None,None,None,0,6,2007,WD,Normal,248000
543,20,RL,78.0,10140,Pave,None,Reg,Lvl,AllPub,Inside,Gtl,NWAmes,RRAn,Norm,1Fam,1Story,7,5,1998,1999,Hip,CompShg,VinylSd,VinylSd,None,0.0,Gd,TA,PConc,Ex,TA,No,LwQ,GLQ,1650,GasA,Ex,Y,SBrkr,1680,1,0,2,0,3,1,Gd,Maj1,1,TA,Attchd,1998.0,Fin,2,TA,TA,Y,78,73,0,0,0,0,None,None,None,0,6,2009,WD,Normal,213250
544,120,RH,34.0,4058,Pave,None,Reg,Lvl,AllPub,Inside,Gtl,NAmes,Norm,Norm,TwnhsE,SFoyer,7,5,1998,1998,Gable,CompShg,MetalSd,MetalSd,BrkFace,182.0,TA,TA,PConc,Gd,TA,Av,GLQ,LwQ,723,GasA,Ex,Y,SBrkr,767,1,0,1,0,1,1,TA,Typ,0,None,Attchd,1998.0,Fin,1,TA,TA,Y,120,40,0,0,0,0,None,None,None,0,6,2007,WD,Normal,133000
545,60,RL,58.0,17104,Pave,None,IR1,Lvl,AllPub,Inside,Gtl,Gilbert,Norm,Norm,1Fam,2Story,7,5,2006,2006,Gable,CompShg,VinylSd,VinylSd,None,0.0,Gd,TA,PConc,Gd,Gd,Av,GLQ,Unf,654,GasA,Ex,Y,SBrkr,1496,1,0,2,1,3,1,Gd,Typ,1,Gd,Attchd,2006.0,RFn,2,TA,TA,Y,100,24,0,0,0,0,None,None,None,0,9,2006,New,Partial,179665
546,50,RL,80.0,13837,Pave,None,IR1,Lvl,AllPub,Corner,Gtl,NWAmes,Norm,Norm,1Fam,1.5Fin,7,5,1988,1988,Gable,CompShg,HdBoard,HdBoard,BrkFace,178.0,Gd,Gd,PConc,Gd,Gd,No,GLQ,LwQ,1204,GasA,Gd,Y,SBrkr,2183,0,0,2,1,4,1,Gd,Typ,0,None,Attchd,1988.0,Unf,3,TA,TA,Y,0,0,0,0,0,0,None,None,None,0,2,2006,WD,Normal,229000
547,50,RL,70.0,8737,Pave,None,IR1,Bnk,AllPub,Inside,Gtl,BrkSide,Norm,Norm,1Fam,1.5Fin,6,7,1923,1950,Gable,CompShg,BrkFace,Wd Sdng,None,0.0,TA,TA,BrkTil,Gd,TA,No,Rec,Unf,1065,GasA,Ex,Y,FuseA,1635,0,0,1,1,3,1,TA,Typ,1,Gd,Detchd,1950.0,Unf,2,TA,TA,Y,0,38,0,144,0,0,None,None,None,0,5,2007,WD,Normal,210000
548,85,RL,54.0,7244,Pave,None,Reg,Lvl,AllPub,Inside,Gtl,Mitchel,Norm,Norm,1Fam,SFoyer,5,7,1970,1970,Gable,CompShg,VinylSd,VinylSd,None,0.0,TA,Gd,CBlock,Gd,TA,Av,ALQ,Unf,768,GasA,Ex,Y,SBrkr,768,1,0,1,0,2,1,TA,Typ,0,None,Detchd,1987.0,Unf,2,TA,TA,Y,104,0,0,0,0,0,None,None,None,0,4,2007,WD,Normal,129500
549,20,RM,49.0,8235,Pave,None,IR1,HLS,AllPub,Inside,Gtl,OldTown,Feedr,RRNn,1Fam,1Story,5,7,1955,1995,Gable,CompShg,MetalSd,MetalSd,None,0.0,TA,Gd,CBlock,TA,TA,No,LwQ,Rec,825,GasA,TA,Y,SBrkr,825,1,0,1,0,2,1,TA,Typ,0,None,Detchd,1963.0,RFn,2,TA,TA,Y,140,50,0,0,0,0,None,MnPrv,None,0,6,2008,WD,Normal,125000
550,60,FV,75.0,9375,Pave,None,Reg,Lvl,AllPub,Inside,Gtl,Somerst,Norm,Norm,1Fam,2Story,7,5,2003,2004,Gable,CompShg,VinylSd,VinylSd,None,0.0,Gd,TA,PConc,Gd,TA,No,Unf,Unf,912,GasA,Ex,Y,SBrkr,2094,0,0,2,1,4,1,Gd,Typ,1,Gd,BuiltIn,2003.0,Fin,2,TA,TA,Y,182,182,0,0,0,0,None,None,None,0,11,2009,WD,Normal,263000
551,120,RL,53.0,4043,Pave,None,Reg,Lvl,AllPub,Inside,Gtl,NPkVill,Norm,Norm,TwnhsE,1Story,6,6,1977,1977,Gable,CompShg,Plywood,Plywood,None,0.0,TA,TA,CBlock,Gd,TA,No,ALQ,Unf,1069,GasA,TA,Y,SBrkr,1069,0,0,2,0,2,1,TA,Typ,0,None,Attchd,1977.0,RFn,2,TA,TA,Y,0,55,0,0,200,0,None,None,None,0,10,2008,COD,Abnorml,140000
552,20,RM,50.0,6000,Pave,None,Reg,Lvl,AllPub,Inside,Gtl,OldTown,Norm,Norm,1Fam,1Story,5,6,1957,1957,Hip,CompShg,BrkFace,BrkFace,None,0.0,TA,TA,CBlock,TA,TA,No,Rec,Unf,928,GasA,Gd,Y,FuseA,928,0,0,1,0,3,1,TA,Typ,0,None,Attchd,1957.0,Fin,1,TA,TA,Y,0,0,0,0,0,0,None,None,None,0,6,2008,WD,Normal,112500
553,20,RL,87.0,11146,Pave,None,IR1,Lvl,AllPub,Inside,Gtl,NridgHt,Norm,Norm,1Fam,1Story,8,5,2006,2006,Gable,CompShg,VinylSd,VinylSd,Stone,250.0,Gd,TA,PConc,Ex,TA,Av,Unf,Unf,1709,GasA,Ex,Y,SBrkr,1717,0,0,2,0,3,1,Gd,Typ,1,Gd,Attchd,2006.0,RFn,3,TA,TA,Y,169,39,0,0,0,0,None,None,None,0,7,2009,WD,Normal,255500
554,20,RL,67.0,8777,Pave,None,Reg,Lvl,AllPub,Inside,Gtl,Edwards,Feedr,Norm,1Fam,1Story,4,5,1949,2003,Gable,CompShg,VinylSd,VinylSd,None,0.0,TA,TA,CBlock,None,None,None,None,None,0,GasA,Ex,Y,SBrkr,1126,0,0,2,0,2,1,Gd,Typ,0,None,Detchd,2002.0,Fin,2,TA,TA,N,0,96,0,0,0,0,None,MnPrv,None,0,5,2009,WD,Normal,108000
555,60,RL,85.0,10625,Pave,None,Reg,Lvl,AllPub,Inside,Gtl,NridgHt,Norm,Norm,1Fam,2Story,7,5,2003,2004,Gable,CompShg,VinylSd,VinylSd,BrkFace,292.0,Gd,TA,PConc,Gd,TA,No,GLQ,Unf,998,GasA,Ex,Y,SBrkr,2046,1,0,2,1,3,1,Gd,Typ,1,Gd,BuiltIn,2003.0,RFn,3,TA,TA,Y,320,62,0,0,0,0,None,None,None,0,8,2008,WD,Normal,284000
556,45,RM,58.0,6380,Pave,None,Reg,Lvl,AllPub,Inside,Gtl,BrkSide,Norm,Norm,1Fam,1.5Unf,5,6,1922,1950,Gable,CompShg,MetalSd,MetalSd,None,0.0,TA,TA,BrkTil,TA,Fa,No,Unf,Unf,993,GasA,TA,Y,FuseA,1048,0,0,1,0,2,1,TA,Typ,1,Gd,Detchd,1922.0,Unf,1,TA,TA,Y,0,0,116,0,0,0,None,None,None,0,8,2006,WD,Normal,113000
557,20,RL,69.0,14850,Pave,None,IR1,Lvl,AllPub,Inside,Gtl,NAmes,Norm,Norm,1Fam,1Story,5,5,1957,1957,Gable,CompShg,Wd Sdng,Wd Sdng,None,0.0,TA,TA,CBlock,TA,TA,No,Rec,Unf,1092,GasA,TA,Y,FuseA,1092,1,0,1,0,2,1,TA,Typ,1,TA,Attchd,1957.0,Fin,1,TA,TA,Y,268,0,0,0,122,0,None,MnWw,None,0,5,2006,WD,Normal,141000
558,50,C (all),60.0,11040,Pave,None,Reg,Low,AllPub,Inside,Mod,IDOTRR,Norm,Norm,1Fam,1.5Fin,4,6,1920,1950,Gable,CompShg,MetalSd,MetalSd,None,0.0,TA,TA,CBlock,TA,TA,No,Rec,Unf,637,GasA,Gd,Y,SBrkr,1336,0,0,1,1,3,1,TA,Typ,0,None,CarPort,1994.0,Unf,1,TA,TA,Y,0,47,120,0,0,0,None,None,None,0,9,2006,COD,Normal,108000
559,60,RL,57.0,21872,Pave,None,IR2,HLS,AllPub,FR2,Gtl,Gilbert,Norm,Norm,1Fam,2Story,7,5,1996,1997,Gable,CompShg,HdBoard,HdBoard,None,0.0,TA,TA,PConc,Gd,TA,Gd,GLQ,Unf,729,GasA,Ex,Y,SBrkr,1446,0,1,2,1,3,1,TA,Typ,1,TA,Attchd,1996.0,Unf,2,TA,TA,Y,264,22,0,0,0,0,None,None,None,0,8,2008,WD,Normal,175000
560,120,RL,43.0,3196,Pave,None,Reg,Lvl,AllPub,Inside,Gtl,Blmngtn,Norm,Norm,TwnhsE,1Story,7,5,2003,2004,Gable,CompShg,VinylSd,VinylSd,BrkFace,18.0,Gd,TA,PConc,Gd,TA,Gd,Unf,Unf,1374,GasA,Ex,Y,SBrkr,1557,0,0,2,0,2,1,Gd,Typ,1,TA,Attchd,2003.0,Fin,2,TA,TA,Y,143,20,0,0,0,0,None,None,None,0,10,2006,WD,Normal,234000
561,20,RL,71.0,11341,Pave,None,IR1,Lvl,AllPub,Inside,Gtl,Sawyer,Norm,Norm,1Fam,1Story,5,6,1957,1996,Hip,CompShg,Wd Sdng,Wd Sdng,BrkFace,180.0,TA,TA,CBlock,Gd,TA,No,ALQ,Unf,1392,GasA,TA,Y,SBrkr,1392,1,0,1,1,3,1,TA,Mod,1,Gd,Detchd,1957.0,Unf,2,TA,TA,Y,0,0,0,0,95,0,None,None,None,0,5,2010,WD,Normal,121500
562,20,RL,77.0,10010,Pave,None,Reg,Lvl,AllPub,Inside,Mod,Mitchel,Norm,Norm,1Fam,1Story,5,5,1974,1975,Gable,CompShg,HdBoard,HdBoard,None,0.0,TA,TA,CBlock,Gd,TA,Av,ALQ,LwQ,1389,GasA,Gd,Y,SBrkr,1389,1,0,1,0,2,1,TA,Typ,1,TA,Attchd,1975.0,RFn,2,TA,TA,Y,240,38,0,0,0,0,None,None,None,0,4,2006,WD,Normal,170000
563,30,RL,63.0,13907,Pave,None,Reg,Lvl,AllPub,Inside,Gtl,Edwards,Norm,Norm,1Fam,1Story,5,6,1940,1969,Gable,CompShg,WdShing,Wd Shng,None,0.0,TA,TA,CBlock,TA,TA,No,BLQ,Unf,996,GasA,Ex,Y,SBrkr,996,1,0,1,0,3,1,TA,Typ,1,Gd,None,0.0,None,0,None,None,Y,144,0,0,0,0,0,None,None,None,0,7,2008,WD,Normal,108000
564,50,RL,66.0,21780,Pave,None,Reg,Lvl,AllPub,Inside,Gtl,Edwards,Norm,Norm,1Fam,1.5Fin,6,7,1918,1950,Gable,CompShg,Wd Sdng,Wd Sdng,None,0.0,TA,TA,BrkTil,Gd,TA,Mn,Unf,Unf,1163,GasA,Ex,Y,SBrkr,1674,0,0,2,0,4,1,TA,Typ,1,Gd,Detchd,1955.0,Fin,2,TA,TA,N,72,36,0,0,144,0,None,None,None,0,7,2008,WD,Normal,185000
565,60,RL,91.0,13346,Pave,None,IR1,Lvl,AllPub,CulDSac,Gtl,NoRidge,Norm,Norm,1Fam,2Story,7,5,1992,2000,Gable,CompShg,HdBoard,HdBoard,None,0.0,Gd,TA,PConc,Gd,TA,No,GLQ,Unf,1095,GasA,Ex,Y,SBrkr,2295,1,0,2,1,4,1,Gd,Typ,1,TA,Attchd,1992.0,RFn,2,TA,TA,Y,0,40,0,0,0,0,None,None,None,0,7,2006,WD,Normal,268000
566,70,RL,66.0,6858,Pave,None,Reg,Bnk,AllPub,Corner,Gtl,SWISU,Norm,Norm,1Fam,2Story,6,4,1915,1950,Gable,CompShg,Wd Sdng,Wd Sdng,None,0.0,TA,TA,PConc,Gd,TA,No,Unf,Unf,806,GasA,TA,N,FuseF,1647,1,0,1,1,4,1,Fa,Typ,0,None,Detchd,1920.0,Unf,1,TA,TA,Y,0,66,136,0,0,0,None,None,None,0,5,2010,WD,Normal,128000
567,60,RL,77.0,11198,Pave,None,IR1,Lvl,AllPub,Inside,Gtl,StoneBr,Norm,Norm,1Fam,2Story,9,5,2005,2007,Hip,CompShg,VinylSd,VinylSd,BrkFace,245.0,Gd,TA,PConc,Gd,Gd,No,Unf,Unf,1122,GasA,Ex,Y,SBrkr,2504,0,0,2,1,4,1,Ex,Typ,1,Gd,BuiltIn,2005.0,Fin,3,TA,TA,Y,144,39,0,0,0,0,None,None,None,0,6,2008,WD,Normal,325000
568,20,RL,70.0,10171,Pave,None,IR1,Lvl,AllPub,Inside,Gtl,NridgHt,Norm,Norm,1Fam,1Story,7,5,2004,2004,Gable,CompShg,VinylSd,VinylSd,BrkFace,168.0,Gd,TA,PConc,Gd,TA,No,GLQ,Unf,1517,GasA,Ex,Y,SBrkr,1535,0,0,2,0,3,1,Gd,Typ,0,None,Attchd,2004.0,RFn,2,TA,TA,Y,0,0,0,0,0,0,None,None,None,0,3,2010,WD,Normal,214000
569,50,RL,79.0,12327,Pave,None,IR1,Low,AllPub,Inside,Mod,SawyerW,Norm,Norm,1Fam,1.5Fin,8,8,1983,2009,Gable,CompShg,Wd Sdng,Wd Sdng,None,0.0,Gd,TA,CBlock,Gd,TA,Gd,GLQ,Unf,1496,GasA,Ex,Y,SBrkr,2132,1,0,1,1,1,1,Gd,Min2,1,Gd,BuiltIn,1983.0,Fin,2,Gd,TA,Y,349,40,0,0,0,0,None,None,None,0,9,2009,WD,Normal,316600
570,90,RL,73.0,7032,Pave,None,IR1,Lvl,AllPub,Corner,Gtl,NAmes,Norm,Norm,Duplex,SFoyer,5,5,1979,1979,Gable,CompShg,MetalSd,MetalSd,None,0.0,TA,TA,CBlock,Gd,TA,Gd,GLQ,Unf,943,GasA,TA,Y,SBrkr,943,1,0,1,0,2,1,TA,Typ,2,TA,Detchd,1979.0,Unf,2,TA,TA,Y,42,0,0,0,0,0,None,None,None,0,12,2006,WD,Normal,135960
571,90,RL,74.0,13101,Pave,None,IR1,Lvl,AllPub,Inside,Gtl,NAmes,Norm,Norm,Duplex,1Story,5,5,1965,1965,Gable,CompShg,HdBoard,HdBoard,BrkFace,108.0,TA,TA,CBlock,TA,TA,No,LwQ,Unf,1728,GasA,TA,Y,SBrkr,1728,0,0,2,0,6,2,TA,Typ,0,None,Detchd,1987.0,Unf,2,TA,TA,Y,0,0,0,0,0,0,None,None,None,0,11,2008,WD,Normal,142600
572,20,RL,60.0,7332,Pave,None,Reg,Lvl,AllPub,Inside,Gtl,NAmes,Norm,Norm,1Fam,1Story,6,6,1959,1959,Gable,CompShg,WdShing,Wd Shng,BrkFace,207.0,TA,TA,CBlock,TA,TA,No,BLQ,Unf,864,GasA,Ex,Y,SBrkr,864,1,0,1,0,2,1,Gd,Typ,0,None,Attchd,1959.0,Unf,1,TA,TA,Y,168,0,0,0,0,0,None,None,None,0,10,2006,WD,Abnorml,120000
573,60,RL,83.0,13159,Pave,None,IR1,HLS,AllPub,Corner,Gtl,Timber,Norm,Norm,1Fam,2Story,7,5,2009,2009,Gable,CompShg,VinylSd,VinylSd,None,0.0,TA,TA,PConc,Ex,TA,Av,Unf,Unf,846,GasA,Gd,Y,SBrkr,1692,0,0,2,1,3,1,Gd,Typ,0,None,Attchd,2009.0,RFn,2,TA,TA,Y,208,114,0,0,0,0,None,None,None,0,7,2009,New,Partial,224500
574,80,RL,76.0,9967,Pave,None,IR1,Lvl,AllPub,Inside,Gtl,Gilbert,Norm,Norm,1Fam,SLvl,7,5,2000,2000,Gable,CompShg,VinylSd,VinylSd,None,0.0,TA,TA,PConc,Gd,TA,No,Unf,Unf,384,GasA,Ex,Y,SBrkr,1430,0,0,2,1,3,1,TA,Typ,1,TA,BuiltIn,2000.0,RFn,2,TA,TA,Y,100,0,0,0,0,0,None,None,None,0,12,2007,WD,Normal,170000
575,80,RL,70.0,10500,Pave,None,Reg,Lvl,AllPub,FR2,Gtl,NAmes,Norm,Norm,1Fam,SLvl,5,7,1971,2005,Gambrel,CompShg,MetalSd,AsphShn,BrkFace,82.0,TA,TA,CBlock,TA,TA,Av,ALQ,Unf,372,GasA,TA,Y,SBrkr,1109,0,1,1,0,3,1,TA,Typ,0,None,BuiltIn,1971.0,Unf,1,TA,TA,Y,35,0,0,0,0,0,None,GdWo,None,0,12,2007,WD,Normal,139000
576,50,RL,80.0,8480,Pave,None,Reg,Lvl,AllPub,Inside,Gtl,NAmes,Norm,Norm,1Fam,1.5Fin,5,5,1947,1950,Gable,CompShg,MetalSd,MetalSd,None,0.0,TA,TA,CBlock,TA,TA,No,Rec,Unf,832,GasA,TA,Y,SBrkr,1216,0,0,1,0,2,1,TA,Typ,0,None,Detchd,1947.0,Unf,1,TA,TA,Y,158,0,102,0,0,0,None,None,None,0,10,2008,COD,Abnorml,118500
577,50,RL,52.0,6292,Pave,None,Reg,Lvl,AllPub,Inside,Gtl,SWISU,Norm,Norm,1Fam,1.5Fin,7,7,1928,1950,Gable,CompShg,Wd Sdng,Wd Sdng,None,0.0,TA,TA,BrkTil,TA,TA,No,Unf,Unf,861,GasA,Gd,Y,SBrkr,1477,0,1,2,0,3,1,TA,Typ,1,Gd,Detchd,1928.0,Unf,1,TA,TA,Y,0,50,0,0,0,0,None,None,None,0,8,2009,WD,Normal,145000
578,80,RL,96.0,11777,Pave,None,IR1,Lvl,AllPub,Inside,Gtl,Sawyer,Norm,Norm,1Fam,SLvl,5,6,1966,1966,Gable,CompShg,VinylSd,VinylSd,BrkFace,97.0,TA,TA,CBlock,TA,TA,Av,LwQ,ALQ,1164,GasA,Ex,Y,SBrkr,1320,1,0,1,0,3,1,TA,Typ,2,Fa,Attchd,1966.0,RFn,2,TA,TA,Y,160,68,240,0,0,0,None,None,None,0,5,2006,WD,Abnorml,164500
579,160,FV,34.0,3604,Pave,Pave,Reg,Lvl,AllPub,Corner,Gtl,Somerst,Norm,Norm,TwnhsE,2Story,7,5,2007,2007,Gable,CompShg,VinylSd,VinylSd,None,0.0,Gd,TA,PConc,Gd,TA,No,Unf,Unf,689,GasA,Ex,Y,SBrkr,1392,0,0,2,0,2,1,Gd,Typ,0,None,Detchd,2007.0,Unf,2,TA,TA,Y,0,102,0,0,0,0,None,None,None,0,2,2008,WD,Abnorml,146000
580,50,RM,81.0,12150,Pave,Grvl,Reg,Lvl,AllPub,Inside,Gtl,OldTown,Norm,Norm,1Fam,1.5Fin,5,5,1954,1954,Gable,CompShg,MetalSd,MetalSd,BrkFace,335.0,TA,TA,BrkTil,TA,TA,No,Unf,Unf,1050,GasA,Ex,N,FuseF,1795,0,0,2,0,4,1,TA,Typ,0,None,Attchd,1954.0,Unf,1,Fa,TA,Y,0,0,0,0,0,0,None,None,None,0,11,2008,WD,Normal,131500
581,20,RL,73.0,14585,Pave,None,IR1,Lvl,AllPub,CulDSac,Gtl,NAmes,Norm,Norm,1Fam,1Story,6,6,1960,1987,Gable,CompShg,Wd Sdng,Wd Sdng,BrkFace,85.0,TA,TA,CBlock,TA,TA,No,BLQ,Rec,1144,GasA,Ex,Y,SBrkr,1429,0,1,1,0,3,1,Gd,Typ,2,Gd,Attchd,1960.0,Unf,2,TA,TA,Y,216,110,0,0,0,0,None,None,None,0,6,2007,WD,Normal,181900
582,20,RL,98.0,12704,Pave,None,Reg,Lvl,AllPub,Inside,Gtl,NridgHt,Norm,Norm,1Fam,1Story,8,5,2008,2009,Hip,CompShg,VinylSd,VinylSd,BrkFace,306.0,Ex,TA,PConc,Ex,TA,No,Unf,Unf,2042,GasA,Ex,Y,SBrkr,2042,0,0,2,1,3,1,Ex,Typ,1,Gd,Attchd,2009.0,RFn,3,TA,TA,Y,0,90,0,0,0,0,None,None,None,0,8,2009,New,Partial,253293
583,90,RL,81.0,11841,Grvl,None,Reg,Lvl,AllPub,Inside,Gtl,Edwards,Norm,Norm,Duplex,SFoyer,6,5,1990,1990,Gable,CompShg,HdBoard,HdBoard,BrkFace,104.0,TA,Gd,CBlock,Gd,TA,Av,GLQ,Unf,816,GasA,TA,Y,SBrkr,816,1,0,1,0,3,1,TA,Typ,0,None,None,0.0,None,0,None,None,Y,0,32,0,0,0,0,None,None,None,0,5,2007,WD,Normal,118500
584,75,RM,75.0,13500,Pave,None,Reg,Lvl,AllPub,Inside,Gtl,OldTown,Artery,PosA,1Fam,2.5Unf,10,9,1893,2000,Gable,CompShg,Wd Sdng,Wd Sdng,None,0.0,Ex,Ex,BrkTil,TA,TA,No,Unf,Unf,1237,GasA,Gd,Y,SBrkr,2775,0,0,3,1,3,1,Gd,Typ,1,Gd,Detchd,1988.0,Unf,2,Gd,TA,Y,105,502,0,0,0,0,None,None,None,0,7,2008,WD,Normal,325000
585,50,RM,51.0,6120,Pave,None,Reg,Lvl,AllPub,Inside,Gtl,BrkSide,Norm,Norm,1Fam,1.5Fin,4,7,1935,1995,Gable,CompShg,AsbShng,AsbShng,None,0.0,TA,TA,BrkTil,TA,TA,No,Unf,Unf,884,GasA,Ex,Y,SBrkr,1573,0,0,1,0,3,1,Gd,Typ,0,None,Detchd,1935.0,Unf,1,TA,TA,Y,0,0,54,0,120,0,None,None,None,0,7,2009,WD,Normal,133000
586,20,RL,88.0,11443,Pave,None,Reg,Lvl,AllPub,Inside,Gtl,Timber,Norm,Norm,1Fam,1Story,8,5,2005,2006,Hip,CompShg,VinylSd,VinylSd,BrkFace,208.0,Gd,TA,PConc,Ex,TA,Gd,GLQ,Unf,1868,GasA,Ex,Y,SBrkr,2028,1,0,2,0,2,1,Gd,Typ,2,Gd,Attchd,2005.0,RFn,3,TA,TA,Y,326,66,0,0,0,0,None,None,None,0,3,2006,New,Partial,369900
587,30,RL,55.0,10267,Pave,None,Reg,Lvl,AllPub,Inside,Gtl,BrkSide,RRAn,Norm,1Fam,1Story,6,7,1918,2000,Gable,CompShg,Stucco,Wd Shng,None,0.0,TA,Gd,BrkTil,TA,Gd,Mn,Rec,ALQ,816,GasA,Ex,Y,SBrkr,838,1,0,1,0,2,1,Fa,Typ,0,None,Detchd,1961.0,Fin,1,TA,TA,N,0,0,112,0,0,0,None,MnWw,None,0,5,2008,WD,Normal,130000
588,85,RL,74.0,8740,Pave,None,IR1,Lvl,AllPub,Inside,Gtl,Sawyer,Norm,Norm,1Fam,SFoyer,5,6,1982,1982,Hip,CompShg,HdBoard,HdBoard,None,0.0,TA,TA,CBlock,TA,TA,Av,ALQ,Unf,840,GasA,TA,Y,SBrkr,860,1,0,1,0,2,1,TA,Typ,0,None,Detchd,1996.0,Unf,2,TA,TA,Y,0,0,0,0,0,0,None,None,None,0,7,2009,WD,Normal,137000
589,20,RL,65.0,25095,Pave,None,IR1,Low,AllPub,Inside,Sev,ClearCr,Norm,Norm,1Fam,1Story,5,8,1968,2003,Flat,Tar&Grv,Wd Sdng,Wd Sdng,None,0.0,TA,TA,CBlock,TA,TA,Gd,GLQ,Unf,1437,GasA,Ex,Y,SBrkr,1473,2,0,1,0,1,1,Ex,Typ,2,Gd,Attchd,1968.0,Unf,1,TA,TA,Y,0,48,0,0,60,0,None,None,None,0,6,2009,WD,Partial,143000
590,40,RM,50.0,9100,Pave,None,Reg,Lvl,AllPub,Inside,Gtl,BrkSide,RRAn,Feedr,1Fam,1Story,5,6,1930,1960,Gable,CompShg,VinylSd,VinylSd,None,0.0,TA,TA,BrkTil,TA,TA,No,Unf,Unf,742,GasA,TA,Y,FuseA,935,0,0,1,0,2,1,TA,Typ,0,None,Detchd,1988.0,Unf,1,TA,TA,P,0,0,0,0,0,0,None,None,Shed,600,8,2008,WD,Normal,79500
591,60,RL,64.0,8320,Pave,None,Reg,Lvl,AllPub,Inside,Gtl,CollgCr,Norm,Norm,1Fam,2Story,7,5,2004,2004,Gable,CompShg,VinylSd,VinylSd,None,0.0,Gd,TA,PConc,Gd,TA,No,GLQ,Unf,770,GasA,Ex,Y,SBrkr,1582,0,0,2,1,3,1,Gd,Typ,0,None,Attchd,2004.0,RFn,2,TA,TA,Y,0,45,0,0,0,0,None,None,None,0,9,2008,WD,Normal,185900
592,60,RL,97.0,13478,Pave,None,IR1,Lvl,AllPub,Corner,Gtl,NridgHt,Norm,Norm,1Fam,2Story,10,5,2008,2008,Gable,CompShg,CemntBd,CmentBd,Stone,420.0,Ex,TA,PConc,Ex,TA,Gd,GLQ,Unf,1722,GasA,Ex,Y,SBrkr,2296,1,0,2,1,3,1,Ex,Typ,1,Gd,BuiltIn,2008.0,RFn,3,TA,TA,Y,382,274,0,0,0,0,None,None,None,0,6,2009,ConLI,Normal,451950
593,20,RL,60.0,6600,Pave,None,Reg,Lvl,AllPub,Inside,Gtl,Mitchel,Norm,Norm,1Fam,1Story,5,8,1982,2003,Gable,CompShg,HdBoard,HdBoard,None,0.0,TA,Gd,PConc,TA,Gd,No,GLQ,Unf,816,GasA,Ex,Y,SBrkr,816,1,0,1,0,2,1,TA,Typ,0,None,Detchd,1985.0,Fin,2,TA,TA,Y,0,0,0,0,0,0,None,None,None,0,6,2008,WD,Normal,138000
594,120,RM,70.0,4435,Pave,None,Reg,Lvl,AllPub,Inside,Gtl,CollgCr,Norm,Norm,TwnhsE,1Story,6,5,2003,2003,Gable,CompShg,VinylSd,VinylSd,BrkFace,170.0,Gd,TA,PConc,Gd,TA,Av,GLQ,Unf,848,GasA,Ex,Y,SBrkr,848,1,0,1,0,1,1,Gd,Typ,0,None,Attchd,2003.0,Fin,2,TA,TA,Y,140,0,0,0,0,0,None,None,None,0,5,2009,WD,Normal,140000
595,20,RL,88.0,7990,Pave,None,IR1,Lvl,AllPub,Inside,Gtl,CollgCr,Norm,Norm,1Fam,1Story,5,6,1975,1975,Hip,CompShg,HdBoard,HdBoard,None,0.0,TA,TA,CBlock,Gd,TA,No,Unf,Unf,924,GasA,TA,Y,SBrkr,924,0,0,1,0,3,1,TA,Typ,0,None,Detchd,1981.0,Unf,1,TA,TA,Y,0,0,0,0,0,0,None,MnPrv,None,0,4,2008,WD,Normal,110000
596,20,RL,69.0,11302,Pave,None,IR1,Lvl,AllPub,Inside,Gtl,StoneBr,Norm,Norm,1Fam,1Story,8,5,2005,2006,Gable,CompShg,VinylSd,Other,BrkFace,238.0,Gd,TA,PConc,Gd,TA,Gd,GLQ,Unf,1814,GasA,Ex,Y,SBrkr,1826,1,0,2,0,3,1,Gd,Typ,1,TA,Attchd,2005.0,Fin,3,TA,TA,Y,180,75,0,0,120,0,None,None,None,0,8,2006,New,Partial,319000
597,70,RM,60.0,3600,Pave,Grvl,Reg,Lvl,AllPub,Inside,Gtl,OldTown,Norm,Norm,1Fam,2Story,6,7,1910,1993,Gable,CompShg,VinylSd,VinylSd,None,0.0,TA,TA,CBlock,TA,TA,No,Unf,Unf,684,GasA,Ex,N,FuseA,1368,0,0,1,0,3,1,TA,Typ,0,None,Detchd,1930.0,Unf,1,TA,Fa,N,0,158,0,0,0,0,None,None,None,0,10,2006,WD,Normal,114504
598,120,RL,53.0,3922,Pave,None,Reg,Lvl,AllPub,Inside,Gtl,Blmngtn,Norm,Norm,TwnhsE,1Story,7,5,2006,2007,Gable,CompShg,VinylSd,VinylSd,BrkFace,72.0,Gd,TA,PConc,Ex,TA,Av,Unf,Unf,1258,GasA,Ex,Y,SBrkr,1402,0,2,0,2,2,1,Gd,Typ,1,Gd,Attchd,2006.0,Fin,3,TA,TA,Y,120,16,0,0,0,0,None,None,None,0,2,2007,New,Partial,194201
599,20,RL,80.0,12984,Pave,None,Reg,Bnk,AllPub,Inside,Gtl,Crawfor,Norm,Norm,1Fam,1Story,5,6,1977,1977,Gable,CompShg,Plywood,Plywood,BrkFace,459.0,TA,TA,CBlock,Gd,TA,Mn,ALQ,LwQ,1430,GasA,Ex,Y,SBrkr,1647,1,0,2,0,3,1,Gd,Typ,1,TA,Attchd,1977.0,Fin,2,TA,TA,Y,0,0,0,0,0,0,None,None,None,0,3,2006,WD,Normal,217500
600,160,RM,24.0,1950,Pave,None,Reg,Lvl,AllPub,Inside,Gtl,Blueste,Norm,Norm,Twnhs,2Story,6,6,1980,1980,Gable,CompShg,MetalSd,MetalSd,None,0.0,TA,Gd,CBlock,Gd,TA,No,LwQ,GLQ,716,GasA,TA,Y,SBrkr,1556,1,0,2,1,3,1,TA,Typ,1,TA,Attchd,1980.0,Fin,2,TA,TA,Y,161,0,0,0,0,0,None,GdPrv,None,0,7,2008,COD,Normal,151000
601,60,RL,74.0,10927,Pave,None,Reg,Lvl,AllPub,Inside,Gtl,NridgHt,Norm,Norm,1Fam,2Story,8,5,2005,2005,Gable,CompShg,VinylSd,VinylSd,BrkFace,280.0,Gd,TA,PConc,Gd,TA,Av,GLQ,Unf,1058,GasA,Ex,Y,SBrkr,1904,1,0,2,1,3,1,Ex,Typ,1,Gd,BuiltIn,2003.0,Fin,2,TA,TA,Y,179,60,0,0,0,0,None,None,None,0,6,2006,WD,Normal,275000
602,50,RM,50.0,9000,Pave,None,Reg,Bnk,AllPub,Inside,Gtl,IDOTRR,Norm,Norm,1Fam,1.5Fin,6,6,1937,1950,Gable,CompShg,Wd Sdng,Wd Sdng,None,0.0,TA,Gd,PConc,TA,TA,No,Unf,Unf,780,GasA,TA,Y,SBrkr,1375,0,0,1,1,3,1,Gd,Typ,1,Gd,Detchd,1979.0,Unf,1,TA,TA,P,0,162,0,0,126,0,None,None,None,0,12,2007,WD,Normal,141000
603,60,RL,80.0,10041,Pave,None,IR1,Lvl,AllPub,Inside,Gtl,SawyerW,Norm,Norm,1Fam,2Story,8,5,1992,1992,Gable,CompShg,HdBoard,HdBoard,None,0.0,Gd,TA,PConc,Gd,TA,Mn,GLQ,Unf,908,GasA,Ex,Y,SBrkr,1915,1,0,2,1,3,1,Gd,Typ,1,TA,Attchd,1992.0,Fin,2,TA,TA,Y,120,150,0,0,0,0,None,None,None,0,2,2006,WD,Abnorml,220000
604,160,FV,30.0,3182,Pave,Pave,Reg,Lvl,AllPub,Inside,Gtl,Somerst,Norm,Norm,TwnhsE,2Story,7,5,2004,2005,Gable,CompShg,MetalSd,MetalSd,None,0.0,Gd,TA,PConc,Gd,TA,No,Unf,Unf,600,GasA,Ex,Y,SBrkr,1200,0,0,2,1,2,1,Gd,Typ,0,None,Detchd,2004.0,RFn,2,TA,TA,Y,0,172,0,0,0,0,None,None,None,0,6,2010,WD,Normal,151000
605,20,RL,88.0,12803,Pave,None,IR1,Lvl,AllPub,Inside,Gtl,CollgCr,Norm,Norm,1Fam,1Story,7,5,2002,2002,Gable,CompShg,VinylSd,VinylSd,BrkFace,99.0,Gd,TA,PConc,Gd,TA,Mn,GLQ,Unf,1494,GasA,Ex,Y,SBrkr,1494,1,0,2,0,3,1,Gd,Typ,1,TA,Attchd,2002.0,RFn,2,TA,TA,Y,192,36,0,0,0,0,None,None,None,0,9,2008,WD,Normal,221000
606,60,RL,85.0,13600,Pave,None,Reg,Lvl,AllPub,Inside,Gtl,NAmes,Norm,Norm,1Fam,2Story,7,6,1965,1990,Gable,CompShg,HdBoard,HdBoard,BrkFace,176.0,TA,TA,CBlock,TA,TA,No,BLQ,Unf,768,GasA,TA,Y,SBrkr,1986,0,0,2,1,3,1,TA,Typ,3,Fa,Attchd,1965.0,Unf,2,TA,TA,Y,0,42,0,0,189,0,None,None,None,0,10,2009,WD,Normal,205000
607,20,RL,82.0,12464,Pave,None,IR2,Low,AllPub,Corner,Mod,CollgCr,Norm,Norm,1Fam,1Story,5,5,1996,1996,Gable,CompShg,VinylSd,VinylSd,None,0.0,TA,Gd,PConc,Gd,TA,No,GLQ,Unf,1040,GasA,Gd,Y,SBrkr,1040,1,0,1,0,3,1,Gd,Typ,0,None,Detchd,2000.0,Unf,2,TA,TA,Y,168,0,0,0,0,0,None,GdPrv,None,0,11,2009,WD,Normal,152000
608,20,RL,78.0,7800,Pave,None,Reg,Bnk,AllPub,Inside,Mod,Edwards,Norm,Norm,1Fam,2Story,5,8,1948,2002,Gable,CompShg,MetalSd,MetalSd,None,0.0,TA,Gd,CBlock,TA,Gd,No,GLQ,Unf,896,GasA,Ex,Y,SBrkr,2008,1,0,3,0,3,1,Ex,Typ,0,None,Attchd,1948.0,Unf,1,TA,TA,Y,103,0,0,0,0,0,None,None,None,0,8,2006,WD,Normal,225000
609,70,RL,78.0,12168,Pave,None,Reg,HLS,AllPub,Inside,Mod,Crawfor,Norm,Norm,1Fam,2Story,8,6,1934,1998,Gable,CompShg,BrkFace,Wd Sdng,None,0.0,TA,TA,PConc,Gd,TA,Mn,BLQ,Unf,965,GasA,TA,Y,SBrkr,3194,0,0,2,1,4,1,TA,Typ,2,Gd,Basment,1934.0,Unf,2,TA,TA,Y,0,0,0,0,0,0,None,None,None,0,9,2007,WD,Alloca,359100
610,20,RL,61.0,7943,Pave,None,Reg,Lvl,AllPub,Inside,Gtl,Sawyer,Feedr,Norm,1Fam,1Story,4,5,1961,1961,Gable,CompShg,VinylSd,VinylSd,BrkCmn,192.0,TA,Fa,CBlock,TA,TA,Mn,Rec,Unf,1029,GasA,Gd,Y,SBrkr,1029,1,0,1,0,3,1,TA,Typ,0,None,Attchd,1961.0,Unf,1,TA,TA,Y,64,0,39,0,0,0,None,None,None,0,4,2007,WD,Normal,118500
611,60,RL,70.0,11050,Pave,None,Reg,Lvl,AllPub,Inside,Gtl,CollgCr,PosN,Norm,1Fam,2Story,9,5,2000,2000,Hip,CompShg,VinylSd,VinylSd,BrkFace,204.0,Gd,TA,PConc,Ex,TA,Mn,GLQ,Unf,1440,GasA,Ex,Y,SBrkr,2153,1,0,2,1,3,1,Ex,Typ,2,Ex,Attchd,2000.0,Fin,3,TA,TA,Y,253,142,0,0,0,0,None,None,None,0,5,2009,WD,Normal,313000
612,80,RL,80.0,10395,Pave,None,IR1,Lvl,AllPub,FR2,Gtl,NWAmes,Norm,Norm,1Fam,SLvl,6,6,1978,1978,Gable,CompShg,HdBoard,HdBoard,BrkFace,233.0,TA,TA,CBlock,Gd,TA,Av,ALQ,Unf,1032,GasA,TA,Y,SBrkr,1032,0,1,2,0,3,1,TA,Typ,1,TA,Attchd,1978.0,Unf,2,TA,TA,Y,0,0,0,0,0,0,None,MnPrv,Shed,500,7,2007,WD,Normal,148000
613,60,RL,70.0,11885,Pave,None,Reg,Lvl,AllPub,Inside,Gtl,CollgCr,Norm,Norm,1Fam,2Story,8,5,2001,2001,Gable,CompShg,VinylSd,VinylSd,BrkFace,108.0,Gd,TA,PConc,Gd,TA,Av,GLQ,Unf,1299,GasA,Ex,Y,SBrkr,1872,1,0,2,1,3,1,Ex,Typ,1,TA,BuiltIn,2001.0,RFn,2,TA,TA,Y,160,122,0,0,0,0,None,None,None,0,11,2009,WD,Normal,261500
614,20,RL,70.0,8402,Pave,None,Reg,Lvl,AllPub,Inside,Gtl,Mitchel,Feedr,Norm,1Fam,1Story,5,5,2007,2007,Gable,CompShg,VinylSd,VinylSd,None,0.0,TA,TA,PConc,Gd,TA,No,ALQ,Unf,1120,GasA,Ex,Y,SBrkr,1120,0,0,1,0,3,1,TA,Typ,0,None,None,0.0,None,0,None,None,Y,0,30,0,0,0,0,None,None,None,0,12,2007,New,Partial,147000
615,180,RM,21.0,1491,Pave,None,Reg,Lvl,AllPub,Inside,Gtl,MeadowV,Norm,Norm,TwnhsE,SFoyer,4,6,1972,1972,Gable,CompShg,CemntBd,CmentBd,None,0.0,TA,TA,CBlock,Gd,TA,Av,LwQ,GLQ,630,GasA,Ex,Y,SBrkr,630,1,0,1,0,1,1,TA,Typ,0,None,None,0.0,None,0,None,None,Y,96,24,0,0,0,0,None,None,None,0,5,2010,WD,Normal,75500
616,85,RL,80.0,8800,Pave,None,Reg,Lvl,AllPub,Inside,Gtl,NAmes,Feedr,Norm,1Fam,SFoyer,6,7,1963,1963,Gable,CompShg,MetalSd,MetalSd,BrkFace,156.0,TA,Gd,PConc,TA,TA,Gd,GLQ,Unf,936,GasA,Ex,Y,SBrkr,1054,1,0,1,0,3,1,Gd,Typ,0,None,Attchd,1963.0,RFn,2,TA,TA,Y,120,0,0,0,0,0,None,MnPrv,None,0,5,2010,WD,Abnorml,137500
617,60,RL,65.0,7861,Pave,None,IR1,Lvl,AllPub,Inside,Gtl,Gilbert,Norm,Norm,1Fam,2Story,6,5,2002,2003,Gable,CompShg,VinylSd,VinylSd,None,0.0,Gd,TA,PConc,Gd,TA,No,GLQ,Unf,783,GasA,Ex,Y,SBrkr,1509,1,0,2,1,3,1,Gd,Typ,1,Gd,Attchd,2002.0,Fin,2,TA,TA,Y,100,75,0,0,0,0,None,None,None,0,6,2006,WD,Normal,183200
618,45,RL,59.0,7227,Pave,None,Reg,HLS,AllPub,Corner,Mod,NAmes,Artery,Norm,1Fam,1.5Unf,6,6,1954,1954,Gable,CompShg,MetalSd,MetalSd,None,0.0,TA,TA,CBlock,TA,TA,No,Unf,Unf,832,GasA,Gd,Y,SBrkr,832,0,0,1,0,2,1,Gd,Typ,0,None,Detchd,1962.0,Unf,2,TA,TA,Y,0,0,0,0,0,0,None,None,None,0,6,2008,WD,Normal,105500
619,20,RL,90.0,11694,Pave,None,Reg,Lvl,AllPub,Inside,Gtl,NridgHt,Norm,Norm,1Fam,1Story,9,5,2007,2007,Hip,CompShg,CemntBd,CmentBd,BrkFace,452.0,Ex,TA,PConc,Ex,TA,Av,GLQ,Unf,1822,GasA,Ex,Y,SBrkr,1828,0,0,2,0,3,1,Gd,Typ,1,Gd,Attchd,2007.0,Unf,3,TA,TA,Y,0,108,0,0,260,0,None,None,None,0,7,2007,New,Partial,314813
620,60,RL,85.0,12244,Pave,None,Reg,Lvl,AllPub,Inside,Gtl,Timber,Norm,Norm,1Fam,2Story,8,5,2003,2003,Hip,CompShg,VinylSd,VinylSd,Stone,226.0,Gd,TA,PConc,Gd,TA,Gd,GLQ,Unf,1482,GasA,Ex,Y,SBrkr,2262,1,0,2,1,4,1,Gd,Typ,2,Gd,Attchd,2003.0,Fin,3,TA,TA,Y,168,0,0,0,0,0,None,None,None,0,8,2008,WD,Normal,305000
621,30,RL,45.0,8248,Pave,Grvl,Reg,Lvl,AllPub,Inside,Gtl,Edwards,Norm,Norm,1Fam,1Story,3,3,1914,1950,Gable,CompShg,Stucco,Stucco,None,0.0,TA,TA,BrkTil,TA,TA,No,BLQ,Unf,864,GasA,TA,N,FuseF,864,1,0,1,0,2,1,TA,Typ,0,None,None,0.0,None,0,None,None,N,0,0,100,0,0,0,None,None,None,0,9,2008,WD,Normal,67000
622,60,RL,90.0,10800,Pave,None,Reg,Lvl,AllPub,Inside,Gtl,NWAmes,Norm,Norm,1Fam,2Story,6,7,1974,1997,Gable,CompShg,HdBoard,HdBoard,None,0.0,TA,TA,CBlock,TA,TA,No,ALQ,Rec,1522,GasA,TA,Y,SBrkr,2614,0,0,2,1,4,1,TA,Typ,1,TA,Attchd,1974.0,RFn,2,TA,TA,Y,38,243,0,0,0,0,None,None,None,0,6,2008,WD,Normal,240000
623,20,RL,71.0,7064,Pave,None,Reg,Lvl,AllPub,Inside,Gtl,Sawyer,Norm,Norm,1Fam,1Story,5,6,1977,1977,Gable,CompShg,Plywood,Plywood,BrkFace,153.0,TA,TA,CBlock,TA,TA,No,BLQ,Unf,980,GasA,TA,Y,SBrkr,980,0,0,1,0,3,1,TA,Typ,0,None,Detchd,1986.0,Unf,2,TA,TA,Y,192,0,0,0,0,0,None,None,None,0,7,2009,WD,Normal,135000
624,160,FV,73.5,2117,Pave,None,Reg,Lvl,AllPub,Inside,Gtl,Somerst,Norm,Norm,TwnhsE,2Story,6,5,2000,2000,Gable,CompShg,MetalSd,MetalSd,BrkFace,513.0,Gd,TA,PConc,Gd,TA,No,GLQ,Unf,756,GasA,Ex,Y,SBrkr,1512,0,0,2,1,2,1,Gd,Typ,1,TA,Detchd,2000.0,Unf,2,TA,TA,Y,0,32,0,0,0,0,None,None,None,0,6,2007,WD,Normal,168500
625,60,RL,80.0,10400,Pave,None,Reg,Lvl,AllPub,Inside,Gtl,NWAmes,Norm,Norm,1Fam,2Story,6,5,1972,1972,Gable,CompShg,VinylSd,VinylSd,None,288.0,TA,TA,CBlock,TA,TA,No,Rec,Unf,732,GasA,Gd,Y,SBrkr,1790,1,0,1,2,4,1,TA,Min2,1,TA,Attchd,1972.0,RFn,2,TA,TA,Y,148,0,0,0,147,0,None,None,None,0,11,2006,WD,Normal,165150
626,20,RL,87.0,10000,Pave,None,IR1,Lvl,AllPub,Corner,Gtl,NAmes,Norm,Norm,1Fam,1Story,6,6,1962,1962,Hip,CompShg,Wd Sdng,Wd Sdng,BrkFace,261.0,TA,TA,CBlock,TA,TA,No,Unf,Unf,1116,GasA,TA,Y,SBrkr,1116,0,0,1,1,3,1,TA,Typ,0,None,Attchd,1962.0,Unf,2,TA,TA,Y,0,0,0,0,385,0,None,None,None,0,2,2010,WD,Normal,160000
627,20,RL,73.0,12342,Pave,None,IR1,Lvl,AllPub,Inside,Gtl,NAmes,Norm,Norm,1Fam,1Story,5,5,1960,1978,Hip,CompShg,Wd Sdng,Wd Sdng,None,0.0,TA,TA,CBlock,TA,TA,No,Unf,Unf,978,GasA,TA,Y,SBrkr,1422,0,0,1,0,3,1,TA,Min1,1,TA,Attchd,1960.0,RFn,1,TA,TA,Y,0,0,36,0,0,0,None,GdWo,Shed,600,8,2007,WD,Normal,139900
628,80,RL,80.0,9600,Pave,None,Reg,Lvl,AllPub,Inside,Gtl,NAmes,Norm,Norm,1Fam,SLvl,6,6,1955,1972,Gable,CompShg,AsbShng,AsbShng,BrkFace,164.0,TA,TA,CBlock,TA,TA,Av,BLQ,LwQ,1156,GasA,Ex,Y,SBrkr,1520,1,0,1,0,3,1,TA,Typ,2,Gd,Basment,1955.0,RFn,1,TA,TA,Y,0,0,189,0,0,0,None,None,None,0,3,2010,WD,Normal,153000
629,60,RL,70.0,11606,Pave,None,IR1,HLS,AllPub,Inside,Sev,NAmes,Norm,Norm,1Fam,2Story,5,5,1969,1969,Gable,CompShg,Plywood,Plywood,BrkFace,192.0,TA,TA,PConc,Gd,TA,Av,Rec,Unf,1040,GasA,TA,Y,SBrkr,2080,0,1,1,2,5,1,Fa,Typ,2,TA,Attchd,1969.0,Unf,2,TA,TA,Y,335,0,0,0,0,0,None,None,None,0,9,2007,WD,Family,135000
630,80,RL,82.0,9020,Pave,None,Reg,Lvl,AllPub,Corner,Gtl,NAmes,Feedr,Norm,1Fam,SLvl,6,5,1964,1964,Gable,WdShngl,Plywood,Wd Sdng,BrkFace,259.0,TA,TA,CBlock,TA,TA,Gd,GLQ,Rec,1248,GasA,TA,Y,SBrkr,1350,1,0,1,1,3,1,TA,Typ,0,None,Attchd,1964.0,RFn,2,TA,TA,Y,176,0,0,0,0,0,None,GdPrv,None,0,6,2008,WD,Normal,168500
631,70,RM,50.0,9000,Pave,Grvl,Reg,Lvl,AllPub,Corner,Gtl,OldTown,Artery,Norm,1Fam,2Story,5,6,1880,1991,Gable,CompShg,VinylSd,VinylSd,None,0.0,TA,TA,BrkTil,Fa,Fa,No,Unf,Unf,636,GasA,TA,Y,FuseA,1750,0,0,1,0,3,1,Ex,Typ,0,None,Detchd,1937.0,Unf,1,Fa,Po,N,0,0,293,0,0,0,None,MnPrv,None,0,6,2006,WD,Abnorml,124000
632,120,RL,34.0,4590,Pave,None,Reg,Lvl,AllPub,Inside,Gtl,NridgHt,Norm,Norm,Twnhs,1Story,8,5,2006,2006,Gable,CompShg,VinylSd,VinylSd,Stone,108.0,Gd,TA,PConc,Gd,Gd,Mn,GLQ,Unf,1554,GasA,Ex,Y,SBrkr,1554,0,0,2,0,2,1,Gd,Typ,1,Gd,Attchd,2006.0,RFn,2,TA,TA,Y,156,73,0,0,0,0,None,None,None,0,8,2007,WD,Normal,209500
633,20,RL,85.0,11900,Pave,None,Reg,Lvl,AllPub,Inside,Gtl,NWAmes,Norm,Norm,1Fam,1Story,7,5,1977,1977,Hip,CompShg,Plywood,Plywood,BrkFace,209.0,TA,Gd,CBlock,TA,TA,No,ALQ,Unf,1386,GasA,TA,Y,SBrkr,1411,0,0,2,0,3,1,TA,Typ,1,TA,Attchd,1977.0,Fin,2,TA,TA,Y,192,0,0,0,0,0,None,None,None,0,4,2009,WD,Family,82500
634,20,RL,80.0,9250,Pave,None,Reg,Lvl,AllPub,Corner,Gtl,NAmes,Norm,Norm,1Fam,1Story,5,7,1954,2005,Gable,CompShg,Wd Sdng,Wd Sdng,None,0.0,TA,TA,CBlock,TA,TA,No,BLQ,LwQ,1056,GasA,TA,Y,SBrkr,1056,0,1,1,0,3,1,TA,Typ,0,None,Attchd,1954.0,Unf,1,TA,TA,Y,390,0,0,0,0,0,None,None,None,0,7,2007,WD,Normal,139400
635,90,RL,64.0,6979,Pave,None,Reg,Lvl,AllPub,Inside,Gtl,OldTown,Norm,Norm,Duplex,SFoyer,6,5,1980,1980,Gable,CompShg,Plywood,Plywood,None,0.0,TA,TA,CBlock,TA,TA,No,GLQ,Unf,1056,GasA,Gd,Y,SBrkr,1056,2,0,0,0,0,2,TA,Typ,0,None,Detchd,1980.0,Unf,2,TA,TA,Y,264,56,0,0,0,0,None,GdPrv,Shed,600,6,2010,WD,Normal,144000
636,190,RH,60.0,10896,Pave,Pave,Reg,Bnk,AllPub,Inside,Gtl,SWISU,Feedr,Norm,2fmCon,2.5Fin,6,7,1914,1995,Hip,CompShg,VinylSd,VinylSd,None,0.0,Fa,TA,CBlock,TA,Fa,No,LwQ,Unf,1440,GasA,Ex,Y,FuseA,3395,0,0,2,0,8,2,Fa,Typ,0,None,None,0.0,None,0,None,None,N,0,110,0,0,0,0,None,None,None,0,3,2007,WD,Abnorml,200000
637,30,RM,51.0,6120,Pave,None,Reg,Lvl,AllPub,Inside,Gtl,BrkSide,Norm,Norm,1Fam,1Story,2,3,1936,1950,Gable,CompShg,AsbShng,AsbShng,None,0.0,Fa,Fa,BrkTil,TA,Fa,No,Unf,Unf,264,Grav,Fa,N,FuseA,800,0,0,1,0,1,1,Fa,Maj1,1,Po,None,0.0,None,0,None,None,N,0,0,0,0,0,0,None,None,None,0,1,2009,ConLw,Normal,60000
638,190,RM,50.0,6000,Pave,None,Reg,Lvl,AllPub,Inside,Gtl,OldTown,Norm,Norm,2fmCon,1.5Fin,5,4,1954,1954,Gable,CompShg,Wd Sdng,Wd Sdng,None,0.0,TA,TA,CBlock,TA,TA,No,Unf,Unf,811,GasA,TA,Y,FuseA,1387,0,0,2,0,3,2,Gd,Typ,0,None,BuiltIn,1954.0,Unf,1,TA,TA,Y,0,0,0,0,0,0,None,None,None,0,11,2009,WD,Normal,93000
639,30,RL,67.0,8777,Pave,None,Reg,Lvl,AllPub,Inside,Gtl,Edwards,Feedr,Norm,1Fam,1Story,5,7,1910,1950,Gable,CompShg,MetalSd,Wd Sdng,None,0.0,TA,TA,CBlock,Fa,TA,No,Unf,Unf,796,GasA,Gd,Y,FuseA,796,0,0,1,0,2,1,TA,Typ,0,None,None,0.0,None,0,None,None,P,328,0,164,0,0,0,None,MnPrv,None,0,5,2008,WD,Normal,85000
640,120,RL,53.0,3982,Pave,None,Reg,Lvl,AllPub,Inside,Gtl,Blmngtn,Norm,Norm,TwnhsE,1Story,8,5,2006,2006,Hip,CompShg,VinylSd,VinylSd,None,0.0,Gd,TA,PConc,Gd,Gd,Av,GLQ,Unf,1520,GasA,Ex,Y,SBrkr,1567,1,0,2,0,1,1,Ex,Typ,1,Gd,Attchd,2006.0,Fin,3,TA,TA,Y,312,0,0,0,0,0,None,None,None,0,10,2006,New,Partial,264561
641,120,RL,62.0,12677,Pave,None,IR1,Lvl,AllPub,Inside,Gtl,NridgHt,Norm,Norm,TwnhsE,1Story,8,5,2003,2004,Hip,CompShg,MetalSd,MetalSd,BrkFace,472.0,Ex,TA,PConc,Ex,TA,Gd,GLQ,Unf,1518,GasA,Ex,Y,SBrkr,1518,0,0,1,1,1,1,Ex,Typ,1,Gd,Attchd,2003.0,RFn,2,TA,TA,Y,185,140,0,0,0,0,None,None,None,0,4,2008,WD,Normal,274000
642,60,FV,73.5,7050,Pave,None,Reg,Lvl,AllPub,Inside,Gtl,Somerst,Norm,Norm,1Fam,2Story,7,5,2001,2001,Gable,CompShg,VinylSd,VinylSd,None,0.0,Gd,TA,PConc,Gd,TA,No,GLQ,Unf,1057,GasA,Ex,Y,SBrkr,1929,1,0,2,1,3,1,Gd,Typ,1,TA,Attchd,2001.0,Fin,2,TA,TA,Y,0,235,0,0,0,0,None,None,None,0,5,2007,WD,Normal,226000
643,80,RL,75.0,13860,Pave,None,Reg,Lvl,AllPub,Inside,Gtl,NAmes,Norm,Norm,1Fam,SLvl,8,7,1972,1995,Gable,CompShg,Plywood,Wd Sdng,None,0.0,Gd,TA,CBlock,Gd,TA,Gd,GLQ,Unf,1952,GasA,Gd,Y,SBrkr,2704,1,0,2,1,4,1,Ex,Typ,3,TA,Attchd,1972.0,Fin,2,TA,TA,Y,269,111,0,0,0,0,None,MnPrv,None,0,7,2009,WD,Normal,345000
644,60,RL,80.0,10793,Pave,None,Reg,Lvl,AllPub,Inside,Gtl,NWAmes,RRAn,Norm,1Fam,2Story,5,5,1969,1969,Mansard,CompShg,WdShing,HdBoard,BrkFace,263.0,TA,TA,CBlock,TA,TA,No,Rec,BLQ,780,GasA,Ex,Y,SBrkr,1620,0,0,2,1,4,1,TA,Min1,0,None,Attchd,1969.0,Fin,2,TA,TA,Y,208,0,0,0,0,0,None,GdWo,None,0,4,2007,WD,Normal,152000
645,20,FV,85.0,9187,Pave,None,Reg,Lvl,AllPub,Inside,Gtl,Somerst,Norm,Norm,1Fam,1Story,9,5,2009,2009,Gable,CompShg,CemntBd,CmentBd,Stone,162.0,Ex,TA,PConc,Ex,TA,Mn,GLQ,Unf,1766,GasA,Ex,Y,SBrkr,1766,1,0,2,1,2,1,Ex,Typ,1,Gd,Attchd,2009.0,Fin,3,TA,TA,Y,195,130,0,0,0,0,None,None,None,0,10,2009,New,Partial,370878
646,20,RL,73.0,10530,Pave,None,IR1,Lvl,AllPub,Corner,Gtl,NAmes,Norm,Norm,1Fam,1Story,6,5,1971,1971,Hip,CompShg,Plywood,Plywood,None,0.0,TA,TA,CBlock,TA,TA,No,ALQ,LwQ,981,GasA,TA,Y,SBrkr,981,1,0,1,1,3,1,TA,Typ,0,None,Detchd,1979.0,Unf,2,TA,TA,Y,0,312,40,0,0,0,None,None,None,0,3,2007,WD,Normal,143250
647,20,RL,60.0,7200,Pave,None,Reg,Lvl,AllPub,Inside,Gtl,NAmes,Norm,Norm,1Fam,1Story,5,5,1950,1950,Hip,CompShg,MetalSd,MetalSd,None,0.0,TA,TA,CBlock,None,None,None,None,None,0,GasA,Gd,Y,SBrkr,1048,0,0,1,0,3,1,TA,Min1,0,None,Detchd,1950.0,Unf,2,TA,TA,Y,0,27,0,0,0,0,None,None,None,0,7,2008,WD,Normal,98300
648,20,RL,85.0,10452,Pave,None,IR1,Lvl,AllPub,Inside,Gtl,Edwards,Norm,Norm,1Fam,1Story,6,5,1953,1953,Hip,CompShg,Wd Sdng,Wd Sdng,Stone,216.0,TA,TA,CBlock,TA,TA,Mn,Rec,Unf,1094,GasA,Ex,Y,SBrkr,1094,0,0,1,0,3,1,TA,Typ,2,Gd,Attchd,1953.0,RFn,2,TA,TA,Y,0,0,0,0,287,0,None,None,None,0,6,2008,WD,Normal,155000
649,60,RL,70.0,7700,Pave,None,Reg,Lvl,AllPub,Inside,Gtl,NAmes,PosN,Norm,1Fam,2Story,6,5,1966,1966,Gable,CompShg,MetalSd,MetalSd,BrkFace,351.0,TA,TA,CBlock,TA,TA,No,Unf,Unf,756,GasA,TA,Y,SBrkr,1839,0,0,1,1,4,1,TA,Typ,1,TA,Attchd,1966.0,Unf,2,TA,TA,Y,0,124,216,0,0,0,None,None,None,0,6,2010,WD,Normal,155000
650,180,RM,21.0,1936,Pave,None,Reg,Lvl,AllPub,Inside,Gtl,MeadowV,Norm,Norm,Twnhs,SFoyer,4,6,1970,1970,Gable,CompShg,CemntBd,CmentBd,None,0.0,TA,TA,CBlock,Gd,TA,Av,BLQ,GLQ,630,GasA,Gd,Y,SBrkr,630,1,0,1,0,1,1,TA,Typ,0,None,None,0.0,None,0,None,None,Y,0,0,0,0,0,0,None,MnPrv,None,0,12,2007,WD,Normal,84500
651,60,FV,65.0,8125,Pave,None,Reg,Lvl,AllPub,Inside,Gtl,Somerst,Norm,Norm,1Fam,2Story,7,6,2007,2007,Gable,CompShg,CemntBd,CmentBd,None,0.0,Gd,TA,PConc,Gd,TA,No,Unf,Unf,813,GasA,Ex,Y,SBrkr,1665,0,0,2,1,3,1,Gd,Typ,0,None,Attchd,2007.0,RFn,2,TA,TA,Y,0,0,0,0,0,0,None,None,None,0,5,2008,WD,Normal,205950
652,70,RL,60.0,9084,Pave,None,Reg,Lvl,AllPub,Inside,Gtl,Edwards,Artery,Norm,1Fam,2Story,4,5,1940,1950,Gable,CompShg,MetalSd,MetalSd,None,0.0,TA,TA,CBlock,TA,TA,Mn,Unf,Unf,755,GasA,TA,Y,SBrkr,1510,1,0,1,0,4,1,TA,Typ,1,Gd,Detchd,1940.0,Unf,1,Fa,Po,P,120,0,0,0,0,0,None,MnPrv,None,0,10,2009,WD,Normal,108000
653,60,RL,70.0,8750,Pave,None,Reg,Lvl,AllPub,Inside,Gtl,CollgCr,Norm,Norm,1Fam,2Story,7,5,1996,1996,Gable,CompShg,VinylSd,VinylSd,None,0.0,Gd,TA,PConc,Gd,TA,No,Unf,Unf,880,GasA,Ex,Y,SBrkr,1716,0,0,2,1,2,1,Gd,Typ,1,TA,Attchd,1996.0,RFn,2,TA,TA,Y,0,120,0,0,0,0,None,None,None,0,7,2009,WD,Normal,191000
654,50,RM,60.0,10320,Pave,Grvl,Reg,Lvl,AllPub,Inside,Gtl,IDOTRR,Norm,Norm,1Fam,1.5Fin,6,7,1906,1995,Gable,CompShg,MetalSd,MetalSd,None,0.0,TA,TA,CBlock,TA,TA,No,Unf,Unf,756,GasA,Ex,Y,SBrkr,1469,0,0,1,0,3,1,TA,Typ,0,None,Detchd,1906.0,Unf,1,TA,TA,Y,57,0,239,0,0,0,None,MnPrv,None,0,6,2008,WD,Normal,135000
655,20,RL,91.0,10437,Pave,None,IR1,Lvl,AllPub,Inside,Gtl,NoRidge,Norm,Norm,1Fam,1Story,8,6,1995,1995,Hip,CompShg,MetalSd,MetalSd,BrkFace,660.0,Gd,Gd,PConc,Gd,TA,Gd,GLQ,Unf,2109,GasA,Ex,Y,SBrkr,2113,1,0,2,1,2,1,Gd,Typ,1,TA,Attchd,1995.0,Fin,3,TA,TA,Y,236,46,0,0,0,0,None,None,None,0,8,2008,WD,Normal,350000
656,160,RM,21.0,1680,Pave,None,Reg,Lvl,AllPub,Inside,Gtl,BrDale,Norm,Norm,Twnhs,2Story,6,5,1971,1971,Gable,CompShg,HdBoard,ImStucc,BrkFace,381.0,TA,TA,CBlock,TA,TA,No,Unf,Unf,525,GasA,TA,Y,SBrkr,1092,0,0,1,1,3,1,TA,Typ,0,None,Detchd,1971.0,Unf,1,TA,TA,Y,0,0,0,0,0,0,None,None,None,0,3,2010,WD,Family,88000
657,20,RL,72.0,10007,Pave,None,IR1,Lvl,AllPub,Inside,Gtl,NAmes,Norm,Norm,1Fam,1Story,5,7,1959,2006,Gable,CompShg,HdBoard,HdBoard,BrkFace,54.0,Gd,TA,CBlock,TA,TA,No,ALQ,Unf,1053,GasA,Ex,Y,SBrkr,1053,1,0,1,1,3,1,Gd,Typ,0,None,Attchd,1959.0,RFn,1,TA,TA,Y,0,0,0,0,0,0,None,MnPrv,None,0,8,2008,WD,Normal,145500
658,70,RL,60.0,7200,Pave,None,Reg,HLS,AllPub,Inside,Mod,Crawfor,Norm,Norm,1Fam,2Story,7,6,1931,2000,Gable,CompShg,Stucco,Wd Shng,None,0.0,TA,Fa,BrkTil,Gd,TA,No,Unf,Unf,776,GasA,TA,Y,SBrkr,1502,0,0,1,1,3,1,TA,Typ,1,Gd,Attchd,1931.0,RFn,1,TA,TA,P,0,0,112,0,0,0,None,MnPrv,None,0,2,2008,WD,Normal,149000
659,50,RL,78.0,17503,Pave,None,Reg,Lvl,AllPub,Inside,Gtl,NAmes,Artery,Norm,1Fam,1.5Fin,6,5,1948,1950,Gable,CompShg,VinylSd,VinylSd,None,0.0,TA,TA,CBlock,TA,TA,No,Unf,Unf,912,GasA,TA,Y,SBrkr,1458,0,1,1,0,3,1,TA,Typ,1,Gd,Attchd,1948.0,Unf,1,TA,TA,Y,192,0,0,0,0,0,None,None,None,0,1,2010,WD,Abnorml,97500
660,20,RL,75.0,9937,Pave,None,Reg,Lvl,AllPub,Corner,Gtl,Edwards,Norm,Norm,1Fam,1Story,5,7,1964,1999,Hip,CompShg,MetalSd,MetalSd,None,0.0,TA,Gd,PConc,TA,TA,No,BLQ,Unf,1486,GasA,Ex,Y,SBrkr,1486,1,0,1,0,3,1,TA,Typ,0,None,Detchd,1968.0,Fin,2,TA,TA,Y,0,0,0,0,0,0,None,MnPrv,None,0,3,2009,WD,Normal,167000
661,60,RL,80.0,12384,Pave,None,Reg,Lvl,AllPub,CulDSac,Gtl,NWAmes,Norm,Norm,1Fam,2Story,7,7,1976,1976,Gable,CompShg,Plywood,Plywood,BrkFace,233.0,TA,TA,CBlock,Gd,TA,No,Unf,Unf,793,GasA,TA,Y,SBrkr,1935,0,0,2,1,3,1,TA,Typ,1,TA,Attchd,1976.0,RFn,2,TA,TA,Y,0,113,252,0,0,0,None,None,None,0,11,2007,WD,Normal,197900
662,60,RL,52.0,46589,Pave,None,IR2,Lvl,AllPub,CulDSac,Gtl,NoRidge,Norm,Norm,1Fam,2Story,8,7,1994,2005,Hip,CompShg,VinylSd,VinylSd,BrkFace,528.0,Gd,TA,PConc,Gd,Gd,No,GLQ,Rec,1629,GasA,Ex,Y,SBrkr,2448,1,0,2,1,4,1,Gd,Typ,1,TA,Attchd,1994.0,RFn,3,TA,TA,Y,517,76,0,0,0,0,None,None,None,0,7,2009,WD,Normal,402000
663,20,RL,120.0,13560,Pave,None,Reg,Lvl,AllPub,Corner,Gtl,NAmes,Norm,Norm,1Fam,1Story,6,3,1968,1968,Hip,CompShg,Wd Sdng,Wd Sdng,BrkFace,216.0,TA,TA,CBlock,Fa,Fa,No,Unf,Unf,1392,GasA,Gd,Y,SBrkr,1392,1,0,1,0,2,1,TA,Maj2,2,TA,Attchd,1968.0,RFn,2,TA,TA,Y,0,0,240,0,0,0,None,None,None,0,7,2009,WD,Normal,110000
664,85,RL,90.0,10012,Pave,None,Reg,Lvl,AllPub,Inside,Gtl,Edwards,Norm,Norm,1Fam,SFoyer,4,5,1972,1972,Gable,CompShg,Plywood,Plywood,None,0.0,TA,TA,CBlock,Gd,TA,Av,BLQ,Rec,1138,GasA,TA,Y,SBrkr,1181,1,0,2,0,3,1,TA,Typ,0,None,Detchd,1974.0,RFn,2,TA,TA,Y,0,0,180,0,0,0,None,MnPrv,None,0,4,2008,WD,Normal,137500
665,20,RL,49.0,20896,Pave,None,IR2,Lvl,AllPub,CulDSac,Gtl,Somerst,RRAn,Norm,1Fam,1Story,8,5,2005,2006,Gable,CompShg,VinylSd,VinylSd,None,0.0,Gd,TA,PConc,Ex,TA,Mn,GLQ,Unf,2077,GasA,Ex,Y,SBrkr,2097,1,0,1,1,1,1,Ex,Typ,1,Ex,Attchd,2005.0,Fin,3,TA,TA,Y,192,267,0,0,0,0,None,None,None,0,1,2006,New,Partial,423000
666,60,RL,106.0,11194,Pave,None,IR1,Lvl,AllPub,Corner,Gtl,Gilbert,Norm,Norm,1Fam,2Story,8,5,2000,2000,Gable,CompShg,VinylSd,VinylSd,BrkFace,40.0,Gd,TA,PConc,Gd,TA,No,Unf,Unf,1406,GasA,Ex,Y,SBrkr,1936,0,0,2,1,3,1,Gd,Typ,1,TA,Attchd,2000.0,RFn,2,TA,TA,Y,188,124,0,0,0,0,None,None,None,0,11,2006,WD,Normal,230500
667,60,RL,73.0,18450,Pave,None,IR1,Lvl,AllPub,Inside,Gtl,NAmes,Norm,Norm,1Fam,2Story,6,5,1965,1979,Flat,Tar&Grv,Plywood,Plywood,BrkCmn,113.0,TA,Gd,CBlock,Gd,TA,No,LwQ,Rec,1021,GasA,TA,Y,SBrkr,2380,0,0,2,1,3,1,TA,Sev,1,Po,CarPort,1965.0,Unf,2,TA,TA,Y,0,265,0,0,0,0,None,None,None,0,8,2007,WD,Abnorml,129000
668,20,RL,65.0,8125,Pave,None,Reg,Lvl,AllPub,Inside,Gtl,SawyerW,Norm,Norm,1Fam,1Story,6,5,1994,1998,Gable,CompShg,HdBoard,HdBoard,BrkFace,258.0,TA,TA,PConc,Gd,TA,No,GLQ,Unf,1408,GasA,Ex,Y,SBrkr,1679,1,0,2,0,3,1,Gd,Typ,1,Fa,Attchd,1994.0,RFn,2,TA,TA,Y,224,42,0,0,0,0,None,None,None,0,10,2008,WD,Normal,193500
669,20,RL,71.0,14175,Pave,None,Reg,Bnk,AllPub,Corner,Mod,Sawyer,Norm,Norm,1Fam,1Story,5,6,1956,1987,Gable,CompShg,CemntBd,Wd Sdng,None,0.0,TA,TA,CBlock,TA,TA,No,Rec,Unf,1188,GasA,Gd,Y,SBrkr,1437,1,0,1,1,3,1,TA,Min2,1,TA,Detchd,1999.0,Unf,2,TA,TA,Y,304,0,0,0,0,0,None,None,None,0,11,2006,WD,Normal,168000
670,30,RL,80.0,11600,Pave,None,Reg,Lvl,AllPub,Inside,Gtl,Crawfor,Norm,Norm,1Fam,1Story,4,5,1922,1950,Gable,CompShg,MetalSd,MetalSd,None,0.0,TA,TA,BrkTil,Fa,TA,No,Unf,Unf,700,GasA,Ex,Y,SBrkr,1180,0,0,1,0,2,1,Fa,Typ,1,Gd,Detchd,1922.0,Unf,1,TA,Fa,Y,0,0,67,0,0,0,None,None,None,0,7,2006,WD,Normal,137500
671,60,RL,64.0,8633,Pave,None,Reg,Lvl,AllPub,FR2,Gtl,CollgCr,Norm,Norm,1Fam,2Story,6,5,2005,2005,Gable,CompShg,VinylSd,VinylSd,None,0.0,Gd,TA,PConc,Gd,TA,No,GLQ,Unf,738,GasA,Ex,Y,SBrkr,1476,1,0,2,1,3,1,Gd,Typ,0,None,Attchd,2005.0,Fin,2,TA,TA,Y,100,35,0,0,0,0,None,None,None,0,2,2009,WD,Normal,173500
672,70,RH,54.0,6629,Pave,None,Reg,Lvl,AllPub,Inside,Gtl,Edwards,Artery,Norm,1Fam,2Story,6,6,1925,1950,Gambrel,CompShg,Wd Sdng,Wd Sdng,None,0.0,TA,Gd,BrkTil,TA,TA,No,BLQ,Unf,672,GasA,TA,N,SBrkr,1369,1,0,2,0,3,1,TA,Typ,0,None,Detchd,1930.0,Unf,1,TA,TA,Y,147,0,0,0,0,0,None,None,None,0,7,2009,WD,Normal,103600
673,20,RL,68.0,11250,Pave,None,IR1,Lvl,AllPub,Inside,Gtl,Veenker,Norm,Norm,1Fam,1Story,6,6,1977,1977,Gable,CompShg,Plywood,Plywood,None,0.0,Gd,TA,CBlock,Gd,TA,No,ALQ,Unf,1208,GasA,TA,Y,SBrkr,1208,1,0,1,1,3,1,TA,Typ,1,TA,Attchd,1977.0,RFn,2,TA,TA,Y,198,42,0,0,0,0,None,None,None,0,6,2006,WD,Normal,165000
674,20,RL,110.0,14442,Pave,None,Reg,Lvl,AllPub,Inside,Gtl,Crawfor,Norm,Norm,1Fam,1Story,6,7,1957,2004,Hip,CompShg,CemntBd,CmentBd,BrkFace,106.0,TA,TA,PConc,TA,TA,No,GLQ,Unf,1477,GasA,Ex,Y,SBrkr,1839,1,0,2,0,3,1,Gd,Typ,2,TA,Attchd,1957.0,Fin,2,TA,TA,Y,0,87,0,0,200,0,None,None,None,0,6,2007,WD,Normal,257500
675,20,RL,80.0,9200,Pave,None,Reg,Lvl,AllPub,Inside,Gtl,NAmes,Norm,Norm,1Fam,1Story,6,6,1965,1965,Gable,CompShg,HdBoard,HdBoard,None,0.0,TA,TA,CBlock,TA,TA,No,Rec,Unf,1136,GasA,TA,Y,SBrkr,1136,1,0,1,0,3,1,TA,Typ,1,Gd,Attchd,1965.0,RFn,1,TA,TA,Y,426,0,0,0,0,0,None,None,None,0,7,2008,WD,Normal,140000
676,160,RL,24.0,2289,Pave,None,Reg,Lvl,AllPub,Inside,Gtl,NPkVill,Norm,Norm,Twnhs,2Story,6,6,1978,1978,Gable,CompShg,Plywood,Brk Cmn,None,0.0,TA,TA,CBlock,TA,TA,No,ALQ,Unf,855,GasA,TA,Y,SBrkr,1441,0,0,2,1,3,1,TA,Typ,1,TA,Attchd,1978.0,Unf,2,TA,TA,Y,28,0,0,0,0,0,None,None,None,0,4,2009,WD,Normal,148500
677,70,RM,60.0,9600,Pave,Grvl,Reg,Lvl,AllPub,Inside,Gtl,OldTown,Norm,Norm,1Fam,2Story,4,2,1900,1950,Gable,CompShg,AsbShng,Stucco,None,0.0,TA,TA,BrkTil,TA,Fa,No,Unf,Unf,1095,GasW,Fa,N,SBrkr,1774,1,0,2,0,4,2,TA,Min2,0,None,2Types,1920.0,Unf,3,Fa,Fa,N,0,0,90,0,0,0,None,None,None,0,5,2006,WD,Normal,87000
678,30,RL,52.0,9022,Pave,None,Reg,Lvl,AllPub,Inside,Gtl,OldTown,Norm,Norm,1Fam,1Story,5,8,1924,2006,Gable,CompShg,VinylSd,VinylSd,None,0.0,Gd,TA,BrkTil,TA,TA,No,Unf,Unf,768,GasA,Ex,Y,SBrkr,792,0,0,1,0,2,1,Gd,Typ,0,None,Detchd,1924.0,Unf,1,Fa,Fa,N,316,0,120,0,0,0,None,None,None,0,5,2009,WD,Normal,109500
679,20,RL,80.0,11844,Pave,None,IR1,Lvl,AllPub,Inside,Gtl,StoneBr,Norm,Norm,1Fam,1Story,8,5,2008,2008,Hip,CompShg,VinylSd,VinylSd,Stone,464.0,Gd,TA,PConc,Ex,TA,Mn,Unf,Unf,2046,GasA,Ex,Y,SBrkr,2046,0,0,2,1,3,1,Gd,Typ,1,Gd,Attchd,2008.0,Fin,3,TA,TA,Y,322,82,0,0,0,0,None,None,None,0,7,2009,New,Partial,372500
680,20,RL,71.0,9945,Pave,None,IR1,Lvl,AllPub,Inside,Gtl,Sawyer,Norm,Norm,1Fam,1Story,5,5,1961,1961,Hip,CompShg,Wd Sdng,Wd Sdng,BrkFace,57.0,TA,TA,CBlock,TA,TA,No,Rec,Unf,988,GasA,TA,Y,SBrkr,988,1,0,1,0,3,1,TA,Typ,0,None,Detchd,1963.0,Unf,2,TA,TA,Y,0,0,0,0,0,0,None,None,None,0,10,2007,WD,Normal,128500
681,120,RL,50.0,8012,Pave,None,Reg,Lvl,AllPub,Inside,Gtl,SawyerW,Norm,Norm,TwnhsE,1Story,6,5,1980,1980,Gable,CompShg,Plywood,Plywood,None,0.0,TA,TA,CBlock,Gd,TA,No,BLQ,BLQ,923,GasA,TA,Y,SBrkr,923,0,0,2,0,2,1,TA,Typ,1,TA,Attchd,1980.0,RFn,1,TA,TA,Y,80,0,0,0,0,0,None,None,None,0,5,2010,WD,Normal,143000
682,50,RH,55.0,4500,Pave,Pave,IR2,Bnk,AllPub,Inside,Gtl,SWISU,Norm,Norm,1Fam,1.5Fin,5,5,1932,2000,Gable,CompShg,VinylSd,Stucco,None,0.0,TA,TA,BrkTil,TA,TA,No,Rec,Unf,793,GasA,Ex,Y,SBrkr,1520,0,0,1,0,3,1,TA,Typ,0,None,Detchd,1968.0,Unf,1,TA,TA,Y,0,0,56,0,0,0,None,None,None,0,7,2009,WD,Abnorml,159434
683,120,RL,80.0,2887,Pave,None,Reg,HLS,AllPub,Inside,Gtl,ClearCr,Norm,Norm,1Fam,1Story,6,5,1996,1997,Gable,CompShg,Wd Sdng,Wd Sdng,None,0.0,TA,TA,PConc,Gd,TA,Mn,GLQ,Unf,1291,GasA,Ex,Y,SBrkr,1291,1,0,1,0,2,1,Gd,Typ,1,Gd,Attchd,1996.0,Unf,2,TA,TA,Y,307,0,0,0,0,0,None,None,None,0,11,2008,WD,Normal,173000
684,20,RL,90.0,11248,Pave,None,IR1,Lvl,AllPub,Corner,Gtl,CollgCr,Norm,Norm,1Fam,1Story,9,5,2002,2002,Hip,CompShg,VinylSd,VinylSd,Stone,215.0,Gd,TA,PConc,Gd,TA,Av,GLQ,Unf,1626,GasA,Ex,Y,SBrkr,1668,1,0,2,0,3,1,Gd,Typ,1,TA,Attchd,2002.0,Fin,3,TA,TA,Y,257,45,0,0,0,0,None,None,None,0,7,2007,WD,Normal,285000
685,60,RL,58.0,16770,Pave,None,IR2,Lvl,AllPub,CulDSac,Gtl,NoRidge,Norm,Norm,1Fam,2Story,7,5,1998,1998,Gable,CompShg,VinylSd,VinylSd,BrkFace,30.0,Gd,TA,PConc,Gd,TA,No,Unf,Unf,1195,GasA,Gd,Y,SBrkr,1839,0,0,2,1,4,1,TA,Typ,0,None,Attchd,1998.0,Fin,2,TA,TA,Y,0,81,0,0,0,0,None,None,None,0,6,2010,WD,Normal,221000
686,160,RL,61.5,5062,Pave,None,IR1,Lvl,AllPub,CulDSac,Gtl,StoneBr,Norm,Norm,TwnhsE,2Story,7,5,1984,1984,Gable,CompShg,HdBoard,HdBoard,None,0.0,Gd,TA,CBlock,Gd,TA,Mn,GLQ,LwQ,1190,GasA,Gd,Y,SBrkr,2090,1,0,2,0,3,1,Gd,Min1,1,TA,Attchd,1984.0,Fin,2,TA,TA,Y,219,0,0,0,0,0,None,None,None,0,9,2007,WD,Normal,207500
687,60,FV,84.0,10207,Pave,None,Reg,Lvl,AllPub,Inside,Gtl,Somerst,Norm,Norm,1Fam,2Story,7,6,2007,2007,Gable,CompShg,VinylSd,VinylSd,None,0.0,Gd,TA,PConc,Gd,TA,No,Unf,Unf,874,GasA,Ex,Y,SBrkr,1761,0,0,3,0,3,1,Gd,Typ,0,None,Attchd,2007.0,Fin,2,TA,TA,Y,144,105,0,0,0,0,None,None,None,0,8,2007,New,Partial,227875
688,160,FV,73.5,5105,Pave,None,IR2,Lvl,AllPub,FR2,Gtl,Somerst,Norm,Norm,TwnhsE,2Story,7,5,2004,2004,Gable,CompShg,MetalSd,MetalSd,None,0.0,Gd,TA,PConc,Gd,TA,No,GLQ,Unf,551,GasA,Ex,Y,SBrkr,1102,0,0,2,1,2,1,Gd,Typ,0,None,Detchd,2004.0,Unf,2,TA,TA,Y,0,60,0,0,0,0,None,None,None,0,3,2007,WD,Normal,148800
689,20,RL,60.0,8089,Pave,None,Reg,HLS,AllPub,Inside,Gtl,StoneBr,Norm,Norm,1Fam,1Story,8,6,2007,2007,Gable,CompShg,MetalSd,MetalSd,BrkFace,0.0,Gd,TA,PConc,Gd,TA,Av,GLQ,Unf,1419,GasA,Ex,Y,SBrkr,1419,1,0,2,0,2,1,Gd,Typ,1,Gd,Attchd,2007.0,RFn,2,TA,TA,Y,140,0,0,0,0,0,None,None,None,0,10,2007,New,Partial,392000
690,120,RL,61.0,7577,Pave,None,IR1,Lvl,AllPub,Corner,Gtl,NridgHt,Norm,Norm,TwnhsE,1Story,6,5,2005,2006,Gable,CompShg,VinylSd,VinylSd,Stone,256.0,Gd,TA,PConc,Gd,TA,Av,ALQ,Unf,1362,GasA,Ex,Y,SBrkr,1362,0,0,2,0,2,1,Gd,Typ,1,Gd,Attchd,2005.0,RFn,2,TA,TA,Y,192,28,0,0,0,0,None,None,None,0,6,2007,WD,Normal,194700
691,120,RM,70.0,4426,Pave,None,Reg,Lvl,AllPub,Inside,Gtl,CollgCr,Norm,Norm,TwnhsE,1Story,6,5,2004,2004,Gable,CompShg,VinylSd,VinylSd,BrkFace,147.0,Gd,TA,PConc,Gd,TA,Gd,GLQ,Unf,848,GasA,Ex,Y,SBrkr,848,1,0,1,0,1,1,Gd,Typ,1,TA,Attchd,2004.0,RFn,2,TA,TA,Y,149,0,0,0,0,0,None,None,None,0,5,2008,WD,Normal,141000
692,60,RL,104.0,21535,Pave,None,IR1,Lvl,AllPub,Corner,Gtl,NoRidge,Norm,Norm,1Fam,2Story,10,6,1994,1995,Gable,WdShngl,HdBoard,HdBoard,BrkFace,1170.0,Ex,TA,PConc,Ex,TA,Gd,GLQ,Unf,2444,GasA,Ex,Y,SBrkr,4316,0,1,3,1,4,1,Ex,Typ,2,Ex,Attchd,1994.0,Fin,3,TA,TA,Y,382,50,0,0,0,0,None,None,None,0,1,2007,WD,Normal,755000
693,60,RL,42.0,26178,Pave,None,IR1,Lvl,AllPub,Inside,Mod,Timber,Norm,Norm,1Fam,2Story,7,5,1989,1990,Hip,CompShg,MetalSd,MetalSd,BrkFace,293.0,Gd,TA,PConc,Gd,TA,Gd,GLQ,Unf,1210,GasA,Ex,Y,SBrkr,2519,1,0,2,1,4,1,Gd,Typ,2,Gd,Attchd,1989.0,RFn,2,TA,TA,Y,320,27,0,0,0,0,None,None,None,0,4,2006,WD,Normal,335000
694,30,RL,60.0,5400,Pave,None,Reg,Lvl,AllPub,Corner,Sev,OldTown,Norm,Norm,1Fam,1Story,5,6,1921,1968,Gable,CompShg,MetalSd,MetalSd,None,0.0,TA,TA,BrkTil,TA,TA,No,Unf,Unf,1073,GasA,Ex,Y,SBrkr,1073,0,0,1,0,2,1,TA,Typ,0,None,Detchd,1968.0,Unf,1,TA,TA,Y,0,0,112,0,0,0,None,None,None,0,12,2006,WD,Abnorml,108480
695,50,RM,51.0,6120,Pave,None,Reg,Lvl,AllPub,Corner,Gtl,BrkSide,Norm,Norm,1Fam,1.5Fin,5,6,1936,1950,Gable,CompShg,Wd Sdng,Wd Sdng,None,0.0,TA,Fa,BrkTil,TA,TA,No,Unf,Unf,927,GasA,TA,Y,SBrkr,1539,0,0,1,1,3,1,TA,Typ,0,None,Detchd,1995.0,Unf,2,TA,TA,Y,112,0,0,0,0,0,None,MnPrv,None,0,4,2009,WD,Normal,141500
696,20,RL,54.0,13811,Pave,None,IR1,Lvl,AllPub,Inside,Gtl,Timber,Norm,Norm,1Fam,1Story,6,6,1987,1987,Gable,CompShg,HdBoard,HdBoard,BrkFace,72.0,TA,TA,CBlock,Gd,Gd,No,GLQ,LwQ,1112,GasA,Gd,Y,SBrkr,1137,1,0,2,0,2,1,Gd,Typ,1,TA,Attchd,1987.0,Unf,2,TA,TA,Y,125,0,0,0,0,0,None,None,None,0,7,2006,WD,Normal,176000
697,30,RM,50.0,6000,Pave,None,Reg,Lvl,AllPub,Inside,Gtl,BrkSide,Norm,Norm,1Fam,1Story,5,7,1921,1950,Gable,CompShg,Wd Sdng,Wd Shng,None,0.0,TA,TA,CBlock,TA,TA,No,LwQ,Unf,616,GasA,Gd,Y,SBrkr,616,0,0,1,0,2,1,TA,Typ,0,None,Detchd,1921.0,Unf,1,TA,TA,Y,0,0,129,0,0,0,None,None,None,0,6,2006,WD,Normal,89000
698,20,RL,57.0,6420,Pave,None,IR1,Lvl,AllPub,Inside,Gtl,Edwards,Norm,Norm,1Fam,1Story,5,7,1952,1952,Gable,CompShg,Wd Sdng,Wd Sdng,None,0.0,TA,TA,PConc,Ex,Gd,Mn,LwQ,ALQ,980,GasA,Fa,Y,FuseA,1148,0,1,1,0,2,1,TA,Typ,0,None,Detchd,1952.0,Unf,1,TA,TA,Y,0,0,0,0,0,0,None,None,None,0,9,2006,WD,Normal,123500
699,20,RL,65.0,8450,Pave,None,Reg,Lvl,AllPub,Inside,Gtl,Sawyer,RRAe,Norm,1Fam,1Story,5,8,1965,2009,Gable,CompShg,MetalSd,MetalSd,None,0.0,TA,Gd,CBlock,TA,TA,No,GLQ,BLQ,894,GasA,Ex,Y,SBrkr,894,1,0,1,0,3,1,TA,Typ,1,Gd,Detchd,1973.0,Unf,1,TA,TA,Y,416,144,0,0,0,0,None,MnPrv,None,0,4,2010,WD,Normal,138500
700,120,FV,59.0,4282,Pave,Pave,IR2,Lvl,AllPub,Inside,Gtl,Somerst,Norm,Norm,TwnhsE,1Story,7,5,2004,2004,Gable,CompShg,MetalSd,MetalSd,None,0.0,Gd,TA,PConc,Gd,TA,Mn,GLQ,Unf,1391,GasA,Ex,Y,SBrkr,1391,0,0,2,0,2,1,Gd,Typ,0,None,Attchd,2004.0,RFn,2,TA,TA,Y,156,158,0,0,0,0,None,None,None,0,7,2008,WD,Normal,196000
701,20,RL,85.0,14331,Pave,None,Reg,Lvl,AllPub,Inside,Gtl,Timber,Norm,Norm,1Fam,1Story,8,5,2002,2002,Hip,CompShg,VinylSd,VinylSd,BrkFace,630.0,Gd,TA,PConc,Ex,TA,Gd,GLQ,Unf,1800,GasA,Ex,Y,SBrkr,1800,1,0,2,0,3,1,Gd,Typ,1,Gd,Attchd,2002.0,Fin,3,TA,TA,Y,270,78,0,0,0,0,None,None,None,0,5,2006,WD,Normal,312500
702,20,RL,80.0,9600,Pave,None,Reg,Lvl,AllPub,Inside,Gtl,NWAmes,Norm,Norm,1Fam,1Story,7,5,1969,1969,Hip,CompShg,HdBoard,HdBoard,BrkFace,168.0,TA,TA,CBlock,TA,TA,No,Unf,Unf,1164,GasA,TA,Y,SBrkr,1164,0,0,1,1,3,1,TA,Typ,0,None,Attchd,1969.0,Unf,2,TA,TA,Y,0,0,0,0,0,0,None,None,None,0,7,2006,COD,Normal,140000
703,60,RL,82.0,12438,Pave,None,IR1,Lvl,AllPub,Inside,Gtl,StoneBr,Norm,Norm,1Fam,2Story,8,5,2006,2006,Hip,CompShg,VinylSd,VinylSd,BrkFace,466.0,Ex,TA,PConc,Ex,Gd,No,Unf,Unf,1234,GasA,Ex,Y,SBrkr,2576,0,0,2,1,4,1,Ex,Typ,1,Gd,BuiltIn,2006.0,Fin,3,TA,TA,Y,324,100,0,0,0,0,None,None,None,0,7,2006,New,Partial,361919
704,190,RM,76.0,7630,Pave,None,Reg,Lvl,AllPub,Inside,Gtl,OldTown,Feedr,Norm,2fmCon,2Story,5,9,1900,1996,Gable,CompShg,Wd Sdng,Wd Sdng,None,0.0,TA,Gd,BrkTil,Gd,TA,No,Unf,Unf,360,GasA,Gd,Y,SBrkr,1812,0,0,2,0,4,2,Gd,Typ,1,Po,Detchd,1999.0,Unf,2,TA,TA,N,344,0,40,0,0,0,None,MnPrv,None,0,5,2010,WD,Normal,140000
705,20,RL,70.0,8400,Pave,None,Reg,Lvl,AllPub,Inside,Gtl,CollgCr,Norm,Norm,1Fam,1Story,7,5,2004,2005,Gable,CompShg,VinylSd,VinylSd,BrkFace,109.0,Gd,TA,PConc,Gd,TA,Av,GLQ,Unf,1473,GasA,Ex,Y,SBrkr,1484,1,0,2,0,3,1,Gd,Typ,0,None,Attchd,2004.0,RFn,2,TA,TA,Y,0,35,0,144,0,0,None,None,None,0,5,2010,WD,Normal,213000
706,190,RM,70.0,5600,Pave,None,Reg,Lvl,AllPub,Inside,Gtl,IDOTRR,Norm,Norm,2fmCon,2Story,4,5,1930,1950,Hip,CompShg,VinylSd,Wd Shng,None,0.0,Fa,Fa,Slab,None,None,None,None,None,0,GasA,Fa,N,SBrkr,1092,0,0,2,0,3,2,Fa,Mod,0,None,None,0.0,None,0,None,None,N,0,0,0,0,0,0,None,None,Othr,3500,7,2010,WD,Normal,55000
707,20,RL,80.0,115149,Pave,None,IR2,Low,AllPub,CulDSac,Sev,ClearCr,Norm,Norm,1Fam,1Story,7,5,1971,2002,Gable,CompShg,Plywood,Plywood,Stone,351.0,TA,TA,CBlock,Gd,TA,Gd,GLQ,Unf,1643,GasA,TA,Y,SBrkr,1824,1,0,2,0,2,1,Gd,Typ,2,TA,Attchd,1971.0,Unf,2,TA,TA,Y,380,48,0,0,0,0,None,None,None,0,6,2007,WD,Normal,302000
708,120,RL,48.0,6240,Pave,None,Reg,Lvl,AllPub,Inside,Gtl,NridgHt,Norm,Norm,TwnhsE,1Story,8,5,2006,2006,Hip,CompShg,MetalSd,MetalSd,BrkFace,176.0,Gd,TA,PConc,Gd,TA,No,GLQ,Unf,1324,GasA,Ex,Y,SBrkr,1324,1,0,2,0,2,1,Gd,Typ,1,Gd,Attchd,2006.0,Fin,2,TA,TA,Y,192,38,0,0,0,0,None,None,None,0,12,2009,WD,Normal,254000
709,60,RL,65.0,9018,Pave,None,IR1,Lvl,AllPub,Inside,Gtl,Gilbert,Norm,Norm,1Fam,2Story,7,5,2007,2007,Hip,CompShg,VinylSd,VinylSd,None,0.0,Gd,TA,PConc,Gd,TA,Av,Unf,Unf,728,GasA,Ex,Y,SBrkr,1456,0,0,2,1,3,1,Gd,Typ,1,Gd,Attchd,2007.0,Fin,2,TA,TA,Y,100,24,0,0,0,0,None,None,None,0,7,2007,New,Partial,179540
710,20,RL,71.0,7162,Pave,None,IR1,Lvl,AllPub,Inside,Gtl,Sawyer,Norm,Norm,1Fam,1Story,5,7,1966,1966,Gable,CompShg,HdBoard,HdBoard,BrkCmn,41.0,TA,TA,PConc,TA,TA,No,Unf,Unf,876,GasA,TA,Y,SBrkr,904,0,0,1,0,3,1,TA,Typ,0,None,Attchd,1966.0,Unf,1,TA,TA,Y,0,0,0,0,0,0,None,MnPrv,None,0,12,2008,WD,Abnorml,109900
711,30,RL,56.0,4130,Pave,None,IR1,Lvl,AllPub,Inside,Gtl,BrkSide,Norm,Norm,1Fam,1Story,3,6,1935,2003,Gable,CompShg,VinylSd,VinylSd,None,0.0,Gd,TA,CBlock,TA,TA,No,Unf,Unf,270,GasA,Gd,Y,SBrkr,729,0,0,1,0,2,1,TA,Maj2,0,None,None,0.0,None,0,None,None,N,0,0,0,0,0,0,None,None,None,0,7,2008,WD,Normal,52000
712,50,C (all),66.0,8712,Pave,Pave,Reg,HLS,AllPub,Inside,Mod,IDOTRR,Norm,Norm,1Fam,1.5Fin,4,7,1900,1950,Gable,CompShg,MetalSd,MetalSd,None,0.0,TA,TA,Stone,TA,TA,Mn,Unf,Unf,859,GasA,Gd,Y,SBrkr,1178,0,0,1,0,2,1,TA,Typ,0,None,Detchd,1964.0,RFn,1,TA,TA,N,68,0,98,0,0,0,None,None,None,0,1,2010,WD,Abnorml,102776
713,120,RL,40.0,4671,Pave,None,IR1,HLS,AllPub,Inside,Gtl,StoneBr,Norm,Norm,TwnhsE,1Story,8,5,1988,1989,Gable,CompShg,HdBoard,HdBoard,None,0.0,Gd,TA,PConc,Gd,TA,Mn,GLQ,Unf,1228,GasA,Gd,Y,SBrkr,1228,1,0,2,0,2,1,Gd,Typ,1,Gd,Attchd,1988.0,Fin,2,TA,TA,Y,168,120,0,0,0,0,None,None,None,0,10,2008,WD,Normal,189000
714,190,RL,60.0,9873,Pave,None,Reg,Lvl,AllPub,Inside,Gtl,BrkSide,RRAn,Norm,2fmCon,1Story,4,5,1970,1970,Gable,CompShg,HdBoard,HdBoard,BrkFace,160.0,TA,TA,CBlock,TA,TA,Av,ALQ,Unf,960,GasW,TA,N,SBrkr,960,1,0,1,0,3,1,TA,Typ,0,None,Detchd,1970.0,Unf,2,TA,TA,Y,0,288,0,0,0,0,None,None,None,0,5,2006,WD,Normal,129000
715,60,RL,71.0,13517,Pave,None,IR1,Lvl,AllPub,CulDSac,Gtl,Sawyer,RRAe,Norm,1Fam,2Story,6,8,1976,2005,Gable,CompShg,HdBoard,Plywood,BrkFace,289.0,Gd,TA,CBlock,TA,TA,No,GLQ,Unf,725,GasA,Ex,Y,SBrkr,1479,0,0,2,1,3,1,Gd,Typ,0,None,Attchd,1976.0,RFn,2,TA,TA,Y,0,44,0,0,0,0,None,None,None,0,3,2010,WD,Normal,130500
716,20,RL,78.0,10140,Pave,None,Reg,Lvl,AllPub,Inside,Gtl,NWAmes,Norm,Norm,1Fam,1Story,6,5,1974,1974,Hip,CompShg,HdBoard,HdBoard,BrkFace,174.0,TA,TA,CBlock,Gd,TA,No,Unf,Unf,1064,GasA,TA,Y,SBrkr,1350,0,0,2,0,3,1,TA,Typ,1,TA,Attchd,1974.0,RFn,2,TA,TA,Y,0,0,0,0,0,0,None,MnPrv,None,0,8,2009,WD,Normal,165000
717,70,RM,60.0,10800,Pave,Grvl,Reg,Bnk,AllPub,Inside,Gtl,OldTown,Norm,Norm,1Fam,2Story,7,8,1890,1998,Gable,CompShg,Wd Sdng,VinylSd,None,0.0,TA,Gd,BrkTil,TA,TA,No,Unf,Unf,718,GasA,Ex,Y,SBrkr,2554,0,0,1,1,3,1,TA,Typ,0,None,Detchd,1996.0,Unf,2,TA,TA,P,0,48,143,0,0,0,None,None,None,0,7,2007,WD,Normal,159500
718,20,RL,80.0,10000,Pave,None,Reg,Lvl,AllPub,Inside,Gtl,NWAmes,Norm,Norm,1Fam,1Story,5,6,1973,2000,Gable,CompShg,HdBoard,HdBoard,None,0.0,TA,TA,CBlock,Gd,TA,No,BLQ,Unf,1176,GasA,Gd,Y,SBrkr,1178,0,1,1,1,3,1,Gd,Typ,1,Fa,Attchd,1973.0,Unf,2,TA,TA,Y,224,0,0,0,0,0,None,MnPrv,None,0,11,2008,WD,Normal,157000
719,60,RL,96.0,10542,Pave,None,Reg,Lvl,AllPub,Inside,Gtl,NoRidge,Norm,Norm,1Fam,2Story,7,5,1993,1994,Hip,CompShg,Wd Sdng,ImStucc,BrkFace,651.0,Gd,TA,PConc,Gd,TA,Gd,GLQ,Unf,1311,GasA,Ex,Y,SBrkr,2418,1,0,2,1,3,1,Gd,Typ,1,TA,Attchd,1993.0,RFn,3,TA,TA,Y,250,154,216,0,0,0,None,None,None,0,8,2008,WD,Normal,341000
720,20,RL,69.0,9920,Pave,None,IR1,Lvl,AllPub,Inside,Gtl,CollgCr,Norm,Norm,1Fam,1Story,5,6,1969,1969,Gable,CompShg,HdBoard,Plywood,None,0.0,TA,TA,CBlock,Gd,TA,Gd,ALQ,Unf,971,GasA,TA,Y,SBrkr,971,0,0,1,1,3,1,TA,Typ,1,Po,Attchd,1969.0,Unf,1,TA,TA,Y,0,0,0,0,0,0,None,None,None,0,5,2006,WD,Normal,128500
721,120,RL,61.5,6563,Pave,None,IR1,Low,AllPub,CulDSac,Mod,StoneBr,Norm,Norm,1Fam,1Story,8,5,1985,1985,Gable,CompShg,HdBoard,HdBoard,None,0.0,Gd,TA,PConc,Gd,TA,Gd,GLQ,Unf,1742,GasA,TA,Y,SBrkr,1742,1,0,2,0,2,1,Gd,Typ,1,TA,Attchd,1985.0,RFn,2,TA,TA,Y,114,28,234,0,0,0,None,None,None,0,12,2006,WD,Normal,275000
722,120,RM,70.0,4426,Pave,None,Reg,Lvl,AllPub,Inside,Gtl,CollgCr,Norm,Norm,TwnhsE,1Story,6,5,2004,2004,Gable,CompShg,VinylSd,VinylSd,BrkFace,169.0,Gd,TA,PConc,Gd,TA,Av,GLQ,Unf,848,GasA,Ex,Y,SBrkr,848,1,0,1,0,1,1,Gd,Typ,0,None,Attchd,2004.0,RFn,2,TA,TA,Y,160,0,0,0,0,0,None,None,None,0,5,2010,WD,Normal,143000
723,20,RL,70.0,8120,Pave,None,Reg,Lvl,AllPub,Inside,Gtl,NAmes,Norm,Norm,1Fam,1Story,4,7,1970,1970,Gable,CompShg,MetalSd,MetalSd,None,0.0,TA,Gd,CBlock,TA,TA,No,ALQ,Unf,864,GasA,Ex,Y,SBrkr,864,0,0,1,0,3,1,TA,Typ,0,None,Detchd,1994.0,Unf,2,TA,TA,Y,0,0,0,0,0,0,None,None,None,0,7,2009,WD,Normal,124500
724,50,RL,60.0,8172,Pave,None,Reg,Lvl,AllPub,Inside,Gtl,Edwards,Norm,Norm,1Fam,1.5Fin,4,6,1954,1972,Gable,CompShg,MetalSd,MetalSd,None,0.0,TA,TA,PConc,TA,TA,No,Unf,Unf,941,GasA,Ex,Y,SBrkr,1470,0,0,2,0,4,1,TA,Typ,0,None,Detchd,1958.0,Unf,1,TA,TA,Y,0,0,0,0,156,0,None,None,None,0,5,2008,WD,Normal,135000
725,20,RL,86.0,13286,Pave,None,IR1,Lvl,AllPub,Inside,Gtl,Edwards,Norm,Norm,1Fam,1Story,9,5,2007,2008,Hip,CompShg,CemntBd,CmentBd,Stone,340.0,Ex,TA,PConc,Ex,TA,No,GLQ,Unf,1698,GasA,Ex,Y,SBrkr,1698,1,0,2,0,3,1,Ex,Typ,1,Gd,Attchd,2007.0,Fin,3,TA,TA,Y,327,64,0,0,0,0,None,None,None,0,2,2009,WD,Normal,320000
726,20,RL,60.0,6960,Pave,None,Reg,Lvl,AllPub,Inside,Gtl,NAmes,Norm,Norm,1Fam,1Story,4,6,1970,1970,Gable,CompShg,HdBoard,Plywood,None,0.0,TA,TA,CBlock,TA,TA,No,ALQ,BLQ,864,GasA,TA,Y,SBrkr,864,0,0,1,0,3,1,Gd,Typ,0,None,Detchd,1989.0,Unf,2,TA,TA,Y,96,0,0,0,0,0,None,None,Shed,500,11,2009,WD,Normal,120500
727,20,RL,74.0,21695,Pave,None,IR1,Lvl,AllPub,Corner,Gtl,Crawfor,Norm,Norm,1Fam,1Story,6,9,1988,2007,Hip,CompShg,Wd Sdng,Plywood,BrkFace,260.0,Gd,Gd,CBlock,Gd,TA,No,GLQ,Unf,880,GasA,Ex,Y,SBrkr,1680,1,0,2,0,3,1,Gd,Typ,1,Gd,Attchd,1988.0,Fin,2,TA,TA,Y,292,44,0,182,0,0,None,None,None,0,12,2009,WD,Normal,222000
728,20,RL,64.0,7314,Pave,None,Reg,Lvl,AllPub,Inside,Gtl,CollgCr,Norm,Norm,1Fam,1Story,7,5,2007,2007,Gable,CompShg,VinylSd,VinylSd,Stone,82.0,Gd,TA,PConc,Gd,TA,Av,GLQ,Unf,1232,GasA,Ex,Y,SBrkr,1232,1,0,2,0,2,1,Gd,Typ,0,None,Attchd,2007.0,RFn,2,TA,TA,Y,132,0,0,0,0,0,None,None,None,0,2,2009,WD,Normal,194500
729,90,RL,85.0,11475,Pave,None,Reg,Lvl,AllPub,Corner,Gtl,NAmes,Norm,Norm,Duplex,1Story,5,5,1958,1958,Gable,CompShg,VinylSd,VinylSd,BrkFace,95.0,TA,TA,CBlock,TA,TA,No,Unf,Unf,1584,GasA,TA,Y,SBrkr,1776,1,0,2,0,4,2,TA,Typ,0,None,Detchd,1968.0,Unf,3,TA,TA,Y,0,25,0,0,0,0,None,None,None,0,7,2009,COD,Abnorml,110000
730,30,RM,52.0,6240,Pave,Grvl,Reg,Lvl,AllPub,Inside,Gtl,IDOTRR,Norm,Norm,1Fam,1.5Fin,4,5,1925,1950,Gable,CompShg,MetalSd,MetalSd,None,0.0,TA,TA,CBlock,TA,TA,No,BLQ,Unf,780,GasA,TA,Y,FuseA,1208,0,0,1,0,2,1,TA,Typ,0,None,Detchd,1962.0,Unf,2,TA,TA,Y,0,23,112,0,0,0,None,None,None,0,1,2009,WD,Normal,103000
731,120,RL,39.0,5389,Pave,None,IR1,Lvl,AllPub,Inside,Gtl,StoneBr,Norm,Norm,TwnhsE,1Story,8,5,1995,1996,Gable,CompShg,CemntBd,CmentBd,None,0.0,Gd,TA,PConc,Gd,TA,No,GLQ,Unf,1595,GasA,Ex,Y,SBrkr,1616,1,0,2,0,2,1,Gd,Typ,1,TA,Attchd,1995.0,RFn,2,TA,TA,Y,237,152,0,0,0,0,None,None,None,0,3,2010,WD,Normal,236500
732,80,RL,73.0,9590,Pave,None,IR1,Lvl,AllPub,Corner,Gtl,Timber,Norm,Norm,1Fam,SLvl,7,5,2003,2003,Gable,CompShg,VinylSd,VinylSd,BrkFace,442.0,Gd,TA,PConc,Ex,TA,Av,GLQ,Unf,868,GasA,Ex,Y,SBrkr,1146,1,0,2,0,3,1,Gd,Typ,1,Gd,Attchd,2003.0,Fin,2,TA,TA,Y,160,22,0,0,0,0,None,None,None,0,5,2007,WD,Normal,187500
733,60,RL,75.0,11404,Pave,None,IR1,Lvl,AllPub,Inside,Gtl,CollgCr,Norm,Norm,1Fam,2Story,7,5,1998,1999,Gable,CompShg,VinylSd,VinylSd,BrkFace,202.0,Gd,TA,PConc,Gd,TA,Av,ALQ,Unf,1153,GasA,Ex,Y,SBrkr,2031,0,0,2,1,3,1,Gd,Typ,1,TA,Attchd,1998.0,Fin,2,TA,TA,Y,192,84,0,0,0,0,None,None,None,0,7,2008,WD,Normal,222500
734,20,RL,80.0,10000,Pave,None,Reg,Lvl,AllPub,Corner,Gtl,Sawyer,Feedr,Norm,1Fam,1Story,5,6,1961,1983,Hip,CompShg,HdBoard,HdBoard,None,0.0,TA,TA,CBlock,TA,TA,No,BLQ,Unf,864,GasA,Ex,Y,SBrkr,1144,1,0,1,0,3,1,TA,Typ,1,TA,Attchd,1961.0,RFn,1,TA,TA,Y,165,0,0,0,0,0,None,GdWo,Shed,400,3,2009,WD,Normal,131400
735,20,RL,71.0,8978,Pave,None,IR1,Lvl,AllPub,Corner,Gtl,Sawyer,Norm,Norm,1Fam,1Story,5,5,1968,1968,Gable,CompShg,Plywood,Plywood,None,0.0,TA,TA,PConc,TA,TA,No,Unf,Unf,948,GasA,TA,Y,SBrkr,948,0,0,1,0,3,1,TA,Typ,0,None,Attchd,1968.0,Unf,1,TA,TA,Y,147,0,0,0,0,0,None,None,None,0,5,2007,WD,Family,108000
736,75,RM,60.0,10800,Pave,None,Reg,Lvl,AllPub,Inside,Gtl,OldTown,Norm,Norm,1Fam,2.5Unf,7,7,1914,1970,Gable,CompShg,Wd Sdng,Wd Sdng,None,0.0,TA,TA,BrkTil,Gd,TA,Mn,Rec,Unf,880,GasW,Fa,N,SBrkr,1768,0,0,1,1,2,1,TA,Typ,2,TA,Detchd,1914.0,Unf,2,TA,TA,N,0,341,0,0,0,0,None,None,None,0,10,2006,WD,Normal,163000
737,90,RL,60.0,8544,Pave,None,Reg,Lvl,AllPub,Inside,Gtl,NAmes,Norm,Norm,Duplex,1Story,3,4,1950,1950,Gable,CompShg,Stucco,Stone,None,0.0,TA,TA,CBlock,None,None,None,None,None,0,GasA,Gd,N,FuseF,1040,0,0,2,0,2,2,TA,Typ,0,None,Detchd,1949.0,Unf,2,TA,TA,Y,0,0,0,0,0,0,None,None,None,0,7,2006,WD,Normal,93500
738,60,RL,72.0,10463,Pave,None,IR1,HLS,AllPub,CulDSac,Gtl,Gilbert,Norm,Norm,1Fam,2Story,8,5,2005,2005,Gable,CompShg,VinylSd,VinylSd,None,0.0,Gd,TA,PConc,Gd,TA,No,Unf,Unf,893,GasA,Ex,Y,SBrkr,1801,0,0,2,1,3,1,Gd,Typ,1,Gd,Attchd,2005.0,Fin,3,TA,TA,Y,0,116,0,0,0,0,None,None,None,0,6,2006,WD,Normal,239900
739,90,RL,60.0,10800,Pave,None,Reg,Lvl,AllPub,Inside,Gtl,Edwards,Norm,Norm,Duplex,1Story,5,5,1987,1988,Gable,CompShg,Plywood,Plywood,None,0.0,TA,TA,CBlock,Gd,Gd,Gd,GLQ,Unf,1200,GasA,TA,Y,SBrkr,1200,3,0,3,0,3,1,TA,Typ,0,None,None,0.0,None,0,None,None,Y,120,0,0,0,0,0,None,None,None,0,3,2009,WD,Alloca,179000
740,60,RL,65.0,9313,Pave,None,IR1,Lvl,AllPub,Inside,Gtl,CollgCr,Norm,Norm,1Fam,2Story,7,5,2004,2004,Gable,CompShg,VinylSd,VinylSd,None,0.0,Gd,TA,PConc,Gd,TA,No,Unf,Unf,864,GasA,Ex,Y,SBrkr,1728,0,0,2,1,3,1,Gd,Typ,0,None,Attchd,2004.0,RFn,2,TA,TA,Y,187,56,0,0,0,0,None,None,None,0,4,2009,WD,Normal,190000
741,70,RM,60.0,9600,Pave,Grvl,Reg,Lvl,AllPub,Inside,Gtl,OldTown,Norm,Norm,1Fam,2Story,5,7,1910,2002,Gable,CompShg,Wd Sdng,Wd Shng,None,0.0,TA,Gd,BrkTil,Fa,Fa,No,Unf,Unf,264,GasA,Ex,Y,SBrkr,1432,0,0,2,0,2,1,TA,Typ,0,None,Detchd,1910.0,Unf,2,TA,Gd,Y,270,0,112,0,0,0,None,GdPrv,None,0,5,2007,WD,Abnorml,132000
742,20,RL,65.0,6768,Pave,None,IR1,Lvl,AllPub,Inside,Gtl,Sawyer,Feedr,Norm,1Fam,1Story,6,8,1961,1996,Hip,CompShg,HdBoard,HdBoard,None,0.0,TA,Gd,CBlock,TA,TA,Mn,GLQ,Unf,912,GasA,Gd,Y,SBrkr,912,1,1,1,0,3,1,Gd,Typ,0,None,Detchd,1962.0,Unf,1,TA,TA,Y,168,0,0,0,0,0,None,GdPrv,None,0,5,2008,WD,Normal,142000
743,20,RL,65.0,8450,Pave,None,Reg,Lvl,AllPub,Inside,Gtl,SawyerW,Norm,Norm,1Fam,1Story,7,5,2000,2001,Gable,CompShg,VinylSd,VinylSd,BrkFace,108.0,TA,TA,PConc,Gd,TA,No,Unf,Unf,1349,GasA,Ex,Y,SBrkr,1349,0,0,2,0,3,1,TA,Typ,0,None,Attchd,2000.0,Unf,2,TA,TA,Y,120,55,0,0,0,0,None,GdPrv,None,0,12,2007,WD,Normal,179000
744,80,RL,70.0,12886,Pave,None,IR1,Lvl,AllPub,Inside,Gtl,Sawyer,Norm,Norm,1Fam,SLvl,5,6,1963,1999,Gable,CompShg,HdBoard,HdBoard,None,0.0,TA,TA,CBlock,Gd,TA,Av,ALQ,Unf,520,GasA,Ex,Y,SBrkr,1464,0,1,2,0,3,1,TA,Min2,1,TA,Attchd,1997.0,RFn,2,TA,TA,Y,302,0,0,0,100,0,None,None,None,0,10,2009,WD,Normal,175000
745,120,RL,41.0,5395,Pave,None,IR1,HLS,AllPub,Inside,Gtl,StoneBr,Norm,Norm,TwnhsE,1Story,8,5,1993,1993,Gable,CompShg,HdBoard,HdBoard,None,0.0,Gd,TA,PConc,Gd,TA,No,GLQ,Unf,1337,GasA,Gd,Y,SBrkr,1337,1,0,2,0,2,1,Gd,Typ,1,TA,Attchd,1993.0,RFn,2,TA,TA,Y,96,0,70,168,0,0,None,None,None,0,10,2008,WD,Normal,180000
746,60,RL,80.0,8963,Pave,None,IR1,Lvl,AllPub,Inside,Gtl,NWAmes,Norm,Norm,1Fam,2Story,8,9,1976,1996,Hip,CompShg,VinylSd,VinylSd,BrkFace,289.0,Ex,Gd,CBlock,TA,Gd,No,GLQ,ALQ,1142,GasA,Ex,Y,SBrkr,2715,0,1,3,1,4,1,Gd,Typ,2,TA,BuiltIn,1994.0,Fin,2,TA,TA,Y,0,204,0,0,0,0,None,None,None,0,7,2008,WD,Normal,299800
747,60,RL,65.0,8795,Pave,None,IR1,Lvl,AllPub,Inside,Gtl,Gilbert,Norm,Norm,1Fam,2Story,7,5,2000,2000,Gable,CompShg,VinylSd,VinylSd,None,0.0,Gd,TA,PConc,Gd,TA,No,GLQ,Unf,952,GasA,Ex,Y,SBrkr,2256,0,0,2,1,4,1,Gd,Typ,1,TA,BuiltIn,2000.0,Fin,2,TA,TA,Y,224,54,0,0,0,0,None,None,None,0,4,2009,WD,Normal,236000
748,70,RM,65.0,11700,Pave,Pave,IR1,Lvl,AllPub,Corner,Gtl,OldTown,Norm,Norm,1Fam,2Story,7,7,1880,2003,Mansard,CompShg,Stucco,Stucco,None,0.0,Gd,TA,Stone,TA,Fa,No,Unf,Unf,1240,GasW,TA,N,SBrkr,2640,0,0,1,1,4,1,Gd,Typ,1,Gd,Detchd,1950.0,Unf,4,TA,TA,N,181,0,386,0,0,0,None,None,None,0,5,2009,WD,Normal,265979
749,20,RL,59.0,10593,Pave,None,IR1,Lvl,AllPub,Inside,Gtl,NoRidge,Norm,Norm,1Fam,1Story,7,5,1996,1996,Hip,CompShg,VinylSd,VinylSd,BrkFace,338.0,Gd,TA,PConc,Gd,TA,No,GLQ,Unf,1720,GasA,Ex,Y,SBrkr,1720,1,0,2,0,3,1,Gd,Typ,1,TA,Attchd,1996.0,Fin,2,TA,TA,Y,240,56,154,0,0,0,None,None,None,0,3,2010,WD,Normal,260400
750,50,RL,50.0,8405,Pave,None,Reg,Lvl,AllPub,Inside,Gtl,Edwards,Norm,Norm,1Fam,1.5Fin,4,3,1945,1950,Gable,CompShg,WdShing,Wd Shng,None,0.0,TA,TA,Slab,None,None,None,None,None,0,Wall,TA,N,FuseF,1529,0,0,2,0,4,1,TA,Mod,0,None,Detchd,1945.0,Unf,1,TA,TA,N,92,0,185,0,0,0,None,None,None,0,4,2009,WD,Normal,98000
751,50,RM,55.0,8800,Pave,Grvl,Reg,Lvl,AllPub,Corner,Gtl,OldTown,Norm,Norm,1Fam,1.5Fin,4,7,1910,2004,Gable,CompShg,Wd Sdng,Wd Sdng,None,0.0,TA,TA,BrkTil,TA,Fa,No,Unf,Unf,576,GasA,Gd,Y,SBrkr,1140,0,0,1,0,3,1,TA,Min2,0,None,None,0.0,None,0,None,None,N,0,160,0,0,0,0,None,None,None,0,6,2010,WD,Normal,96500
752,60,RL,65.0,7750,Pave,None,Reg,Lvl,AllPub,Inside,Gtl,Gilbert,RRAn,Norm,1Fam,2Story,7,5,2003,2003,Gable,CompShg,VinylSd,VinylSd,None,0.0,Gd,TA,PConc,Gd,TA,No,Unf,Unf,660,GasA,Ex,Y,SBrkr,1320,0,0,2,1,3,1,Gd,Typ,0,None,Attchd,2003.0,Fin,2,TA,TA,Y,0,48,0,0,0,0,None,None,None,0,8,2007,WD,Normal,162000
753,20,RL,79.0,9236,Pave,None,IR1,Lvl,AllPub,Inside,Gtl,CollgCr,Norm,Norm,1Fam,1Story,6,5,1997,1997,Gable,CompShg,VinylSd,VinylSd,None,0.0,TA,Gd,PConc,Gd,TA,Gd,GLQ,Unf,1479,GasA,Ex,Y,SBrkr,1494,1,0,2,0,3,1,Gd,Typ,0,None,Attchd,1997.0,RFn,2,TA,TA,Y,168,27,0,0,0,0,None,None,None,0,7,2006,WD,Normal,217000
754,60,RL,80.0,10240,Pave,None,Reg,Lvl,AllPub,Inside,Gtl,NridgHt,Norm,Norm,1Fam,2Story,8,5,2005,2005,Gable,CompShg,VinylSd,VinylSd,BrkFace,178.0,Gd,TA,PConc,Gd,TA,Mn,Unf,Unf,1030,GasA,Gd,Y,SBrkr,2098,0,0,2,1,3,1,Ex,Typ,1,Gd,Attchd,2005.0,RFn,3,TA,TA,Y,192,52,0,0,0,0,None,None,None,0,3,2006,WD,Normal,275500
755,20,RL,61.0,7930,Pave,None,Reg,Lvl,AllPub,Inside,Gtl,NAmes,Norm,Norm,1Fam,1Story,6,8,1969,2005,Gable,CompShg,Plywood,Plywood,None,0.0,TA,TA,CBlock,TA,TA,No,GLQ,LwQ,1026,GasA,Gd,Y,SBrkr,1026,1,0,1,0,3,1,Gd,Typ,0,None,Detchd,1969.0,RFn,2,TA,TA,Y,171,48,0,0,0,0,None,None,None,0,7,2009,WD,Normal,156000
756,160,FV,34.0,3230,Pave,Pave,Reg,Lvl,AllPub,Inside,Gtl,Somerst,Norm,Norm,TwnhsE,2Story,6,5,1999,1999,Gable,CompShg,MetalSd,MetalSd,BrkFace,894.0,TA,TA,PConc,Gd,TA,No,GLQ,Unf,729,GasA,Gd,Y,SBrkr,1471,0,0,2,1,3,1,TA,Typ,0,None,Detchd,1999.0,Unf,2,TA,TA,Y,0,24,0,0,0,0,None,None,None,0,3,2009,WD,Normal,172500
757,60,RL,68.0,10769,Pave,None,IR1,Lvl,AllPub,Inside,Gtl,CollgCr,Norm,Norm,1Fam,2Story,8,5,2007,2007,Gable,CompShg,VinylSd,VinylSd,None,0.0,Gd,TA,PConc,Gd,TA,Av,GLQ,Unf,866,GasA,Ex,Y,SBrkr,1768,0,0,2,1,3,1,Gd,Typ,0,None,Attchd,2007.0,RFn,2,TA,TA,Y,144,105,0,0,0,0,None,None,None,0,4,2009,WD,Normal,212000
758,60,RL,71.0,11616,Pave,None,IR1,Lvl,AllPub,CulDSac,Gtl,Sawyer,Norm,Norm,1Fam,2Story,6,5,1978,1978,Hip,CompShg,HdBoard,HdBoard,BrkCmn,328.0,TA,TA,CBlock,TA,TA,Mn,Rec,Unf,672,GasA,TA,Y,SBrkr,1386,0,0,2,1,3,1,TA,Typ,1,TA,Attchd,1978.0,Fin,2,TA,TA,Y,335,0,0,0,0,0,None,GdPrv,None,0,4,2010,WD,Abnorml,158900
759,160,FV,24.0,2280,Pave,Pave,Reg,Lvl,AllPub,Inside,Gtl,Somerst,Norm,Norm,Twnhs,2Story,7,5,1999,1999,Gable,CompShg,MetalSd,MetalSd,BrkFace,360.0,TA,TA,PConc,Gd,TA,No,ALQ,Unf,744,GasA,Gd,Y,SBrkr,1501,0,0,2,1,3,1,TA,Typ,0,None,Detchd,1999.0,Unf,2,TA,TA,Y,0,0,0,0,0,0,None,None,None,0,8,2008,WD,Normal,179400
760,60,RL,65.0,12257,Pave,None,IR1,Lvl,AllPub,Inside,Gtl,NoRidge,Norm,Norm,1Fam,2Story,8,5,1995,1995,Gable,CompShg,VinylSd,VinylSd,BrkFace,513.0,Gd,TA,PConc,Gd,TA,Av,LwQ,ALQ,1318,GasA,Ex,Y,SBrkr,2531,0,0,2,1,4,1,Gd,Typ,1,TA,Attchd,1995.0,RFn,3,TA,TA,Y,222,98,0,0,0,0,None,None,None,0,11,2007,WD,Normal,290000
761,20,RL,70.0,9100,Pave,None,Reg,Lvl,AllPub,Inside,Gtl,NAmes,Norm,Norm,1Fam,1Story,6,6,1959,1959,Hip,CompShg,Wd Sdng,Wd Sdng,None,0.0,TA,TA,CBlock,TA,TA,No,Rec,Unf,864,GasA,Ex,Y,SBrkr,864,0,0,1,0,2,1,TA,Typ,0,None,Detchd,2008.0,Unf,1,Ex,Ex,Y,0,0,0,0,0,0,None,None,Shed,450,10,2009,WD,Normal,127500
762,30,RM,60.0,6911,Pave,None,Reg,Lvl,AllPub,FR2,Gtl,BrkSide,Feedr,Norm,1Fam,1Story,5,5,1924,1950,Gable,CompShg,Wd Sdng,Wd Sdng,None,0.0,TA,TA,PConc,TA,TA,Mn,LwQ,Unf,1145,GasA,TA,Y,SBrkr,1301,0,0,1,0,2,1,Fa,Min1,0,None,Detchd,1965.0,Unf,2,TA,TA,Y,0,0,0,0,0,0,None,None,None,0,10,2009,WD,Normal,100000
763,60,FV,72.0,8640,Pave,None,Reg,Lvl,AllPub,Inside,Gtl,Somerst,Norm,Norm,1Fam,2Story,7,5,2009,2009,Gable,CompShg,VinylSd,VinylSd,None,0.0,TA,TA,PConc,Gd,TA,Mn,GLQ,Unf,756,GasA,Ex,Y,SBrkr,1547,0,0,2,1,3,1,Gd,Typ,0,None,Attchd,2009.0,Unf,2,TA,TA,Y,169,45,0,0,0,0,None,None,None,0,6,2010,Con,Normal,215200
764,60,RL,82.0,9430,Pave,None,Reg,Lvl,AllPub,Inside,Gtl,NoRidge,Norm,Norm,1Fam,2Story,8,5,1999,1999,Gable,CompShg,VinylSd,VinylSd,BrkFace,673.0,Gd,TA,PConc,Gd,TA,Mn,GLQ,Unf,1252,GasA,Ex,Y,SBrkr,2365,1,0,2,1,3,1,Gd,Typ,1,Gd,Attchd,1999.0,RFn,3,TA,TA,Y,0,128,0,0,180,0,None,None,None,0,7,2009,WD,Normal,337000
765,120,RL,30.0,9549,Pave,None,IR1,Lvl,AllPub,CulDSac,Gtl,Veenker,Norm,Norm,TwnhsE,1Story,8,5,1995,1996,Hip,CompShg,BrkFace,BrkFace,None,0.0,Gd,Gd,PConc,Gd,Gd,Av,LwQ,GLQ,1494,GasA,Ex,Y,SBrkr,1494,1,0,1,1,2,1,Ex,Typ,1,Gd,Attchd,1995.0,Fin,2,TA,TA,Y,0,30,0,0,216,0,None,None,None,0,4,2006,WD,Normal,270000
766,20,RL,75.0,14587,Pave,None,IR1,Lvl,AllPub,Inside,Gtl,Somerst,Norm,Norm,1Fam,1Story,9,5,2008,2008,Gable,CompShg,VinylSd,VinylSd,Stone,284.0,Gd,TA,PConc,Gd,TA,No,Unf,Unf,1498,GasA,Ex,Y,SBrkr,1506,0,0,2,0,2,1,Ex,Typ,1,Gd,Attchd,2008.0,Fin,2,TA,TA,Y,0,174,0,0,0,0,None,None,None,0,8,2008,New,Partial,264132
767,60,RL,80.0,10421,Pave,None,Reg,Lvl,AllPub,Inside,Gtl,NWAmes,Norm,Norm,1Fam,2Story,7,5,1988,1988,Gable,CompShg,HdBoard,HdBoard,BrkFace,42.0,TA,TA,CBlock,Gd,TA,No,GLQ,Unf,980,GasA,TA,Y,SBrkr,1714,0,0,2,1,3,1,TA,Typ,1,TA,Attchd,1988.0,Unf,2,TA,TA,Y,228,66,156,0,0,0,None,MnPrv,Shed,500,3,2010,WD,Normal,196500
768,50,RL,75.0,12508,Pave,None,IR1,Lvl,AllPub,Inside,Gtl,Mitchel,Norm,Norm,1Fam,1.5Fin,6,7,1940,1985,Gable,CompShg,VinylSd,VinylSd,None,0.0,TA,TA,CBlock,Gd,TA,Mn,ALQ,Unf,983,GasA,Ex,Y,SBrkr,1750,1,0,2,0,4,1,TA,Mod,0,None,Attchd,1989.0,Unf,1,TA,TA,Y,245,0,156,0,0,0,None,None,Shed,1300,7,2008,WD,Normal,160000
769,20,RL,70.0,9100,Pave,None,Reg,Lvl,AllPub,Inside,Gtl,CollgCr,Norm,Norm,1Fam,1Story,7,5,2004,2005,Hip,CompShg,VinylSd,VinylSd,None,0.0,Gd,TA,PConc,Gd,TA,No,GLQ,Unf,1860,GasA,Ex,Y,SBrkr,1836,0,0,2,0,3,1,Gd,Typ,1,Gd,Attchd,2004.0,Fin,2,TA,TA,Y,120,33,0,0,0,0,None,None,None,0,10,2006,WD,Normal,216837
770,60,RL,47.0,53504,Pave,None,IR2,HLS,AllPub,CulDSac,Mod,StoneBr,Norm,Norm,1Fam,2Story,8,5,2003,2003,Hip,CompShg,CemntBd,Wd Shng,BrkFace,603.0,Ex,TA,PConc,Gd,TA,Gd,ALQ,Unf,1650,GasA,Ex,Y,SBrkr,3279,1,0,3,1,4,1,Ex,Mod,1,Gd,BuiltIn,2003.0,Fin,3,TA,TA,Y,503,36,0,0,210,0,None,None,None,0,6,2010,WD,Normal,538000
771,85,RL,71.0,7252,Pave,None,IR1,Lvl,AllPub,CulDSac,Gtl,Sawyer,Norm,Norm,1Fam,SFoyer,5,5,1982,1982,Hip,CompShg,Wd Sdng,Wd Sdng,None,0.0,TA,TA,CBlock,Gd,TA,Av,GLQ,Unf,858,GasA,TA,Y,SBrkr,858,1,0,1,0,2,1,TA,Typ,0,None,Detchd,1983.0,Unf,2,TA,TA,Y,120,0,0,0,0,0,None,None,None,0,4,2009,WD,Normal,134900
772,20,RL,67.0,8877,Pave,None,Reg,Lvl,AllPub,Inside,Gtl,Edwards,Norm,Norm,1Fam,1Story,4,5,1951,1951,Gable,CompShg,Wd Sdng,Wd Sdng,None,0.0,TA,TA,CBlock,Fa,Fa,No,LwQ,Unf,836,GasA,TA,Y,FuseF,1220,0,0,1,0,2,1,TA,Typ,0,None,Detchd,1951.0,Unf,2,TA,TA,Y,0,0,0,0,0,0,None,None,None,0,4,2006,COD,Normal,102000
773,80,RL,94.0,7819,Pave,None,Reg,Lvl,AllPub,Inside,Gtl,Edwards,Norm,Norm,1Fam,SLvl,6,5,1976,1976,Gable,CompShg,Plywood,Plywood,None,0.0,TA,TA,CBlock,TA,TA,Av,ALQ,BLQ,1029,GasA,TA,Y,SBrkr,1117,1,0,1,0,3,1,TA,Typ,1,TA,Detchd,1976.0,Unf,2,TA,TA,Y,144,0,0,0,0,0,None,MnPrv,None,0,3,2010,WD,Abnorml,107000
774,20,RL,70.0,10150,Pave,None,Reg,Lvl,AllPub,Inside,Gtl,NAmes,Feedr,Norm,1Fam,1Story,5,5,1958,1958,Gable,CompShg,Wd Sdng,Wd Sdng,None,1.0,TA,TA,CBlock,TA,TA,No,Rec,Unf,912,GasA,Ex,Y,FuseA,912,0,0,1,0,2,1,TA,Typ,0,None,Attchd,1958.0,RFn,1,TA,TA,Y,0,0,0,0,0,0,None,None,None,0,7,2007,COD,Normal,114500
775,20,RL,110.0,14226,Pave,None,Reg,Lvl,AllPub,Corner,Gtl,NridgHt,Norm,Norm,1Fam,1Story,8,5,2006,2006,Hip,CompShg,VinylSd,VinylSd,BrkFace,375.0,Gd,TA,PConc,Gd,TA,Av,Unf,Unf,1935,GasA,Gd,Y,SBrkr,1973,0,0,2,0,3,1,Gd,Typ,1,Gd,Attchd,2006.0,Fin,3,TA,TA,Y,315,45,0,0,0,0,None,None,None,0,7,2007,New,Partial,395000
776,120,RM,32.0,4500,Pave,None,Reg,Lvl,AllPub,FR2,Gtl,Mitchel,Norm,Norm,TwnhsE,1Story,6,5,1998,1998,Hip,CompShg,VinylSd,VinylSd,BrkFace,320.0,TA,TA,PConc,Ex,TA,No,GLQ,Unf,1204,GasA,Ex,Y,SBrkr,1204,1,0,2,0,2,1,TA,Typ,0,None,Attchd,1998.0,Fin,2,TA,TA,Y,0,247,0,0,0,0,None,None,None,0,6,2009,WD,Normal,162000
777,20,RL,86.0,11210,Pave,None,IR1,Lvl,AllPub,Inside,Gtl,CollgCr,Norm,Norm,1Fam,1Story,7,5,2005,2006,Gable,CompShg,VinylSd,VinylSd,BrkFace,240.0,Gd,TA,PConc,Gd,TA,Av,GLQ,Unf,1614,GasA,Ex,Y,SBrkr,1614,0,0,2,0,3,1,Gd,Typ,0,None,Attchd,2005.0,RFn,3,TA,TA,Y,144,59,0,0,0,0,None,None,None,0,7,2006,New,Partial,221500
778,20,RL,100.0,13350,Pave,None,IR1,Lvl,AllPub,Inside,Gtl,Sawyer,Norm,Norm,1Fam,1Story,5,5,1974,1974,Hip,CompShg,HdBoard,Plywood,None,0.0,TA,TA,CBlock,TA,TA,No,ALQ,Unf,864,GasA,TA,Y,SBrkr,894,1,0,1,0,3,1,TA,Typ,1,Fa,Attchd,1974.0,Unf,2,TA,TA,Y,241,0,0,0,0,0,None,MnPrv,None,0,6,2006,WD,Normal,142500
779,90,RH,60.0,8400,Pave,None,Reg,Lvl,AllPub,Inside,Gtl,SawyerW,Feedr,Norm,Duplex,1Story,5,5,1977,1977,Gable,CompShg,Plywood,Plywood,BrkFace,320.0,TA,TA,Slab,None,None,None,None,None,0,GasA,TA,Y,SBrkr,2020,0,0,2,0,4,2,TA,Typ,2,TA,Detchd,1977.0,Unf,2,TA,TA,Y,0,0,0,0,0,0,None,None,None,0,10,2007,WD,Normal,144000
780,90,RL,78.0,10530,Pave,None,Reg,Lvl,AllPub,Inside,Gtl,Mitchel,Norm,Norm,Duplex,SFoyer,6,5,1977,1977,Gable,CompShg,Plywood,ImStucc,BrkFace,90.0,TA,TA,CBlock,Gd,TA,Gd,GLQ,Unf,975,GasA,TA,Y,SBrkr,1004,1,0,1,0,2,1,TA,Typ,0,None,Attchd,1977.0,Unf,2,TA,TA,Y,0,0,0,0,0,0,None,None,None,0,5,2006,WD,Normal,135000
781,20,RL,63.0,7875,Pave,None,Reg,Lvl,AllPub,Inside,Gtl,Gilbert,Norm,Norm,1Fam,1Story,7,5,1995,1996,Gable,CompShg,HdBoard,HdBoard,BrkFace,38.0,TA,TA,PConc,Gd,Gd,No,Unf,Unf,1237,GasA,Gd,Y,SBrkr,1253,0,0,2,0,3,1,TA,Typ,1,TA,Attchd,1995.0,Fin,2,TA,TA,Y,220,21,0,0,0,0,None,None,None,0,6,2007,WD,Normal,176000
782,60,RL,65.0,7153,Pave,None,Reg,Lvl,AllPub,Inside,Gtl,SawyerW,Norm,Norm,1Fam,2Story,6,5,1992,1992,Gable,CompShg,VinylSd,VinylSd,None,0.0,Gd,Gd,PConc,Gd,TA,No,ALQ,Unf,761,GasA,Ex,Y,SBrkr,1603,0,0,2,1,3,1,Gd,Typ,0,None,Attchd,1992.0,RFn,2,TA,TA,Y,0,124,0,0,0,0,None,None,None,0,7,2006,WD,Normal,175900
783,20,RL,67.0,16285,Pave,None,IR2,Lvl,AllPub,Inside,Gtl,CollgCr,Norm,Norm,1Fam,1Story,7,5,2001,2002,Gable,CompShg,VinylSd,VinylSd,None,0.0,Gd,TA,PConc,Gd,TA,No,Unf,Unf,1413,GasA,Ex,Y,SBrkr,1430,0,0,2,0,3,1,Gd,Typ,0,None,Attchd,2001.0,RFn,2,TA,TA,Y,0,33,0,0,0,0,None,None,None,0,6,2009,WD,Normal,187100
784,85,RL,73.0,9101,Pave,None,IR1,Lvl,AllPub,Corner,Gtl,Mitchel,Norm,Norm,1Fam,SFoyer,5,6,1978,1978,Gable,CompShg,Plywood,Plywood,BrkFace,104.0,TA,Gd,PConc,Gd,TA,Av,GLQ,Unf,1097,GasA,Ex,Y,SBrkr,1110,1,0,1,0,1,1,Gd,Typ,1,TA,Attchd,1978.0,Fin,2,TA,TA,Y,303,30,0,0,0,0,None,None,None,0,7,2009,WD,Normal,165500
785,75,RM,35.0,6300,Pave,Grvl,Reg,Lvl,AllPub,Inside,Gtl,OldTown,Norm,Norm,1Fam,2.5Unf,6,6,1914,2001,Gable,CompShg,Wd Sdng,Wd Shng,None,0.0,TA,TA,CBlock,TA,TA,No,Unf,Unf,742,GasA,Ex,Y,SBrkr,1484,0,0,2,0,3,1,TA,Typ,1,Gd,None,0.0,None,0,None,None,Y,0,291,134,0,0,0,None,None,None,0,6,2008,WD,Normal,128000
786,20,RL,80.0,9790,Pave,None,Reg,Lvl,AllPub,Inside,Gtl,NWAmes,Feedr,Norm,1Fam,1Story,6,5,1967,1967,Gable,CompShg,BrkFace,Wd Sdng,None,0.0,TA,TA,CBlock,TA,TA,No,Rec,LwQ,1372,GasA,TA,Y,SBrkr,1342,0,0,2,0,3,1,TA,Typ,1,Gd,Attchd,1967.0,Unf,2,TA,TA,Y,0,0,0,0,197,0,None,None,None,0,9,2009,WD,Normal,161500
787,50,RM,60.0,10800,Pave,None,Reg,Lvl,AllPub,Inside,Gtl,OldTown,Artery,Norm,1Fam,1.5Fin,5,6,1915,1950,Gable,CompShg,MetalSd,MetalSd,None,0.0,TA,Gd,PConc,Fa,TA,No,LwQ,Unf,686,GasA,TA,Y,SBrkr,1652,1,0,2,0,4,1,TA,Typ,0,None,Detchd,1961.0,Unf,1,TA,TA,Y,0,0,196,0,0,0,None,None,Shed,1200,6,2010,WD,Normal,139000
788,60,RL,76.0,10142,Pave,None,IR1,Lvl,AllPub,Inside,Gtl,SawyerW,Norm,Norm,1Fam,2Story,7,5,2004,2004,Gable,CompShg,VinylSd,VinylSd,None,0.0,Gd,TA,PConc,Gd,TA,No,GLQ,Unf,956,GasA,Ex,Y,SBrkr,2084,1,0,2,1,4,1,Gd,Typ,0,None,BuiltIn,2004.0,RFn,2,TA,TA,Y,0,45,0,0,0,0,None,None,None,0,1,2010,WD,Normal,233000
789,20,RM,50.0,6000,Pave,None,Reg,Lvl,AllPub,Corner,Gtl,OldTown,Norm,Norm,1Fam,1Story,4,7,1954,2000,Gable,CompShg,MetalSd,MetalSd,None,0.0,TA,TA,CBlock,TA,TA,No,Unf,Unf,901,GasA,Ex,Y,SBrkr,901,0,0,1,0,2,1,TA,Typ,0,None,Detchd,1954.0,Unf,1,Fa,TA,Y,0,0,0,0,0,0,None,None,None,0,8,2008,WD,Normal,107900
790,60,RL,80.0,12205,Pave,None,IR1,Low,AllPub,Inside,Gtl,ClearCr,Norm,Norm,1Fam,2Story,6,8,1966,2007,Gable,CompShg,HdBoard,HdBoard,BrkFace,157.0,TA,TA,CBlock,TA,Fa,Gd,LwQ,Unf,832,GasA,Gd,Y,SBrkr,2087,0,0,2,1,5,1,Gd,Typ,0,None,Attchd,1966.0,Fin,2,TA,TA,Y,133,168,0,0,0,0,None,None,None,0,7,2007,WD,Normal,187500
791,120,RL,43.0,3182,Pave,None,Reg,Lvl,AllPub,Inside,Gtl,Blmngtn,Norm,Norm,TwnhsE,1Story,7,5,2005,2006,Gable,CompShg,VinylSd,VinylSd,BrkFace,11.0,Gd,TA,PConc,Gd,TA,No,GLQ,Unf,1145,GasA,Ex,Y,SBrkr,1145,0,0,2,0,2,1,Gd,Typ,1,Gd,Attchd,2005.0,Fin,2,TA,TA,Y,100,16,0,0,0,0,None,None,None,0,9,2009,WD,Normal,160200
792,80,RL,73.0,11333,Pave,None,IR1,Lvl,AllPub,Corner,Gtl,Mitchel,Norm,Norm,1Fam,SLvl,6,5,1976,1976,Gable,CompShg,HdBoard,HdBoard,None,0.0,TA,TA,PConc,Gd,TA,Av,ALQ,Unf,1029,GasA,TA,Y,SBrkr,1062,1,0,1,0,3,1,TA,Typ,2,TA,Attchd,1976.0,RFn,2,TA,TA,Y,120,0,0,0,0,0,None,None,None,0,5,2007,WD,Normal,146800
793,60,RL,92.0,9920,Pave,None,IR1,Lvl,AllPub,CulDSac,Gtl,NoRidge,Norm,Norm,1Fam,2Story,7,5,1996,1997,Gable,CompShg,MetalSd,MetalSd,None,0.0,Gd,TA,PConc,Gd,TA,Av,GLQ,Unf,1117,GasA,Ex,Y,SBrkr,2013,1,0,2,1,3,1,TA,Typ,1,TA,Attchd,1997.0,Unf,2,TA,TA,Y,180,130,0,0,0,0,None,None,None,0,6,2007,WD,Normal,269790
794,20,RL,76.0,9158,Pave,None,Reg,Lvl,AllPub,Inside,Gtl,Somerst,Norm,Norm,1Fam,1Story,8,5,2007,2007,Gable,CompShg,CemntBd,CmentBd,Stone,140.0,Gd,TA,PConc,Gd,TA,Av,Unf,Unf,1496,GasA,Ex,Y,SBrkr,1496,0,0,2,0,3,1,Gd,Typ,0,None,Attchd,2007.0,Fin,2,TA,TA,Y,168,130,0,0,0,0,None,None,None,0,6,2007,New,Partial,225000
795,60,RL,65.0,10832,Pave,None,IR1,Lvl,AllPub,Corner,Gtl,Gilbert,Norm,Norm,1Fam,2Story,7,5,1994,1996,Gable,CompShg,MetalSd,MetalSd,None,0.0,Gd,TA,PConc,Gd,TA,No,Unf,Unf,712,GasA,Ex,Y,SBrkr,1895,0,0,2,1,3,1,Gd,Typ,1,TA,Attchd,1994.0,Fin,2,TA,TA,Y,143,46,0,0,0,0,None,None,Shed,500,10,2008,WD,Normal,194500
796,60,RL,70.0,8400,Pave,None,Reg,Lvl,AllPub,Inside,Gtl,SawyerW,Norm,Norm,1Fam,2Story,6,6,1980,1981,Gable,CompShg,HdBoard,HdBoard,BrkFace,130.0,TA,TA,CBlock,Gd,TA,No,Unf,Unf,650,GasA,TA,Y,SBrkr,1564,0,0,2,1,3,1,TA,Typ,1,TA,Attchd,1980.0,Unf,2,TA,TA,Y,0,50,0,0,204,0,None,MnPrv,None,0,4,2010,WD,Normal,171000
797,20,RL,71.0,8197,Pave,None,Reg,Lvl,AllPub,Inside,Gtl,Sawyer,Norm,Norm,1Fam,1Story,6,5,1977,1977,Gable,CompShg,Plywood,Plywood,BrkFace,148.0,TA,TA,CBlock,TA,TA,No,Unf,Unf,660,GasA,Ex,Y,SBrkr,1285,0,0,1,1,3,1,TA,Typ,1,TA,Attchd,1977.0,RFn,2,TA,TA,Y,138,0,0,0,0,0,None,MnPrv,None,0,4,2007,WD,Normal,143500
798,20,RL,57.0,7677,Pave,None,Reg,Lvl,AllPub,Inside,Gtl,NAmes,Norm,Norm,1Fam,1Story,5,5,1953,1953,Gable,CompShg,VinylSd,VinylSd,None,0.0,TA,TA,CBlock,TA,TA,No,BLQ,Unf,773,GasA,Gd,Y,SBrkr,773,0,0,1,0,2,1,TA,Typ,0,None,Attchd,1953.0,Unf,1,TA,TA,Y,0,0,0,0,0,0,None,None,None,0,4,2008,WD,Abnorml,110000
799,60,RL,104.0,13518,Pave,None,Reg,Lvl,AllPub,Inside,Gtl,NridgHt,Norm,Norm,1Fam,2Story,9,5,2008,2009,Hip,CompShg,VinylSd,VinylSd,Stone,860.0,Ex,TA,PConc,Ex,TA,No,Unf,Unf,1926,GasA,Ex,Y,SBrkr,3140,0,0,3,1,4,1,Ex,Typ,2,Gd,BuiltIn,2009.0,Fin,3,TA,TA,Y,144,78,0,0,0,0,None,None,None,0,7,2009,New,Partial,485000
800,50,RL,60.0,7200,Pave,None,Reg,Lvl,AllPub,Corner,Gtl,SWISU,Feedr,Norm,1Fam,1.5Fin,5,7,1937,1950,Gable,CompShg,Wd Sdng,Wd Sdng,BrkFace,252.0,TA,TA,BrkTil,Gd,TA,No,ALQ,Unf,731,GasA,Ex,Y,SBrkr,1768,1,0,1,1,3,1,Gd,Typ,2,TA,Detchd,1939.0,Unf,1,TA,TA,Y,0,0,264,0,0,0,None,MnPrv,None,0,6,2007,WD,Normal,175000
801,60,RL,79.0,12798,Pave,None,IR1,HLS,AllPub,Inside,Mod,ClearCr,Feedr,Norm,1Fam,2Story,6,5,1997,1997,Gable,CompShg,VinylSd,VinylSd,None,0.0,TA,TA,PConc,Gd,TA,Gd,GLQ,Unf,616,GasA,Gd,Y,SBrkr,1688,1,0,2,1,4,1,Gd,Typ,0,None,Attchd,1997.0,RFn,2,TA,TA,Y,403,114,185,0,0,0,None,None,Shed,400,5,2008,WD,Normal,200000
802,30,RM,40.0,4800,Pave,None,Reg,Lvl,AllPub,Inside,Gtl,IDOTRR,Norm,Norm,1Fam,1Story,4,7,1916,1990,Gable,CompShg,MetalSd,MetalSd,None,0.0,TA,TA,CBlock,TA,TA,No,LwQ,Unf,1196,GasA,Ex,Y,FuseA,1196,1,0,1,0,2,1,TA,Typ,0,None,Detchd,1957.0,Unf,2,TA,TA,Y,0,0,0,0,0,0,None,None,None,0,7,2007,WD,Normal,109900
803,60,RL,63.0,8199,Pave,None,Reg,Lvl,AllPub,Inside,Gtl,CollgCr,Norm,Norm,1Fam,2Story,7,5,2005,2005,Gable,CompShg,WdShing,Wd Shng,None,0.0,Gd,TA,PConc,Gd,TA,Av,GLQ,Unf,728,GasA,Ex,Y,SBrkr,1456,1,0,2,1,3,1,Gd,Typ,1,Gd,Attchd,2005.0,Fin,2,TA,TA,Y,36,18,0,0,0,0,None,None,None,0,10,2008,WD,Normal,189000
804,60,RL,107.0,13891,Pave,None,Reg,Lvl,AllPub,Inside,Gtl,NridgHt,Norm,Norm,1Fam,2Story,9,5,2008,2009,Hip,CompShg,VinylSd,VinylSd,Stone,424.0,Ex,TA,PConc,Ex,TA,Gd,Unf,Unf,1734,GasA,Ex,Y,SBrkr,2822,0,0,3,1,4,1,Ex,Typ,1,Gd,BuiltIn,2009.0,RFn,3,TA,TA,Y,52,170,0,0,192,0,None,None,None,0,1,2009,New,Partial,582933
805,20,RL,75.0,9000,Pave,None,Reg,Lvl,AllPub,Inside,Gtl,NAmes,Norm,Norm,1Fam,1Story,5,5,1954,1954,Gable,CompShg,Wd Sdng,Wd Sdng,None,0.0,TA,TA,CBlock,TA,TA,No,LwQ,Unf,936,GasA,TA,Y,SBrkr,1128,0,0,1,0,2,1,TA,Min1,0,None,Attchd,1954.0,Unf,1,TA,TA,Y,0,0,0,0,0,0,None,GdWo,None,0,6,2006,WD,Family,118000
806,20,RL,91.0,12274,Pave,None,IR1,Lvl,AllPub,FR2,Gtl,Somerst,Norm,Norm,1Fam,1Story,7,5,2008,2008,Gable,CompShg,VinylSd,VinylSd,Stone,256.0,Gd,TA,PConc,Gd,TA,No,Unf,Unf,1417,GasA,Ex,Y,SBrkr,1428,0,0,2,0,3,1,Ex,Typ,0,None,Attchd,2008.0,RFn,2,TA,TA,Y,0,60,0,0,0,0,None,None,None,0,7,2008,New,Partial,227680
807,80,RL,75.0,9750,Pave,None,Reg,Lvl,AllPub,Inside,Gtl,NAmes,Norm,Norm,1Fam,SLvl,5,5,1967,1967,Gable,CompShg,VinylSd,VinylSd,None,0.0,TA,TA,PConc,TA,TA,Av,ALQ,Rec,980,GasA,Gd,Y,SBrkr,980,0,0,2,0,3,1,TA,Typ,0,None,Attchd,1967.0,Fin,1,TA,TA,Y,68,0,0,0,0,0,None,None,None,0,10,2006,WD,Normal,135500
808,70,RL,144.0,21384,Pave,None,Reg,Lvl,AllPub,Inside,Gtl,BrkSide,Norm,Norm,1Fam,2Story,5,6,1923,2004,Gable,CompShg,Wd Sdng,Wd Sdng,None,0.0,TA,TA,CBlock,TA,TA,Gd,GLQ,Unf,1324,GasA,Ex,Y,SBrkr,1576,2,0,1,1,3,1,Gd,Typ,1,TA,Attchd,1923.0,RFn,2,TA,TA,Y,0,312,0,0,0,0,None,None,None,0,5,2009,WD,Normal,223500
809,80,RL,85.0,13400,Pave,None,Reg,Lvl,AllPub,Inside,Gtl,NAmes,Norm,Norm,1Fam,SLvl,5,5,1966,1966,Gable,CompShg,VinylSd,VinylSd,BrkFace,1047.0,TA,TA,CBlock,TA,TA,Av,ALQ,BLQ,1024,GasA,TA,Y,SBrkr,1086,1,0,1,0,3,1,TA,Typ,1,Gd,Attchd,1966.0,RFn,2,TA,TA,Y,0,0,0,0,0,0,None,GdWo,None,0,6,2006,WD,Normal,159950
810,75,RM,90.0,8100,Pave,None,Reg,Lvl,AllPub,Corner,Gtl,OldTown,Norm,Norm,1Fam,2.5Unf,5,5,1898,1965,Hip,CompShg,AsbShng,AsbShng,None,0.0,TA,TA,PConc,TA,TA,No,Unf,Unf,849,GasA,TA,N,FuseA,2138,0,0,2,0,2,3,TA,Typ,0,None,Detchd,1910.0,Unf,2,Fa,Po,N,40,156,0,0,0,0,None,MnPrv,None,0,11,2009,WD,Normal,106000
811,20,RL,78.0,10140,Pave,None,Reg,Lvl,AllPub,Inside,Gtl,NWAmes,Norm,Norm,1Fam,1Story,6,6,1974,1999,Hip,CompShg,HdBoard,HdBoard,BrkFace,99.0,TA,TA,CBlock,TA,TA,No,ALQ,LwQ,1040,GasA,Fa,Y,SBrkr,1309,1,0,1,1,3,1,Gd,Typ,1,Fa,Attchd,1974.0,RFn,2,TA,TA,Y,265,0,0,0,0,648,Fa,GdPrv,None,0,1,2006,WD,Normal,181000
812,120,RM,70.0,4438,Pave,None,Reg,Lvl,AllPub,Inside,Gtl,CollgCr,Norm,Norm,TwnhsE,1Story,6,5,2004,2004,Gable,CompShg,VinylSd,VinylSd,BrkFace,169.0,Gd,TA,PConc,Gd,TA,Gd,GLQ,Unf,848,GasA,Ex,Y,SBrkr,848,1,0,1,0,1,1,Gd,Typ,1,Gd,Attchd,2004.0,Fin,2,TA,TA,Y,140,0,0,0,0,0,None,None,None,0,6,2008,ConLD,Normal,144500
813,20,C (all),66.0,8712,Grvl,None,Reg,Bnk,AllPub,Inside,Mod,IDOTRR,Norm,Norm,1Fam,1Story,5,5,1952,1952,Hip,CompShg,Wd Sdng,Wd Sdng,None,0.0,Fa,TA,CBlock,TA,TA,Av,Unf,Unf,540,GasA,TA,N,FuseA,1044,0,0,1,0,2,1,Fa,Typ,0,None,Basment,1952.0,Unf,2,TA,TA,N,0,0,0,0,0,0,None,None,Shed,54,6,2010,WD,Alloca,55993
814,20,RL,75.0,9750,Pave,None,Reg,Lvl,AllPub,Inside,Gtl,NAmes,Norm,Norm,1Fam,1Story,6,6,1958,1958,Gable,CompShg,MetalSd,MetalSd,BrkFace,243.0,TA,TA,CBlock,TA,TA,No,Rec,Unf,1442,GasA,Gd,Y,SBrkr,1442,0,0,1,1,4,1,TA,Typ,0,None,Attchd,1958.0,RFn,1,TA,TA,Y,0,0,275,0,0,0,None,None,Shed,500,4,2007,COD,Normal,157900
815,50,RL,45.0,8248,Pave,Grvl,Reg,Lvl,AllPub,Inside,Gtl,Edwards,Norm,Norm,1Fam,1.5Fin,5,7,1918,1950,Gable,CompShg,Stucco,Stucco,None,0.0,TA,TA,BrkTil,TA,TA,No,Unf,Unf,686,GasW,Gd,Y,SBrkr,1250,0,1,1,1,3,1,Fa,Typ,0,None,Detchd,1955.0,Unf,1,TA,TA,P,207,0,96,0,0,0,None,None,None,0,7,2006,WD,Normal,116000
816,20,RL,48.0,12137,Pave,None,IR2,Lvl,AllPub,CulDSac,Gtl,CollgCr,Norm,Norm,1Fam,1Story,7,5,1998,1998,Gable,CompShg,VinylSd,VinylSd,BrkFace,442.0,TA,TA,PConc,Gd,TA,No,Unf,Unf,1649,GasA,Ex,Y,SBrkr,1661,0,0,2,0,3,1,Gd,Typ,0,None,Attchd,1998.0,RFn,2,TA,TA,Y,0,34,0,0,0,0,None,None,None,0,5,2010,WD,Normal,224900
817,20,RL,73.0,11425,Pave,None,IR1,Lvl,AllPub,Corner,Gtl,NAmes,Norm,Norm,1Fam,1Story,5,6,1954,1954,Gable,CompShg,BrkFace,BrkFace,None,0.0,TA,TA,CBlock,TA,TA,No,BLQ,Unf,1008,GasA,Gd,Y,SBrkr,1008,0,0,1,0,2,1,TA,Typ,1,Gd,Attchd,1954.0,RFn,1,TA,TA,Y,0,0,120,0,0,0,None,None,None,0,7,2006,WD,Normal,137000
818,20,RL,73.0,13265,Pave,None,IR1,Lvl,AllPub,CulDSac,Gtl,Mitchel,Norm,Norm,1Fam,1Story,8,5,2002,2002,Hip,CompShg,CemntBd,CmentBd,BrkFace,148.0,Gd,TA,PConc,Gd,TA,No,GLQ,Unf,1568,GasA,Ex,Y,SBrkr,1689,1,0,2,0,3,1,Gd,Typ,2,Gd,Attchd,2002.0,RFn,3,TA,TA,Y,150,59,0,0,0,0,None,None,None,0,7,2008,WD,Normal,271000
819,80,RL,80.0,8816,Pave,None,Reg,Lvl,AllPub,Inside,Gtl,ClearCr,Norm,Norm,1Fam,SLvl,6,7,1971,1971,Gable,CompShg,HdBoard,HdBoard,BrkFace,80.0,TA,TA,CBlock,TA,TA,Av,GLQ,Unf,1010,GasA,Gd,Y,SBrkr,1052,1,0,1,0,3,1,TA,Typ,0,None,Attchd,1971.0,Unf,2,TA,TA,Y,0,0,0,0,0,0,None,MnPrv,None,0,6,2010,WD,Normal,155000
820,120,RL,44.0,6371,Pave,None,IR1,Lvl,AllPub,Inside,Gtl,NridgHt,Norm,Norm,TwnhsE,1Story,7,5,2009,2010,Gable,CompShg,VinylSd,VinylSd,Stone,128.0,Gd,TA,PConc,Gd,TA,Mn,GLQ,Unf,1358,GasA,Ex,Y,SBrkr,1358,1,0,2,0,2,1,Gd,Typ,1,Gd,Attchd,2010.0,RFn,2,TA,TA,Y,192,35,0,0,0,0,None,None,None,0,6,2010,New,Partial,224000
821,60,RL,72.0,7226,Pave,None,IR1,Lvl,AllPub,CulDSac,Gtl,CollgCr,Norm,Norm,1Fam,2Story,7,5,2003,2003,Gable,CompShg,VinylSd,VinylSd,None,0.0,Gd,TA,PConc,Gd,TA,No,Unf,Unf,798,GasA,Ex,Y,SBrkr,1640,0,0,2,1,3,1,Gd,Typ,0,None,Attchd,2003.0,RFn,2,TA,TA,Y,0,45,0,0,0,0,None,None,None,0,6,2008,WD,Normal,183000
822,20,RM,60.0,6000,Pave,Pave,Reg,Bnk,AllPub,Inside,Mod,OldTown,Norm,Norm,2fmCon,1Story,4,4,1953,1953,Gable,CompShg,MetalSd,MetalSd,None,0.0,Fa,TA,CBlock,Fa,TA,No,Unf,Unf,936,GasA,TA,N,SBrkr,936,0,0,1,0,2,1,TA,Min2,0,None,Detchd,1974.0,Unf,2,TA,TA,Y,0,32,112,0,0,0,None,None,None,0,2,2009,WD,Normal,93000
823,60,RL,65.0,12394,Pave,None,IR1,Lvl,AllPub,Corner,Gtl,Gilbert,Norm,Norm,1Fam,2Story,7,5,2003,2003,Gable,CompShg,VinylSd,VinylSd,None,0.0,Gd,TA,PConc,Gd,TA,Gd,Unf,Unf,847,GasA,Ex,Y,SBrkr,1733,0,0,2,1,3,1,Gd,Typ,1,Gd,BuiltIn,2003.0,Fin,2,TA,TA,Y,100,48,0,0,0,0,None,None,None,0,10,2007,WD,Family,225000
824,50,RL,60.0,9900,Pave,None,Reg,Lvl,AllPub,Inside,Gtl,SWISU,Norm,Norm,1Fam,1.5Fin,6,7,1940,1950,Gable,CompShg,VinylSd,VinylSd,None,0.0,TA,TA,BrkTil,TA,TA,No,Unf,Unf,778,GasA,TA,Y,SBrkr,1489,0,0,2,0,3,1,TA,Typ,1,Gd,Detchd,1940.0,Unf,1,TA,TA,Y,335,0,0,0,0,0,None,GdWo,None,0,7,2009,WD,Normal,139500
825,20,FV,81.0,11216,Pave,None,Reg,Lvl,AllPub,Inside,Gtl,Somerst,Norm,Norm,1Fam,1Story,8,5,2006,2006,Gable,CompShg,VinylSd,VinylSd,None,0.0,Gd,TA,PConc,Gd,Gd,No,Unf,Unf,1489,GasA,Ex,Y,SBrkr,1489,0,0,2,0,3,1,Gd,Typ,1,Gd,Attchd,2006.0,RFn,2,TA,TA,Y,0,140,0,0,0,0,None,None,None,0,6,2006,New,Partial,232600
826,20,RL,114.0,14803,Pave,None,Reg,Lvl,AllPub,Inside,Gtl,NridgHt,PosN,PosN,1Fam,1Story,10,5,2007,2008,Hip,CompShg,CemntBd,CmentBd,BrkFace,816.0,Ex,TA,PConc,Ex,TA,Av,GLQ,Unf,2078,GasA,Ex,Y,SBrkr,2084,1,0,2,0,2,1,Ex,Typ,1,Gd,Attchd,2007.0,Fin,3,TA,TA,Y,188,45,0,0,0,0,None,None,None,0,6,2008,New,Partial,385000
827,45,RM,50.0,6130,Pave,None,Reg,Lvl,AllPub,Inside,Gtl,BrkSide,Norm,Norm,1Fam,1.5Unf,5,6,1924,1950,Gable,CompShg,MetalSd,MetalSd,None,0.0,TA,TA,BrkTil,TA,TA,No,ALQ,Unf,784,GasA,Gd,Y,SBrkr,784,1,0,1,0,2,1,Gd,Typ,0,None,None,0.0,None,0,None,None,Y,0,0,116,0,0,0,None,None,None,0,5,2008,WD,Normal,109500
828,20,RL,65.0,8529,Pave,None,IR1,Lvl,AllPub,Inside,Gtl,SawyerW,Norm,Norm,1Fam,1Story,7,5,2001,2001,Gable,CompShg,VinylSd,VinylSd,None,0.0,Gd,TA,PConc,Gd,TA,No,GLQ,Unf,1454,GasA,Ex,Y,SBrkr,1434,0,0,2,0,3,1,Gd,Typ,1,TA,Attchd,2001.0,RFn,2,TA,TA,Y,290,39,0,0,0,0,None,None,None,0,4,2009,WD,Normal,189000
829,60,RL,80.0,28698,Pave,None,IR2,Low,AllPub,CulDSac,Sev,ClearCr,Norm,Norm,1Fam,2Story,5,5,1967,1967,Flat,Tar&Grv,Plywood,Plywood,None,0.0,TA,TA,PConc,TA,Gd,Gd,LwQ,ALQ,1013,GasA,TA,Y,SBrkr,2126,0,1,2,1,3,1,TA,Min2,0,None,Attchd,1967.0,Fin,2,TA,TA,Y,486,0,0,0,225,0,None,None,None,0,6,2009,WD,Abnorml,185000
830,160,FV,24.0,2544,Pave,Pave,Reg,Lvl,AllPub,Inside,Gtl,Somerst,Norm,Norm,Twnhs,2Story,7,5,2005,2005,Gable,CompShg,MetalSd,MetalSd,None,0.0,Gd,TA,PConc,Gd,TA,No,Unf,Unf,600,GasA,Ex,Y,SBrkr,1223,0,0,2,1,2,1,Gd,Typ,0,None,Detchd,2005.0,RFn,2,TA,TA,Y,0,166,0,0,0,0,None,None,None,0,7,2006,WD,Normal,147400
831,20,RL,80.0,11900,Pave,None,IR1,Lvl,AllPub,Corner,Gtl,NAmes,Norm,Norm,1Fam,1Story,6,5,1957,1957,Gable,CompShg,HdBoard,HdBoard,BrkFace,387.0,TA,TA,CBlock,TA,TA,No,Rec,Unf,1392,GasA,TA,Y,FuseA,1392,1,0,1,1,3,1,TA,Typ,2,Gd,Attchd,1957.0,RFn,2,TA,TA,Y,0,0,0,0,192,0,None,None,None,0,6,2008,WD,Normal,166000
832,160,FV,30.0,3180,Pave,Pave,Reg,Lvl,AllPub,Inside,Gtl,Somerst,Norm,Norm,TwnhsE,2Story,7,5,2005,2005,Gable,CompShg,MetalSd,MetalSd,None,0.0,TA,TA,PConc,Gd,TA,No,Unf,Unf,600,GasA,Ex,Y,SBrkr,1200,0,0,2,1,2,1,Gd,Typ,0,None,Detchd,2005.0,RFn,2,TA,TA,Y,0,166,0,0,0,0,None,None,None,0,6,2006,WD,Normal,151000
833,60,RL,44.0,9548,Pave,None,IR1,Lvl,AllPub,CulDSac,Gtl,CollgCr,Norm,Norm,1Fam,2Story,7,6,2003,2003,Gable,CompShg,VinylSd,VinylSd,BrkFace,223.0,Gd,TA,PConc,Gd,TA,No,GLQ,Unf,941,GasA,Ex,Y,SBrkr,1829,1,0,2,1,3,1,Gd,Typ,1,TA,Attchd,2003.0,RFn,2,TA,TA,Y,192,39,0,0,0,0,None,None,None,0,1,2010,WD,Normal,237000
834,20,RL,100.0,10004,Pave,None,Reg,Lvl,AllPub,Inside,Gtl,NAmes,Norm,Norm,1Fam,1Story,6,6,1964,1964,Gable,CompShg,HdBoard,Plywood,BrkFace,180.0,TA,TA,CBlock,TA,TA,No,Rec,BLQ,1516,GasA,TA,Y,SBrkr,1516,0,0,1,1,3,1,TA,Typ,0,None,Attchd,1964.0,RFn,2,TA,TA,Y,0,0,0,0,152,0,None,None,None,0,2,2009,WD,Normal,167000
835,20,RL,75.0,7875,Pave,None,Reg,Lvl,AllPub,Inside,Gtl,NAmes,Norm,Norm,1Fam,1Story,5,6,1961,1961,Gable,CompShg,VinylSd,VinylSd,BrkFace,136.0,TA,TA,CBlock,TA,TA,No,Rec,Unf,1144,GasA,Gd,Y,SBrkr,1144,1,0,1,0,3,1,TA,Typ,0,None,Attchd,1961.0,Unf,2,TA,TA,Y,0,0,0,0,0,0,None,GdWo,None,0,9,2008,WD,Normal,139950
836,20,RL,60.0,9600,Pave,None,Reg,Lvl,AllPub,Inside,Gtl,Sawyer,Norm,Norm,1Fam,1Story,4,7,1950,1995,Gable,CompShg,VinylSd,HdBoard,None,0.0,TA,TA,CBlock,Gd,TA,No,BLQ,Unf,1067,GasA,TA,Y,SBrkr,1067,0,0,2,0,2,1,Gd,Min2,0,None,Attchd,1996.0,Unf,2,TA,TA,Y,290,0,0,0,0,0,None,None,None,0,2,2010,WD,Normal,128000
837,30,RM,90.0,8100,Pave,Pave,Reg,Lvl,AllPub,Inside,Gtl,OldTown,Norm,Norm,1Fam,1Story,5,6,1948,1973,Gable,CompShg,VinylSd,VinylSd,None,0.0,TA,TA,BrkTil,TA,TA,No,Rec,Unf,1559,GasA,Gd,Y,SBrkr,1559,1,0,1,0,2,1,TA,Min2,0,None,Detchd,1948.0,Unf,2,TA,TA,Y,0,116,230,0,0,0,None,GdWo,None,0,6,2007,COD,Normal,153500
838,160,RM,21.0,1680,Pave,None,Reg,Lvl,AllPub,Inside,Gtl,BrDale,Norm,Norm,Twnhs,2Story,6,5,1973,1973,Gable,CompShg,HdBoard,HdBoard,BrkFace,158.0,TA,TA,CBlock,TA,TA,No,BLQ,Unf,483,GasA,TA,Y,SBrkr,987,1,0,1,1,2,1,TA,Typ,0,None,Detchd,1973.0,Unf,1,TA,TA,Y,0,0,0,0,0,0,None,None,None,0,11,2008,WD,Normal,100000
839,20,RL,75.0,9525,Pave,None,Reg,Lvl,AllPub,Inside,Gtl,CollgCr,Norm,Norm,1Fam,1Story,5,6,1995,2006,Gable,CompShg,VinylSd,VinylSd,None,0.0,TA,TA,PConc,Gd,TA,No,Unf,Unf,1099,GasA,Ex,Y,SBrkr,1099,0,0,1,1,3,1,Gd,Typ,0,None,Attchd,1999.0,Unf,1,TA,TA,Y,278,0,0,0,0,0,None,None,None,0,6,2008,WD,Normal,144000
840,50,RL,70.0,11767,Pave,None,Reg,Lvl,AllPub,Inside,Gtl,Edwards,Norm,Norm,1Fam,1.5Fin,5,6,1946,1995,Gable,CompShg,MetalSd,MetalSd,None,0.0,TA,TA,CBlock,TA,TA,No,BLQ,Unf,768,GasA,Ex,Y,SBrkr,1200,0,0,1,0,3,1,TA,Typ,0,None,Detchd,1946.0,Unf,1,TA,TA,Y,0,0,0,0,0,0,None,None,None,0,5,2008,WD,Normal,130500
841,70,RH,60.0,12155,Pave,None,IR1,Lvl,AllPub,Inside,Gtl,SWISU,Norm,Norm,1Fam,2Story,6,8,1925,1950,Gable,CompShg,Wd Sdng,Wd Sdng,None,0.0,TA,TA,BrkTil,TA,TA,No,BLQ,Unf,672,GasA,TA,N,SBrkr,1482,0,0,2,0,4,1,Fa,Typ,0,None,Detchd,1934.0,Unf,1,TA,TA,P,0,0,254,0,0,0,None,None,None,0,3,2008,WD,Normal,140000
842,70,RM,60.0,10440,Pave,Grvl,Reg,Lvl,AllPub,Inside,Gtl,OldTown,Norm,Norm,1Fam,2Story,5,8,1904,2002,Gable,CompShg,MetalSd,MetalSd,None,0.0,TA,TA,PConc,TA,TA,No,Unf,Unf,650,GasA,Gd,Y,SBrkr,1539,0,0,2,0,3,1,Gd,Typ,1,Po,Detchd,1983.0,Unf,2,Gd,TA,P,70,78,68,0,0,0,None,None,None,0,6,2008,WD,Normal,157500
843,80,RL,82.0,9020,Pave,None,Reg,Lvl,AllPub,Inside,Gtl,NAmes,Norm,Norm,1Fam,SLvl,6,7,1966,1966,Gable,CompShg,HdBoard,HdBoard,BrkFace,183.0,TA,TA,CBlock,TA,TA,Gd,Rec,ALQ,1127,GasA,TA,Y,SBrkr,1165,1,0,1,1,3,1,TA,Typ,0,None,Attchd,1966.0,RFn,2,Gd,Gd,Y,0,129,0,0,0,0,None,GdPrv,None,0,5,2008,WD,Normal,174900
844,90,RL,80.0,8000,Pave,None,Reg,Lvl,AllPub,Corner,Gtl,NAmes,Artery,Norm,Duplex,1Story,5,4,1961,1961,Gable,CompShg,BrkFace,BrkFace,None,0.0,TA,TA,CBlock,TA,TA,No,Unf,Unf,1800,GasA,Ex,N,SBrkr,1800,0,0,2,0,6,2,TA,Typ,0,None,None,0.0,None,0,None,None,Y,0,0,0,0,0,0,None,None,None,0,7,2007,WD,Normal,141000
845,50,RM,100.0,12665,Pave,Grvl,IR1,Lvl,AllPub,Inside,Gtl,OldTown,Artery,Norm,1Fam,1.5Fin,5,8,1915,1950,Gable,CompShg,Wd Sdng,Wd Sdng,None,0.0,TA,TA,BrkTil,TA,TA,Mn,Unf,Unf,876,GasA,Gd,Y,SBrkr,1416,0,0,1,1,4,1,TA,Typ,1,Gd,Detchd,1949.0,Unf,3,TA,TA,Y,418,0,194,0,0,0,None,None,None,0,6,2008,WD,Normal,153900
846,85,RL,71.0,16647,Pave,None,IR1,Lvl,AllPub,CulDSac,Gtl,Sawyer,RRAe,Norm,1Fam,SFoyer,5,5,1975,1981,Gable,CompShg,HdBoard,HdBoard,None,0.0,TA,TA,CBlock,Gd,TA,Gd,ALQ,Unf,1390,GasA,TA,Y,SBrkr,1701,1,0,2,0,3,1,TA,Min2,2,TA,Basment,1975.0,Fin,2,TA,TA,Y,0,0,0,0,0,0,None,None,None,0,1,2007,WD,Normal,171000
847,60,RL,75.0,9317,Pave,None,Reg,Lvl,AllPub,Inside,Gtl,SawyerW,Norm,Norm,1Fam,2Story,7,5,1993,1993,Gable,CompShg,HdBoard,HdBoard,BrkFace,137.0,Gd,TA,PConc,Gd,TA,No,ALQ,Unf,740,GasA,Ex,Y,SBrkr,1775,1,0,2,1,3,1,Gd,Typ,1,TA,Attchd,1993.0,Unf,2,TA,TA,Y,234,72,192,0,0,0,None,None,None,0,7,2009,WD,Normal,213000
848,20,RL,36.0,15523,Pave,None,IR1,Lvl,AllPub,CulDSac,Gtl,CollgCr,Norm,Norm,1Fam,1Story,5,6,1972,1972,Gable,CompShg,HdBoard,Plywood,None,0.0,TA,TA,CBlock,TA,TA,Av,BLQ,Unf,864,GasA,Ex,Y,SBrkr,864,1,0,1,0,3,1,TA,Typ,1,Fa,Attchd,1972.0,Unf,1,TA,TA,Y,0,0,0,0,0,0,None,None,None,0,8,2009,WD,Normal,133500
849,50,RL,75.0,45600,Pave,None,IR2,Bnk,AllPub,Inside,Gtl,ClearCr,Norm,Norm,1Fam,1.5Fin,6,8,1908,1997,Gable,CompShg,Wd Sdng,Wd Sdng,None,0.0,TA,TA,BrkTil,TA,TA,No,Unf,Unf,907,GasA,TA,Y,SBrkr,2358,0,0,3,0,5,1,TA,Typ,1,Gd,Detchd,1908.0,Unf,2,Fa,TA,Y,486,40,0,0,175,0,None,None,None,0,9,2008,WD,Normal,240000
850,80,RL,80.0,9600,Pave,None,Reg,Lvl,AllPub,FR2,Gtl,Veenker,Feedr,Norm,1Fam,SLvl,6,7,1976,1994,Hip,CompShg,Plywood,Plywood,BrkFace,360.0,Gd,Gd,CBlock,TA,TA,No,Unf,Unf,528,GasA,Ex,Y,SBrkr,1855,0,0,2,1,3,1,TA,Typ,1,TA,Attchd,1976.0,RFn,2,TA,TA,Y,113,100,0,0,0,0,None,None,None,0,8,2007,WD,Normal,187000
851,120,RM,36.0,4435,Pave,None,Reg,Lvl,AllPub,Inside,Gtl,CollgCr,Norm,Norm,TwnhsE,1Story,6,5,2003,2003,Gable,CompShg,VinylSd,VinylSd,BrkFace,170.0,Gd,TA,PConc,Gd,TA,Av,GLQ,Unf,848,GasA,Ex,Y,SBrkr,848,1,0,1,0,1,1,Gd,Typ,0,None,Attchd,2003.0,Fin,2,TA,TA,Y,140,0,0,0,0,0,None,None,None,0,11,2007,WD,Normal,131500
852,120,RL,43.0,3196,Pave,None,Reg,Lvl,AllPub,Inside,Gtl,Blmngtn,Norm,Norm,TwnhsE,1Story,8,5,2003,2003,Gable,CompShg,VinylSd,VinylSd,BrkFace,40.0,Gd,TA,PConc,Gd,TA,Gd,Unf,Unf,1273,GasA,Ex,Y,SBrkr,1456,0,0,2,0,2,1,Gd,Typ,1,TA,Attchd,2003.0,Fin,2,TA,TA,Y,143,20,0,0,0,0,None,None,None,0,5,2006,WD,Normal,215000
853,75,RL,53.0,7128,Pave,None,Reg,Lvl,AllPub,Inside,Gtl,Crawfor,Norm,Norm,1Fam,2.5Unf,7,5,1941,1950,Gable,CompShg,MetalSd,MetalSd,None,0.0,TA,Gd,CBlock,TA,TA,No,Rec,Unf,918,GasA,Gd,Y,SBrkr,1646,0,0,2,0,4,1,TA,Typ,2,Gd,Detchd,1941.0,Unf,1,TA,TA,Y,0,0,0,0,126,0,None,MnPrv,None,0,8,2007,WD,Normal,164000
854,80,RL,73.0,12095,Pave,None,IR1,Lvl,AllPub,Corner,Gtl,NAmes,Norm,Norm,1Fam,SLvl,6,6,1964,1964,Gable,CompShg,MetalSd,HdBoard,BrkFace,115.0,TA,Gd,CBlock,TA,TA,Gd,Rec,Unf,1127,GasA,TA,Y,SBrkr,1445,0,0,1,1,3,1,TA,Typ,1,Fa,Attchd,1964.0,RFn,2,TA,TA,Y,180,0,0,0,0,0,None,MnPrv,None,0,8,2009,WD,Normal,158000
855,20,RL,102.0,17920,Pave,None,Reg,Lvl,AllPub,Inside,Gtl,Sawyer,Norm,Norm,1Fam,1Story,5,4,1955,1974,Hip,CompShg,Wd Sdng,Plywood,None,0.0,TA,TA,CBlock,TA,TA,Mn,ALQ,Rec,1763,GasA,TA,Y,SBrkr,1779,1,0,1,1,3,1,TA,Typ,1,Gd,Attchd,1955.0,Unf,2,TA,TA,Y,0,418,0,0,312,0,None,None,None,0,7,2006,WD,Abnorml,170000
856,20,RL,71.0,6897,Pave,None,IR1,Lvl,AllPub,Corner,Gtl,Sawyer,Norm,Norm,1Fam,1Story,5,8,1962,2010,Gable,CompShg,HdBoard,HdBoard,None,0.0,TA,Gd,CBlock,TA,TA,No,ALQ,Unf,1040,GasA,Ex,Y,SBrkr,1040,1,0,1,1,3,1,TA,Typ,0,None,Detchd,1962.0,Unf,1,TA,TA,Y,0,104,0,0,0,0,None,None,None,0,4,2010,WD,Normal,127000
857,80,RL,70.0,10970,Pave,None,IR1,Low,AllPub,Inside,Mod,CollgCr,Norm,Norm,1Fam,SLvl,6,6,1978,1978,Gable,CompShg,Plywood,HdBoard,None,0.0,TA,TA,CBlock,Gd,Gd,Gd,GLQ,LwQ,940,GasA,TA,Y,SBrkr,1026,1,0,1,0,3,1,TA,Typ,0,None,Detchd,1981.0,Unf,2,TA,Fa,Y,0,0,34,0,0,0,None,MnPrv,None,0,10,2008,WD,Normal,147000
858,60,RL,65.0,8125,Pave,None,Reg,Lvl,AllPub,Inside,Gtl,Gilbert,Norm,Norm,1Fam,2Story,6,5,1994,1995,Gable,CompShg,HdBoard,HdBoard,None,0.0,TA,TA,PConc,Gd,TA,No,Unf,Unf,702,GasA,Gd,Y,SBrkr,1481,0,0,2,1,3,1,TA,Typ,1,TA,Attchd,1994.0,Fin,2,TA,TA,Y,0,36,0,0,0,0,None,None,None,0,3,2009,WD,Normal,174000
859,20,RL,80.0,10400,Pave,None,Reg,Lvl,AllPub,Inside,Gtl,NWAmes,Norm,Norm,1Fam,1Story,7,5,1976,1976,Gable,CompShg,HdBoard,HdBoard,BrkFace,189.0,TA,TA,CBlock,Gd,TA,No,Unf,Unf,1090,GasA,TA,Y,SBrkr,1370,0,0,2,0,3,1,TA,Typ,1,TA,Attchd,1976.0,RFn,2,TA,TA,Y,0,0,0,0,0,0,None,MnPrv,None,0,6,2009,WD,Family,152000
860,60,RL,80.0,11029,Pave,None,IR1,Lvl,AllPub,Corner,Gtl,NWAmes,PosA,Norm,1Fam,2Story,6,7,1968,1984,Gable,CompShg,HdBoard,HdBoard,BrkFace,220.0,TA,TA,CBlock,TA,TA,Mn,BLQ,Unf,1054,GasA,TA,Y,SBrkr,2654,1,0,2,1,4,1,Gd,Typ,1,Gd,Attchd,1968.0,Unf,2,TA,TA,Y,0,65,0,0,222,0,None,None,None,0,8,2006,WD,Normal,250000
861,50,RL,55.0,7642,Pave,None,Reg,Lvl,AllPub,Corner,Gtl,Crawfor,Norm,Norm,1Fam,1.5Fin,7,8,1918,1998,Gable,CompShg,Wd Sdng,Wd Sdng,None,0.0,Gd,TA,BrkTil,TA,TA,No,Unf,Unf,912,GasA,Gd,Y,SBrkr,1426,0,0,1,1,3,1,Gd,Typ,1,Gd,Detchd,1925.0,Unf,1,TA,TA,Y,0,240,0,0,0,0,None,GdPrv,None,0,6,2007,WD,Normal,189950
862,190,RL,75.0,11625,Pave,None,Reg,Lvl,AllPub,Inside,Gtl,Sawyer,Norm,Norm,2fmCon,1Story,5,4,1965,1965,Hip,CompShg,Plywood,HdBoard,None,0.0,TA,TA,PConc,TA,TA,Mn,BLQ,Unf,1039,GasA,Ex,Y,SBrkr,1039,1,0,1,1,3,1,TA,Typ,0,None,Attchd,1965.0,Unf,2,TA,TA,Y,0,0,0,0,0,0,None,None,None,0,4,2010,WD,Normal,131500
863,20,RL,81.0,9672,Pave,None,Reg,Lvl,AllPub,Corner,Gtl,SawyerW,Norm,Norm,1Fam,1Story,6,5,1984,1985,Hip,CompShg,HdBoard,Plywood,None,0.0,TA,TA,PConc,Gd,TA,No,GLQ,Unf,1040,GasA,TA,Y,SBrkr,1097,0,0,2,0,3,1,TA,Typ,0,None,Attchd,1986.0,Unf,2,TA,TA,Y,0,0,0,0,0,0,None,GdPrv,None,0,5,2010,WD,Normal,152000
864,20,RL,70.0,7931,Pave,None,Reg,Lvl,AllPub,Inside,Gtl,NAmes,Norm,Norm,1Fam,1Story,5,5,1959,1959,Hip,CompShg,BrkFace,Plywood,None,0.0,TA,TA,CBlock,TA,TA,No,BLQ,Unf,1148,GasA,TA,Y,SBrkr,1148,1,0,1,0,3,1,TA,Typ,0,None,Attchd,1959.0,Unf,1,TA,TA,Y,0,0,0,0,0,0,None,GdPrv,None,0,7,2009,WD,Normal,132500
865,20,FV,72.0,8640,Pave,None,Reg,Lvl,AllPub,Inside,Gtl,Somerst,Norm,Norm,1Fam,1Story,7,5,2007,2008,Gable,CompShg,VinylSd,VinylSd,None,0.0,Gd,TA,PConc,Ex,TA,No,Unf,Unf,1372,GasA,Ex,Y,SBrkr,1372,0,0,2,0,3,1,Gd,Typ,0,None,Attchd,2008.0,Fin,2,TA,TA,Y,0,140,0,0,0,0,None,None,None,0,5,2008,New,Partial,250580
866,20,RL,73.0,8750,Pave,None,IR1,Lvl,AllPub,Inside,Gtl,NAmes,Norm,Norm,1Fam,1Story,5,6,1970,1970,Gable,CompShg,MetalSd,MetalSd,BrkFace,76.0,TA,TA,CBlock,TA,TA,No,BLQ,Unf,1002,GasA,TA,Y,SBrkr,1002,1,0,1,0,3,1,TA,Typ,0,None,Detchd,1973.0,Unf,2,TA,TA,Y,0,0,0,0,0,0,None,MnPrv,None,0,8,2009,WD,Normal,148500
867,20,RL,67.0,10656,Pave,None,IR1,HLS,AllPub,Inside,Gtl,Timber,Norm,Norm,1Fam,1Story,8,5,2006,2007,Gable,CompShg,VinylSd,VinylSd,Stone,274.0,Gd,TA,PConc,Gd,TA,Av,Unf,Unf,1638,GasA,Ex,Y,SBrkr,1646,0,0,2,0,3,1,Gd,Typ,1,Gd,Attchd,2007.0,RFn,3,TA,TA,Y,192,80,0,0,0,0,None,None,None,0,11,2007,New,Partial,248900
868,20,RL,85.0,6970,Pave,None,Reg,Lvl,AllPub,Corner,Gtl,Sawyer,Feedr,Norm,1Fam,1Story,4,5,1961,1961,Gable,CompShg,VinylSd,VinylSd,None,0.0,TA,TA,CBlock,TA,TA,No,ALQ,Unf,1040,GasA,TA,Y,SBrkr,1120,1,0,1,1,3,1,Fa,Typ,0,None,Attchd,1961.0,RFn,2,TA,TA,Y,168,0,0,0,0,0,None,None,Shed,400,5,2007,WD,Normal,129000
869,60,RL,65.0,14762,Pave,None,IR2,Lvl,AllPub,Corner,Gtl,Gilbert,Feedr,Norm,1Fam,2Story,5,6,1948,1950,Gable,CompShg,Plywood,Plywood,None,0.0,TA,TA,Slab,None,None,None,None,None,0,GasA,Gd,Y,SBrkr,2320,0,0,2,0,2,1,TA,Typ,1,TA,Attchd,1979.0,Unf,2,TA,TA,P,120,144,0,0,0,0,None,None,None,0,5,2006,WD,Normal,169000
870,60,RL,80.0,9938,Pave,None,Reg,Lvl,AllPub,Inside,Gtl,SawyerW,Norm,Norm,1Fam,2Story,7,5,1993,1994,Gable,CompShg,MetalSd,MetalSd,BrkFace,246.0,Gd,TA,PConc,Gd,TA,No,GLQ,Unf,1050,GasA,Ex,Y,SBrkr,1949,1,0,2,1,3,1,Gd,Typ,1,TA,Attchd,1993.0,Fin,2,TA,TA,Y,156,90,0,0,0,0,None,GdPrv,None,0,6,2010,WD,Normal,236000
871,20,RL,60.0,6600,Pave,None,Reg,Lvl,AllPub,Inside,Gtl,NAmes,PosN,Norm,1Fam,1Story,5,5,1962,1962,Hip,CompShg,MetalSd,MetalSd,None,0.0,TA,TA,CBlock,TA,TA,No,Unf,Unf,894,GasA,Gd,N,SBrkr,894,0,0,1,0,2,1,TA,Typ,0,None,Detchd,1962.0,Unf,1,TA,TA,Y,0,0,0,0,0,0,None,None,None,0,8,2009,WD,Normal,109500
872,60,RL,70.0,8750,Pave,None,Reg,Lvl,AllPub,Inside,Gtl,CollgCr,Norm,Norm,1Fam,2Story,6,5,1998,1998,Gable,CompShg,VinylSd,VinylSd,BrkFace,116.0,TA,TA,PConc,Gd,TA,No,GLQ,Unf,804,GasA,Ex,Y,SBrkr,1682,0,0,2,1,3,1,Gd,Typ,0,None,Attchd,1998.0,RFn,2,TA,TA,Y,0,77,0,0,0,0,None,None,None,0,6,2010,WD,Normal,200500
873,20,RL,74.0,8892,Pave,None,Reg,Lvl,AllPub,Corner,Gtl,NAmes,Norm,Norm,1Fam,1Story,5,7,1953,1996,Gable,CompShg,WdShing,Wd Shng,None,0.0,Gd,TA,Stone,TA,TA,Av,Unf,Unf,105,GasA,Gd,Y,SBrkr,910,0,0,1,0,3,1,Gd,Typ,0,None,Attchd,1953.0,Unf,2,TA,TA,Y,196,0,150,0,0,0,None,GdWo,None,0,10,2008,WD,Normal,116000
874,40,RL,60.0,12144,Pave,None,Reg,Lvl,AllPub,Inside,Gtl,NAmes,Norm,Norm,1Fam,1Story,5,7,1949,1950,Gable,CompShg,HdBoard,HdBoard,None,0.0,Gd,TA,CBlock,TA,TA,No,Rec,Unf,832,GasA,Gd,Y,SBrkr,1268,0,0,1,0,3,1,TA,Typ,1,Gd,Attchd,1949.0,Unf,1,TA,TA,Y,0,28,0,0,0,0,None,None,Othr,0,9,2009,WD,Normal,133000
875,50,RM,52.0,5720,Pave,None,Reg,Lvl,AllPub,Inside,Gtl,OldTown,Artery,Norm,1Fam,1.5Fin,5,6,1941,1950,Gable,CompShg,Wd Sdng,Wd Sdng,None,0.0,TA,TA,CBlock,TA,TA,No,Unf,Unf,676,GasA,Ex,Y,SBrkr,1131,0,0,1,1,3,1,TA,Typ,0,None,Detchd,1941.0,Unf,1,TA,TA,Y,26,0,0,0,0,0,None,None,None,0,8,2009,WD,Abnorml,66500
876,60,FV,75.0,9000,Pave,None,Reg,Lvl,AllPub,Inside,Gtl,Somerst,Norm,Norm,1Fam,2Story,8,5,2007,2007,Gable,CompShg,CemntBd,CmentBd,None,0.0,Gd,TA,PConc,Gd,TA,Av,GLQ,Unf,1184,GasA,Ex,Y,SBrkr,2610,0,0,2,1,4,1,Ex,Typ,1,Gd,BuiltIn,2007.0,Fin,2,TA,TA,Y,208,364,0,0,0,0,None,None,None,0,8,2007,New,Partial,303477
877,20,RL,94.0,25286,Pave,None,Reg,HLS,AllPub,Inside,Mod,Mitchel,Norm,Norm,1Fam,1Story,4,5,1963,1963,Gable,CompShg,HdBoard,Plywood,None,0.0,TA,TA,PConc,TA,TA,Gd,ALQ,Unf,1064,GasA,Gd,Y,SBrkr,1040,1,0,1,0,3,1,TA,Typ,0,None,Attchd,1963.0,Unf,2,TA,TA,Y,0,0,0,0,0,0,None,None,None,0,1,2007,WD,Normal,132250
878,60,RL,74.0,8834,Pave,None,Reg,Lvl,AllPub,Inside,Gtl,NridgHt,Norm,Norm,1Fam,2Story,9,5,2004,2005,Hip,CompShg,VinylSd,VinylSd,Stone,216.0,Gd,TA,PConc,Ex,TA,No,GLQ,Unf,1462,GasA,Ex,Y,SBrkr,2224,1,0,2,1,4,1,Ex,Typ,1,Gd,Attchd,2004.0,Fin,3,TA,TA,Y,184,0,0,0,0,0,None,None,None,0,6,2009,WD,Normal,350000
879,85,RL,88.0,11782,Pave,None,IR1,Lvl,AllPub,Inside,Gtl,Sawyer,Norm,Norm,1Fam,SFoyer,5,7,1961,1995,Gable,CompShg,HdBoard,HdBoard,None,0.0,TA,TA,CBlock,TA,TA,Av,ALQ,Unf,1109,GasA,TA,Y,SBrkr,1155,1,0,1,0,3,1,Gd,Min2,0,None,Detchd,1987.0,Unf,2,TA,TA,Y,192,0,0,0,0,0,None,MnPrv,Shed,400,6,2010,WD,Normal,148000
880,20,RL,70.0,7000,Pave,None,IR1,Lvl,AllPub,CulDSac,Gtl,CollgCr,Norm,Norm,1Fam,1Story,5,8,1978,2005,Gable,CompShg,VinylSd,VinylSd,BrkFace,90.0,Gd,Gd,CBlock,TA,TA,No,ALQ,Unf,864,GasA,Ex,Y,SBrkr,864,1,0,1,0,3,1,TA,Typ,0,None,Attchd,1978.0,Unf,1,TA,TA,Y,0,0,0,0,0,0,None,GdWo,None,0,7,2009,WD,Normal,136500
881,20,RL,60.0,7024,Pave,None,Reg,Lvl,AllPub,Inside,Gtl,Edwards,Norm,Norm,1Fam,1Story,5,5,2005,2006,Gable,CompShg,VinylSd,VinylSd,None,0.0,TA,TA,PConc,Ex,Gd,No,ALQ,Unf,1090,GasA,Gd,Y,SBrkr,1090,1,0,1,1,2,1,TA,Typ,0,None,Attchd,2005.0,Fin,2,TA,TA,Y,0,49,0,0,0,0,None,None,None,0,6,2007,WD,Normal,157000
882,50,RL,44.0,13758,Pave,None,IR1,Lvl,AllPub,CulDSac,Gtl,Timber,Norm,Norm,1Fam,1.5Fin,7,5,1990,1991,Gable,CompShg,HdBoard,HdBoard,BrkFace,117.0,Gd,Gd,CBlock,Gd,TA,Mn,LwQ,Unf,1156,GasA,Ex,Y,SBrkr,1717,0,0,2,1,3,1,Gd,Typ,1,TA,Attchd,1990.0,RFn,2,TA,TA,Y,168,36,0,0,0,0,None,None,None,0,4,2007,WD,Normal,187500
883,60,RL,65.0,9636,Pave,None,IR1,Lvl,AllPub,Corner,Gtl,Gilbert,Norm,Norm,1Fam,2Story,6,5,1992,1993,Gable,CompShg,VinylSd,VinylSd,None,0.0,TA,TA,PConc,Gd,TA,No,Unf,Unf,808,GasA,Gd,Y,SBrkr,1593,0,0,2,1,3,1,TA,Typ,1,TA,BuiltIn,1993.0,RFn,2,TA,TA,Y,342,40,0,0,0,0,None,MnPrv,None,0,12,2009,WD,Normal,178000
884,75,RL,60.0,6204,Pave,None,Reg,Bnk,AllPub,Inside,Gtl,SWISU,Norm,Norm,1Fam,2.5Fin,4,5,1912,1950,Gable,CompShg,Wd Sdng,Wd Sdng,None,0.0,Gd,TA,PConc,TA,Fa,No,Unf,Unf,795,GasA,TA,N,SBrkr,2230,1,0,1,0,5,1,TA,Typ,0,None,Detchd,1997.0,Unf,1,TA,Gd,Y,0,188,0,0,0,0,None,None,None,0,3,2006,WD,Normal,118500
885,20,RL,65.0,7150,Pave,None,Reg,Lvl,AllPub,Inside,Gtl,NAmes,Norm,Norm,1Fam,1Story,5,5,1967,1967,Gable,CompShg,HdBoard,HdBoard,BrkFace,60.0,TA,TA,CBlock,TA,TA,No,BLQ,Unf,892,GasA,TA,Y,SBrkr,892,0,0,1,0,3,1,TA,Typ,0,None,Attchd,1967.0,RFn,1,TA,TA,Y,0,0,0,0,0,0,None,GdWo,None,0,7,2009,WD,Normal,100000
886,120,FV,50.0,5119,Pave,None,IR1,Lvl,AllPub,CulDSac,Gtl,Somerst,Norm,Norm,TwnhsE,1Story,9,5,1999,2000,Gable,CompShg,MetalSd,MetalSd,BrkFace,60.0,Gd,TA,PConc,Ex,TA,Av,GLQ,Unf,1698,GasA,Ex,Y,SBrkr,1709,1,0,2,0,2,1,Gd,Typ,1,TA,Attchd,1999.0,Fin,2,TA,TA,Y,97,65,0,0,0,0,None,None,None,0,1,2008,CWD,Abnorml,328900
887,90,RL,70.0,8393,Pave,None,Reg,Lvl,AllPub,Corner,Gtl,NAmes,Norm,Norm,Duplex,1Story,5,5,1959,2005,Gable,CompShg,MetalSd,MetalSd,BrkFace,122.0,TA,TA,CBlock,TA,TA,No,LwQ,Unf,1626,GasA,Ex,Y,SBrkr,1712,0,0,2,0,4,2,TA,Typ,0,None,Attchd,2005.0,Fin,2,TA,TA,Y,272,54,0,0,0,0,None,None,None,0,6,2006,WD,Family,145000
888,50,RL,59.0,16466,Pave,None,IR1,Lvl,AllPub,Inside,Gtl,Edwards,Norm,Norm,1Fam,1.5Fin,5,7,1955,1955,Gable,CompShg,MetalSd,MetalSd,None,0.0,TA,Gd,PConc,TA,TA,No,Unf,Unf,816,GasA,TA,Y,SBrkr,1393,0,0,1,1,3,1,TA,Typ,0,None,Attchd,1955.0,Unf,1,TA,TA,Y,121,0,0,0,265,0,None,None,None,0,4,2008,WD,Normal,135500
889,20,RL,95.0,15865,Pave,None,IR1,Lvl,AllPub,Inside,Mod,NAmes,Norm,Norm,1Fam,1Story,8,6,1970,1970,Flat,Tar&Grv,Wd Sdng,Wd Sdng,None,0.0,Gd,Gd,PConc,TA,Gd,Gd,ALQ,Rec,2217,GasA,Ex,Y,SBrkr,2217,1,0,2,0,4,1,Gd,Typ,1,TA,Attchd,1970.0,Unf,2,TA,TA,Y,81,207,0,0,224,0,None,None,None,0,10,2007,WD,Normal,268000
890,20,RL,128.0,12160,Pave,None,Reg,Lvl,AllPub,Inside,Gtl,NAmes,Feedr,Norm,1Fam,1Story,6,4,1953,1953,Hip,CompShg,Wd Sdng,Wd Sdng,BrkFace,90.0,TA,TA,CBlock,TA,TA,No,BLQ,Unf,1505,GasA,Ex,Y,SBrkr,1505,1,0,1,0,2,1,TA,Typ,1,TA,Attchd,1953.0,RFn,2,TA,TA,Y,0,0,0,162,0,0,None,None,None,0,2,2009,WD,Normal,149500
891,50,RL,60.0,8064,Pave,None,Reg,Lvl,AllPub,Corner,Gtl,NAmes,Artery,Norm,1Fam,1.5Fin,5,7,1949,2006,Gable,CompShg,MetalSd,MetalSd,None,0.0,TA,Gd,CBlock,TA,TA,Mn,Unf,Unf,672,GasA,Ex,Y,SBrkr,924,0,0,1,0,3,1,TA,Typ,1,Po,Detchd,2003.0,Unf,2,TA,TA,Y,0,0,0,0,0,0,None,MnPrv,Shed,2000,7,2007,WD,Normal,122900
892,60,RL,70.0,11184,Pave,None,Reg,Lvl,AllPub,Inside,Gtl,Sawyer,Norm,Norm,1Fam,2Story,6,5,1978,1978,Hip,CompShg,HdBoard,HdBoard,BrkFace,92.0,TA,TA,CBlock,TA,TA,No,LwQ,Rec,918,GasA,Gd,Y,SBrkr,1683,0,0,2,1,3,1,TA,Typ,1,TA,Attchd,1978.0,RFn,2,TA,TA,Y,243,0,0,0,0,0,None,None,None,0,7,2009,WD,Normal,172500
893,20,RL,70.0,8414,Pave,None,Reg,Lvl,AllPub,Inside,Gtl,Sawyer,Norm,Norm,1Fam,1Story,6,8,1963,2003,Hip,CompShg,HdBoard,HdBoard,None,0.0,TA,TA,CBlock,TA,TA,No,GLQ,Unf,1059,GasA,TA,Y,SBrkr,1068,0,1,1,0,3,1,TA,Typ,0,None,Attchd,1963.0,RFn,1,TA,TA,Y,192,0,0,0,0,0,None,MnPrv,None,0,2,2006,WD,Normal,154500
894,20,RL,71.0,13284,Pave,None,Reg,Lvl,AllPub,Inside,Gtl,Sawyer,PosN,Norm,1Fam,1Story,5,5,1954,1954,Gable,CompShg,Wd Sdng,Plywood,None,0.0,TA,TA,PConc,Gd,TA,Mn,BLQ,Unf,1383,GasA,TA,Y,SBrkr,1383,1,0,1,0,3,1,TA,Typ,1,Gd,Attchd,1954.0,Unf,1,TA,TA,Y,511,116,0,0,0,0,None,GdPrv,None,0,6,2008,WD,Normal,165000
895,90,RL,64.0,7018,Pave,None,Reg,Bnk,AllPub,Inside,Gtl,SawyerW,Norm,Norm,Duplex,1Story,5,5,1979,1979,Gable,CompShg,Plywood,Plywood,None,0.0,TA,TA,Slab,None,None,None,None,None,0,GasA,TA,Y,SBrkr,1535,0,0,2,0,4,2,TA,Typ,0,None,Attchd,1979.0,Unf,2,TA,TA,Y,0,0,0,0,0,0,None,None,None,0,6,2009,WD,Alloca,118858
896,60,RL,71.0,7056,Pave,None,Reg,Lvl,AllPub,Inside,Gtl,NAmes,Norm,Norm,1Fam,2Story,6,5,1963,1963,Hip,CompShg,HdBoard,HdBoard,BrkFace,415.0,TA,TA,CBlock,TA,TA,No,BLQ,Unf,780,GasA,TA,Y,SBrkr,1796,1,0,1,1,4,1,TA,Typ,1,TA,Attchd,1963.0,RFn,2,TA,TA,Y,0,50,0,0,0,0,None,None,None,0,10,2008,WD,Normal,140000
897,30,RM,50.0,8765,Pave,Grvl,Reg,Lvl,AllPub,Inside,Gtl,IDOTRR,Norm,Norm,1Fam,1Story,4,6,1936,1950,Gable,CompShg,Wd Sdng,Wd Sdng,None,0.0,TA,TA,BrkTil,TA,TA,No,ALQ,Unf,951,GasA,Ex,N,SBrkr,951,0,0,1,0,2,1,TA,Typ,0,None,Detchd,1936.0,Unf,1,TA,TA,Y,0,28,0,0,0,0,None,None,None,0,4,2006,WD,Abnorml,106500
898,90,RL,64.0,7018,Pave,None,Reg,Lvl,AllPub,Inside,Gtl,SawyerW,Feedr,Norm,Duplex,2Story,5,5,1979,1979,Gable,CompShg,Plywood,Plywood,None,0.0,TA,TA,Slab,None,None,None,None,None,0,GasA,TA,Y,SBrkr,2240,0,0,2,0,6,2,TA,Typ,0,None,Detchd,1979.0,Unf,2,TA,TA,Y,154,0,0,0,0,0,None,None,None,0,6,2009,WD,Alloca,142953
899,20,RL,100.0,12919,Pave,None,IR1,Lvl,AllPub,Inside,Gtl,NridgHt,Norm,Norm,1Fam,1Story,9,5,2009,2010,Hip,CompShg,VinylSd,VinylSd,Stone,760.0,Ex,TA,PConc,Ex,TA,Gd,GLQ,Unf,2330,GasA,Ex,Y,SBrkr,2364,1,0,2,1,2,1,Ex,Typ,2,Gd,Attchd,2009.0,Fin,3,TA,TA,Y,0,67,0,0,0,0,None,None,None,0,3,2010,New,Partial,611657
900,20,RL,65.0,6993,Pave,None,Reg,Lvl,AllPub,Inside,Gtl,Sawyer,Feedr,Norm,1Fam,1Story,5,7,1961,1994,Gable,CompShg,HdBoard,Plywood,None,0.0,TA,TA,CBlock,TA,TA,No,BLQ,Unf,912,GasA,TA,Y,SBrkr,1236,0,0,1,0,3,1,TA,Typ,1,TA,Attchd,1961.0,Unf,1,TA,TA,Y,0,0,0,0,0,0,None,None,None,0,6,2006,WD,Normal,135000
901,20,RL,73.0,7340,Pave,None,IR1,Lvl,AllPub,Inside,Gtl,NAmes,Norm,Norm,1Fam,1Story,4,6,1971,1971,Gable,CompShg,HdBoard,HdBoard,None,0.0,TA,TA,CBlock,TA,TA,No,ALQ,Unf,858,GasA,TA,Y,SBrkr,858,0,0,1,0,2,1,TA,Typ,0,None,Detchd,1979.0,Unf,1,TA,TA,Y,0,0,0,0,0,0,None,None,None,0,6,2007,WD,Normal,110000
902,20,RL,64.0,8712,Pave,None,IR1,Lvl,AllPub,Inside,Gtl,NAmes,Norm,Norm,1Fam,1Story,5,7,1957,2000,Hip,CompShg,MetalSd,MetalSd,None,0.0,TA,Gd,CBlock,TA,TA,Mn,BLQ,Unf,992,GasA,TA,Y,SBrkr,1306,1,0,1,0,2,1,TA,Typ,0,None,Detchd,1968.0,Unf,1,TA,TA,Y,0,0,0,0,0,0,None,None,None,0,5,2009,WD,Normal,153000
903,60,RL,63.0,7875,Pave,None,Reg,Lvl,AllPub,Inside,Gtl,Gilbert,Norm,Norm,1Fam,2Story,7,5,2003,2003,Gable,CompShg,VinylSd,VinylSd,None,0.0,Gd,TA,PConc,Gd,TA,No,Unf,Unf,783,GasA,Ex,Y,SBrkr,1509,0,0,2,1,3,1,Gd,Typ,1,Gd,Attchd,2003.0,Fin,2,TA,TA,Y,0,75,0,0,0,0,None,None,None,0,7,2006,WD,Normal,180000
904,20,RL,50.0,14859,Pave,None,IR1,HLS,AllPub,CulDSac,Gtl,Gilbert,Norm,Norm,1Fam,1Story,7,5,2006,2006,Hip,CompShg,VinylSd,VinylSd,BrkFace,27.0,Gd,TA,PConc,Gd,TA,No,Unf,Unf,1670,GasA,Ex,Y,SBrkr,1670,0,0,2,0,3,1,Gd,Typ,1,Gd,Attchd,2006.0,RFn,3,TA,TA,Y,144,60,0,0,0,0,None,None,None,0,8,2006,New,Partial,240000
905,20,RL,71.0,6173,Pave,None,IR1,Lvl,AllPub,Inside,Gtl,Sawyer,Norm,Norm,1Fam,1Story,5,6,1967,1967,Gable,CompShg,HdBoard,Wd Sdng,BrkFace,75.0,TA,TA,CBlock,TA,TA,No,GLQ,Unf,876,GasA,TA,Y,SBrkr,902,0,0,1,0,3,1,TA,Typ,0,None,Attchd,1967.0,Unf,1,TA,TA,Y,0,0,0,0,0,0,None,MnPrv,None,0,8,2007,WD,Normal,125500
906,20,RL,80.0,9920,Pave,None,Reg,Lvl,AllPub,Inside,Gtl,NAmes,Norm,Norm,1Fam,1Story,5,5,1954,1954,Gable,CompShg,HdBoard,HdBoard,Stone,110.0,TA,TA,CBlock,TA,TA,No,Rec,LwQ,1056,GasA,TA,Y,SBrkr,1063,1,0,1,0,3,1,TA,Typ,0,None,Attchd,1954.0,RFn,1,TA,TA,Y,0,0,164,0,0,0,None,MnPrv,None,0,2,2010,WD,Normal,128000
907,20,RL,116.0,13501,Pave,None,IR1,Lvl,AllPub,Corner,Gtl,Somerst,Norm,Norm,1Fam,1Story,8,5,2006,2006,Gable,CompShg,VinylSd,VinylSd,Stone,208.0,Gd,TA,PConc,Gd,TA,No,GLQ,Unf,1623,GasA,Ex,Y,SBrkr,1636,1,0,2,0,3,1,Gd,Typ,1,Gd,Attchd,2006.0,RFn,3,TA,TA,Y,0,60,0,0,0,0,None,None,None,0,6,2007,WD,Normal,255000
908,50,RL,86.0,11500,Pave,None,IR1,Lvl,AllPub,Inside,Gtl,Crawfor,Norm,Norm,1Fam,1.5Fin,7,7,1936,1987,Gable,CompShg,BrkFace,BrkFace,None,0.0,Gd,TA,CBlock,Gd,TA,No,Rec,Unf,1017,GasA,Gd,Y,SBrkr,2057,0,0,1,1,3,1,Gd,Typ,1,Gd,Attchd,1936.0,Fin,1,Fa,TA,Y,0,0,0,0,322,0,None,None,None,0,6,2006,WD,Normal,250000
909,20,RL,73.0,8885,Pave,None,IR1,Low,AllPub,Inside,Mod,Mitchel,Norm,Norm,1Fam,1Story,5,5,1983,1983,Gable,CompShg,HdBoard,HdBoard,None,0.0,TA,TA,CBlock,Gd,TA,Av,BLQ,ALQ,864,GasA,TA,Y,SBrkr,902,1,0,1,0,2,1,TA,Typ,0,None,Attchd,1983.0,Unf,2,TA,TA,Y,164,0,0,0,0,0,None,MnPrv,None,0,6,2006,WD,Normal,131000
910,60,RL,149.0,12589,Pave,None,IR2,Lvl,AllPub,Inside,Gtl,Gilbert,Norm,Norm,1Fam,2Story,6,5,2005,2005,Gable,CompShg,VinylSd,VinylSd,None,0.0,Gd,TA,PConc,Gd,TA,No,Unf,Unf,742,GasA,Ex,Y,SBrkr,1484,0,0,2,1,3,1,Gd,Typ,1,Gd,Attchd,2005.0,Fin,2,TA,TA,Y,36,24,0,0,0,0,None,None,None,0,6,2009,WD,Normal,174000
911,90,RL,80.0,11600,Pave,None,Reg,Lvl,AllPub,Corner,Gtl,NAmes,Feedr,Norm,Duplex,2Story,5,5,1960,1960,Gable,CompShg,MetalSd,MetalSd,BrkFace,361.0,TA,TA,CBlock,TA,TA,No,Rec,Unf,1105,GasA,TA,Y,FuseA,2274,0,0,2,0,5,2,TA,Typ,0,None,Detchd,1960.0,Unf,2,TA,TA,Y,0,0,0,0,0,0,None,None,None,0,1,2010,WD,Normal,154300
912,20,RL,70.0,9286,Pave,None,IR1,Lvl,AllPub,CulDSac,Mod,CollgCr,Norm,Norm,1Fam,1Story,5,7,1977,1989,Gable,CompShg,HdBoard,Plywood,None,0.0,TA,TA,CBlock,Gd,Gd,Av,ALQ,Unf,1268,GasA,TA,Y,SBrkr,1268,0,0,1,1,3,1,Gd,Typ,0,None,Detchd,1978.0,Unf,1,TA,TA,Y,173,0,0,0,0,0,None,None,None,0,10,2009,WD,Normal,143500
913,30,RM,51.0,6120,Pave,None,Reg,Lvl,AllPub,Inside,Gtl,BrkSide,Norm,Norm,1Fam,1Story,5,7,1925,1950,Gable,CompShg,MetalSd,MetalSd,None,0.0,TA,TA,BrkTil,TA,TA,No,Rec,Unf,768,GasA,TA,N,SBrkr,1015,0,0,1,0,3,1,TA,Min1,0,None,Detchd,1925.0,Unf,1,TA,TA,Y,0,0,112,0,120,0,None,MnPrv,Shed,620,7,2006,WD,Abnorml,88000
914,90,RH,82.0,6270,Pave,None,Reg,HLS,AllPub,Inside,Gtl,Crawfor,Norm,Norm,Duplex,2Story,5,6,1949,1950,Gable,CompShg,MetalSd,MetalSd,None,0.0,TA,TA,CBlock,TA,TA,No,BLQ,Unf,1001,GasA,TA,N,FuseA,2002,0,0,2,0,4,2,TA,Typ,0,None,2Types,1949.0,Unf,3,TA,TA,Y,0,0,0,0,0,0,None,None,None,0,8,2007,WD,Normal,145000
915,160,FV,30.0,3000,Pave,Pave,Reg,Lvl,AllPub,Inside,Gtl,Somerst,Norm,Norm,TwnhsE,2Story,6,5,2009,2009,Gable,CompShg,VinylSd,VinylSd,Stone,76.0,Gd,TA,PConc,Gd,TA,Av,GLQ,Unf,612,GasA,Ex,Y,SBrkr,1224,0,0,2,1,2,1,Gd,Typ,0,None,Detchd,2009.0,RFn,2,TA,TA,Y,0,234,0,0,0,0,None,None,None,0,6,2009,New,Partial,173733
916,160,RM,21.0,2001,Pave,None,Reg,Lvl,AllPub,Inside,Gtl,MeadowV,Norm,Norm,Twnhs,2Story,4,5,1970,1970,Gable,CompShg,CemntBd,CmentBd,BrkFace,80.0,TA,TA,CBlock,TA,TA,No,Unf,Unf,546,GasA,Fa,Y,SBrkr,1092,0,0,1,1,3,1,TA,Typ,0,None,Attchd,1970.0,Unf,1,TA,TA,Y,0,0,0,0,0,0,None,None,None,0,1,2007,WD,Normal,75000
917,20,C (all),50.0,9000,Pave,None,Reg,Lvl,AllPub,Inside,Gtl,IDOTRR,Norm,Norm,1Fam,1Story,2,3,1949,1950,Gable,CompShg,AsbShng,AsbShng,None,0.0,TA,TA,CBlock,TA,TA,Av,BLQ,Unf,480,GasA,TA,N,FuseA,480,1,0,0,0,1,1,TA,Typ,0,None,Detchd,1958.0,Unf,1,TA,TA,Y,0,0,0,0,0,0,None,None,None,0,10,2006,WD,Abnorml,35311
918,20,RL,65.5,17140,Pave,None,Reg,Lvl,AllPub,Inside,Gtl,Edwards,Norm,Norm,1Fam,1Story,4,6,1956,1956,Gable,CompShg,VinylSd,VinylSd,None,0.0,TA,TA,CBlock,TA,TA,No,ALQ,Unf,1134,GasA,Ex,Y,FuseA,1229,0,0,1,0,3,1,TA,Typ,0,None,Attchd,1956.0,RFn,1,TA,TA,Y,0,0,0,0,0,0,None,None,None,0,4,2009,WD,Normal,135000
919,60,RL,103.0,13125,Pave,None,IR1,Lvl,AllPub,Corner,Gtl,SawyerW,Norm,Norm,1Fam,2Story,7,5,1991,1991,Gable,CompShg,HdBoard,HdBoard,None,0.0,Gd,TA,PConc,Ex,TA,Mn,BLQ,GLQ,1104,GasA,Ex,Y,SBrkr,2127,1,0,2,1,4,1,Gd,Typ,1,TA,Attchd,1991.0,RFn,3,TA,TA,Y,72,192,224,0,0,0,None,GdPrv,None,0,11,2007,WD,Normal,238000
920,20,RL,87.0,11029,Pave,None,IR1,Lvl,AllPub,Corner,Gtl,NAmes,Norm,Norm,1Fam,1Story,6,8,1958,2002,Hip,CompShg,MetalSd,MetalSd,None,0.0,Ex,TA,CBlock,Gd,TA,No,ALQ,BLQ,1184,GasA,Ex,Y,SBrkr,1414,1,0,1,0,3,1,TA,Min1,1,TA,Attchd,1990.0,Unf,2,TA,TA,Y,0,51,0,0,190,0,None,None,None,0,5,2008,WD,Normal,176500
921,60,RL,70.0,8462,Pave,None,IR1,Lvl,AllPub,Inside,Gtl,SawyerW,Norm,Norm,1Fam,2Story,6,5,1994,1994,Gable,CompShg,HdBoard,HdBoard,BrkFace,105.0,Gd,Gd,PConc,Gd,Gd,No,GLQ,Unf,928,GasA,Ex,Y,SBrkr,1721,0,1,2,1,3,1,Gd,Typ,0,None,Attchd,1994.0,RFn,2,TA,TA,Y,300,87,0,0,0,0,None,None,None,0,7,2007,WD,Normal,201000
922,90,RL,67.0,8777,Pave,None,Reg,Lvl,AllPub,Inside,Gtl,Edwards,Feedr,Norm,Duplex,1.5Fin,5,7,1900,2003,Gable,CompShg,MetalSd,MetalSd,None,0.0,TA,TA,CBlock,TA,TA,No,ALQ,Unf,1272,GasA,Gd,Y,SBrkr,2200,2,0,2,2,4,2,TA,Typ,0,None,None,0.0,None,0,None,None,N,0,70,0,0,0,0,None,GdPrv,None,0,9,2008,WD,Normal,145900
923,20,RL,65.0,10237,Pave,None,Reg,Lvl,AllPub,Inside,Gtl,Gilbert,RRAn,Norm,1Fam,1Story,6,5,2005,2006,Gable,CompShg,VinylSd,VinylSd,None,0.0,Gd,TA,PConc,Gd,TA,No,GLQ,Unf,1316,GasA,Ex,Y,SBrkr,1316,0,0,2,0,3,1,Gd,Typ,1,Gd,Attchd,2005.0,Fin,2,TA,TA,Y,100,0,0,23,0,0,None,None,None,0,10,2006,New,Partial,169990
924,120,RL,50.0,8012,Pave,None,Reg,Lvl,AllPub,Inside,Gtl,SawyerW,Norm,Norm,TwnhsE,1Story,6,5,1993,1994,Gable,CompShg,Plywood,Plywood,None,0.0,Gd,TA,PConc,Gd,TA,No,LwQ,GLQ,1604,GasA,Ex,Y,SBrkr,1617,1,0,2,0,2,1,Gd,Typ,1,Fa,Attchd,1993.0,RFn,2,TA,TA,Y,0,69,0,0,0,0,None,None,None,0,7,2008,WD,Normal,193000
925,20,RL,79.0,10240,Pave,None,Reg,Lvl,AllPub,Inside,Gtl,NWAmes,Norm,Norm,1Fam,1Story,6,6,1980,1980,Gable,CompShg,Plywood,Plywood,BrkFace,157.0,TA,Gd,CBlock,Gd,TA,No,BLQ,LwQ,1686,GasA,TA,Y,SBrkr,1686,1,0,2,0,3,1,TA,Typ,1,TA,Attchd,1980.0,Unf,2,TA,TA,Y,384,131,0,0,0,0,None,None,None,0,5,2006,WD,Normal,207500
926,20,RL,80.0,15611,Pave,None,IR1,Lvl,AllPub,Corner,Gtl,NWAmes,Norm,Norm,1Fam,1Story,5,6,1977,1977,Gable,CompShg,VinylSd,VinylSd,None,0.0,TA,TA,PConc,Gd,TA,Av,ALQ,LwQ,1126,GasA,TA,Y,SBrkr,1126,0,1,2,0,3,1,Ex,Typ,0,None,Attchd,1977.0,RFn,2,TA,TA,Y,180,0,0,0,0,0,None,None,None,0,3,2008,WD,Abnorml,175000
927,60,RL,93.0,11999,Pave,None,Reg,Lvl,AllPub,Inside,Gtl,NridgHt,Norm,Norm,1Fam,2Story,8,5,2003,2004,Hip,CompShg,VinylSd,VinylSd,BrkFace,340.0,Gd,TA,PConc,Gd,TA,No,Unf,Unf,1181,GasA,Ex,Y,SBrkr,2374,0,0,2,1,4,1,Ex,Typ,1,Gd,BuiltIn,2003.0,Fin,3,TA,TA,Y,104,100,0,0,0,0,None,None,None,0,5,2007,WD,Normal,285000
928,60,RL,80.0,9900,Pave,None,Reg,Lvl,AllPub,Inside,Gtl,NWAmes,Feedr,Norm,1Fam,2Story,7,5,1968,1968,Gable,CompShg,MetalSd,MetalSd,BrkFace,342.0,TA,TA,CBlock,TA,TA,No,BLQ,Unf,832,GasA,Gd,Y,SBrkr,1978,0,0,2,1,4,1,TA,Typ,1,Gd,Attchd,1968.0,RFn,2,TA,TA,Y,0,43,0,0,0,0,None,GdPrv,None,0,4,2008,WD,Normal,176000
929,20,RL,70.0,11838,Pave,None,Reg,Lvl,AllPub,Inside,Gtl,CollgCr,Norm,Norm,1Fam,1Story,8,5,2001,2001,Hip,CompShg,VinylSd,VinylSd,None,0.0,Gd,TA,PConc,Gd,TA,Av,Unf,Unf,1753,GasA,Ex,Y,SBrkr,1788,0,0,2,0,3,1,Ex,Typ,1,TA,Attchd,2001.0,RFn,2,TA,TA,Y,202,151,0,0,0,0,None,None,None,0,6,2009,WD,Normal,236500
930,60,RL,65.0,13006,Pave,None,IR1,Lvl,AllPub,Corner,Gtl,Gilbert,Norm,Norm,1Fam,2Story,7,5,1997,1997,Gable,CompShg,HdBoard,HdBoard,BrkFace,285.0,TA,TA,PConc,Gd,TA,No,Unf,Unf,964,GasA,Gd,Y,SBrkr,2236,0,0,2,1,4,1,Gd,Typ,1,TA,BuiltIn,1997.0,Fin,2,TA,TA,Y,0,0,0,0,0,0,None,None,None,0,11,2006,WD,Normal,222000
931,20,RL,73.0,8925,Pave,None,IR1,HLS,AllPub,Inside,Gtl,Timber,Norm,Norm,1Fam,1Story,8,5,2007,2007,Gable,CompShg,VinylSd,VinylSd,None,0.0,Gd,TA,PConc,Gd,TA,Av,GLQ,Unf,1466,GasA,Ex,Y,SBrkr,1466,0,0,2,0,3,1,Gd,Typ,0,None,Attchd,2007.0,Fin,3,TA,TA,Y,100,18,0,0,0,0,None,None,None,0,7,2009,WD,Normal,201000
932,20,RL,70.0,9100,Pave,None,Reg,Lvl,AllPub,Inside,Gtl,NAmes,Norm,Norm,1Fam,1Story,5,6,1965,1965,Gable,CompShg,VinylSd,VinylSd,None,0.0,TA,TA,CBlock,TA,TA,No,BLQ,Rec,925,GasA,Ex,Y,SBrkr,925,0,1,1,0,2,1,TA,Typ,0,None,Detchd,1965.0,Unf,1,TA,TA,Y,0,0,0,0,0,0,None,GdWo,None,0,7,2009,WD,Normal,117500
933,20,RL,84.0,11670,Pave,None,IR1,Lvl,AllPub,Corner,Gtl,Somerst,RRNn,Norm,1Fam,1Story,9,5,2006,2006,Hip,CompShg,VinylSd,ImStucc,Stone,302.0,Ex,TA,PConc,Ex,Gd,No,Unf,Unf,1905,GasA,Ex,Y,SBrkr,1905,0,0,2,0,3,1,Ex,Typ,1,Gd,Attchd,2006.0,Fin,3,TA,TA,Y,0,191,0,0,0,0,None,None,None,0,3,2007,WD,Normal,320000
934,20,RL,63.0,8487,Pave,None,Reg,Lvl,AllPub,FR2,Gtl,CollgCr,Norm,Norm,1Fam,1Story,7,5,2004,2004,Gable,CompShg,VinylSd,VinylSd,BrkFace,210.0,Gd,TA,PConc,Gd,TA,Av,GLQ,Unf,1500,GasA,Ex,Y,SBrkr,1500,0,0,2,0,3,1,Gd,Typ,0,None,Attchd,2004.0,RFn,2,TA,TA,Y,192,36,0,0,0,0,None,None,None,0,8,2009,WD,Normal,190000
935,20,RL,313.0,27650,Pave,None,IR2,HLS,AllPub,Inside,Mod,NAmes,PosA,Norm,1Fam,1Story,7,7,1960,2007,Flat,Tar&Grv,Wd Sdng,Wd Sdng,None,0.0,TA,TA,CBlock,Gd,TA,Gd,GLQ,Unf,585,GasA,Ex,Y,SBrkr,2069,1,0,2,0,4,1,Gd,Typ,1,Gd,Attchd,1960.0,RFn,2,TA,TA,Y,0,0,0,0,0,0,None,None,None,0,11,2008,WD,Normal,242000
936,30,RL,52.0,5825,Pave,None,IR1,Lvl,AllPub,Inside,Gtl,BrkSide,Norm,Norm,1Fam,1Story,4,5,1926,1953,Gable,CompShg,MetalSd,MetalSd,BrkFace,108.0,TA,Gd,PConc,Fa,TA,Mn,Unf,Unf,600,GasA,Gd,Y,SBrkr,747,0,0,1,0,1,1,TA,Typ,0,None,Detchd,1953.0,Unf,2,TA,TA,Y,0,0,32,0,0,0,None,None,None,0,6,2006,WD,Normal,79900
937,20,RL,67.0,10083,Pave,None,Reg,Lvl,AllPub,Inside,Gtl,SawyerW,Norm,Norm,1Fam,1Story,7,5,2003,2003,Gable,CompShg,VinylSd,VinylSd,None,0.0,Gd,TA,PConc,Gd,TA,No,GLQ,Unf,1176,GasA,Ex,Y,SBrkr,1200,1,0,2,0,2,1,Gd,Typ,0,None,Attchd,2003.0,RFn,2,TA,TA,Y,0,41,0,0,0,0,None,None,None,0,8,2009,WD,Normal,184900
938,60,RL,75.0,9675,Pave,None,Reg,Lvl,AllPub,Inside,Gtl,Somerst,Norm,Norm,1Fam,2Story,7,5,2005,2005,Gable,CompShg,VinylSd,VinylSd,None,0.0,Gd,TA,PConc,Gd,TA,Mn,GLQ,Unf,1113,GasA,Ex,Y,SBrkr,1971,0,0,2,1,3,1,Gd,Typ,1,Gd,Attchd,2005.0,RFn,2,TA,TA,Y,0,48,0,0,0,0,None,None,None,0,2,2009,WD,Normal,253000
939,60,RL,73.0,8760,Pave,None,Reg,Lvl,AllPub,Inside,Gtl,CollgCr,Norm,Norm,1Fam,2Story,7,5,2006,2006,Gable,CompShg,VinylSd,VinylSd,None,0.0,Gd,TA,PConc,Gd,Gd,Mn,GLQ,Unf,1391,GasA,Ex,Y,SBrkr,1962,0,0,2,1,3,1,Gd,Typ,0,None,Attchd,2006.0,RFn,3,TA,TA,Y,0,90,0,0,0,0,None,None,None,0,8,2006,New,Partial,239799
940,70,RL,80.0,24090,Pave,None,Reg,Lvl,AllPub,Inside,Gtl,ClearCr,Norm,Norm,1Fam,2Story,7,7,1940,1950,Gable,CompShg,MetalSd,MetalSd,None,0.0,TA,Gd,CBlock,TA,TA,Mn,Unf,Unf,1032,GasA,Ex,Y,SBrkr,2403,0,0,2,0,4,1,TA,Typ,2,TA,Attchd,1940.0,Unf,1,TA,TA,Y,56,0,318,0,0,0,None,None,None,0,6,2010,COD,Normal,244400
941,90,RL,55.0,12640,Pave,None,IR1,Lvl,AllPub,Inside,Gtl,Mitchel,Norm,Norm,Duplex,1Story,6,5,1976,1976,Gable,CompShg,Plywood,Plywood,None,0.0,TA,TA,CBlock,TA,TA,Gd,Rec,LwQ,1728,GasA,TA,Y,SBrkr,1728,0,0,2,0,4,2,TA,Typ,0,None,Attchd,1976.0,Unf,2,TA,TA,Y,40,0,0,0,0,0,None,None,None,0,7,2006,WD,Normal,150900
942,60,RL,65.0,8755,Pave,None,IR1,Lvl,AllPub,FR2,Gtl,Gilbert,RRNn,Norm,1Fam,2Story,7,5,1999,1999,Gable,CompShg,VinylSd,VinylSd,BrkFace,298.0,Gd,TA,PConc,Gd,TA,No,ALQ,Unf,992,GasA,Ex,Y,SBrkr,2060,1,0,2,1,3,1,Gd,Typ,1,TA,BuiltIn,1999.0,RFn,2,TA,TA,Y,0,0,0,168,0,0,None,GdPrv,None,0,6,2009,WD,Normal,214000
943,90,RL,42.0,7711,Pave,None,IR1,Lvl,AllPub,Inside,Gtl,Edwards,Norm,Norm,Duplex,1Story,4,3,1977,1977,Gable,CompShg,MetalSd,MetalSd,None,0.0,TA,TA,PConc,Gd,TA,Gd,GLQ,Unf,1440,GasA,TA,Y,SBrkr,1440,2,0,2,0,4,2,TA,Typ,0,None,None,0.0,None,0,None,None,N,321,0,0,0,0,0,None,None,None,0,8,2007,Oth,Abnorml,150000
944,90,RL,100.0,25000,Pave,None,Reg,Low,AllPub,Inside,Gtl,Mitchel,Norm,Norm,Duplex,1Story,5,4,1967,1967,Gable,CompShg,HdBoard,Plywood,None,0.0,TA,TA,CBlock,TA,TA,Av,Unf,Unf,1632,GasA,TA,Y,SBrkr,1632,0,0,2,0,4,2,TA,Typ,0,None,Attchd,1967.0,Unf,2,TA,TA,P,0,0,0,0,0,0,None,None,None,0,6,2007,WD,Normal,143000
945,20,RL,85.0,14375,Pave,None,IR1,Lvl,NoSeWa,CulDSac,Gtl,Timber,Norm,Norm,1Fam,SLvl,6,6,1958,1958,Gable,CompShg,HdBoard,HdBoard,BrkFace,541.0,TA,TA,CBlock,TA,TA,No,GLQ,Rec,819,GasA,Gd,Y,FuseA,1344,0,1,1,0,3,1,Gd,Typ,1,Gd,Basment,1958.0,RFn,2,TA,TA,Y,0,118,0,0,233,0,None,None,None,0,1,2009,COD,Abnorml,137500
946,50,RM,98.0,8820,Pave,None,Reg,Lvl,AllPub,Corner,Gtl,OldTown,Norm,Norm,1Fam,1.5Fin,5,6,1890,1996,Hip,CompShg,VinylSd,VinylSd,None,0.0,TA,TA,BrkTil,TA,TA,No,LwQ,Unf,1088,GasA,TA,Y,SBrkr,1869,0,0,1,0,2,1,TA,Typ,0,None,Detchd,1963.0,Unf,2,TA,TA,Y,48,0,244,0,0,0,None,MnWw,None,0,9,2009,WD,Normal,124900
947,80,RL,70.0,8163,Pave,None,Reg,Lvl,AllPub,Inside,Gtl,NAmes,Norm,Norm,1Fam,SLvl,5,6,1959,1959,Gable,CompShg,HdBoard,HdBoard,BrkFace,128.0,TA,Gd,CBlock,TA,TA,Av,ALQ,BLQ,1144,GasA,TA,Y,SBrkr,1144,1,0,1,0,3,1,TA,Typ,1,TA,Attchd,1959.0,RFn,1,TA,TA,Y,86,0,0,0,0,0,None,None,None,0,3,2006,WD,Normal,143000
948,20,RL,85.0,14536,Pave,None,Reg,Lvl,AllPub,Inside,Gtl,Timber,Norm,Norm,1Fam,1Story,8,5,2002,2003,Hip,CompShg,VinylSd,VinylSd,BrkFace,236.0,Gd,TA,PConc,Gd,TA,Av,GLQ,Unf,1616,GasA,Ex,Y,SBrkr,1629,1,0,2,0,3,1,Gd,Typ,1,Gd,Attchd,2002.0,Fin,3,TA,TA,Y,0,252,0,0,0,0,None,None,None,0,11,2007,WD,Normal,270000
949,60,RL,65.0,14006,Pave,None,IR1,Lvl,AllPub,Inside,Gtl,CollgCr,Norm,Norm,1Fam,2Story,7,5,2002,2002,Gable,CompShg,VinylSd,VinylSd,BrkFace,144.0,Gd,TA,PConc,Gd,TA,No,Unf,Unf,936,GasA,Ex,Y,SBrkr,1776,0,0,2,1,3,1,Gd,Typ,1,TA,Attchd,2002.0,RFn,2,TA,TA,Y,144,96,0,0,0,0,None,None,None,0,2,2006,WD,Normal,192500
950,20,RL,78.0,9360,Pave,None,Reg,Lvl,AllPub,Inside,Gtl,NWAmes,Norm,Norm,1Fam,1Story,6,7,1972,2006,Hip,CompShg,Plywood,Plywood,None,0.0,TA,TA,CBlock,TA,TA,No,ALQ,Unf,1161,GasA,TA,Y,SBrkr,1381,1,0,1,1,3,1,Gd,Typ,1,TA,Attchd,1972.0,RFn,2,TA,TA,Y,0,0,0,0,0,0,None,None,None,0,3,2010,WD,Normal,197500
951,20,RL,60.0,7200,Pave,None,Reg,Lvl,AllPub,Inside,Gtl,NAmes,Norm,Norm,1Fam,1Story,5,8,1950,2002,Gable,CompShg,VinylSd,VinylSd,None,0.0,TA,TA,CBlock,TA,TA,No,ALQ,BLQ,864,GasA,Gd,Y,SBrkr,864,1,0,1,0,3,1,Gd,Typ,0,None,Detchd,1980.0,RFn,2,TA,TA,Y,194,0,0,0,0,0,None,None,None,0,7,2007,WD,Normal,129000
952,20,RH,60.0,7800,Pave,None,Reg,Lvl,AllPub,Corner,Gtl,SawyerW,Norm,Norm,1Fam,1Story,5,5,1965,1965,Gable,CompShg,VinylSd,VinylSd,None,0.0,TA,TA,CBlock,TA,TA,No,BLQ,Unf,828,GasA,Gd,Y,SBrkr,965,1,0,1,0,3,1,TA,Typ,0,None,Detchd,1979.0,Unf,1,TA,TA,Y,421,0,0,0,0,0,None,MnPrv,None,0,7,2006,WD,Abnorml,119900
953,85,RL,60.0,7200,Pave,None,Reg,Lvl,AllPub,Inside,Gtl,CollgCr,Norm,Norm,1Fam,SFoyer,5,8,1972,2003,Gable,CompShg,WdShing,HdBoard,None,0.0,TA,Gd,CBlock,Gd,TA,Av,GLQ,Unf,768,GasA,Gd,Y,SBrkr,768,0,1,1,0,2,1,TA,Typ,0,None,Detchd,1974.0,Fin,1,TA,TA,Y,192,0,0,0,0,0,None,MnPrv,None,0,4,2009,WD,Normal,133900
954,60,RL,73.0,11075,Pave,None,IR1,Lvl,AllPub,Inside,Mod,Mitchel,Norm,Norm,1Fam,2Story,5,4,1969,1969,Gable,CompShg,HdBoard,HdBoard,BrkFace,232.0,TA,TA,CBlock,TA,TA,Av,ALQ,LwQ,784,GasA,Ex,Y,SBrkr,1968,0,1,2,1,4,1,TA,Min2,1,Po,Attchd,1969.0,RFn,2,TA,TA,Y,305,189,0,0,0,0,None,MnPrv,Shed,400,9,2008,WD,Normal,172000
955,90,RL,35.0,9400,Pave,None,IR1,Lvl,AllPub,CulDSac,Gtl,Edwards,Norm,Norm,Duplex,SFoyer,6,5,1975,1975,Flat,Tar&Grv,WdShing,Plywood,BrkFace,250.0,TA,TA,CBlock,Gd,Gd,Gd,GLQ,Unf,945,GasA,TA,Y,SBrkr,980,0,2,2,0,4,0,TA,Typ,0,None,None,0.0,None,0,None,None,Y,0,0,0,0,0,0,None,None,None,0,10,2006,WD,AdjLand,127500
956,90,RH,82.0,7136,Pave,None,IR1,HLS,AllPub,Inside,Gtl,Crawfor,Norm,Norm,Duplex,2Story,6,6,1946,1950,Gable,CompShg,MetalSd,MetalSd,BrkFace,423.0,TA,TA,CBlock,Gd,TA,No,Rec,Unf,979,GasA,TA,N,FuseF,1958,0,0,2,0,4,2,TA,Typ,0,None,Attchd,1946.0,Unf,2,TA,TA,Y,0,0,0,0,0,0,None,None,None,0,8,2007,WD,Normal,145000
957,160,RM,24.0,1300,Pave,None,Reg,Lvl,AllPub,Inside,Gtl,Blueste,Norm,Norm,TwnhsE,2Story,6,6,1980,1980,Gable,CompShg,MetalSd,MetalSd,None,0.0,TA,TA,CBlock,Gd,TA,No,ALQ,Unf,561,GasA,TA,Y,SBrkr,1229,0,0,1,1,2,1,TA,Typ,1,TA,Attchd,1980.0,Fin,2,TA,TA,Y,150,0,0,0,0,0,None,GdPrv,None,0,5,2009,WD,Normal,124000
958,20,RL,70.0,7420,Pave,None,Reg,Lvl,AllPub,Inside,Gtl,Sawyer,Norm,Norm,1Fam,1Story,5,5,1962,1962,Hip,CompShg,MetalSd,MetalSd,None,0.0,TA,TA,CBlock,TA,TA,No,Rec,Unf,1057,GasA,TA,Y,SBrkr,1057,0,0,1,0,3,1,TA,Typ,0,None,Detchd,1977.0,Fin,2,TA,TA,Y,0,0,0,0,0,0,None,None,None,0,4,2007,WD,Normal,132000
959,20,RL,65.0,8450,Pave,None,Reg,Lvl,AllPub,Inside,Gtl,CollgCr,Norm,Norm,1Fam,1Story,7,5,2003,2003,Gable,CompShg,VinylSd,VinylSd,None,0.0,Gd,TA,PConc,Gd,TA,Mn,GLQ,Unf,1337,GasA,Ex,Y,SBrkr,1337,1,0,2,0,3,1,Gd,Typ,0,None,Attchd,2003.0,RFn,2,TA,TA,Y,0,39,0,0,0,0,None,None,None,0,10,2007,WD,Normal,185000
960,160,FV,24.0,2572,Pave,None,Reg,Lvl,AllPub,FR2,Gtl,Somerst,Norm,Norm,Twnhs,2Story,7,5,1999,1999,Hip,CompShg,MetalSd,MetalSd,None,0.0,Gd,TA,PConc,Gd,TA,No,ALQ,Unf,696,GasA,Ex,Y,SBrkr,1416,1,0,2,1,3,1,Gd,Typ,0,None,Detchd,1999.0,Unf,2,TA,TA,Y,0,44,0,0,0,0,None,None,None,0,5,2010,WD,Normal,155000
961,20,RL,50.0,7207,Pave,None,IR1,Lvl,AllPub,Inside,Gtl,BrkSide,Norm,Norm,1Fam,1Story,5,7,1958,2008,Gable,CompShg,Wd Sdng,Plywood,None,0.0,TA,Gd,CBlock,TA,TA,Gd,BLQ,Unf,858,GasA,Gd,Y,SBrkr,858,1,0,1,0,2,1,TA,Typ,0,None,None,0.0,None,0,None,None,Y,117,0,0,0,0,0,None,None,None,0,2,2010,WD,Normal,116500
962,60,RL,80.0,12227,Pave,None,IR1,Lvl,AllPub,Corner,Gtl,NWAmes,PosN,Norm,1Fam,2Story,6,7,1977,1995,Gable,CompShg,HdBoard,HdBoard,BrkFace,424.0,TA,Gd,CBlock,Gd,Gd,No,ALQ,Unf,1330,GasA,TA,Y,SBrkr,2872,1,0,2,1,4,1,TA,Typ,1,TA,Attchd,1977.0,Fin,2,TA,TA,Y,550,282,0,0,0,0,None,None,None,0,7,2008,WD,Normal,272000
963,160,RL,24.0,2308,Pave,None,Reg,Lvl,AllPub,Corner,Gtl,NPkVill,Norm,Norm,TwnhsE,2Story,6,6,1976,1976,Gable,CompShg,Plywood,Brk Cmn,None,0.0,TA,TA,CBlock,Gd,TA,No,ALQ,Unf,804,GasA,TA,Y,SBrkr,1548,1,0,2,1,3,1,Gd,Typ,1,TA,Detchd,1976.0,Unf,2,TA,TA,Y,48,0,0,0,0,0,None,None,None,0,7,2007,WD,Normal,155000
964,20,RL,122.0,11923,Pave,None,IR1,Lvl,AllPub,Corner,Gtl,CollgCr,Norm,Norm,1Fam,1Story,9,5,2007,2007,Gable,CompShg,VinylSd,VinylSd,None,0.0,Gd,TA,PConc,Ex,TA,No,Unf,Unf,1800,GasA,Ex,Y,SBrkr,1800,0,0,2,0,2,1,Ex,Typ,0,None,Attchd,2007.0,Fin,2,TA,TA,Y,288,136,0,0,0,0,None,None,None,0,5,2009,WD,Normal,239000
965,60,RL,80.0,11316,Pave,None,Reg,Lvl,AllPub,Corner,Gtl,Timber,Norm,Norm,1Fam,2Story,7,5,2002,2003,Gable,CompShg,VinylSd,VinylSd,BrkFace,44.0,Gd,TA,PConc,Gd,TA,No,GLQ,Unf,817,GasA,Ex,Y,SBrkr,1894,1,0,2,1,4,1,Gd,Typ,1,Gd,BuiltIn,2002.0,Fin,2,TA,TA,Y,0,40,0,0,0,0,None,None,None,0,2,2010,WD,Normal,214900
966,60,RL,65.0,10237,Pave,None,Reg,Lvl,AllPub,Inside,Gtl,Gilbert,RRAn,Norm,1Fam,2Story,6,5,2005,2007,Gable,CompShg,VinylSd,VinylSd,None,0.0,Gd,TA,PConc,Gd,TA,No,Unf,Unf,783,GasA,Ex,Y,SBrkr,1484,0,0,2,1,3,1,Gd,Typ,1,Gd,Attchd,2005.0,Fin,2,TA,TA,Y,0,72,0,0,0,0,None,None,None,0,7,2007,New,Partial,178900
967,50,RL,130.0,9600,Pave,None,IR1,HLS,AllPub,Inside,Gtl,Crawfor,Norm,Norm,1Fam,1.5Fin,5,7,1940,1950,Gable,CompShg,MetalSd,MetalSd,None,0.0,Gd,Gd,BrkTil,TA,Fa,No,Rec,Unf,728,GasA,Ex,Y,SBrkr,1308,1,0,1,1,2,1,TA,Min2,2,TA,Detchd,1940.0,Unf,1,TA,TA,Y,0,70,0,0,0,0,None,None,None,0,6,2009,WD,Normal,160000
968,20,RL,73.0,7390,Pave,None,IR1,Lvl,AllPub,Inside,Gtl,NAmes,Norm,Norm,1Fam,1Story,5,7,1955,1955,Hip,CompShg,Wd Sdng,Wd Sdng,BrkFace,151.0,TA,TA,CBlock,TA,TA,No,ALQ,Unf,1098,GasA,TA,Y,SBrkr,1098,1,0,1,0,3,1,TA,Typ,0,None,Attchd,1955.0,Unf,1,TA,TA,Y,0,0,0,0,0,0,None,None,None,0,7,2008,WD,Normal,135000
969,50,RM,50.0,5925,Pave,None,Reg,Lvl,AllPub,Inside,Gtl,OldTown,Norm,Norm,1Fam,1.5Fin,3,6,1910,1950,Gable,CompShg,VinylSd,VinylSd,None,0.0,TA,TA,BrkTil,TA,TA,No,Unf,Unf,600,Grav,Fa,N,SBrkr,968,0,0,1,0,2,1,TA,Typ,0,None,None,0.0,None,0,None,None,Y,0,0,0,0,0,0,None,GdWo,None,0,5,2009,WD,Abnorml,37900
970,190,RL,75.0,10382,Pave,None,Reg,Lvl,AllPub,Inside,Gtl,NAmes,Norm,Norm,2fmCon,SLvl,6,5,1958,1958,Hip,CompShg,HdBoard,HdBoard,BrkFace,105.0,TA,Fa,CBlock,TA,TA,Gd,ALQ,Unf,588,GasA,TA,Y,SBrkr,1095,1,0,1,0,2,1,TA,Typ,0,None,Attchd,1958.0,RFn,1,TA,TA,Y,0,0,0,0,0,0,None,None,None,0,3,2006,ConLD,Normal,140000
971,50,RL,60.0,10800,Pave,None,Reg,Lvl,AllPub,Inside,Gtl,NAmes,Norm,Norm,1Fam,1.5Fin,4,4,1949,1950,Gable,CompShg,AsbShng,AsbShng,None,0.0,TA,TA,CBlock,TA,TA,No,Unf,Unf,720,GasA,TA,N,FuseA,1192,0,0,1,1,4,1,TA,Typ,0,None,None,0.0,None,0,None,None,Y,0,0,0,0,0,0,None,None,None,0,12,2006,WD,Abnorml,135000
972,160,RL,36.0,2268,Pave,None,Reg,Lvl,AllPub,Inside,Gtl,NridgHt,Norm,Norm,Twnhs,2Story,7,5,2003,2004,Gable,CompShg,VinylSd,Wd Shng,Stone,106.0,Gd,TA,PConc,Gd,TA,No,GLQ,Unf,764,GasA,Ex,Y,SBrkr,1626,0,0,2,0,2,1,Gd,Typ,0,None,BuiltIn,2003.0,RFn,2,TA,TA,Y,0,27,0,0,0,0,None,None,None,0,7,2009,WD,Normal,173000
973,120,RL,55.0,7892,Pave,None,Reg,Lvl,AllPub,Inside,Gtl,SawyerW,Norm,Norm,TwnhsE,1Story,6,5,1979,1979,Gable,CompShg,Plywood,Plywood,None,0.0,TA,TA,CBlock,Gd,TA,No,Unf,Unf,918,GasA,TA,Y,SBrkr,918,0,0,2,0,2,1,TA,Typ,1,TA,Attchd,1979.0,Unf,1,TA,TA,Y,28,0,0,0,0,0,None,None,None,0,4,2010,WD,Normal,99500
974,20,FV,95.0,11639,Pave,None,Reg,Lvl,AllPub,Corner,Gtl,Somerst,Norm,Norm,1Fam,1Story,7,5,2007,2008,Gable,CompShg,CemntBd,CmentBd,None,0.0,Gd,TA,PConc,Gd,TA,No,Unf,Unf,1428,GasA,Ex,Y,SBrkr,1428,0,0,2,0,3,1,Gd,Typ,0,None,Attchd,2007.0,Fin,2,TA,TA,Y,0,120,0,0,0,0,None,None,None,0,12,2008,New,Partial,182000
975,70,RL,60.0,11414,Pave,None,IR1,Lvl,AllPub,Corner,Gtl,BrkSide,RRAn,Feedr,1Fam,2Story,7,8,1910,1993,Gable,CompShg,HdBoard,HdBoard,None,0.0,TA,Gd,BrkTil,Gd,TA,No,Unf,Unf,728,GasA,TA,N,SBrkr,2019,0,0,1,0,3,1,Gd,Typ,0,None,Detchd,1997.0,Unf,2,TA,TA,Y,509,135,0,0,0,0,None,GdPrv,None,0,10,2009,WD,Normal,167500
976,160,FV,73.5,2651,Pave,None,Reg,Lvl,AllPub,FR2,Gtl,Somerst,Norm,Norm,Twnhs,2Story,7,5,2000,2000,Gable,CompShg,MetalSd,MetalSd,None,0.0,Gd,TA,PConc,Gd,TA,No,GLQ,Unf,673,GasA,Ex,Y,SBrkr,1382,1,0,2,1,3,1,Gd,Typ,0,None,Detchd,2000.0,Unf,2,TA,TA,Y,153,50,0,0,0,0,None,None,None,0,4,2006,WD,Normal,165000
977,30,RL,51.0,5900,Pave,None,IR1,Bnk,AllPub,Inside,Gtl,BrkSide,Norm,Norm,1Fam,1Story,4,7,1923,1958,Gable,CompShg,Wd Sdng,Wd Sdng,None,0.0,TA,TA,PConc,Gd,TA,No,Unf,Unf,440,GasA,TA,Y,FuseA,869,0,0,1,0,2,1,Fa,Typ,0,None,None,0.0,None,0,None,None,Y,0,0,0,0,0,0,None,None,None,0,8,2006,WD,Normal,85500
978,120,FV,35.0,4274,Pave,Pave,IR1,Lvl,AllPub,Inside,Gtl,Somerst,Norm,Norm,TwnhsE,1Story,7,5,2006,2007,Gable,CompShg,VinylSd,VinylSd,None,0.0,Gd,TA,PConc,Gd,TA,No,GLQ,Unf,1241,GasA,Ex,Y,SBrkr,1241,1,0,1,1,1,1,Gd,Typ,0,None,Attchd,2007.0,Fin,2,TA,TA,Y,0,116,0,0,0,0,None,None,None,0,11,2007,New,Partial,199900
979,20,RL,68.0,9450,Pave,None,Reg,Bnk,AllPub,Inside,Mod,Edwards,Norm,Norm,1Fam,1Story,4,5,1954,1954,Gable,CompShg,MetalSd,MetalSd,None,0.0,TA,TA,CBlock,TA,TA,No,LwQ,Unf,894,GasA,Ex,Y,SBrkr,894,0,0,1,0,3,1,TA,Typ,0,None,Detchd,1999.0,Unf,2,TA,TA,Y,0,0,0,0,0,0,None,None,None,0,5,2007,WD,Abnorml,110000
980,20,RL,80.0,8816,Pave,None,Reg,Lvl,AllPub,Corner,Gtl,Sawyer,Feedr,Norm,1Fam,1Story,5,6,1963,1963,Gable,CompShg,VinylSd,VinylSd,None,0.0,TA,TA,PConc,TA,TA,No,Rec,Unf,1121,GasA,TA,Y,SBrkr,1121,1,0,1,0,3,1,TA,Typ,0,None,Detchd,1963.0,Unf,2,TA,TA,Y,0,80,0,0,0,0,None,MnPrv,None,0,6,2009,WD,Normal,139000
981,85,RL,73.0,12122,Pave,None,IR1,Lvl,AllPub,Corner,Gtl,NAmes,Norm,Norm,1Fam,SFoyer,7,9,1961,2007,Gable,CompShg,CemntBd,CmentBd,Stone,210.0,Ex,TA,CBlock,TA,TA,Av,ALQ,Unf,944,GasA,Gd,Y,SBrkr,999,1,0,1,0,3,1,Ex,Typ,0,None,Attchd,1961.0,RFn,2,TA,TA,Y,144,76,0,0,0,0,None,None,None,0,7,2008,WD,Normal,178400
982,60,RL,98.0,12203,Pave,None,IR1,Lvl,AllPub,Corner,Gtl,NoRidge,Norm,Norm,1Fam,2Story,8,5,1998,1999,Hip,CompShg,VinylSd,VinylSd,BrkFace,975.0,Gd,TA,PConc,Gd,TA,No,GLQ,Unf,1225,GasA,Ex,Y,SBrkr,2612,1,0,2,1,4,1,Gd,Typ,1,TA,Attchd,1998.0,Fin,3,TA,TA,Y,250,0,0,0,0,0,None,None,None,0,7,2009,WD,Normal,336000
983,20,RL,43.0,3182,Pave,None,Reg,Lvl,AllPub,Inside,Gtl,Blmngtn,Norm,Norm,1Fam,1Story,7,5,2007,2007,Gable,CompShg,VinylSd,VinylSd,BrkFace,16.0,Gd,TA,PConc,Gd,TA,Av,Unf,Unf,1266,GasA,Ex,Y,SBrkr,1266,0,0,2,0,2,1,Gd,Typ,1,Gd,Attchd,2007.0,Fin,2,TA,TA,Y,100,16,0,0,0,0,None,None,None,0,3,2008,WD,Normal,159895
984,60,RL,70.0,11250,Pave,None,Reg,Lvl,AllPub,Corner,Gtl,CollgCr,Norm,Norm,1Fam,2Story,8,5,2002,2002,Gable,CompShg,CemntBd,CmentBd,None,0.0,Gd,TA,PConc,Gd,TA,Mn,Unf,Unf,1128,GasA,Ex,Y,SBrkr,2290,0,0,2,1,4,1,Gd,Typ,1,Gd,Attchd,2002.0,Unf,2,TA,TA,Y,0,0,0,0,0,0,None,None,None,0,5,2008,WD,Normal,255900
985,90,RL,75.0,10125,Pave,None,Reg,Lvl,AllPub,Inside,Gtl,Mitchel,Norm,Norm,Duplex,1.5Fin,5,5,1977,1977,Gable,CompShg,Plywood,Plywood,None,0.0,TA,TA,CBlock,None,None,None,None,None,0,GasA,TA,Y,SBrkr,1734,0,0,2,0,4,2,Gd,Typ,0,None,Attchd,1977.0,Unf,2,TA,TA,Y,0,0,0,0,0,0,None,None,None,0,8,2009,COD,Normal,126000
986,190,RL,68.0,10880,Pave,None,Reg,Lvl,AllPub,Inside,Gtl,Edwards,Norm,Norm,2fmCon,1Story,5,5,1950,1950,Gable,CompShg,MetalSd,MetalSd,None,0.0,TA,TA,CBlock,TA,TA,No,ALQ,Unf,1164,GasW,TA,N,SBrkr,1164,1,0,1,0,3,1,TA,Typ,0,None,Detchd,1950.0,Unf,1,TA,TA,Y,0,48,0,0,0,0,None,None,None,0,8,2008,ConLD,Normal,125000
987,50,RM,59.0,5310,Pave,None,Reg,Lvl,AllPub,Corner,Gtl,OldTown,Feedr,Norm,1Fam,1.5Fin,6,8,1910,2003,Hip,CompShg,VinylSd,VinylSd,None,0.0,TA,Gd,CBlock,TA,Fa,No,Unf,Unf,485,GasA,Gd,Y,SBrkr,1635,0,0,1,0,2,1,Gd,Typ,0,None,Attchd,1950.0,Unf,1,Fa,TA,Y,394,0,0,0,0,0,None,None,None,0,6,2006,WD,Normal,117000
988,20,RL,83.0,10159,Pave,None,IR1,Lvl,AllPub,Inside,Gtl,NridgHt,Norm,Norm,1Fam,1Story,9,5,2009,2010,Hip,CompShg,VinylSd,VinylSd,Stone,450.0,Ex,TA,PConc,Ex,TA,Av,GLQ,Unf,1930,GasA,Ex,Y,SBrkr,1940,1,0,2,1,3,1,Ex,Typ,1,Gd,Attchd,2010.0,Fin,3,TA,TA,Y,168,95,0,0,0,0,None,None,None,0,4,2010,New,Partial,395192
989,60,RL,80.0,12046,Pave,None,IR1,Lvl,AllPub,Inside,Gtl,NWAmes,Norm,Norm,1Fam,2Story,6,6,1976,1976,Gable,CompShg,Plywood,Plywood,BrkFace,298.0,TA,TA,CBlock,TA,TA,No,LwQ,Unf,848,GasA,TA,Y,SBrkr,2030,0,0,2,1,4,1,Gd,Typ,1,TA,Attchd,1976.0,Fin,2,TA,TA,Y,0,224,0,0,0,0,None,None,None,0,6,2007,WD,Normal,195000
990,60,FV,65.0,8125,Pave,None,Reg,Lvl,AllPub,Inside,Gtl,Somerst,Norm,Norm,1Fam,2Story,7,5,2006,2006,Gable,CompShg,VinylSd,VinylSd,None,0.0,Gd,TA,PConc,Gd,Gd,No,Unf,Unf,770,GasA,Ex,Y,SBrkr,1576,0,0,2,1,3,1,Gd,Typ,0,None,Attchd,2006.0,RFn,2,TA,TA,Y,0,50,0,0,0,0,None,None,None,0,8,2006,New,Partial,197000
991,60,RL,82.0,9452,Pave,None,Reg,Lvl,AllPub,Inside,Gtl,NoRidge,Norm,Norm,1Fam,2Story,8,5,1997,1998,Gable,CompShg,VinylSd,VinylSd,BrkFace,423.0,Gd,TA,PConc,Gd,TA,No,GLQ,Unf,1396,GasA,Ex,Y,SBrkr,2392,1,0,2,1,3,1,Gd,Typ,1,TA,Attchd,1997.0,Fin,3,TA,TA,Y,0,70,0,0,0,0,None,None,None,0,6,2006,WD,Normal,348000
992,70,RM,121.0,17671,Pave,Grvl,Reg,Lvl,AllPub,Corner,Gtl,OldTown,Artery,Norm,1Fam,2Story,8,9,1882,1986,Gable,CompShg,Wd Sdng,Wd Sdng,None,0.0,Gd,Gd,BrkTil,TA,TA,No,BLQ,Unf,916,GasA,Gd,Y,SBrkr,1742,0,0,1,1,4,1,Gd,Typ,1,Gd,Attchd,1925.0,Unf,2,TA,TA,P,0,169,0,0,0,0,None,None,None,0,11,2009,WD,Normal,168000
993,60,RL,80.0,9760,Pave,None,Reg,Lvl,AllPub,Inside,Mod,NAmes,Norm,Norm,1Fam,2Story,6,8,1964,1993,Hip,CompShg,Wd Sdng,Wd Sdng,BrkFace,340.0,TA,TA,CBlock,TA,TA,Gd,BLQ,Rec,822,GasA,Gd,Y,SBrkr,1851,0,0,2,1,3,1,Gd,Typ,1,Fa,Attchd,1964.0,RFn,2,TA,TA,Y,239,42,0,0,0,0,None,MnWw,None,0,7,2007,WD,Normal,187000
994,60,RL,68.0,8846,Pave,None,Reg,Lvl,AllPub,Inside,Gtl,CollgCr,Norm,Norm,1Fam,2Story,6,5,2005,2006,Gable,CompShg,VinylSd,VinylSd,None,0.0,TA,TA,PConc,Gd,TA,No,Unf,Unf,750,GasA,Ex,Y,SBrkr,1500,0,0,2,1,3,1,Gd,Typ,0,None,Attchd,2005.0,RFn,2,TA,TA,Y,0,35,0,0,0,0,None,None,None,0,8,2006,New,Partial,173900
995,20,RL,96.0,12456,Pave,None,Reg,Lvl,AllPub,FR2,Gtl,NridgHt,Norm,Norm,1Fam,1Story,10,5,2006,2007,Hip,CompShg,CemntBd,CmentBd,Stone,230.0,Ex,TA,PConc,Ex,TA,Gd,GLQ,Unf,1700,GasA,Ex,Y,SBrkr,1718,1,0,2,0,3,1,Ex,Typ,1,Gd,Attchd,2008.0,Fin,3,TA,TA,Y,216,48,0,0,0,0,None,None,None,0,7,2009,WD,Normal,337500
996,50,RL,51.0,4712,Pave,None,IR1,Lvl,AllPub,Inside,Mod,BrkSide,Feedr,Norm,1Fam,1.5Fin,4,7,1946,1950,Gable,CompShg,MetalSd,MetalSd,None,0.0,TA,TA,CBlock,TA,TA,No,ALQ,Unf,747,GasA,TA,Y,SBrkr,1230,1,0,1,1,3,1,TA,Typ,0,None,Detchd,1946.0,Unf,1,TA,TA,Y,0,57,0,0,63,0,None,MnPrv,None,0,8,2006,WD,Abnorml,121600
997,20,RL,73.0,10659,Pave,None,IR1,Lvl,AllPub,Inside,Gtl,NAmes,Norm,Norm,1Fam,1Story,5,6,1961,1961,Hip,CompShg,Wd Sdng,Wd Sdng,None,0.0,TA,TA,CBlock,TA,TA,No,Rec,Unf,1050,GasA,TA,Y,SBrkr,1050,1,0,1,0,3,1,TA,Typ,0,None,Attchd,1961.0,Unf,1,TA,TA,Y,0,319,0,0,0,0,None,None,None,0,1,2006,COD,Normal,136500
998,20,RL,80.0,11717,Pave,None,IR1,Lvl,AllPub,Inside,Gtl,NWAmes,PosA,Norm,1Fam,1Story,6,6,1970,1970,Hip,CompShg,HdBoard,HdBoard,BrkFace,571.0,TA,TA,CBlock,TA,TA,No,Unf,Unf,1442,GasA,TA,Y,SBrkr,1442,0,0,2,0,2,1,TA,Typ,1,TA,Attchd,1970.0,RFn,2,TA,TA,Y,371,0,0,0,0,0,None,None,None,0,2,2009,WD,Normal,185000
999,30,RM,60.0,9786,Pave,None,Reg,Lvl,AllPub,Inside,Gtl,IDOTRR,Norm,Norm,1Fam,1Story,3,4,1922,1950,Hip,CompShg,Wd Sdng,Wd Sdng,None,0.0,TA,TA,BrkTil,TA,Fa,No,Unf,Unf,1007,GasA,Fa,N,SBrkr,1077,0,0,1,0,3,1,TA,Typ,1,Gd,Detchd,1922.0,Unf,1,TA,Fa,P,0,100,48,0,0,0,None,None,None,0,5,2006,WD,Normal,91000
1000,20,RL,64.0,6762,Pave,None,Reg,Lvl,AllPub,Inside,Gtl,CollgCr,Norm,Norm,1Fam,1Story,7,5,2006,2006,Gable,CompShg,VinylSd,VinylSd,Stone,24.0,Gd,TA,PConc,Gd,TA,Av,GLQ,Unf,1187,GasA,Ex,Y,SBrkr,1208,1,0,2,0,2,1,Gd,Typ,0,None,Attchd,2006.0,RFn,2,TA,TA,Y,105,61,0,0,0,0,None,None,None,0,2,2010,WD,Normal,206000
1001,20,RL,74.0,10206,Pave,None,Reg,Lvl,AllPub,Corner,Gtl,Edwards,Norm,Norm,1Fam,1Story,3,3,1952,1952,Flat,Tar&Grv,BrkComm,Brk Cmn,None,0.0,TA,TA,Slab,None,None,None,None,None,0,GasW,Fa,N,FuseF,944,0,0,1,0,2,1,Fa,Min1,0,None,Detchd,1956.0,Unf,2,TA,Fa,Y,0,0,0,0,0,0,None,None,None,0,7,2009,WD,Normal,82000
1002,30,RL,60.0,5400,Pave,None,Reg,Lvl,AllPub,Corner,Gtl,OldTown,Norm,Norm,1Fam,1Story,5,6,1920,1950,Gable,CompShg,Wd Sdng,Wd Sdng,None,0.0,TA,TA,BrkTil,Fa,TA,No,Unf,Unf,691,GasA,Ex,Y,FuseA,691,0,0,1,0,2,1,Ex,Typ,0,None,Detchd,1920.0,Unf,1,Fa,TA,N,0,20,94,0,0,0,None,None,None,0,1,2007,WD,Abnorml,86000
1003,20,RL,75.0,11957,Pave,None,IR1,Lvl,AllPub,Inside,Gtl,Somerst,RRAn,Norm,1Fam,1Story,8,5,2006,2006,Gable,CompShg,VinylSd,VinylSd,BrkFace,53.0,Gd,TA,PConc,Gd,TA,No,GLQ,Unf,1574,GasA,Ex,Y,SBrkr,1574,0,0,2,0,3,1,Gd,Typ,1,Gd,Attchd,2006.0,RFn,3,TA,TA,Y,144,104,0,0,0,0,None,None,None,0,7,2008,WD,Normal,232000
1004,90,RL,80.0,11500,Pave,None,IR1,Lvl,AllPub,Corner,Gtl,NWAmes,Feedr,RRAn,Duplex,1Story,5,6,1976,1976,Gable,CompShg,VinylSd,VinylSd,BrkFace,164.0,TA,TA,CBlock,TA,TA,No,Unf,Unf,1680,GasA,Fa,Y,SBrkr,1680,0,0,2,0,4,2,TA,Typ,0,None,Detchd,1976.0,Unf,2,TA,TA,Y,0,0,0,0,0,0,None,None,None,0,6,2007,WD,Normal,136905
1005,120,RL,43.0,3182,Pave,None,Reg,Lvl,AllPub,Inside,Gtl,Blmngtn,Norm,Norm,TwnhsE,1Story,7,5,2005,2006,Gable,CompShg,VinylSd,VinylSd,BrkFace,16.0,Gd,TA,PConc,Gd,TA,No,GLQ,Unf,1346,GasA,Ex,Y,SBrkr,1504,0,0,2,0,1,1,Gd,Typ,1,Gd,Attchd,2005.0,Fin,2,TA,TA,Y,156,0,0,0,0,0,None,None,None,0,5,2009,WD,Normal,181000
1006,80,RL,65.0,8385,Pave,None,Reg,Lvl,AllPub,Inside,Gtl,CollgCr,Norm,Norm,1Fam,SLvl,5,8,1977,1977,Gable,CompShg,HdBoard,HdBoard,BrkFace,220.0,Gd,TA,CBlock,Gd,Gd,Av,GLQ,Unf,985,GasA,TA,Y,SBrkr,985,0,0,2,0,3,1,TA,Typ,0,None,Attchd,1977.0,Unf,1,TA,TA,Y,210,0,0,0,0,0,None,None,None,0,11,2008,WD,Normal,149900
1007,20,RL,73.0,12155,Pave,None,IR3,Lvl,AllPub,Inside,Gtl,NAmes,PosN,Norm,1Fam,1Story,6,3,1970,1970,Gable,CompShg,Plywood,Plywood,None,0.0,TA,TA,CBlock,Gd,TA,No,LwQ,Unf,1657,GasA,Gd,Y,SBrkr,1657,0,1,2,0,3,1,TA,Typ,1,TA,Attchd,1970.0,Unf,2,TA,TA,Y,0,0,0,0,147,0,None,None,None,0,3,2007,WD,Normal,163500
1008,160,RM,21.0,2217,Pave,None,Reg,Lvl,AllPub,Inside,Gtl,MeadowV,Norm,Norm,TwnhsE,2Story,4,4,1970,1970,Gable,CompShg,CemntBd,CmentBd,None,0.0,TA,TA,CBlock,TA,TA,No,BLQ,LwQ,546,GasA,TA,Y,SBrkr,1092,0,0,1,1,3,1,TA,Typ,0,None,Attchd,1970.0,RFn,1,TA,TA,Y,238,0,0,0,0,0,None,None,None,0,8,2009,WD,Normal,88000
1009,20,RL,43.0,12118,Pave,None,IR1,Lvl,AllPub,CulDSac,Gtl,Mitchel,Norm,Norm,1Fam,1Story,7,5,2004,2005,Hip,CompShg,VinylSd,VinylSd,Stone,108.0,Gd,TA,PConc,Ex,TA,Mn,Unf,Unf,1710,GasA,Ex,Y,SBrkr,1710,0,0,2,0,3,1,Gd,Typ,1,Gd,Attchd,2004.0,Fin,2,TA,TA,Y,100,48,0,0,180,0,None,None,None,0,4,2009,WD,Normal,240000
1010,50,RL,60.0,6000,Pave,None,Reg,Lvl,AllPub,Inside,Gtl,SWISU,Norm,Norm,1Fam,1.5Fin,5,5,1926,1950,Gable,CompShg,Wd Sdng,Wd Sdng,None,0.0,TA,Fa,BrkTil,TA,TA,No,Unf,Unf,1008,GasA,Ex,Y,SBrkr,1522,0,0,2,0,4,1,TA,Typ,0,None,None,0.0,None,0,None,None,P,0,0,138,0,0,0,None,None,None,0,6,2006,WD,Normal,102000
1011,50,RL,115.0,21286,Pave,None,Reg,Lvl,AllPub,Inside,Gtl,Sawyer,Norm,Norm,1Fam,1.5Fin,5,5,1948,1950,Gable,CompShg,Wd Sdng,Wd Sdng,None,0.0,TA,TA,CBlock,TA,TA,No,Unf,Unf,720,GasA,TA,Y,SBrkr,1271,0,0,2,0,4,1,TA,Typ,1,Gd,Attchd,1948.0,Unf,1,TA,TA,Y,0,0,108,0,0,0,None,None,None,0,8,2008,WD,Normal,135000
1012,90,RL,75.0,9825,Pave,None,Reg,Lvl,AllPub,Inside,Gtl,Edwards,Norm,Norm,Duplex,1Story,5,5,1965,1965,Hip,CompShg,AsphShn,AsphShn,None,0.0,TA,TA,CBlock,None,None,None,None,None,0,GasA,TA,N,SBrkr,1664,0,0,2,0,4,2,TA,Typ,0,None,None,0.0,None,0,None,None,Y,0,0,0,0,0,0,None,None,None,0,5,2010,WD,Normal,100000
1013,70,RL,55.0,10592,Pave,None,Reg,Lvl,AllPub,Inside,Gtl,Crawfor,Norm,Norm,1Fam,2Story,6,7,1923,1996,Hip,CompShg,Wd Sdng,Wd Sdng,None,0.0,TA,Gd,PConc,TA,Fa,No,Unf,Unf,602,GasA,TA,Y,SBrkr,1502,0,0,1,1,3,1,Gd,Typ,2,TA,Detchd,1923.0,Unf,1,TA,TA,Y,96,0,112,0,53,0,None,None,None,0,8,2007,WD,Normal,165000
1014,30,RM,60.0,7200,Pave,None,Reg,Lvl,AllPub,Inside,Gtl,OldTown,Norm,Norm,1Fam,1Story,5,4,1910,2006,Hip,CompShg,MetalSd,Stucco,None,0.0,TA,TA,BrkTil,TA,TA,No,ALQ,Rec,1022,GasW,TA,N,SBrkr,1022,1,0,1,0,2,1,TA,Maj2,0,None,Detchd,1956.0,Unf,1,TA,TA,Y,0,30,226,0,0,0,None,None,None,0,6,2009,WD,Normal,85000
1015,20,RL,60.0,11664,Pave,None,Reg,Lvl,AllPub,Inside,Gtl,NAmes,Artery,Norm,1Fam,1Story,6,5,1948,1950,Gable,CompShg,MetalSd,MetalSd,BrkFace,206.0,TA,TA,CBlock,TA,Fa,No,BLQ,Unf,1082,GasA,TA,Y,SBrkr,1082,0,0,1,0,2,1,TA,Typ,1,Gd,Detchd,1948.0,Unf,1,TA,TA,Y,0,130,0,0,0,0,None,None,None,0,11,2007,WD,Normal,119200
1016,60,RL,70.0,8400,Pave,None,Reg,Lvl,AllPub,Inside,Gtl,NWAmes,Norm,Norm,1Fam,2Story,8,6,2001,2001,Gable,CompShg,VinylSd,VinylSd,None,0.0,Gd,TA,PConc,Gd,TA,No,GLQ,Unf,810,GasA,Ex,Y,SBrkr,1665,1,0,2,1,3,1,Gd,Typ,0,None,Attchd,2001.0,Fin,2,TA,TA,Y,0,45,0,0,0,0,None,None,None,0,11,2009,WD,Normal,227000
1017,20,RL,73.0,11883,Pave,None,Reg,Lvl,AllPub,Inside,Gtl,CollgCr,Norm,Norm,1Fam,1Story,7,5,1996,1996,Hip,CompShg,VinylSd,VinylSd,BrkFace,196.0,Gd,TA,PConc,Gd,TA,Gd,GLQ,Unf,1504,GasA,Ex,Y,SBrkr,1504,1,0,2,0,3,1,Gd,Typ,1,TA,Attchd,1996.0,Fin,2,TA,TA,Y,115,66,0,0,0,0,None,None,None,0,6,2009,WD,Normal,203000
1018,120,RL,61.5,5814,Pave,None,IR1,Lvl,AllPub,CulDSac,Gtl,StoneBr,Norm,Norm,TwnhsE,1Story,8,5,1984,1984,Gable,CompShg,HdBoard,HdBoard,None,0.0,Gd,TA,CBlock,Gd,TA,Av,GLQ,Unf,1220,GasA,Gd,Y,SBrkr,1360,1,0,1,0,1,1,Gd,Typ,1,Ex,Attchd,1984.0,RFn,2,TA,TA,Y,63,0,0,0,0,0,None,None,None,0,8,2009,COD,Abnorml,187500
1019,80,RL,65.0,10784,Pave,None,IR1,Lvl,AllPub,FR2,Gtl,Gilbert,Norm,Norm,1Fam,SLvl,7,5,1991,1992,Gable,CompShg,HdBoard,HdBoard,BrkFace,76.0,Gd,TA,PConc,Gd,TA,No,Unf,Unf,384,GasA,Gd,Y,SBrkr,1472,0,0,2,1,3,1,Gd,Typ,1,TA,Attchd,1991.0,RFn,2,TA,TA,Y,164,0,0,0,0,0,None,None,None,0,5,2007,WD,Normal,160000
1020,120,RL,43.0,3013,Pave,None,Reg,Lvl,AllPub,Inside,Gtl,Blmngtn,Norm,Norm,TwnhsE,1Story,7,5,2005,2005,Gable,CompShg,VinylSd,VinylSd,BrkFace,145.0,Gd,TA,PConc,Gd,TA,Gd,GLQ,Unf,1362,GasA,Ex,Y,SBrkr,1506,0,0,2,0,2,1,Gd,Typ,1,Gd,Attchd,2005.0,Fin,2,TA,TA,Y,142,20,0,0,0,0,None,None,None,0,4,2006,WD,Normal,213490
1021,20,RL,60.0,7024,Pave,None,Reg,Lvl,AllPub,Inside,Gtl,Edwards,Norm,Norm,1Fam,1Story,4,5,2005,2005,Gable,CompShg,VinylSd,VinylSd,None,0.0,TA,TA,PConc,Gd,TA,No,GLQ,Unf,1132,GasA,Ex,Y,SBrkr,1132,1,0,1,1,2,1,Gd,Typ,0,None,Attchd,2005.0,Fin,2,TA,TA,Y,252,64,0,0,0,0,None,None,None,0,6,2008,WD,Normal,176000
1022,20,RL,64.0,7406,Pave,None,Reg,Lvl,AllPub,Inside,Gtl,CollgCr,Norm,Norm,1Fam,1Story,7,5,2006,2006,Gable,CompShg,VinylSd,VinylSd,Stone,84.0,Gd,TA,PConc,Gd,TA,Av,GLQ,Unf,1199,GasA,Ex,Y,SBrkr,1220,1,0,2,0,2,1,Gd,Typ,0,None,Attchd,2006.0,RFn,2,TA,TA,Y,105,54,0,0,0,0,None,None,None,0,7,2006,New,Partial,194000
1023,50,RM,52.0,9439,Pave,None,Reg,Lvl,AllPub,Inside,Gtl,OldTown,Norm,Norm,1Fam,1.5Fin,5,5,1930,1950,Gable,CompShg,Wd Sdng,Wd Sdng,None,0.0,TA,TA,CBlock,TA,TA,No,LwQ,Unf,912,GasA,Gd,Y,FuseA,1248,0,0,1,0,2,1,TA,Typ,0,None,Detchd,1957.0,Unf,1,Fa,Fa,Y,0,0,192,0,0,0,None,None,None,0,3,2007,WD,Normal,87000
1024,120,RL,43.0,3182,Pave,None,Reg,Lvl,AllPub,Inside,Gtl,Blmngtn,Norm,Norm,TwnhsE,1Story,7,5,2005,2006,Gable,CompShg,VinylSd,VinylSd,BrkFace,14.0,Gd,TA,PConc,Gd,Gd,No,GLQ,Unf,1346,GasA,Ex,Y,SBrkr,1504,0,0,2,0,2,1,Gd,Typ,1,Gd,Attchd,2005.0,Fin,2,TA,TA,Y,156,20,0,0,0,0,None,None,None,0,5,2008,WD,Normal,191000
1025,20,RL,85.0,15498,Pave,None,IR1,Lvl,AllPub,Corner,Gtl,Timber,Norm,Norm,1Fam,1Story,8,6,1976,1976,Hip,WdShake,Stone,HdBoard,None,0.0,Gd,TA,CBlock,Gd,TA,Av,ALQ,LwQ,1565,GasA,TA,Y,SBrkr,2898,1,0,2,0,2,1,Gd,Typ,1,Gd,Attchd,1976.0,Fin,2,TA,TA,Y,0,72,174,0,0,0,None,None,None,0,5,2008,COD,Abnorml,287000
1026,20,RL,70.0,7700,Pave,None,Reg,Lvl,AllPub,Corner,Gtl,CollgCr,Norm,Norm,1Fam,1Story,5,5,1972,1972,Gable,CompShg,VinylSd,VinylSd,None,0.0,TA,TA,CBlock,TA,TA,No,LwQ,Rec,882,GasA,TA,Y,SBrkr,882,1,0,1,0,3,1,TA,Typ,0,None,Detchd,1980.0,Unf,2,TA,TA,Y,96,0,0,0,0,0,None,MnPrv,None,0,3,2007,WD,Normal,112500
1027,20,RL,73.0,9300,Pave,None,Reg,Lvl,AllPub,Inside,Gtl,NAmes,Feedr,Norm,1Fam,1Story,5,5,1960,1960,Gable,CompShg,MetalSd,HdBoard,BrkFace,324.0,TA,TA,CBlock,TA,TA,No,Rec,Unf,1268,GasA,TA,Y,SBrkr,1264,1,0,1,0,3,1,TA,Typ,2,Gd,Attchd,1960.0,Unf,2,TA,TA,Y,0,0,0,0,143,0,None,None,None,0,4,2010,WD,Normal,167500
1028,20,RL,71.0,9520,Pave,None,IR1,HLS,AllPub,Inside,Gtl,Timber,Norm,Norm,1Fam,1Story,8,5,2007,2008,Gable,CompShg,VinylSd,VinylSd,Stone,338.0,Gd,TA,PConc,Gd,TA,Gd,GLQ,Unf,1638,GasA,Ex,Y,SBrkr,1646,1,0,2,0,3,1,Gd,Typ,1,Gd,Attchd,2008.0,RFn,3,TA,TA,Y,192,44,0,0,0,0,None,None,None,0,4,2008,New,Partial,293077
1029,50,RL,79.0,9492,Pave,None,Reg,Lvl,AllPub,Inside,Gtl,NAmes,Artery,Norm,1Fam,1.5Fin,5,5,1941,1950,Gable,CompShg,WdShing,Wd Shng,None,0.0,TA,TA,CBlock,TA,TA,No,Rec,BLQ,768,GasA,TA,Y,SBrkr,1376,1,0,1,0,3,1,TA,Typ,1,Gd,Attchd,1941.0,Unf,1,TA,TA,Y,0,0,0,0,0,0,None,None,None,0,4,2007,WD,Normal,105000
1030,160,RM,21.0,1680,Pave,None,Reg,Lvl,AllPub,Inside,Gtl,BrDale,Norm,Norm,Twnhs,2Story,6,7,1972,1972,Gable,CompShg,HdBoard,HdBoard,BrkFace,281.0,TA,TA,CBlock,TA,TA,No,BLQ,Unf,672,GasA,Gd,Y,SBrkr,1218,0,1,1,1,3,1,TA,Typ,0,None,Detchd,1972.0,Unf,1,TA,TA,Y,0,28,0,0,0,0,None,None,None,0,5,2006,WD,Normal,118000
1031,190,RH,60.0,7082,Pave,None,Reg,Lvl,AllPub,Inside,Gtl,SWISU,Norm,Norm,2fmCon,2Story,5,8,1916,1995,Gable,CompShg,VinylSd,VinylSd,None,0.0,TA,TA,PConc,TA,TA,Mn,Unf,Unf,686,GasA,Gd,Y,SBrkr,1928,0,0,2,0,5,2,TA,Typ,0,None,None,0.0,None,0,None,None,N,0,0,228,0,0,0,None,None,None,0,7,2006,WD,Normal,160000
1032,75,RL,102.0,15863,Pave,None,Reg,Lvl,AllPub,Corner,Gtl,SWISU,Norm,Norm,1Fam,2.5Fin,7,3,1920,1970,Gable,CompShg,Wd Sdng,Plywood,None,0.0,TA,TA,BrkTil,TA,TA,No,GLQ,Unf,824,GasA,Ex,Y,SBrkr,3082,1,0,2,1,5,1,TA,Typ,2,TA,Basment,1970.0,Fin,2,TA,TA,Y,136,63,0,0,0,0,None,None,None,0,8,2009,WD,Normal,197000
1033,60,RL,91.0,14541,Pave,None,IR1,Lvl,AllPub,Corner,Gtl,NoRidge,Norm,Norm,1Fam,2Story,8,7,1993,1993,Gable,CompShg,MetalSd,MetalSd,None,0.0,Gd,Gd,PConc,Gd,Gd,No,GLQ,Unf,1338,GasA,Ex,Y,SBrkr,2520,1,0,2,1,5,1,Gd,Typ,1,TA,Attchd,1993.0,RFn,3,TA,TA,Y,209,55,0,0,0,0,None,None,None,0,11,2006,WD,Abnorml,310000
1034,20,RL,70.0,8125,Pave,None,Reg,Lvl,AllPub,Inside,Gtl,CollgCr,Norm,Norm,1Fam,1Story,7,5,2002,2002,Gable,CompShg,VinylSd,VinylSd,Stone,295.0,Gd,TA,PConc,Gd,TA,No,GLQ,Unf,1654,GasA,Ex,Y,SBrkr,1654,1,0,2,0,3,1,Gd,Typ,0,None,Attchd,2002.0,Unf,3,TA,TA,Y,0,136,0,0,0,0,None,None,None,0,2,2006,WD,Normal,230000
1035,30,RL,50.0,6305,Pave,None,Reg,Bnk,AllPub,Inside,Gtl,Crawfor,Norm,Norm,1Fam,1Story,5,7,1938,1950,Gable,CompShg,MetalSd,MetalSd,None,0.0,TA,Gd,PConc,Fa,Fa,No,Unf,Unf,920,GasA,Ex,Y,SBrkr,954,0,0,1,0,2,1,Fa,Typ,1,Gd,Basment,1938.0,Unf,1,Fa,TA,Y,0,0,0,0,0,0,None,MnPrv,None,0,6,2007,WD,Normal,119750
1036,20,RL,65.5,11500,Pave,None,IR1,Lvl,AllPub,CulDSac,Gtl,Edwards,Norm,Norm,1Fam,1Story,4,3,1957,1957,Gable,CompShg,Wd Sdng,Wd Sdng,None,0.0,TA,Gd,Slab,None,None,None,None,None,0,GasA,Ex,N,SBrkr,845,0,0,1,0,3,1,TA,Typ,0,None,Detchd,1957.0,Unf,1,TA,TA,N,186,0,0,0,0,0,None,None,None,0,1,2009,WD,Normal,84000
1037,20,RL,89.0,12898,Pave,None,IR1,HLS,AllPub,Inside,Gtl,Timber,Norm,Norm,1Fam,1Story,9,5,2007,2008,Hip,CompShg,VinylSd,VinylSd,Stone,70.0,Gd,TA,PConc,Ex,TA,Gd,GLQ,Unf,1620,GasA,Ex,Y,SBrkr,1620,1,0,2,0,2,1,Ex,Typ,1,Ex,Attchd,2008.0,Fin,3,TA,TA,Y,228,0,0,0,0,0,None,None,None,0,9,2009,WD,Normal,315500
1038,60,RL,70.0,9240,Pave,None,Reg,Lvl,AllPub,Inside,Gtl,CollgCr,Norm,Norm,1Fam,2Story,8,5,2001,2002,Gable,CompShg,VinylSd,VinylSd,BrkFace,396.0,Gd,TA,PConc,Gd,TA,No,Unf,Unf,1055,GasA,Ex,Y,SBrkr,2263,0,0,2,1,3,1,Gd,Typ,1,TA,BuiltIn,2001.0,Fin,2,TA,TA,Y,0,45,0,0,189,0,None,None,None,0,9,2008,WD,Normal,287000
1039,160,RM,21.0,1533,Pave,None,Reg,Lvl,AllPub,Inside,Gtl,MeadowV,Norm,Norm,Twnhs,2Story,4,6,1970,2008,Gable,CompShg,CemntBd,CmentBd,None,0.0,TA,TA,CBlock,TA,TA,No,Unf,Unf,546,GasA,TA,Y,SBrkr,1344,0,0,1,1,3,1,TA,Typ,1,TA,None,0.0,None,0,None,None,Y,0,0,0,0,0,0,None,None,None,0,5,2009,WD,Normal,97000
1040,180,RM,21.0,1477,Pave,None,Reg,Lvl,AllPub,Inside,Gtl,MeadowV,Norm,Norm,TwnhsE,SFoyer,4,4,1970,1970,Gable,CompShg,CemntBd,CmentBd,None,0.0,TA,TA,CBlock,Gd,TA,Av,GLQ,Unf,630,GasA,TA,Y,SBrkr,630,1,0,1,0,1,1,TA,Typ,0,None,Attchd,1970.0,Unf,1,TA,TA,Y,0,0,0,0,0,0,None,None,None,0,4,2009,WD,Normal,80000
1041,20,RL,88.0,13125,Pave,None,Reg,Lvl,AllPub,Corner,Gtl,Sawyer,Norm,Norm,1Fam,1Story,5,4,1957,2000,Gable,CompShg,Wd Sdng,Wd Sdng,BrkCmn,67.0,TA,TA,CBlock,TA,TA,No,Rec,BLQ,1134,GasA,Ex,Y,SBrkr,1803,1,0,2,0,3,1,TA,Maj1,1,TA,Attchd,1957.0,RFn,2,TA,TA,Y,0,0,0,0,0,0,None,GdPrv,None,0,1,2006,WD,Normal,155000
1042,60,RL,80.0,9130,Pave,None,Reg,Lvl,AllPub,Inside,Gtl,NWAmes,Feedr,Norm,1Fam,2Story,6,8,1966,2000,Hip,CompShg,HdBoard,HdBoard,BrkFace,252.0,TA,TA,CBlock,TA,TA,No,GLQ,Rec,800,GasA,Gd,Y,SBrkr,1632,0,1,1,1,4,1,Gd,Typ,0,None,Attchd,1966.0,Unf,2,TA,TA,Y,0,40,0,0,0,0,None,None,None,0,7,2008,WD,Normal,173000
1043,120,RL,34.0,5381,Pave,None,IR1,Lvl,AllPub,Inside,Gtl,NridgHt,Norm,Norm,Twnhs,1Story,6,5,2005,2005,Gable,CompShg,VinylSd,VinylSd,Stone,135.0,Gd,TA,PConc,Gd,TA,Av,ALQ,Unf,1306,GasA,Ex,Y,SBrkr,1306,1,0,2,0,1,1,Gd,Typ,1,Gd,Attchd,2005.0,RFn,2,TA,TA,Y,170,63,0,0,0,0,None,None,None,0,8,2009,WD,Normal,196000
1044,60,RL,86.0,11839,Pave,None,Reg,Lvl,AllPub,Inside,Gtl,SawyerW,Norm,Norm,1Fam,2Story,7,5,1990,1990,Hip,CompShg,HdBoard,HdBoard,BrkFace,99.0,TA,TA,PConc,Gd,TA,No,GLQ,Unf,1475,GasA,Ex,Y,SBrkr,2329,1,0,2,1,4,1,Gd,Typ,1,Ex,Attchd,1990.0,Unf,2,TA,TA,Y,192,121,0,0,0,0,None,None,None,0,5,2008,WD,Normal,262280
1045,20,RL,80.0,9600,Pave,None,Reg,Lvl,AllPub,Inside,Gtl,NWAmes,PosN,Norm,1Fam,1Story,8,5,1981,1981,Hip,WdShngl,BrkFace,BrkFace,None,0.0,Gd,TA,PConc,Gd,TA,No,ALQ,Unf,2524,GasA,TA,Y,SBrkr,2524,1,0,2,1,4,1,Gd,Typ,1,Gd,Attchd,1981.0,Fin,2,TA,TA,Y,474,120,0,0,0,0,None,MnPrv,None,0,7,2009,WD,Normal,278000
1046,20,RL,65.5,13680,Pave,None,IR1,Lvl,AllPub,CulDSac,Gtl,Edwards,Norm,Norm,1Fam,1Story,3,5,1955,1955,Hip,CompShg,BrkFace,Wd Sdng,None,0.0,TA,TA,Slab,None,None,None,None,None,0,GasA,Ex,Y,FuseA,1733,0,0,2,0,4,1,TA,Min2,1,Gd,Attchd,1955.0,Unf,2,TA,TA,Y,0,0,0,0,0,0,None,None,None,0,6,2009,WD,Normal,139600
1047,60,RL,85.0,16056,Pave,None,IR1,Lvl,AllPub,Inside,Gtl,StoneBr,Norm,Norm,1Fam,2Story,9,5,2005,2006,Hip,CompShg,CemntBd,CmentBd,Stone,208.0,Gd,TA,PConc,Ex,TA,Av,GLQ,Unf,1992,GasA,Ex,Y,SBrkr,2868,0,0,3,1,4,1,Ex,Typ,1,Gd,BuiltIn,2005.0,Fin,3,TA,TA,Y,214,108,0,0,0,0,None,None,None,0,7,2006,New,Partial,556581
1048,20,RL,57.0,9245,Pave,None,IR2,Lvl,AllPub,Inside,Gtl,CollgCr,Norm,Norm,1Fam,1Story,5,5,1994,1995,Gable,CompShg,VinylSd,VinylSd,None,0.0,TA,TA,PConc,Gd,TA,No,GLQ,Unf,990,GasA,Ex,Y,SBrkr,990,0,1,1,0,3,1,TA,Typ,0,None,Detchd,1996.0,Unf,2,TA,TA,Y,0,0,0,0,0,0,None,None,None,0,2,2008,WD,Normal,145000
1049,20,RL,100.0,21750,Pave,None,Reg,Lvl,AllPub,Inside,Gtl,Mitchel,Norm,Norm,1Fam,1Story,5,4,1960,2006,Hip,CompShg,HdBoard,HdBoard,BrkFace,75.0,TA,Fa,Slab,None,None,None,None,None,0,GasA,TA,Y,SBrkr,1771,0,0,1,0,3,1,TA,Min1,1,TA,Attchd,1960.0,Unf,2,TA,TA,Y,0,0,0,0,0,0,None,GdPrv,None,0,11,2009,WD,Normal,115000
1050,20,RL,60.0,11100,Pave,None,Reg,Low,AllPub,Inside,Gtl,Edwards,Norm,Norm,1Fam,1Story,4,7,1946,2006,Gable,CompShg,MetalSd,MetalSd,None,0.0,TA,TA,CBlock,None,None,None,None,None,0,GasA,Ex,Y,SBrkr,930,0,0,1,0,2,1,Gd,Typ,0,None,Detchd,1946.0,Unf,1,TA,TA,Y,0,0,0,0,0,0,None,None,None,0,4,2010,WD,Abnorml,84900
1051,20,RL,73.0,8993,Pave,None,IR1,Lvl,AllPub,Inside,Gtl,Gilbert,Norm,Norm,1Fam,1Story,7,5,2007,2007,Gable,CompShg,VinylSd,VinylSd,None,0.0,Gd,TA,PConc,Gd,TA,Av,Unf,Unf,1302,GasA,Ex,Y,SBrkr,1302,0,0,2,0,3,1,Gd,Typ,0,None,Attchd,2007.0,Fin,2,TA,TA,Y,0,22,0,0,0,0,None,None,None,0,8,2007,New,Partial,176485
1052,20,RL,103.0,11175,Pave,None,IR1,Lvl,AllPub,Corner,Gtl,CollgCr,Norm,Norm,1Fam,1Story,7,5,2007,2007,Gable,CompShg,VinylSd,VinylSd,None,0.0,Gd,TA,PConc,Gd,TA,Av,Unf,Unf,1316,GasA,Ex,Y,SBrkr,1316,0,0,2,0,3,1,Gd,Typ,1,Gd,Attchd,2007.0,Fin,2,TA,TA,Y,0,20,0,0,0,0,None,None,None,0,10,2007,New,Partial,200141
1053,60,RL,100.0,9500,Pave,None,Reg,Lvl,AllPub,Corner,Gtl,NAmes,Artery,Norm,1Fam,2Story,6,6,1964,1978,Gable,CompShg,VinylSd,VinylSd,BrkCmn,272.0,TA,TA,CBlock,TA,TA,No,Rec,Unf,816,GasA,TA,Y,SBrkr,1977,0,1,1,1,4,1,TA,Typ,1,TA,Attchd,1964.0,RFn,2,TA,TA,Y,0,52,0,0,0,0,None,GdPrv,None,0,6,2007,WD,Normal,165000
1054,20,RL,68.0,8562,Pave,None,Reg,Lvl,AllPub,Inside,Mod,Edwards,Norm,Norm,1Fam,1Story,5,6,1957,2002,Hip,CompShg,HdBoard,HdBoard,Stone,145.0,TA,TA,CBlock,TA,TA,Av,Rec,Unf,1216,GasA,Ex,Y,FuseA,1526,0,0,1,0,4,1,TA,Min2,1,Gd,Basment,1957.0,Unf,1,TA,TA,Y,116,78,0,0,0,0,None,None,None,0,5,2010,WD,Normal,144500
1055,60,RL,90.0,11367,Pave,None,Reg,Lvl,AllPub,Corner,Gtl,CollgCr,Norm,Norm,1Fam,2Story,8,5,2002,2002,Gable,CompShg,VinylSd,VinylSd,BrkFace,210.0,Gd,TA,PConc,Gd,TA,Mn,GLQ,Unf,1065,GasA,Ex,Y,SBrkr,1989,1,0,2,1,3,1,Gd,Typ,1,Gd,Attchd,2002.0,Fin,2,TA,TA,Y,199,60,0,0,0,0,None,None,None,0,11,2006,WD,Normal,255000
1056,20,RL,104.0,11361,Pave,None,Reg,Lvl,AllPub,Inside,Gtl,NWAmes,Norm,Norm,1Fam,1Story,6,5,1976,1976,Gable,CompShg,Plywood,Plywood,BrkFace,160.0,TA,TA,CBlock,Gd,TA,No,ALQ,Unf,1193,GasA,TA,Y,SBrkr,1523,0,1,2,0,3,1,TA,Typ,1,TA,Attchd,1976.0,Fin,2,TA,TA,Y,0,0,0,0,189,0,None,MnPrv,None,0,5,2008,COD,Abnorml,180000
1057,120,RL,43.0,7052,Pave,None,IR1,Lvl,AllPub,Inside,Gtl,NridgHt,Norm,Norm,TwnhsE,1Story,7,5,2005,2005,Gable,CompShg,VinylSd,VinylSd,Stone,240.0,Gd,TA,PConc,Gd,TA,Av,GLQ,Unf,1364,GasA,Ex,Y,SBrkr,1364,1,0,2,0,2,1,Gd,Typ,1,Gd,Attchd,2005.0,RFn,2,TA,TA,Y,192,36,0,0,0,0,None,None,None,0,6,2006,WD,Normal,185850
1058,60,RL,91.0,29959,Pave,None,IR2,Lvl,AllPub,FR2,Gtl,NoRidge,Norm,Norm,1Fam,2Story,7,6,1994,1994,Gable,CompShg,HdBoard,HdBoard,None,0.0,Gd,TA,PConc,Gd,TA,No,GLQ,Unf,973,GasA,Ex,Y,SBrkr,1850,0,0,2,1,3,1,Gd,Typ,1,Gd,BuiltIn,1994.0,Fin,2,TA,TA,Y,168,98,0,0,0,0,None,None,None,0,1,2009,WD,Normal,248000
1059,60,RL,96.0,11308,Pave,None,IR1,Lvl,AllPub,Inside,Gtl,NridgHt,Norm,Norm,1Fam,2Story,9,5,2008,2008,Gable,CompShg,VinylSd,VinylSd,Stone,154.0,Ex,TA,PConc,Ex,TA,Av,GLQ,Unf,1104,GasA,Ex,Y,SBrkr,2184,1,0,2,1,3,1,Ex,Typ,1,Gd,Attchd,2008.0,Fin,3,TA,TA,Y,0,102,0,0,0,0,None,None,None,0,7,2009,WD,Normal,335000
1060,50,RL,74.0,11275,Pave,None,IR1,HLS,AllPub,Corner,Mod,Crawfor,Norm,Norm,1Fam,1.5Fin,6,7,1932,1950,Gable,CompShg,MetalSd,MetalSd,BrkFace,480.0,TA,TA,CBlock,TA,TA,Mn,Rec,LwQ,854,GasA,TA,Y,SBrkr,1991,0,0,1,1,3,1,TA,Typ,1,Gd,Detchd,1977.0,Unf,2,TA,Fa,Y,0,0,19,0,0,0,None,None,None,0,3,2007,WD,Normal,220000
1061,120,RL,41.0,4920,Pave,None,Reg,Lvl,AllPub,Inside,Gtl,StoneBr,Norm,Norm,TwnhsE,1Story,8,5,2001,2001,Gable,CompShg,CemntBd,CmentBd,None,0.0,Gd,TA,PConc,Gd,TA,Mn,GLQ,Unf,1338,GasA,Ex,Y,SBrkr,1338,1,0,2,0,2,1,Gd,Typ,0,None,Attchd,2001.0,Fin,2,TA,TA,Y,0,0,170,0,0,0,None,None,None,0,4,2010,WD,Normal,213500
1062,30,C (all),120.0,18000,Grvl,None,Reg,Low,AllPub,Inside,Gtl,IDOTRR,Norm,Norm,1Fam,1Story,3,4,1935,1950,Gable,CompShg,MetalSd,MetalSd,None,0.0,Fa,TA,CBlock,TA,TA,No,Unf,Unf,894,GasA,TA,Y,SBrkr,894,0,0,1,0,2,1,TA,Typ,0,None,Detchd,1994.0,RFn,3,TA,TA,Y,0,20,0,0,0,0,None,None,Shed,560,8,2008,ConLD,Normal,81000
1063,190,RM,85.0,13600,Pave,Grvl,Reg,Lvl,AllPub,Inside,Gtl,OldTown,Norm,Norm,2fmCon,2Story,5,5,1900,1950,Gable,CompShg,Wd Sdng,Wd Sdng,None,0.0,TA,TA,BrkTil,TA,TA,No,Unf,Unf,662,GasA,TA,N,SBrkr,2337,0,0,2,0,5,2,TA,Min2,0,None,Detchd,1945.0,Unf,2,TA,TA,Y,0,57,0,0,0,0,None,None,None,0,9,2007,WD,Normal,90000
1064,30,RM,50.0,6000,Pave,None,Reg,Lvl,AllPub,Inside,Gtl,OldTown,Artery,Norm,1Fam,1Story,6,6,1925,1980,Gable,CompShg,MetalSd,MetalSd,None,0.0,TA,Gd,BrkTil,TA,TA,No,BLQ,Unf,1103,GasA,Gd,Y,SBrkr,1103,0,0,1,0,2,1,Gd,Typ,1,Gd,Detchd,1976.0,Unf,2,TA,TA,Y,166,120,0,0,0,0,None,MnPrv,None,0,7,2006,WD,Normal,110500
1065,20,RL,73.0,11000,Pave,None,IR1,Lvl,AllPub,CulDSac,Gtl,NAmes,Norm,Norm,1Fam,1Story,5,6,1966,1966,Gable,CompShg,Plywood,Plywood,BrkFace,200.0,TA,TA,CBlock,TA,TA,Mn,BLQ,Rec,1154,GasA,Ex,Y,SBrkr,1154,0,0,1,1,3,1,TA,Typ,1,Po,Attchd,1966.0,RFn,2,TA,TA,Y,0,58,0,0,0,0,None,MnPrv,None,0,11,2009,WD,Normal,154000
1066,60,RL,80.0,14000,Pave,None,Reg,Lvl,AllPub,Inside,Mod,ClearCr,Norm,Norm,1Fam,2Story,7,5,1996,1997,Gable,CompShg,Wd Sdng,Wd Sdng,None,0.0,Gd,TA,PConc,Ex,TA,Gd,GLQ,Unf,1306,GasA,Ex,Y,SBrkr,2260,1,0,2,1,3,1,Gd,Typ,0,None,Attchd,1996.0,RFn,2,TA,TA,Y,296,44,0,0,0,0,None,None,None,0,4,2010,WD,Normal,328000
1067,60,RL,59.0,7837,Pave,None,IR1,Lvl,AllPub,Inside,Gtl,Gilbert,Norm,Norm,1Fam,2Story,6,7,1993,1994,Gable,CompShg,VinylSd,VinylSd,None,0.0,Gd,TA,PConc,Gd,TA,No,Unf,Unf,799,GasA,Gd,Y,SBrkr,1571,0,0,2,1,3,1,TA,Typ,1,TA,Attchd,1993.0,RFn,2,TA,TA,Y,0,40,0,0,0,0,None,None,None,0,5,2009,WD,Normal,178000
1068,60,RL,80.0,9760,Pave,None,Reg,Lvl,AllPub,Inside,Mod,NAmes,Norm,Norm,1Fam,2Story,6,6,1964,1964,Gable,CompShg,HdBoard,HdBoard,BrkFace,360.0,TA,TA,CBlock,TA,TA,Gd,GLQ,LwQ,780,GasA,TA,Y,SBrkr,1611,1,0,1,1,4,1,TA,Typ,0,None,Attchd,1964.0,RFn,2,TA,TA,Y,328,128,0,0,189,0,None,None,None,0,6,2008,WD,Normal,167900
1069,160,RM,42.0,3964,Pave,None,Reg,Lvl,AllPub,Inside,Gtl,MeadowV,Norm,Norm,TwnhsE,2Story,6,4,1973,1973,Gable,CompShg,CemntBd,CmentBd,None,0.0,TA,TA,CBlock,Gd,TA,No,ALQ,Unf,942,GasA,Gd,Y,SBrkr,2521,1,0,2,1,5,1,TA,Maj1,1,Gd,Attchd,1973.0,Fin,2,TA,TA,Y,728,20,0,0,0,0,None,GdPrv,None,0,6,2006,WD,Normal,151400
1070,45,RL,60.0,9600,Pave,None,Reg,Lvl,AllPub,Inside,Gtl,NAmes,Norm,Norm,1Fam,1.5Unf,5,7,1949,2003,Gable,CompShg,MetalSd,MetalSd,None,0.0,TA,TA,CBlock,TA,TA,No,ALQ,Unf,845,GasA,TA,Y,SBrkr,893,0,1,1,0,2,1,Gd,Typ,0,None,Detchd,1985.0,Unf,2,TA,TA,Y,0,0,0,0,0,0,None,None,None,0,5,2007,WD,Normal,135000
1071,20,RL,72.0,10152,Pave,None,Reg,Lvl,AllPub,Inside,Gtl,NAmes,Norm,Norm,1Fam,1Story,5,5,1956,1956,Hip,CompShg,MetalSd,MetalSd,BrkFace,120.0,TA,TA,CBlock,TA,TA,No,BLQ,Unf,1048,GasA,TA,Y,SBrkr,1048,1,0,1,0,3,1,TA,Typ,0,None,Attchd,1956.0,Unf,1,TA,TA,Y,0,20,0,0,192,0,None,None,None,0,6,2007,WD,Normal,135000
1072,60,RL,78.0,11700,Pave,None,Reg,Lvl,AllPub,Inside,Gtl,NWAmes,RRAn,Norm,1Fam,2Story,6,6,1968,1968,Gable,CompShg,MetalSd,MetalSd,None,0.0,TA,TA,CBlock,TA,TA,No,Rec,Unf,727,GasA,Ex,Y,SBrkr,1556,0,0,1,1,4,1,TA,Typ,0,None,Attchd,1968.0,Unf,2,TA,TA,Y,0,0,0,0,0,0,None,None,None,0,5,2009,WD,Normal,154000
1073,50,RL,50.0,7585,Pave,None,Reg,Lvl,AllPub,Inside,Gtl,Edwards,Artery,Norm,1Fam,1.5Fin,5,3,1948,1950,Gable,CompShg,MetalSd,MetalSd,None,0.0,TA,TA,CBlock,Fa,Fa,Mn,Unf,Unf,810,GasA,Fa,Y,FuseA,1456,1,1,1,0,4,1,TA,Typ,1,TA,Detchd,1954.0,Unf,1,TA,TA,P,0,0,0,0,0,0,None,None,None,0,8,2006,WD,Normal,91500
1074,60,RL,75.0,7950,Pave,None,IR1,Bnk,AllPub,Corner,Gtl,Edwards,Norm,Norm,1Fam,2Story,6,6,1977,1977,Hip,CompShg,HdBoard,Plywood,BrkFace,140.0,TA,TA,CBlock,TA,TA,No,BLQ,Unf,690,GasA,TA,Y,SBrkr,1426,0,0,1,1,3,1,TA,Typ,0,None,Attchd,1977.0,Fin,2,TA,TA,Y,252,0,0,0,0,0,None,MnPrv,None,0,7,2009,WD,Normal,159500
1075,20,RL,74.0,8556,Pave,None,Reg,Lvl,AllPub,Inside,Gtl,CollgCr,Norm,Norm,1Fam,1Story,7,5,2006,2006,Gable,CompShg,VinylSd,VinylSd,None,0.0,Gd,TA,PConc,Gd,TA,Av,Unf,Unf,1240,GasA,Ex,Y,SBrkr,1240,0,0,2,0,2,1,Gd,Typ,0,None,Attchd,2006.0,RFn,3,TA,TA,Y,140,93,0,0,0,0,None,None,None,0,5,2007,WD,Normal,194000
1076,70,RL,75.0,13125,Pave,None,Reg,Lvl,AllPub,Inside,Gtl,Crawfor,Norm,Norm,1Fam,2Story,7,6,1940,1984,Gable,CompShg,Wd Sdng,Wd Sdng,None,0.0,TA,TA,CBlock,TA,TA,No,BLQ,Unf,800,GasA,TA,Y,SBrkr,1740,0,0,1,1,3,1,TA,Typ,2,Gd,Attchd,1940.0,Unf,1,TA,TA,Y,0,0,0,0,0,0,None,None,None,0,7,2007,CWD,Normal,219500
1077,50,RL,60.0,10800,Pave,Grvl,Reg,Lvl,AllPub,Inside,Gtl,OldTown,Norm,Norm,1Fam,1.5Fin,5,8,1936,1989,Gable,CompShg,Wd Sdng,Wd Sdng,None,0.0,TA,TA,CBlock,Fa,TA,No,ALQ,Unf,796,GasA,Gd,Y,SBrkr,1466,0,1,2,0,3,1,Gd,Min1,1,TA,Attchd,1950.0,Unf,2,TA,TA,Y,436,21,0,0,0,0,None,None,Shed,500,4,2006,WD,Normal,170000
1078,20,RL,73.0,15870,Pave,None,IR1,Lvl,AllPub,Corner,Gtl,NAmes,Norm,Norm,1Fam,1Story,5,5,1969,1969,Gable,CompShg,VinylSd,Plywood,None,0.0,TA,TA,CBlock,TA,TA,Mn,BLQ,Rec,1096,GasA,Ex,Y,SBrkr,1096,1,0,1,0,3,1,TA,Typ,0,None,Attchd,1969.0,Fin,1,TA,TA,Y,240,32,0,0,0,0,None,None,None,0,3,2006,WD,Abnorml,138800
1079,120,RM,37.0,4435,Pave,None,Reg,Lvl,AllPub,Inside,Gtl,CollgCr,Norm,Norm,TwnhsE,1Story,6,5,2004,2004,Gable,CompShg,VinylSd,VinylSd,BrkFace,169.0,Gd,TA,PConc,Gd,TA,Mn,GLQ,Unf,848,GasA,Ex,Y,SBrkr,848,1,0,1,0,1,1,Gd,Typ,1,Gd,Attchd,2004.0,RFn,2,TA,TA,Y,140,0,0,0,0,0,None,None,None,0,5,2006,WD,Normal,155900
1080,20,RL,65.0,8775,Pave,None,Reg,Lvl,AllPub,Inside,Gtl,CollgCr,Norm,Norm,1Fam,1Story,5,5,1994,1994,Gable,CompShg,VinylSd,VinylSd,None,0.0,TA,TA,PConc,Gd,TA,No,GLQ,Unf,990,GasA,Gd,Y,SBrkr,990,0,0,1,0,3,1,TA,Typ,0,None,Attchd,1996.0,Unf,1,TA,TA,Y,0,64,0,0,0,0,None,None,None,0,4,2007,WD,Normal,126000
1081,20,RL,80.0,11040,Pave,None,Reg,Lvl,AllPub,Inside,Gtl,NWAmes,Norm,Norm,1Fam,1Story,6,7,1971,2004,Gable,CompShg,VinylSd,VinylSd,BrkFace,144.0,Gd,Gd,CBlock,TA,TA,No,ALQ,Unf,1258,GasA,Ex,Y,SBrkr,1258,0,1,2,0,3,1,Gd,Typ,0,None,Attchd,1971.0,RFn,2,TA,TA,Y,55,0,0,216,0,0,None,None,None,0,10,2008,COD,Abnorml,145000
1082,20,RL,75.0,7500,Pave,None,Reg,Lvl,AllPub,Corner,Gtl,Sawyer,Feedr,Norm,1Fam,1Story,5,5,1963,1963,Gable,CompShg,HdBoard,HdBoard,None,0.0,TA,TA,CBlock,TA,TA,No,ALQ,Unf,1040,GasA,Fa,Y,SBrkr,1040,1,0,1,1,3,1,TA,Typ,0,None,Attchd,1963.0,Fin,1,TA,TA,Y,0,0,220,0,0,0,None,MnPrv,None,0,6,2010,WD,Normal,133000
1083,20,RL,70.0,8749,Pave,None,Reg,Lvl,AllPub,Inside,Gtl,CollgCr,Norm,Norm,1Fam,1Story,7,5,2002,2002,Gable,CompShg,VinylSd,VinylSd,BrkFace,100.0,Gd,TA,PConc,Gd,TA,No,Unf,Unf,1459,GasA,Ex,Y,SBrkr,1459,0,0,2,0,3,1,Gd,Typ,1,Gd,Attchd,2002.0,RFn,2,TA,TA,Y,192,39,0,0,0,0,None,None,None,0,9,2007,WD,Normal,192000
1084,20,RL,80.0,8800,Pave,None,Reg,Lvl,AllPub,Inside,Gtl,NAmes,Norm,Norm,1Fam,1Story,6,6,1964,1964,Hip,CompShg,HdBoard,HdBoard,BrkFace,425.0,TA,TA,CBlock,TA,TA,No,BLQ,Unf,1251,GasA,TA,Y,SBrkr,1251,1,0,1,0,3,1,TA,Typ,2,Gd,Attchd,1964.0,RFn,1,TA,TA,Y,0,116,0,0,0,0,None,MnPrv,Shed,700,3,2006,WD,Normal,160000
1085,60,RL,65.0,13031,Pave,None,IR2,Lvl,AllPub,Corner,Gtl,Gilbert,Norm,Norm,1Fam,2Story,6,5,1995,1996,Gable,CompShg,HdBoard,HdBoard,None,0.0,TA,TA,PConc,Gd,TA,No,ALQ,Unf,691,GasA,Gd,Y,SBrkr,1498,0,0,2,1,3,1,TA,Typ,1,TA,Attchd,1995.0,Fin,2,TA,TA,Y,315,44,0,0,0,0,None,None,None,0,7,2006,WD,Normal,187500
1086,85,RL,73.0,9069,Pave,None,Reg,Lvl,AllPub,Inside,Gtl,SawyerW,Norm,Norm,1Fam,SFoyer,6,6,1992,1992,Gable,CompShg,HdBoard,HdBoard,None,0.0,TA,TA,PConc,Gd,TA,Av,GLQ,Unf,936,GasA,Ex,Y,SBrkr,996,1,0,1,0,2,1,Gd,Typ,0,None,Attchd,1992.0,Unf,2,TA,TA,Y,120,0,0,0,0,0,None,None,None,0,4,2010,WD,Normal,147000
1087,160,RM,21.0,1974,Pave,None,Reg,Lvl,AllPub,Inside,Gtl,MeadowV,Norm,Norm,TwnhsE,2Story,4,5,1973,1973,Gable,CompShg,CemntBd,CmentBd,None,0.0,TA,TA,CBlock,TA,TA,No,BLQ,Unf,546,GasA,TA,Y,SBrkr,1092,0,0,1,1,3,1,TA,Typ,0,None,Attchd,1973.0,RFn,1,TA,TA,Y,120,96,0,0,0,0,None,None,None,0,5,2010,WD,Normal,83500
1088,60,FV,85.0,10574,Pave,None,Reg,Lvl,AllPub,Inside,Gtl,Somerst,Norm,Norm,1Fam,2Story,8,5,2005,2006,Gable,CompShg,VinylSd,VinylSd,None,0.0,Gd,TA,PConc,Gd,TA,Mn,Unf,Unf,1082,GasA,Ex,Y,SBrkr,1953,0,0,2,1,3,1,Gd,Typ,1,Gd,Attchd,2005.0,RFn,3,TA,TA,Y,160,50,0,0,0,0,None,None,None,0,5,2009,WD,Normal,252000
1089,160,RM,24.0,2522,Pave,None,Reg,Lvl,AllPub,Inside,Gtl,Edwards,Norm,Norm,Twnhs,2Story,7,5,2004,2004,Gable,CompShg,VinylSd,VinylSd,Stone,50.0,Gd,TA,PConc,Gd,TA,No,Unf,Unf,970,GasA,Ex,Y,SBrkr,1709,0,0,2,0,3,1,Gd,Maj1,0,None,Detchd,2004.0,Unf,2,TA,TA,Y,0,40,0,0,0,0,None,None,None,0,4,2006,WD,Normal,137500
1090,120,FV,37.0,3316,Pave,Pave,IR1,Lvl,AllPub,Inside,Gtl,Somerst,Norm,Norm,TwnhsE,1Story,8,5,2005,2005,Gable,CompShg,MetalSd,MetalSd,None,0.0,Gd,TA,PConc,Gd,TA,No,GLQ,Unf,1247,GasA,Ex,Y,SBrkr,1247,1,0,1,1,1,1,Gd,Typ,1,Gd,Attchd,2005.0,Fin,2,TA,TA,Y,0,84,0,0,0,0,None,None,None,0,4,2006,WD,Normal,197000
1091,90,RL,60.0,8544,Pave,None,Reg,Lvl,AllPub,Corner,Gtl,NAmes,Norm,Norm,Duplex,1Story,3,4,1950,1950,Gable,CompShg,BrkFace,BrkFace,None,0.0,TA,TA,Slab,None,None,None,None,None,0,Wall,Fa,N,FuseA,1040,0,0,2,0,2,2,TA,Typ,0,None,Detchd,1987.0,Unf,2,TA,TA,Y,0,0,0,0,0,0,None,None,None,0,6,2009,WD,Normal,92900
1092,160,FV,24.0,2160,Pave,Pave,Reg,Lvl,AllPub,Inside,Gtl,Somerst,Norm,Norm,Twnhs,2Story,7,5,1999,2000,Gable,CompShg,MetalSd,MetalSd,BrkFace,212.0,Gd,TA,PConc,Gd,TA,No,BLQ,Unf,600,GasA,Ex,Y,SBrkr,1252,1,0,2,1,2,1,Gd,Typ,0,None,Detchd,1999.0,Unf,2,TA,TA,Y,0,48,0,0,0,0,None,None,None,0,3,2008,WD,Normal,160000
1093,50,RL,60.0,8400,Pave,None,Reg,Bnk,AllPub,Inside,Gtl,SWISU,Norm,Norm,1Fam,1.5Fin,6,5,1925,1950,Gable,CompShg,MetalSd,MetalSd,None,0.0,TA,TA,PConc,TA,TA,No,Rec,Unf,1181,GasA,Fa,Y,SBrkr,1694,0,0,2,0,4,1,TA,Typ,1,Gd,Detchd,1925.0,Unf,2,TA,TA,Y,342,0,128,0,0,0,None,None,None,0,6,2008,WD,Normal,136500
1094,20,RL,71.0,9230,Pave,None,Reg,Lvl,AllPub,Corner,Gtl,NAmes,Feedr,Norm,1Fam,1Story,5,8,1965,1998,Hip,CompShg,MetalSd,MetalSd,BrkFace,166.0,TA,TA,CBlock,TA,TA,Mn,GLQ,Unf,864,GasA,Gd,Y,SBrkr,1200,1,0,1,1,1,1,Gd,Typ,0,None,Detchd,1977.0,Unf,2,TA,TA,Y,0,64,0,0,0,0,None,MnPrv,None,0,10,2006,WD,Normal,146000
1095,20,RL,74.0,5868,Pave,None,Reg,Lvl,AllPub,Inside,Gtl,NAmes,Norm,Norm,1Fam,1Story,5,7,1956,2000,Gable,CompShg,MetalSd,MetalSd,None,0.0,TA,TA,CBlock,TA,TA,No,BLQ,Rec,936,GasA,Ex,Y,SBrkr,936,1,0,1,0,2,1,TA,Typ,0,None,Attchd,1956.0,Fin,1,TA,TA,Y,0,0,80,0,160,0,None,None,None,0,5,2010,WD,Normal,129000
1096,20,RL,78.0,9317,Pave,None,IR1,Lvl,AllPub,Inside,Gtl,CollgCr,Norm,Norm,1Fam,1Story,6,5,2006,2006,Gable,CompShg,VinylSd,VinylSd,None,0.0,Gd,TA,PConc,Gd,TA,No,GLQ,Unf,1314,GasA,Gd,Y,SBrkr,1314,0,0,2,0,3,1,Gd,Typ,1,Gd,Attchd,2006.0,RFn,2,TA,TA,Y,0,22,0,0,0,0,None,None,None,0,3,2007,WD,Normal,176432
1097,70,RM,60.0,6882,Pave,None,Reg,Lvl,AllPub,Inside,Gtl,IDOTRR,Norm,Norm,1Fam,2Story,6,7,1914,2006,Gable,CompShg,Wd Sdng,Wd Sdng,None,0.0,TA,TA,PConc,TA,TA,No,Unf,Unf,684,GasA,TA,Y,SBrkr,1355,0,0,1,1,3,1,Gd,Typ,0,None,None,0.0,None,0,None,None,Y,136,0,115,0,0,0,None,None,None,0,3,2007,WD,Normal,127000
1098,120,RL,61.5,3696,Pave,None,Reg,Lvl,AllPub,Inside,Gtl,StoneBr,Norm,Norm,TwnhsE,1Story,8,5,1986,1986,Gable,CompShg,HdBoard,HdBoard,None,0.0,Gd,TA,CBlock,Gd,TA,No,Unf,Unf,1074,GasA,Ex,Y,SBrkr,1088,0,0,1,1,2,1,Gd,Typ,0,None,Attchd,1987.0,RFn,2,TA,TA,Y,0,74,137,0,0,0,None,None,None,0,10,2007,WD,Normal,170000
1099,50,RM,50.0,6000,Pave,None,Reg,Lvl,AllPub,Inside,Gtl,BrkSide,Norm,Norm,1Fam,1.5Fin,4,6,1936,1950,Gable,CompShg,MetalSd,MetalSd,None,0.0,TA,TA,BrkTil,TA,TA,No,BLQ,Unf,672,GasA,TA,Y,SBrkr,1324,0,0,1,0,3,1,TA,Typ,0,None,Detchd,1936.0,Unf,1,TA,TA,Y,0,0,0,0,0,0,None,None,None,0,7,2009,WD,Normal,128000
1100,20,RL,82.0,11880,Pave,None,IR1,Lvl,AllPub,Inside,Gtl,NWAmes,RRAn,Norm,1Fam,1Story,7,5,1978,1978,Gable,CompShg,Plywood,Plywood,BrkFace,206.0,TA,TA,CBlock,Gd,TA,No,ALQ,Unf,1271,GasA,TA,Y,SBrkr,1601,0,0,2,0,3,1,TA,Typ,1,TA,Attchd,1978.0,RFn,2,TA,TA,Y,0,0,0,0,0,0,None,None,None,0,4,2009,COD,Abnorml,157000
1101,30,RL,60.0,8400,Pave,None,Reg,Bnk,AllPub,Inside,Gtl,SWISU,Norm,Norm,1Fam,1Story,2,5,1920,1950,Gable,CompShg,Wd Sdng,Wd Sdng,None,0.0,TA,TA,CBlock,TA,Fa,No,Rec,Unf,290,GasA,TA,N,FuseF,438,0,0,1,0,1,1,Fa,Typ,0,None,Detchd,1930.0,Unf,1,TA,TA,N,0,0,0,0,0,0,None,None,None,0,1,2009,WD,Normal,60000
1102,20,RL,61.0,9758,Pave,None,IR1,Lvl,AllPub,Inside,Gtl,NAmes,Norm,Norm,1Fam,1Story,5,5,1971,1971,Gable,CompShg,HdBoard,MetalSd,None,0.0,TA,TA,CBlock,TA,TA,No,BLQ,LwQ,950,GasA,TA,Y,SBrkr,950,0,0,1,0,3,1,TA,Typ,0,None,Detchd,1981.0,Unf,1,TA,TA,Y,0,0,0,0,0,0,None,None,None,0,7,2007,WD,Normal,119500
1103,20,RL,70.0,7000,Pave,None,Reg,Lvl,AllPub,Inside,Gtl,NAmes,Norm,Norm,1Fam,1Story,5,7,1960,2002,Gable,CompShg,Wd Sdng,Wd Sdng,BrkFace,45.0,TA,TA,CBlock,TA,TA,No,Rec,Unf,1010,GasA,Ex,Y,SBrkr,1134,0,0,1,0,2,1,TA,Typ,0,None,Attchd,1960.0,RFn,1,TA,TA,Y,0,16,0,0,0,0,None,MnWw,None,0,4,2007,WD,Family,135000
1104,20,RL,79.0,8910,Pave,None,Reg,Lvl,AllPub,Corner,Gtl,NAmes,Norm,Norm,1Fam,1Story,6,6,1959,1959,Hip,CompShg,BrkFace,BrkFace,None,0.0,TA,TA,CBlock,TA,TA,Mn,ALQ,Unf,655,GasA,Ex,Y,SBrkr,1194,0,1,1,0,3,1,TA,Typ,1,Fa,BuiltIn,1954.0,Fin,2,TA,TA,Y,0,0,192,0,0,0,None,None,None,0,7,2006,WD,Normal,159500
1105,160,RM,24.0,2016,Pave,None,Reg,Lvl,AllPub,Inside,Gtl,BrDale,Norm,Norm,TwnhsE,2Story,5,5,1970,1970,Gable,CompShg,HdBoard,HdBoard,BrkFace,304.0,TA,TA,CBlock,TA,TA,No,Unf,Unf,630,GasA,TA,Y,SBrkr,1302,0,0,2,1,3,1,TA,Typ,0,None,Detchd,1970.0,Unf,2,TA,TA,Y,0,0,0,0,0,0,None,None,None,0,4,2007,WD,Normal,106000
1106,60,RL,98.0,12256,Pave,None,IR1,Lvl,AllPub,Corner,Gtl,NoRidge,Norm,Norm,1Fam,2Story,8,5,1994,1995,Gable,CompShg,HdBoard,HdBoard,BrkFace,362.0,Gd,TA,PConc,Ex,TA,Av,GLQ,Unf,1463,GasA,Ex,Y,SBrkr,2622,1,0,2,1,3,1,Gd,Typ,2,TA,Attchd,1994.0,RFn,2,TA,TA,Y,186,32,0,0,0,0,None,None,None,0,4,2010,WD,Normal,325000
1107,20,RL,114.0,10357,Pave,None,IR1,Lvl,AllPub,Corner,Gtl,SawyerW,Feedr,Norm,1Fam,1Story,7,5,1990,1991,Hip,CompShg,HdBoard,HdBoard,None,0.0,Gd,TA,PConc,Gd,TA,Mn,GLQ,Unf,910,GasA,Gd,Y,SBrkr,1442,1,0,2,0,3,1,Gd,Typ,1,TA,Attchd,1990.0,Fin,2,TA,TA,Y,0,244,0,0,0,0,None,None,None,0,5,2007,WD,Normal,179900
1108,60,RL,168.0,23257,Pave,None,IR3,HLS,AllPub,CulDSac,Gtl,Gilbert,Norm,Norm,1Fam,2Story,7,5,2006,2006,Gable,CompShg,VinylSd,VinylSd,None,0.0,Gd,TA,PConc,Ex,Gd,No,Unf,Unf,868,GasA,Ex,Y,SBrkr,2021,0,0,2,1,3,1,Gd,Typ,1,Gd,BuiltIn,2006.0,RFn,2,TA,TA,Y,0,100,0,0,0,0,None,None,None,0,9,2006,New,Partial,274725
1109,60,RL,65.0,8063,Pave,None,Reg,Lvl,AllPub,Inside,Gtl,Gilbert,Norm,Norm,1Fam,2Story,6,5,2000,2000,Gable,CompShg,VinylSd,VinylSd,None,0.0,TA,TA,PConc,Gd,TA,No,Unf,Unf,924,GasA,Ex,Y,SBrkr,1690,0,0,2,1,3,1,TA,Typ,1,TA,Attchd,2000.0,RFn,2,TA,TA,Y,100,48,0,0,0,0,None,None,None,0,11,2007,WD,Abnorml,181000
1110,20,RL,107.0,11362,Pave,None,IR1,Lvl,AllPub,Inside,Gtl,NridgHt,Norm,Norm,1Fam,1Story,8,5,2004,2005,Gable,CompShg,MetalSd,MetalSd,Stone,42.0,Gd,TA,PConc,Ex,TA,Mn,GLQ,Unf,1836,GasA,Ex,Y,SBrkr,1836,1,0,2,0,3,1,Gd,Typ,1,Gd,Attchd,2004.0,Fin,3,TA,TA,Y,125,185,0,0,0,0,None,None,None,0,3,2009,WD,Normal,280000
1111,60,RL,65.0,8000,Pave,None,Reg,Lvl,AllPub,Inside,Gtl,Gilbert,Norm,Norm,1Fam,2Story,6,5,1995,1996,Gable,CompShg,HdBoard,HdBoard,None,0.0,TA,TA,PConc,Gd,TA,No,GLQ,Unf,773,GasA,Gd,Y,SBrkr,1658,1,0,2,1,3,1,TA,Typ,1,TA,Attchd,1995.0,Fin,2,TA,TA,Y,224,84,0,0,0,0,None,None,None,0,6,2008,WD,Normal,188000
1112,60,RL,80.0,10480,Pave,None,Reg,Lvl,AllPub,Inside,Gtl,NWAmes,Norm,Norm,1Fam,2Story,7,6,1976,1976,Hip,CompShg,Plywood,Plywood,BrkFace,660.0,TA,TA,CBlock,TA,TA,No,ALQ,Unf,803,GasA,TA,Y,SBrkr,1964,0,0,2,1,4,1,TA,Typ,1,Gd,Attchd,1976.0,RFn,2,TA,TA,Y,0,69,0,0,0,0,None,None,None,0,9,2008,WD,Normal,205000
1113,20,RL,73.0,7100,Pave,None,IR1,Lvl,AllPub,Corner,Gtl,NAmes,Norm,Norm,1Fam,1Story,5,7,1957,1957,Gable,CompShg,WdShing,Wd Shng,None,0.0,TA,TA,CBlock,TA,TA,No,GLQ,Unf,816,GasA,TA,Y,FuseA,816,1,0,1,0,2,1,TA,Typ,0,None,Detchd,1957.0,Unf,1,TA,TA,Y,0,0,0,0,0,0,None,None,None,0,7,2006,WD,Normal,129900
1114,20,RL,66.0,8923,Pave,None,Reg,Lvl,AllPub,Inside,Gtl,NAmes,Norm,Norm,1Fam,1Story,5,7,1953,2006,Gable,CompShg,Wd Sdng,Wd Sdng,None,0.0,TA,TA,CBlock,TA,TA,No,BLQ,Unf,1008,GasA,Gd,Y,SBrkr,1008,1,0,1,0,2,1,Gd,Typ,0,None,Attchd,1953.0,Unf,1,TA,TA,Y,0,18,0,0,0,0,None,None,None,0,5,2007,WD,Normal,134500
1115,20,RL,90.0,5400,Pave,None,Reg,Lvl,AllPub,Inside,Gtl,OldTown,Norm,Norm,1Fam,1Story,5,7,1954,2000,Gable,CompShg,MetalSd,MetalSd,None,0.0,TA,Gd,CBlock,TA,TA,No,Rec,Unf,833,GasA,Ex,Y,SBrkr,833,0,0,1,0,2,1,Gd,Typ,0,None,Detchd,1955.0,Unf,1,TA,TA,Y,0,0,0,0,0,0,None,MnPrv,None,0,8,2006,WD,Normal,117000
1116,20,RL,93.0,12085,Pave,None,Reg,Lvl,AllPub,Inside,Gtl,NridgHt,Norm,Norm,1Fam,1Story,8,5,2007,2007,Hip,CompShg,VinylSd,VinylSd,Stone,328.0,Gd,TA,PConc,Ex,TA,No,GLQ,Unf,1734,GasA,Ex,Y,SBrkr,1734,1,0,2,0,3,1,Ex,Typ,1,Gd,Attchd,2007.0,RFn,3,TA,TA,Y,0,0,0,0,0,0,None,None,None,0,11,2007,New,Partial,318000
1117,80,RL,65.0,7750,Pave,None,Reg,Lvl,AllPub,Inside,Gtl,Gilbert,Norm,Norm,1Fam,SLvl,8,5,2002,2002,Hip,CompShg,VinylSd,VinylSd,None,0.0,Gd,TA,PConc,Gd,TA,No,GLQ,Unf,408,GasA,Ex,Y,SBrkr,1419,1,0,2,1,3,1,Gd,Typ,1,TA,BuiltIn,2002.0,Fin,2,TA,TA,Y,120,0,0,0,0,0,None,None,None,0,3,2009,WD,Normal,184100
1118,20,RL,57.0,9764,Pave,None,IR1,Lvl,AllPub,FR2,Gtl,Sawyer,Feedr,Norm,1Fam,1Story,5,7,1967,2003,Gable,CompShg,VinylSd,VinylSd,None,0.0,TA,TA,CBlock,TA,TA,No,BLQ,Unf,894,GasA,Ex,Y,SBrkr,894,1,0,1,0,3,1,Gd,Typ,0,None,Attchd,1967.0,RFn,2,TA,TA,Y,0,0,0,0,0,0,None,None,None,0,5,2008,WD,Normal,130000
1119,80,RL,85.0,13825,Pave,None,Reg,Lvl,AllPub,Inside,Gtl,Sawyer,Norm,Norm,1Fam,SLvl,5,6,1958,1987,Gable,CompShg,MetalSd,MetalSd,None,0.0,TA,Gd,CBlock,TA,TA,No,Unf,Unf,533,GasA,TA,Y,SBrkr,1601,0,1,1,0,3,1,TA,Min2,0,None,BuiltIn,1958.0,RFn,1,TA,TA,Y,280,34,0,0,0,0,None,None,None,0,12,2008,WD,Normal,140000
1120,20,RL,70.0,7560,Pave,None,Reg,Lvl,AllPub,Inside,Gtl,NAmes,Norm,Norm,1Fam,1Story,5,5,1959,1959,Gable,CompShg,BrkFace,Wd Sdng,None,0.0,TA,TA,CBlock,TA,TA,No,LwQ,Unf,1040,GasA,TA,Y,FuseA,1040,0,0,1,0,3,1,TA,Typ,0,None,Attchd,1959.0,RFn,1,TA,TA,Y,140,0,252,0,0,0,None,GdWo,None,0,7,2006,WD,Normal,133700
1121,30,RM,59.0,8263,Pave,None,Reg,Bnk,AllPub,Inside,Mod,IDOTRR,Norm,Norm,1Fam,1Story,6,5,1920,1950,Gable,CompShg,BrkFace,BrkFace,None,0.0,TA,TA,BrkTil,TA,TA,No,Unf,Unf,1012,GasA,TA,Y,FuseA,1012,0,0,1,0,2,1,TA,Typ,1,Gd,Detchd,1920.0,Unf,1,TA,TA,Y,0,22,112,0,0,0,None,MnPrv,None,0,5,2007,WD,Normal,118400
1122,20,RL,84.0,10084,Pave,None,Reg,Lvl,AllPub,Inside,Gtl,CollgCr,Norm,Norm,1Fam,1Story,7,5,2005,2006,Gable,CompShg,VinylSd,VinylSd,BrkFace,196.0,Gd,TA,PConc,Gd,TA,Av,GLQ,Unf,1552,GasA,Ex,Y,SBrkr,1552,0,0,2,0,3,1,Gd,Typ,0,None,Attchd,2005.0,RFn,3,TA,TA,Y,144,20,0,0,0,0,None,None,None,0,7,2006,New,Partial,212900
1123,20,RL,65.5,8926,Pave,None,IR1,Lvl,AllPub,Corner,Gtl,Edwards,Norm,Norm,1Fam,1Story,4,3,1956,1956,Gable,CompShg,AsbShng,AsbShng,None,0.0,TA,TA,CBlock,TA,TA,No,Unf,Unf,672,GasA,Ex,Y,FuseA,960,0,0,1,0,3,1,TA,Typ,0,None,Basment,1956.0,Unf,1,TA,TA,Y,64,0,0,0,160,0,None,MnPrv,None,0,10,2009,COD,Abnorml,112000
1124,20,RL,50.0,9405,Pave,None,Reg,Lvl,AllPub,Inside,Gtl,Edwards,Norm,Norm,1Fam,1Story,5,9,1947,2008,Hip,CompShg,VinylSd,VinylSd,None,0.0,TA,Ex,CBlock,TA,TA,No,Unf,Unf,698,GasA,Ex,Y,SBrkr,698,0,1,1,0,2,1,TA,Typ,0,None,None,0.0,None,0,None,None,Y,0,200,0,0,0,0,None,None,None,0,6,2009,WD,Normal,118000
1125,80,RL,65.0,9125,Pave,None,IR1,Lvl,AllPub,Inside,Gtl,Gilbert,Norm,Norm,1Fam,SLvl,7,5,1992,1992,Gable,CompShg,HdBoard,HdBoard,BrkFace,170.0,TA,TA,PConc,Gd,TA,No,Unf,Unf,384,GasA,Gd,Y,SBrkr,1482,0,0,2,1,3,1,Gd,Typ,1,TA,Attchd,1992.0,Fin,2,TA,TA,Y,100,25,0,0,0,0,None,None,None,0,7,2007,WD,Normal,163900
1126,20,RL,60.0,10434,Pave,None,Reg,Lvl,AllPub,Inside,Gtl,NAmes,Norm,Norm,1Fam,1Story,4,5,1955,1955,Gable,CompShg,Plywood,Plywood,None,0.0,TA,TA,CBlock,TA,TA,No,Unf,Unf,1005,GasA,TA,Y,SBrkr,1005,0,0,1,0,2,1,Fa,Typ,1,TA,Detchd,1977.0,Unf,2,Fa,Fa,Y,0,0,0,0,0,0,None,None,None,0,11,2009,WD,Normal,115000
1127,120,RL,53.0,3684,Pave,None,Reg,Lvl,AllPub,Inside,Gtl,Blmngtn,Norm,Norm,TwnhsE,1Story,7,5,2007,2007,Hip,CompShg,VinylSd,VinylSd,BrkFace,130.0,Gd,TA,PConc,Gd,TA,No,Unf,Unf,1373,GasA,Ex,Y,SBrkr,1555,0,0,2,0,2,1,Gd,Typ,1,TA,Attchd,2007.0,Fin,3,TA,TA,Y,143,20,0,0,0,0,None,None,None,0,6,2009,WD,Normal,174000
1128,20,RL,182.0,14572,Pave,None,IR3,Lvl,AllPub,Corner,Gtl,Gilbert,Norm,Norm,1Fam,1Story,7,5,2004,2004,Hip,CompShg,VinylSd,VinylSd,None,0.0,Gd,TA,PConc,Gd,TA,Av,GLQ,Unf,1530,GasA,Ex,Y,SBrkr,1530,1,0,2,0,3,1,Gd,Typ,1,Gd,Attchd,2004.0,Fin,3,TA,TA,Y,144,36,0,0,0,0,None,None,None,0,11,2007,WD,Family,259000
1129,60,RL,59.0,11796,Pave,None,IR1,Lvl,AllPub,Inside,Gtl,Gilbert,Norm,Norm,1Fam,2Story,7,5,2004,2005,Gable,CompShg,VinylSd,VinylSd,None,0.0,Gd,TA,PConc,Gd,TA,Av,Unf,Unf,847,GasA,Ex,Y,SBrkr,1959,0,0,2,1,4,1,Gd,Typ,1,Gd,BuiltIn,2004.0,Fin,2,TA,TA,Y,100,48,0,0,0,0,None,None,None,0,7,2007,WD,Normal,215000
1130,90,RM,60.0,7200,Pave,Grvl,Reg,Lvl,AllPub,Inside,Gtl,OldTown,Norm,Norm,Duplex,SFoyer,5,5,1980,1980,Gable,CompShg,MetalSd,MetalSd,BrkFace,180.0,TA,TA,CBlock,Gd,TA,Gd,GLQ,Unf,936,GasA,TA,Y,SBrkr,936,1,0,1,0,2,1,TA,Typ,0,None,Detchd,1980.0,Unf,2,TA,TA,Y,49,0,0,0,0,0,None,None,None,0,8,2007,WD,Normal,140000
1131,50,RL,65.0,7804,Pave,None,Reg,Lvl,AllPub,Inside,Gtl,SWISU,Norm,Norm,1Fam,1.5Fin,4,3,1928,1950,Gable,CompShg,WdShing,Plywood,None,0.0,TA,TA,BrkTil,TA,TA,No,BLQ,Unf,1122,GasA,TA,Y,SBrkr,1981,1,0,2,0,4,1,Gd,Min2,2,TA,Detchd,1981.0,Unf,2,TA,TA,Y,431,44,0,0,0,0,None,MnPrv,None,0,12,2009,WD,Normal,135000
1132,20,RL,63.0,10712,Pave,None,Reg,Lvl,AllPub,Inside,Gtl,Mitchel,Norm,Norm,1Fam,1Story,5,5,1991,1992,Gable,CompShg,HdBoard,HdBoard,None,0.0,TA,TA,PConc,Gd,TA,Mn,BLQ,Unf,974,GasA,TA,Y,SBrkr,974,0,0,1,0,3,1,TA,Typ,0,None,None,0.0,None,0,None,None,Y,0,28,0,0,0,0,None,MnPrv,None,0,9,2007,Oth,Abnorml,93500
1133,70,RM,90.0,9900,Pave,None,Reg,Lvl,AllPub,Inside,Gtl,OldTown,Norm,Norm,1Fam,2Story,6,4,1880,1950,Gable,CompShg,Wd Sdng,Wd Sdng,None,0.0,TA,TA,BrkTil,TA,TA,Mn,Unf,Unf,1008,GasW,TA,Y,SBrkr,2210,0,0,2,0,5,1,Fa,Typ,0,None,Detchd,1930.0,Unf,1,Fa,TA,N,0,48,0,0,0,0,None,None,None,0,5,2007,WD,Normal,117500
1134,60,RL,80.0,9828,Pave,None,IR1,Lvl,AllPub,Inside,Gtl,SawyerW,Norm,Norm,1Fam,2Story,8,5,1995,1995,Gable,CompShg,VinylSd,VinylSd,None,0.0,Gd,TA,PConc,Gd,TA,No,GLQ,Unf,1128,GasA,Ex,Y,SBrkr,2020,0,0,2,1,3,1,Gd,Typ,1,TA,Attchd,1995.0,RFn,2,TA,TA,Y,0,155,0,0,0,0,None,None,None,0,6,2009,WD,Normal,239500
1135,60,RL,57.0,8773,Pave,None,IR1,HLS,AllPub,Inside,Gtl,Gilbert,Norm,Norm,1Fam,2Story,6,5,1997,1997,Gable,CompShg,VinylSd,VinylSd,None,0.0,TA,TA,PConc,Gd,TA,Av,Unf,Unf,916,GasA,Gd,Y,SBrkr,1600,0,0,2,1,3,1,TA,Typ,1,TA,Attchd,1997.0,Fin,2,TA,TA,Y,100,38,0,0,0,0,None,None,None,0,8,2007,WD,Normal,169000
1136,30,RM,60.0,6180,Pave,None,Reg,Lvl,AllPub,Corner,Gtl,BrkSide,Norm,Norm,1Fam,1Story,6,5,1926,1950,Gable,CompShg,Wd Sdng,Wd Sdng,None,0.0,TA,TA,BrkTil,TA,TA,No,Unf,Unf,960,GasA,TA,N,SBrkr,986,0,0,1,0,2,1,TA,Typ,1,Gd,Detchd,1926.0,Unf,1,TA,TA,Y,0,128,0,0,0,0,None,None,None,0,5,2007,WD,Normal,102000
1137,50,RL,80.0,9600,Pave,None,Reg,Lvl,AllPub,Inside,Gtl,NAmes,Norm,Norm,1Fam,1.5Fin,6,5,1950,1950,Gable,CompShg,VinylSd,VinylSd,None,0.0,TA,TA,CBlock,TA,TA,No,BLQ,Unf,1032,GasA,TA,Y,FuseA,1252,0,0,1,0,3,1,TA,Typ,0,None,Attchd,1950.0,Unf,1,TA,TA,Y,0,0,96,0,0,0,None,None,None,0,4,2008,WD,Abnorml,119000
1138,50,RL,54.0,6342,Pave,None,Reg,Lvl,AllPub,Inside,Gtl,Sawyer,Feedr,Norm,1Fam,1.5Fin,5,8,1875,1996,Gable,CompShg,VinylSd,VinylSd,None,0.0,TA,Gd,CBlock,TA,TA,No,Unf,Unf,780,GasA,Gd,N,SBrkr,1020,0,0,1,0,2,1,TA,Typ,0,None,None,0.0,None,0,None,None,N,0,0,176,0,0,0,None,None,None,0,5,2010,WD,Normal,94000
1139,20,RL,73.0,9819,Pave,None,IR1,Lvl,AllPub,Inside,Mod,Mitchel,Norm,Norm,1Fam,1Story,6,5,1977,1977,Gable,CompShg,Plywood,ImStucc,None,0.0,TA,TA,PConc,TA,TA,Gd,ALQ,Unf,1567,GasA,TA,Y,SBrkr,1567,1,0,2,0,2,1,Gd,Typ,2,TA,Attchd,1977.0,RFn,2,TA,TA,Y,264,32,0,0,0,0,None,None,None,0,5,2009,WD,Normal,196000
1140,30,RL,98.0,8731,Pave,None,IR1,Lvl,AllPub,Inside,Gtl,BrkSide,Norm,Norm,1Fam,1Story,5,5,1920,1950,Gable,CompShg,Stucco,Stucco,None,0.0,TA,Fa,BrkTil,TA,TA,No,BLQ,Unf,915,GasA,TA,Y,SBrkr,1167,0,0,1,0,3,1,TA,Maj1,1,Gd,Detchd,1972.0,Unf,2,TA,TA,Y,0,0,216,0,126,0,None,None,None,0,5,2007,WD,Normal,144000
1141,20,RL,60.0,7350,Pave,None,Reg,Lvl,AllPub,Corner,Gtl,NAmes,Norm,Norm,1Fam,1Story,5,7,1951,1951,Gable,CompShg,HdBoard,HdBoard,None,0.0,TA,TA,CBlock,TA,TA,Mn,ALQ,Unf,952,GasA,TA,Y,SBrkr,952,1,0,1,0,2,1,TA,Typ,0,None,Detchd,1988.0,Unf,2,TA,TA,Y,0,0,0,0,0,0,None,None,None,0,6,2008,COD,Abnorml,139000
1142,60,RL,80.0,10304,Pave,None,IR1,Lvl,AllPub,CulDSac,Gtl,NWAmes,PosN,Norm,1Fam,2Story,5,7,1976,1976,Gable,CompShg,Plywood,Plywood,BrkFace,44.0,TA,Gd,CBlock,TA,TA,No,ALQ,Unf,780,GasA,Ex,Y,SBrkr,1868,1,0,2,1,4,1,Gd,Typ,1,TA,Attchd,1976.0,Unf,2,TA,TA,Y,448,96,0,0,0,0,None,None,None,0,10,2009,WD,Normal,197500
1143,60,RL,77.0,9965,Pave,None,Reg,Lvl,AllPub,Inside,Gtl,CollgCr,Norm,Norm,1Fam,2Story,8,5,2006,2007,Hip,CompShg,VinylSd,VinylSd,Stone,340.0,Gd,TA,PConc,Ex,TA,Gd,GLQ,Unf,1466,GasA,Ex,Y,SBrkr,2828,1,0,3,0,4,1,Gd,Typ,1,TA,BuiltIn,2006.0,RFn,3,TA,TA,Y,125,144,0,0,0,0,None,None,None,0,4,2007,New,Partial,424870
1144,20,RL,71.0,9000,Pave,None,Reg,Lvl,AllPub,Inside,Gtl,Sawyer,Norm,Norm,1Fam,1Story,5,3,1959,1959,Gable,CompShg,Wd Sdng,Plywood,None,0.0,TA,TA,CBlock,TA,TA,No,GLQ,Unf,1006,GasA,TA,Y,SBrkr,1006,0,0,1,0,3,1,TA,Typ,0,None,None,0.0,None,0,None,None,Y,0,24,0,0,0,0,None,None,None,0,7,2008,WD,Normal,80000
1145,190,RL,60.0,12180,Pave,None,Reg,Lvl,AllPub,Inside,Gtl,Edwards,Norm,Norm,2fmCon,1.5Fin,4,4,1941,1950,Gable,CompShg,MetalSd,MetalSd,None,0.0,TA,Fa,BrkTil,Gd,TA,No,BLQ,Unf,672,Grav,Fa,N,FuseA,924,1,0,1,0,2,1,Fa,Typ,0,None,Detchd,1941.0,Unf,1,TA,TA,Y,0,0,0,0,0,0,None,MnPrv,None,0,7,2010,WD,Normal,80000
1146,50,RM,52.0,6240,Pave,None,Reg,Lvl,AllPub,Inside,Gtl,BrkSide,Norm,Norm,1Fam,1.5Fin,5,6,1928,1950,Gable,CompShg,MetalSd,MetalSd,None,0.0,TA,TA,BrkTil,TA,TA,No,Unf,Unf,1042,GasA,Ex,Y,SBrkr,1576,0,0,1,0,3,1,TA,Typ,1,Gd,Detchd,1928.0,Unf,1,TA,TA,Y,0,0,0,0,0,0,None,None,None,0,8,2006,WD,Family,149000
1147,20,RL,66.5,11200,Pave,None,Reg,Lvl,AllPub,Inside,Gtl,SawyerW,Norm,Norm,1Fam,1Story,6,5,1985,1985,Gable,CompShg,Wd Sdng,Wd Shng,BrkFace,85.0,Gd,TA,CBlock,Gd,TA,No,GLQ,Unf,1298,GasA,TA,Y,SBrkr,1298,1,0,2,0,3,1,Gd,Typ,1,TA,Attchd,1985.0,Unf,2,TA,TA,Y,165,26,0,0,0,0,None,None,None,0,5,2006,WD,Normal,180000
1148,70,RL,75.0,12000,Pave,None,Reg,Bnk,AllPub,Inside,Gtl,Crawfor,Norm,Norm,1Fam,2Story,7,7,1941,1950,Gable,CompShg,MetalSd,MetalSd,None,0.0,TA,TA,CBlock,TA,TA,No,Rec,Unf,704,GasA,Ex,Y,SBrkr,1564,0,0,1,1,3,1,Fa,Typ,1,Gd,Attchd,1941.0,Unf,1,TA,TA,Y,0,0,0,0,0,0,None,None,None,0,7,2009,WD,Normal,174500
1149,50,RM,60.0,5700,Pave,None,Reg,Lvl,AllPub,Inside,Gtl,OldTown,Norm,Norm,1Fam,1.5Fin,7,7,1926,1950,Gable,CompShg,Wd Sdng,Wd Sdng,None,0.0,TA,TA,PConc,TA,TA,No,Unf,Unf,572,GasA,TA,Y,SBrkr,1111,0,0,1,0,2,1,TA,Typ,1,Gd,Detchd,1982.0,Unf,1,TA,TA,Y,0,0,176,0,0,0,None,None,None,0,8,2008,WD,Normal,116900
1150,70,RM,50.0,9000,Pave,None,Reg,Lvl,AllPub,Inside,Gtl,OldTown,Artery,Norm,1Fam,2Story,7,9,1920,1988,Hip,CompShg,VinylSd,VinylSd,None,0.0,TA,Gd,PConc,TA,TA,No,ALQ,Unf,650,GasA,Ex,Y,SBrkr,1482,0,1,1,0,3,1,TA,Typ,0,None,Detchd,1930.0,Unf,2,TA,TA,Y,0,0,0,0,0,0,None,None,None,0,7,2009,WD,Normal,143000
1151,20,RL,57.0,8280,Pave,None,IR1,Lvl,AllPub,Inside,Gtl,NAmes,Norm,Norm,1Fam,1Story,6,5,1950,1950,Gable,CompShg,BrkFace,BrkFace,None,0.0,TA,TA,CBlock,TA,TA,No,Unf,Unf,932,GasA,Ex,Y,FuseA,932,0,0,1,0,2,1,Gd,Typ,1,Gd,Attchd,1950.0,Unf,1,TA,TA,Y,0,0,214,0,0,0,None,GdPrv,None,0,11,2007,WD,Normal,124000
1152,20,RL,134.0,17755,Pave,None,Reg,Lvl,AllPub,Inside,Gtl,Edwards,Norm,Norm,1Fam,1Story,5,4,1959,1959,Gable,CompShg,HdBoard,Plywood,BrkFace,132.0,TA,TA,CBlock,TA,TA,No,BLQ,Unf,1466,GasA,TA,Y,SBrkr,1466,0,0,1,1,3,1,Fa,Typ,2,Gd,Attchd,1959.0,Fin,2,TA,TA,Y,0,140,0,0,100,0,None,None,None,0,11,2006,WD,Normal,149900
1153,20,RL,90.0,14115,Pave,None,IR1,Lvl,AllPub,Inside,Gtl,Crawfor,Norm,Norm,1Fam,1Story,6,7,1956,2004,Gable,CompShg,Stone,Stone,None,0.0,TA,TA,PConc,TA,TA,No,ALQ,GLQ,1073,GasA,Ex,Y,SBrkr,1811,0,0,1,0,2,1,Ex,Typ,1,Gd,Attchd,1956.0,Fin,2,TA,TA,Y,0,0,280,0,0,0,None,None,None,0,7,2006,WD,Abnorml,230000
1154,30,RM,60.0,5890,Pave,None,Reg,Lvl,AllPub,Corner,Gtl,IDOTRR,Norm,Norm,1Fam,1Story,6,8,1930,2007,Gable,CompShg,Wd Sdng,Wd Sdng,None,0.0,Gd,Gd,BrkTil,TA,TA,Av,ALQ,Unf,816,GasA,Ex,Y,SBrkr,816,0,0,1,0,2,1,TA,Typ,0,None,Detchd,2002.0,Unf,1,TA,TA,Y,0,0,96,0,0,0,None,None,None,0,6,2008,WD,Normal,120500
1155,60,RL,73.0,13700,Pave,None,IR1,Lvl,AllPub,Inside,Gtl,NAmes,Norm,Norm,1Fam,2Story,7,6,1965,1988,Gable,CompShg,VinylSd,VinylSd,Stone,288.0,TA,TA,CBlock,TA,TA,Gd,ALQ,Unf,864,GasA,TA,Y,SBrkr,1820,0,0,1,2,4,1,Gd,Typ,2,Gd,Attchd,1965.0,Unf,2,TA,TA,Y,60,84,0,0,273,0,None,GdPrv,None,0,5,2008,WD,Normal,201800
1156,20,RL,90.0,10768,Pave,None,IR1,Lvl,AllPub,Corner,Gtl,Veenker,Norm,Norm,1Fam,1Story,5,8,1976,2004,Gable,CompShg,Plywood,Plywood,None,0.0,Gd,Gd,CBlock,Gd,TA,Gd,ALQ,Unf,1437,GasA,TA,Y,SBrkr,1437,1,0,2,0,3,1,Gd,Typ,1,Fa,Attchd,1976.0,RFn,2,TA,TA,Y,0,21,0,0,180,0,None,None,None,0,7,2007,WD,Normal,218000
1157,80,RL,85.0,9350,Pave,None,Reg,Lvl,AllPub,Inside,Gtl,NAmes,Norm,Norm,1Fam,SLvl,5,8,1965,1999,Gable,CompShg,BrkFace,BrkFace,None,0.0,TA,Gd,PConc,TA,TA,Gd,ALQ,Unf,1219,GasA,Gd,Y,SBrkr,1265,0,1,2,0,3,1,Gd,Typ,1,Gd,Attchd,1965.0,RFn,2,TA,TA,Y,0,92,0,96,0,0,None,MnPrv,None,0,10,2008,WD,Normal,179900
1158,120,RL,34.0,5001,Pave,None,IR1,Lvl,AllPub,Inside,Gtl,NridgHt,Norm,Norm,Twnhs,1Story,7,5,2007,2008,Gable,CompShg,VinylSd,VinylSd,Stone,166.0,Gd,TA,PConc,Gd,TA,No,GLQ,Unf,1314,GasA,Ex,Y,SBrkr,1314,1,0,2,0,2,1,Gd,Typ,1,Gd,Attchd,2008.0,RFn,2,TA,TA,Y,172,62,0,0,0,0,None,None,None,0,7,2009,WD,Normal,230000
1159,20,RL,92.0,11932,Pave,None,Reg,Lvl,AllPub,FR2,Gtl,Somerst,Feedr,Norm,1Fam,1Story,8,5,2007,2008,Gable,CompShg,VinylSd,VinylSd,Stone,186.0,Gd,TA,PConc,Gd,TA,No,Unf,Unf,1580,GasA,Ex,Y,SBrkr,1580,0,0,2,0,3,1,Gd,Typ,0,None,Attchd,2008.0,RFn,3,TA,TA,Y,0,24,0,0,0,0,None,None,None,0,6,2008,ConLD,Partial,235128
1160,60,RL,76.0,9120,Pave,None,Reg,Lvl,AllPub,Inside,Gtl,NWAmes,Norm,Norm,1Fam,2Story,6,6,1974,1974,Hip,CompShg,HdBoard,HdBoard,BrkFace,270.0,Gd,TA,CBlock,TA,TA,No,ALQ,Unf,901,GasA,TA,Y,SBrkr,1876,0,0,2,1,4,1,Gd,Typ,1,TA,Attchd,1974.0,RFn,2,Gd,TA,Y,0,69,0,0,0,0,None,None,None,0,7,2008,WD,Normal,185000
1161,160,RL,24.0,2280,Pave,None,Reg,Lvl,AllPub,Inside,Gtl,NPkVill,Norm,Norm,Twnhs,2Story,6,5,1978,1978,Gable,CompShg,Plywood,Brk Cmn,None,0.0,TA,TA,CBlock,Gd,TA,No,ALQ,Unf,855,GasA,Fa,Y,SBrkr,1456,0,0,2,1,3,1,TA,Typ,1,TA,Attchd,1978.0,Unf,2,TA,TA,Y,26,0,0,0,0,0,None,None,None,0,7,2010,WD,Normal,146000
1162,20,RL,74.0,14778,Pave,None,IR1,Low,AllPub,CulDSac,Gtl,Crawfor,PosN,Norm,1Fam,1Story,6,7,1954,2006,Hip,CompShg,HdBoard,HdBoard,BrkFace,72.0,Gd,TA,CBlock,TA,TA,No,BLQ,Unf,1296,GasA,Ex,Y,SBrkr,1640,1,0,1,0,3,1,Gd,Typ,1,Gd,Detchd,1993.0,Unf,2,TA,TA,Y,108,0,0,216,0,0,None,None,None,0,11,2008,WD,Normal,224000
1163,20,RL,109.0,8724,Pave,None,Reg,Lvl,AllPub,Inside,Gtl,Sawyer,Norm,Norm,1Fam,1Story,5,5,1968,1968,Gable,CompShg,VinylSd,VinylSd,None,0.0,TA,TA,CBlock,Gd,TA,No,BLQ,Unf,894,GasA,Gd,Y,SBrkr,894,0,0,1,0,3,1,TA,Typ,1,Po,Attchd,1968.0,Fin,2,TA,TA,Y,0,0,0,0,0,0,None,None,None,0,5,2007,WD,Normal,129000
1164,90,RL,60.0,12900,Pave,None,Reg,Lvl,AllPub,Inside,Gtl,Sawyer,Feedr,Norm,Duplex,SFoyer,4,4,1969,1969,Gable,CompShg,Plywood,Plywood,None,0.0,TA,TA,CBlock,Gd,TA,Av,GLQ,Unf,1198,GasA,TA,Y,SBrkr,1258,2,0,0,2,0,2,TA,Typ,0,None,CarPort,1969.0,Unf,2,Fa,TA,Y,120,0,0,0,0,0,None,None,None,0,1,2008,WD,Alloca,108959
1165,80,RL,68.0,16157,Pave,None,IR1,Lvl,AllPub,FR2,Gtl,Veenker,Feedr,Norm,1Fam,SLvl,5,7,1978,1978,Gable,CompShg,Plywood,Plywood,None,0.0,TA,TA,PConc,Gd,TA,Gd,ALQ,Rec,1360,GasA,Ex,Y,SBrkr,1432,1,0,1,1,2,1,Gd,Typ,1,TA,Attchd,1978.0,Unf,2,TA,TA,Y,168,180,0,0,0,0,None,None,None,0,6,2007,WD,Normal,194000
1166,20,RL,79.0,9541,Pave,None,IR1,Lvl,AllPub,Inside,Gtl,NridgHt,Norm,Norm,1Fam,1Story,7,5,2009,2009,Gable,CompShg,VinylSd,VinylSd,Stone,268.0,Gd,TA,PConc,Gd,TA,No,Unf,Unf,1502,GasA,Ex,Y,SBrkr,1502,0,0,2,0,3,1,Gd,Typ,0,None,Attchd,2009.0,RFn,2,TA,TA,Y,0,114,0,0,0,0,None,None,None,0,9,2009,New,Partial,233170
1167,20,RL,64.0,10475,Pave,None,IR1,Lvl,AllPub,Corner,Gtl,CollgCr,Norm,Norm,1Fam,1Story,8,5,2008,2008,Gable,CompShg,VinylSd,VinylSd,Stone,72.0,Gd,TA,PConc,Gd,TA,Av,Unf,Unf,1694,GasA,Ex,Y,SBrkr,1694,0,0,2,0,3,1,Gd,Typ,0,None,Attchd,2008.0,RFn,3,TA,TA,Y,160,33,0,0,0,0,None,None,None,0,2,2010,WD,Normal,245350
1168,60,RL,58.0,10852,Pave,None,IR1,Lvl,AllPub,Inside,Gtl,Gilbert,RRAn,Norm,1Fam,2Story,6,5,2000,2000,Gable,CompShg,VinylSd,VinylSd,None,0.0,TA,TA,PConc,Gd,TA,No,GLQ,Unf,959,GasA,Ex,Y,SBrkr,1671,1,0,2,1,3,1,TA,Typ,1,TA,Attchd,2000.0,Fin,2,TA,TA,Y,0,38,0,0,0,0,None,None,None,0,2,2006,WD,Normal,173000
1169,70,RL,120.0,13728,Pave,None,Reg,Lvl,AllPub,Corner,Gtl,Edwards,Norm,Norm,1Fam,2Story,6,7,1935,1986,Hip,CompShg,Stucco,Stucco,None,0.0,TA,TA,CBlock,TA,TA,No,Rec,Unf,1127,GasA,Ex,Y,SBrkr,2108,0,0,2,0,4,1,Gd,Typ,2,TA,Basment,1935.0,Unf,2,TA,TA,Y,0,0,0,0,90,0,None,None,None,0,7,2008,WD,Normal,235000
1170,60,RL,118.0,35760,Pave,None,IR1,Lvl,AllPub,CulDSac,Gtl,NoRidge,Norm,Norm,1Fam,2Story,10,5,1995,1996,Hip,CompShg,HdBoard,HdBoard,BrkFace,1378.0,Gd,Gd,PConc,Ex,TA,Gd,GLQ,Unf,1930,GasA,Ex,Y,SBrkr,3627,1,0,3,1,4,1,Gd,Typ,1,TA,Attchd,1995.0,Fin,3,TA,TA,Y,361,76,0,0,0,0,None,None,None,0,7,2006,WD,Normal,625000
1171,80,RL,76.0,9880,Pave,None,Reg,Lvl,AllPub,Inside,Gtl,Mitchel,Norm,Norm,1Fam,SLvl,6,6,1977,1977,Gable,CompShg,Plywood,Plywood,None,0.0,TA,TA,CBlock,TA,TA,Av,ALQ,Unf,1096,GasA,TA,Y,SBrkr,1118,1,0,1,0,3,1,TA,Typ,1,Po,Attchd,1977.0,Fin,1,TA,TA,Y,203,0,0,0,0,576,Gd,GdPrv,None,0,7,2008,WD,Normal,171000
1172,20,RL,76.0,9120,Pave,None,Reg,Lvl,AllPub,Inside,Gtl,NAmes,Norm,Norm,1Fam,1Story,6,6,1958,1958,Hip,CompShg,MetalSd,MetalSd,None,0.0,TA,TA,CBlock,TA,TA,No,ALQ,Unf,1261,GasA,Ex,Y,SBrkr,1261,1,0,1,0,3,1,TA,Typ,1,TA,Attchd,1958.0,RFn,2,TA,TA,Y,0,0,0,0,288,0,None,None,Shed,1400,11,2008,WD,Normal,163000
1173,160,FV,35.0,4017,Pave,Pave,IR1,Lvl,AllPub,Inside,Gtl,Somerst,Norm,Norm,TwnhsE,2Story,7,5,2006,2007,Gable,CompShg,MetalSd,MetalSd,None,0.0,Gd,TA,PConc,Gd,TA,No,Unf,Unf,625,GasA,Ex,Y,SBrkr,1250,0,0,2,1,2,1,Gd,Typ,0,None,Detchd,2006.0,Fin,2,TA,TA,Y,0,54,0,0,0,0,None,None,None,0,3,2008,WD,Normal,171900
1174,50,RL,138.0,18030,Pave,None,IR1,Bnk,AllPub,Inside,Gtl,ClearCr,Norm,Norm,1Fam,1.5Fin,5,6,1946,1994,Gable,CompShg,MetalSd,MetalSd,None,0.0,TA,TA,CBlock,TA,TA,No,Rec,BLQ,1598,GasA,TA,Y,SBrkr,3086,0,0,3,0,3,1,Ex,Maj1,1,Gd,None,0.0,None,0,None,None,Y,122,0,0,0,0,0,None,MnPrv,None,0,3,2007,WD,Normal,200500
1175,70,RL,80.0,16560,Pave,None,IR1,Lvl,AllPub,Inside,Gtl,Crawfor,Norm,Norm,1Fam,2Story,6,8,1932,1950,Gable,CompShg,Wd Sdng,Wd Sdng,None,0.0,TA,TA,BrkTil,Gd,TA,No,Rec,Unf,952,GasA,TA,Y,SBrkr,2345,0,0,2,1,4,1,TA,Typ,1,Gd,Detchd,1932.0,Unf,2,TA,TA,Y,0,0,0,0,0,0,None,None,None,0,7,2006,WD,Normal,239000
1176,50,RL,85.0,10678,Pave,None,Reg,Lvl,AllPub,Inside,Gtl,NoRidge,Norm,Norm,1Fam,1.5Fin,8,5,1992,2000,Hip,CompShg,HdBoard,HdBoard,BrkFace,337.0,Gd,TA,PConc,Gd,TA,No,GLQ,Unf,1683,GasA,Ex,Y,SBrkr,2872,0,0,2,1,4,1,Gd,Typ,1,TA,Attchd,1992.0,Fin,2,TA,TA,Y,0,33,0,0,0,0,None,None,None,0,4,2007,WD,Normal,285000
1177,20,RL,37.0,6951,Pave,None,IR1,Lvl,AllPub,CulDSac,Gtl,Mitchel,Norm,Norm,1Fam,1Story,5,5,1984,1985,Gable,CompShg,HdBoard,Plywood,None,0.0,TA,TA,CBlock,TA,TA,No,ALQ,Unf,876,GasA,TA,Y,SBrkr,923,1,0,1,0,3,1,TA,Typ,0,None,Attchd,1984.0,Unf,1,TA,TA,Y,362,0,0,0,0,0,None,MnPrv,None,0,10,2008,WD,Normal,119500
1178,50,RM,60.0,3950,Pave,Grvl,Reg,Bnk,AllPub,Inside,Gtl,OldTown,Artery,Norm,1Fam,1.5Fin,6,8,1926,2004,Gable,CompShg,MetalSd,MetalSd,None,0.0,TA,TA,CBlock,TA,TA,No,Rec,Unf,818,GasA,TA,Y,SBrkr,1224,0,0,1,0,3,1,TA,Typ,0,None,Detchd,1926.0,Unf,1,TA,TA,N,0,0,116,0,0,0,None,None,None,0,12,2009,WD,Normal,115000
1179,50,RL,54.0,7681,Pave,None,IR1,Lvl,AllPub,FR2,Gtl,Crawfor,Norm,Norm,1Fam,1.5Fin,5,6,1921,1950,Gable,CompShg,Wd Sdng,Wd Sdng,None,0.0,TA,TA,BrkTil,TA,TA,No,Unf,Unf,731,GasA,Ex,Y,SBrkr,1343,0,0,1,1,3,1,TA,Typ,1,Gd,Detchd,1921.0,Unf,1,Fa,TA,Y,192,0,102,0,0,0,None,None,None,0,7,2009,WD,Normal,154900
1180,20,RL,77.0,8335,Pave,None,Reg,Lvl,AllPub,Corner,Gtl,Edwards,Norm,Norm,1Fam,1Story,5,5,1954,1954,Gable,CompShg,Wd Sdng,Wd Sdng,None,0.0,TA,TA,Slab,None,None,None,None,None,0,GasA,Gd,Y,SBrkr,1124,0,0,1,0,3,1,TA,Min2,1,Gd,None,0.0,None,0,None,None,N,0,36,190,0,0,0,None,None,None,0,4,2006,WD,Normal,93000
1181,60,RL,85.0,11170,Pave,None,IR2,Lvl,AllPub,Corner,Gtl,Timber,Norm,Norm,1Fam,2Story,7,5,1990,1991,Gable,CompShg,MetalSd,MetalSd,None,0.0,TA,TA,Wood,Gd,TA,No,LwQ,Unf,1216,GasA,Ex,Y,SBrkr,2514,0,0,2,1,4,1,TA,Typ,0,None,Attchd,1990.0,Fin,2,TA,TA,Y,0,0,0,0,0,0,None,GdPrv,None,0,4,2006,WD,Normal,250000
1182,120,RM,64.0,5587,Pave,None,IR1,HLS,AllPub,Inside,Mod,Crawfor,Norm,Norm,TwnhsE,1Story,8,5,2008,2008,Hip,CompShg,CemntBd,CmentBd,Stone,186.0,Ex,TA,PConc,Ex,TA,Gd,GLQ,Unf,1600,GasA,Ex,Y,SBrkr,1652,1,1,2,0,2,1,Gd,Typ,1,Gd,Attchd,2008.0,Fin,2,TA,TA,Y,162,53,0,153,0,0,None,None,None,0,11,2008,New,Partial,392500
1183,60,RL,160.0,15623,Pave,None,IR1,Lvl,AllPub,Corner,Gtl,NoRidge,Norm,Norm,1Fam,2Story,10,5,1996,1996,Hip,CompShg,Wd Sdng,ImStucc,None,0.0,Gd,TA,PConc,Ex,TA,Av,GLQ,Unf,2396,GasA,Ex,Y,SBrkr,4476,1,0,3,1,4,1,Ex,Typ,2,TA,Attchd,1996.0,Fin,3,TA,TA,Y,171,78,0,0,0,555,Ex,MnPrv,None,0,7,2007,WD,Abnorml,745000
1184,30,RL,60.0,10800,Pave,Grvl,Reg,Lvl,AllPub,Inside,Gtl,OldTown,Norm,Norm,1Fam,1Story,5,6,1920,1950,Hip,CompShg,Stucco,Stucco,None,0.0,TA,TA,BrkTil,TA,TA,No,Rec,Unf,1120,GasA,Ex,Y,SBrkr,1130,1,0,1,0,2,1,TA,Typ,1,Gd,Detchd,1970.0,Unf,2,TA,TA,Y,229,0,0,0,0,0,None,None,None,0,6,2006,WD,Normal,120000
1185,20,RL,50.0,35133,Grvl,None,Reg,Lvl,AllPub,Inside,Mod,Timber,Norm,Norm,1Fam,1Story,5,4,1963,1963,Hip,CompShg,MetalSd,MetalSd,BrkFace,226.0,TA,TA,CBlock,TA,TA,Gd,Rec,Unf,1572,GasA,Gd,Y,SBrkr,1572,1,0,1,1,3,1,TA,Typ,2,TA,2Types,1963.0,RFn,3,TA,TA,Y,0,263,0,0,263,0,None,None,None,0,5,2007,WD,Normal,186700
1186,50,RL,60.0,9738,Pave,None,Reg,Lvl,AllPub,Inside,Gtl,Edwards,Norm,Norm,1Fam,1.5Fin,5,7,1924,1950,Gable,CompShg,AsbShng,AsbShng,None,0.0,TA,Gd,BrkTil,TA,TA,No,BLQ,Unf,784,GasA,Gd,Y,SBrkr,1221,1,0,1,0,4,1,TA,Typ,0,None,Attchd,1965.0,Unf,1,TA,TA,Y,0,0,236,0,0,0,None,None,None,0,3,2006,WD,Normal,104900
1187,190,RL,107.0,10615,Pave,None,IR1,Bnk,AllPub,Corner,Mod,OldTown,Artery,Artery,2fmCon,2Story,3,5,1900,1970,Gable,CompShg,HdBoard,HdBoard,None,0.0,TA,TA,CBlock,Fa,TA,Mn,BLQ,Unf,978,GasA,TA,Y,SBrkr,1699,1,0,2,0,3,2,TA,Typ,0,None,CarPort,1920.0,Unf,2,Fa,Fa,Y,0,74,0,0,0,0,None,None,None,0,8,2009,WD,Abnorml,95000
1188,20,RL,89.0,12461,Pave,None,Reg,Lvl,AllPub,Corner,Gtl,NoRidge,Norm,Norm,1Fam,1Story,8,5,1994,1995,Gable,CompShg,ImStucc,ImStucc,None,0.0,Gd,TA,PConc,Gd,TA,No,GLQ,Unf,1624,GasA,Ex,Y,SBrkr,1624,1,0,2,0,2,1,Gd,Typ,1,Fa,Attchd,1994.0,RFn,3,TA,TA,Y,0,114,192,0,0,0,None,GdPrv,None,0,7,2006,WD,Normal,262000
1189,60,RL,68.0,8935,Pave,None,IR1,Lvl,AllPub,Inside,Gtl,CollgCr,Norm,Norm,1Fam,2Story,7,5,2002,2002,Gable,CompShg,VinylSd,VinylSd,BrkFace,95.0,Gd,TA,PConc,Gd,TA,No,Unf,Unf,831,GasA,Ex,Y,SBrkr,1660,0,0,2,1,3,1,Gd,Typ,0,None,Attchd,2002.0,RFn,2,TA,TA,Y,144,68,0,0,0,0,None,None,None,0,7,2009,WD,Normal,195000
1190,60,RL,60.0,7500,Pave,None,Reg,Lvl,AllPub,Inside,Gtl,Gilbert,Norm,Norm,1Fam,2Story,7,5,1999,1999,Gable,CompShg,VinylSd,VinylSd,None,0.0,TA,TA,PConc,TA,TA,No,Unf,Unf,994,GasA,Gd,Y,SBrkr,1804,0,0,2,1,3,1,Gd,Typ,1,TA,Attchd,1999.0,Fin,2,TA,TA,Y,140,60,0,0,0,0,None,None,None,0,6,2010,WD,Normal,189000
1191,190,RL,73.0,32463,Pave,None,Reg,Low,AllPub,Inside,Mod,Mitchel,Norm,Norm,2fmCon,1Story,4,4,1961,1975,Gable,CompShg,MetalSd,MetalSd,Stone,149.0,TA,Gd,CBlock,TA,TA,Av,BLQ,Unf,1249,GasA,Ex,Y,SBrkr,1622,1,0,1,0,3,1,TA,Typ,1,TA,2Types,1975.0,Fin,4,TA,TA,Y,439,0,0,0,0,0,None,None,None,0,3,2007,WD,Normal,168000
1192,160,FV,24.0,2645,Pave,Pave,Reg,Lvl,AllPub,Inside,Gtl,Somerst,Norm,Norm,Twnhs,2Story,8,5,1999,2000,Gable,CompShg,MetalSd,MetalSd,BrkFace,456.0,Gd,TA,PConc,Gd,TA,No,Unf,Unf,776,GasA,Ex,Y,SBrkr,1441,0,0,2,1,2,1,Gd,Typ,0,None,Detchd,1999.0,Unf,2,TA,TA,Y,206,0,0,0,0,0,None,None,None,0,11,2007,WD,Normal,174000
1193,50,RM,60.0,9600,Pave,Grvl,Reg,Lvl,AllPub,Inside,Gtl,OldTown,Norm,Norm,1Fam,1.5Fin,5,8,1925,1994,Gambrel,CompShg,VinylSd,VinylSd,None,0.0,TA,TA,PConc,TA,TA,Mn,Unf,Unf,702,GasA,Gd,Y,SBrkr,1472,0,0,1,0,3,1,Gd,Typ,0,None,Detchd,1925.0,Unf,1,TA,Fa,P,0,0,84,0,0,0,None,GdWo,None,0,7,2007,WD,Normal,125000
1194,120,RM,73.0,4500,Pave,None,Reg,Lvl,AllPub,FR2,Gtl,Mitchel,Norm,Norm,TwnhsE,1Story,6,5,1999,1999,Hip,CompShg,VinylSd,VinylSd,BrkFace,425.0,TA,TA,PConc,Ex,TA,No,GLQ,Unf,1224,GasA,Ex,Y,SBrkr,1224,1,0,2,0,2,1,TA,Typ,0,None,Attchd,1999.0,Fin,2,TA,TA,Y,0,304,0,0,0,0,None,None,None,0,6,2009,WD,Normal,165000
1195,60,RL,80.0,9364,Pave,None,Reg,Lvl,AllPub,Corner,Gtl,Sawyer,Norm,Norm,1Fam,2Story,6,7,1969,1969,Gable,CompShg,HdBoard,HdBoard,Stone,143.0,TA,TA,CBlock,TA,TA,No,ALQ,Unf,663,GasA,TA,Y,SBrkr,1352,0,0,1,1,4,1,TA,Typ,0,None,Attchd,1969.0,Fin,1,TA,TA,Y,379,36,0,0,0,0,None,MnPrv,None,0,3,2010,WD,Normal,158000
1196,60,RL,51.0,8029,Pave,None,IR1,Lvl,AllPub,Inside,Gtl,Gilbert,Norm,Norm,1Fam,2Story,6,5,2005,2005,Gable,CompShg,VinylSd,VinylSd,None,0.0,TA,TA,PConc,Gd,TA,No,Unf,Unf,728,GasA,Ex,Y,SBrkr,1456,0,0,2,1,3,1,Gd,Typ,0,None,Attchd,2005.0,Fin,2,TA,TA,Y,100,24,0,0,0,0,None,None,None,0,7,2008,WD,Normal,176000
1197,60,RL,58.0,14054,Pave,None,IR1,Lvl,AllPub,Inside,Gtl,Gilbert,Norm,Norm,1Fam,2Story,7,5,2006,2006,Gable,CompShg,VinylSd,VinylSd,None,0.0,Gd,TA,PConc,Gd,TA,Av,Unf,Unf,879,GasA,Ex,Y,SBrkr,1863,0,0,2,1,4,1,Gd,Typ,1,Gd,BuiltIn,2006.0,Fin,3,TA,TA,Y,100,17,0,0,0,0,None,None,None,0,11,2006,New,Partial,219210
1198,75,RM,65.0,8850,Pave,None,IR1,Bnk,AllPub,Corner,Gtl,OldTown,Norm,Norm,1Fam,2.5Unf,7,6,1916,1950,Gable,CompShg,MetalSd,MetalSd,None,0.0,TA,TA,BrkTil,TA,TA,No,Unf,Unf,815,GasA,Ex,Y,SBrkr,1690,0,0,1,0,3,1,TA,Typ,1,Gd,Detchd,1916.0,Unf,1,TA,TA,Y,0,0,330,0,0,0,None,None,None,0,7,2006,ConLw,Normal,144000
1199,20,RL,70.0,9100,Pave,None,Reg,Lvl,AllPub,Inside,Gtl,CollgCr,Norm,Norm,1Fam,1Story,7,5,2001,2001,Gable,CompShg,VinylSd,VinylSd,None,0.0,Gd,TA,PConc,Gd,TA,No,Unf,Unf,1212,GasA,Ex,Y,SBrkr,1212,0,0,2,0,3,1,Gd,Typ,0,None,Attchd,2001.0,RFn,2,TA,TA,Y,356,0,0,0,0,0,None,None,None,0,6,2009,WD,Normal,178000
1200,20,RL,75.0,11235,Pave,None,Reg,Lvl,AllPub,Inside,Gtl,Sawyer,Norm,Norm,1Fam,1Story,4,5,1963,1979,Gable,CompShg,HdBoard,HdBoard,BrkFace,51.0,TA,TA,CBlock,TA,TA,No,Rec,Unf,1051,GasA,Gd,Y,SBrkr,1382,0,0,1,1,3,1,TA,Typ,1,Po,Attchd,1974.0,Unf,2,TA,TA,Y,0,82,0,0,0,0,None,None,None,0,10,2006,WD,Normal,148000
1201,20,RL,71.0,9353,Pave,None,Reg,Lvl,AllPub,Inside,Gtl,NAmes,Norm,Norm,1Fam,1Story,4,5,1970,1970,Gable,CompShg,MetalSd,MetalSd,None,0.0,TA,TA,CBlock,TA,TA,No,Unf,Unf,864,GasA,Gd,Y,SBrkr,864,0,0,1,0,3,1,TA,Typ,0,None,Attchd,1972.0,Unf,1,TA,TA,Y,0,0,0,0,0,0,None,None,Shed,0,7,2006,Oth,Abnorml,116050
1202,60,RL,80.0,10400,Pave,None,Reg,Lvl,AllPub,Corner,Gtl,CollgCr,Norm,Norm,1Fam,2Story,7,5,1998,1998,Gable,CompShg,VinylSd,VinylSd,None,0.0,TA,TA,PConc,Gd,TA,Av,Unf,Unf,866,GasA,Ex,Y,SBrkr,1779,0,0,2,1,3,1,Gd,Typ,0,None,Attchd,1998.0,RFn,2,TA,TA,Y,198,36,0,0,0,0,None,None,None,0,3,2009,WD,Normal,197900
1203,50,RM,50.0,6000,Pave,None,Reg,Lvl,AllPub,Corner,Gtl,BrkSide,Norm,Norm,1Fam,1.5Fin,5,8,1925,1997,Gable,CompShg,Wd Sdng,Wd Sdng,None,0.0,TA,TA,BrkTil,TA,TA,No,Unf,Unf,884,GasA,Ex,Y,SBrkr,1348,1,0,1,0,3,1,TA,Typ,1,Fa,Detchd,1960.0,Unf,1,TA,TA,N,0,0,208,0,0,0,None,None,None,0,5,2009,WD,Normal,117000
1204,20,RL,75.0,9750,Pave,None,Reg,Lvl,AllPub,Inside,Gtl,CollgCr,Norm,Norm,1Fam,1Story,7,5,2000,2001,Gable,CompShg,VinylSd,VinylSd,BrkFace,171.0,Gd,TA,PConc,Gd,TA,No,Unf,Unf,1630,GasA,Ex,Y,SBrkr,1630,0,0,2,0,3,1,Gd,Typ,1,TA,Attchd,2000.0,Unf,2,TA,TA,Y,74,234,0,0,0,0,None,None,None,0,10,2009,WD,Normal,213000
1205,20,RL,78.0,10140,Pave,None,Reg,Lvl,AllPub,Inside,Gtl,NWAmes,Norm,Norm,1Fam,1Story,5,6,1975,1975,Gable,CompShg,HdBoard,HdBoard,None,0.0,TA,TA,CBlock,Gd,TA,No,ALQ,Unf,1056,GasA,Ex,Y,SBrkr,1074,1,0,1,1,3,1,TA,Typ,0,None,Attchd,1975.0,RFn,2,TA,TA,Y,0,88,0,0,0,0,None,MnPrv,None,0,7,2006,WD,Normal,153500
1206,20,RL,90.0,14684,Pave,None,IR1,Lvl,AllPub,CulDSac,Gtl,SawyerW,Norm,Norm,1Fam,1Story,7,7,1990,1991,Hip,CompShg,HdBoard,HdBoard,BrkFace,234.0,Gd,TA,CBlock,Gd,TA,Mn,ALQ,BLQ,2158,GasA,Gd,Y,SBrkr,2196,0,0,2,0,3,1,Gd,Typ,1,TA,Attchd,1990.0,RFn,3,TA,TA,Y,84,70,0,0,0,0,None,None,None,0,6,2009,WD,Normal,271900
1207,20,RH,66.5,8900,Pave,None,Reg,Lvl,AllPub,Inside,Gtl,SawyerW,Norm,Norm,1Fam,1Story,4,4,1966,1966,Gable,CompShg,HdBoard,HdBoard,None,0.0,TA,TA,CBlock,TA,TA,No,Rec,Unf,1056,GasA,TA,Y,SBrkr,1056,1,0,1,0,2,1,TA,Typ,0,None,Detchd,1966.0,Unf,1,TA,TA,Y,0,42,0,0,0,0,None,MnPrv,None,0,11,2006,WD,Normal,107000
1208,20,RL,70.0,9135,Pave,None,Reg,Lvl,AllPub,Inside,Gtl,CollgCr,Norm,Norm,1Fam,1Story,6,5,2003,2003,Gable,CompShg,VinylSd,VinylSd,BrkFace,120.0,Gd,TA,PConc,Gd,TA,Av,GLQ,Unf,1682,GasA,Ex,Y,SBrkr,1700,1,0,2,0,3,1,Gd,Typ,0,None,Attchd,2003.0,RFn,2,TA,TA,Y,192,23,0,0,0,0,None,None,None,0,5,2006,WD,Normal,200000
1209,20,RL,70.0,7763,Pave,None,Reg,Lvl,AllPub,Inside,Gtl,NAmes,Norm,Norm,1Fam,1Story,5,7,1962,1980,Gable,CompShg,MetalSd,MetalSd,None,0.0,TA,Gd,CBlock,TA,TA,No,Rec,BLQ,931,GasA,TA,Y,SBrkr,1283,1,0,1,0,3,1,TA,Typ,0,None,Detchd,1980.0,Unf,2,TA,TA,Y,0,0,0,0,0,0,None,None,None,0,10,2008,WD,Normal,140000
1210,20,RL,85.0,10182,Pave,None,IR1,Lvl,AllPub,CulDSac,Gtl,Somerst,RRNn,Norm,1Fam,1Story,8,5,2006,2006,Hip,CompShg,VinylSd,VinylSd,Stone,420.0,Gd,TA,PConc,Ex,TA,Mn,GLQ,Unf,1660,GasA,Ex,Y,SBrkr,1660,1,0,2,0,3,1,Gd,Typ,1,Gd,Attchd,2006.0,RFn,2,TA,TA,Y,322,50,0,0,0,0,None,None,None,0,5,2006,New,Partial,290000
1211,60,RL,70.0,11218,Pave,None,Reg,Lvl,AllPub,Inside,Gtl,SawyerW,Norm,Norm,1Fam,2Story,6,5,1992,1992,Gable,CompShg,Wd Sdng,Wd Sdng,None,0.0,Gd,TA,PConc,Gd,TA,No,Unf,Unf,1055,GasA,Ex,Y,SBrkr,1845,0,0,2,1,3,1,Gd,Typ,1,TA,Attchd,1992.0,RFn,2,TA,TA,Y,635,104,0,0,0,0,None,GdPrv,Shed,400,5,2010,WD,Normal,189000
1212,50,RL,152.0,12134,Pave,None,IR1,Bnk,AllPub,Inside,Mod,Gilbert,Norm,Norm,1Fam,1.5Fin,8,7,1988,2005,Gable,CompShg,Wd Sdng,Wd Sdng,None,0.0,Gd,TA,Wood,Gd,TA,Av,GLQ,Unf,559,GasA,Gd,Y,SBrkr,1752,0,0,2,0,4,1,TA,Typ,0,None,Basment,1988.0,RFn,2,TA,TA,Y,325,12,0,0,0,0,None,None,None,0,6,2010,WD,Normal,164000
1213,30,RL,50.0,9340,Pave,None,Reg,Lvl,AllPub,Inside,Gtl,Edwards,Norm,Norm,1Fam,1Story,4,6,1941,1950,Hip,CompShg,MetalSd,MetalSd,None,0.0,TA,TA,CBlock,TA,TA,No,Rec,Unf,672,GasA,TA,Y,SBrkr,672,1,0,1,0,2,1,TA,Typ,0,None,Attchd,1941.0,Unf,1,TA,TA,N,0,113,0,0,0,0,None,None,None,0,8,2009,WD,Normal,113000
1214,80,RL,71.0,10246,Pave,None,IR1,Lvl,AllPub,CulDSac,Gtl,Sawyer,Norm,Norm,1Fam,SLvl,4,9,1965,2001,Gable,CompShg,VinylSd,VinylSd,None,0.0,TA,Gd,CBlock,TA,Gd,Av,GLQ,Unf,648,GasA,Ex,Y,SBrkr,960,1,1,0,0,0,1,TA,Typ,0,None,Attchd,1965.0,Unf,1,TA,TA,Y,88,0,0,0,0,0,None,None,None,0,5,2006,WD,Normal,145000
1215,85,RL,69.0,10205,Pave,None,IR1,Lvl,AllPub,Inside,Gtl,NAmes,Norm,Norm,1Fam,SFoyer,5,5,1962,1962,Gable,CompShg,MetalSd,MetalSd,None,0.0,TA,TA,CBlock,TA,TA,Av,BLQ,Unf,925,GasA,TA,Y,SBrkr,999,1,0,1,0,3,1,TA,Typ,0,None,Attchd,1962.0,Unf,1,TA,TA,Y,150,72,0,0,0,0,None,None,None,0,5,2006,WD,Normal,134500
1216,20,RL,99.0,7094,Pave,None,IR1,Lvl,AllPub,Inside,Gtl,Sawyer,Norm,Norm,1Fam,1Story,5,5,1966,1966,Gable,CompShg,VinylSd,VinylSd,None,0.0,TA,TA,CBlock,TA,TA,No,Rec,LwQ,894,GasA,TA,Y,SBrkr,894,0,0,1,0,3,1,TA,Typ,0,None,Detchd,1966.0,RFn,1,TA,TA,Y,0,0,0,0,0,0,None,MnPrv,None,0,5,2007,WD,Normal,125000
1217,90,RM,68.0,8930,Pave,None,Reg,Lvl,AllPub,Inside,Gtl,Sawyer,RRAe,Norm,Duplex,1.5Fin,6,5,1978,1978,Gable,CompShg,VinylSd,VinylSd,None,0.0,TA,TA,Slab,None,None,None,None,None,0,GasA,TA,Y,SBrkr,1902,0,0,2,0,4,2,TA,Typ,0,None,Attchd,1978.0,Unf,2,TA,TA,Y,0,0,0,0,0,0,None,None,None,0,4,2010,WD,Normal,112000
1218,20,FV,72.0,8640,Pave,None,Reg,Lvl,AllPub,Inside,Gtl,Somerst,Norm,Norm,1Fam,1Story,8,5,2009,2009,Gable,CompShg,CemntBd,CmentBd,Stone,72.0,Gd,TA,PConc,Gd,TA,Mn,GLQ,Unf,1300,GasA,Ex,Y,SBrkr,1314,1,0,2,0,3,1,Gd,Typ,0,None,Attchd,2009.0,RFn,2,TA,TA,Y,135,112,0,0,0,0,None,None,None,0,9,2009,New,Partial,229456
1219,50,RM,52.0,6240,Pave,None,Reg,Lvl,AllPub,Inside,Gtl,BrkSide,Norm,Norm,1Fam,1.5Fin,4,5,1947,1950,Gable,CompShg,AsbShng,AsbShng,None,0.0,TA,TA,Slab,None,None,None,None,None,0,GasA,Gd,N,SBrkr,912,0,0,1,0,2,1,TA,Typ,0,None,None,0.0,None,0,None,None,N,0,0,0,0,0,0,None,None,None,0,7,2006,WD,Normal,80500
1220,160,RM,21.0,1680,Pave,None,Reg,Lvl,AllPub,Inside,Gtl,BrDale,Norm,Norm,Twnhs,2Story,6,5,1971,1971,Gable,CompShg,CemntBd,CmentBd,BrkFace,236.0,TA,TA,CBlock,TA,TA,No,Unf,Unf,672,GasA,TA,Y,SBrkr,1218,0,0,1,1,3,1,TA,Typ,0,None,None,0.0,None,0,None,None,N,201,0,0,0,0,0,None,None,None,0,4,2006,WD,Abnorml,91500
1221,20,RL,66.0,7800,Pave,None,IR1,Lvl,AllPub,Inside,Gtl,NAmes,Norm,Norm,1Fam,1Story,5,5,1964,1964,Gable,CompShg,Wd Sdng,Wd Sdng,None,0.0,TA,TA,CBlock,TA,TA,No,Rec,LwQ,912,GasA,TA,Y,SBrkr,912,0,0,1,0,2,1,TA,Typ,0,None,Attchd,1964.0,Unf,1,TA,TA,Y,0,0,0,0,0,0,None,None,None,0,11,2006,WD,Abnorml,115000
1222,20,RL,55.0,8250,Pave,None,Reg,Lvl,AllPub,Inside,Gtl,Sawyer,Feedr,Norm,1Fam,1Story,5,5,1968,1968,Hip,CompShg,HdBoard,HdBoard,None,0.0,TA,TA,CBlock,TA,TA,No,BLQ,LwQ,952,GasA,Ex,Y,SBrkr,1211,0,0,1,0,3,1,TA,Typ,1,TA,Attchd,1968.0,Unf,1,TA,TA,Y,0,63,0,0,0,0,None,None,None,0,8,2008,WD,Normal,134000
1223,50,RL,78.0,10496,Pave,None,Reg,Lvl,AllPub,Inside,Gtl,NAmes,Artery,Norm,1Fam,1.5Fin,6,6,1949,1950,Gable,CompShg,Wd Sdng,Wd Sdng,BrkFace,320.0,TA,TA,CBlock,TA,TA,Mn,Rec,Unf,1040,GasA,Ex,Y,SBrkr,1846,0,0,2,0,3,1,TA,Typ,1,Gd,Attchd,1949.0,Unf,1,TA,TA,Y,0,0,0,0,0,0,None,GdWo,None,0,1,2007,WD,Normal,143000
1224,20,RL,89.0,10680,Pave,None,Reg,Lvl,AllPub,Inside,Gtl,NAmes,Norm,Norm,1Fam,1Story,5,3,1951,1951,Hip,CompShg,Wd Sdng,Wd Sdng,BrkFace,44.0,TA,TA,CBlock,TA,Fa,No,LwQ,Unf,2136,GasA,TA,N,FuseA,2136,0,0,2,0,4,1,TA,Mod,0,None,Detchd,1951.0,Unf,2,TA,TA,Y,0,30,0,0,0,0,None,MnPrv,None,0,10,2006,WD,Normal,137900
1225,60,RL,60.0,15384,Pave,None,IR1,Lvl,AllPub,Inside,Gtl,Gilbert,RRAn,Norm,1Fam,2Story,7,5,2004,2005,Gable,CompShg,VinylSd,VinylSd,None,0.0,Gd,TA,PConc,Gd,TA,Av,GLQ,Unf,788,GasA,Ex,Y,SBrkr,1490,1,0,2,1,3,1,Gd,Typ,1,Gd,Attchd,2004.0,Fin,2,TA,TA,Y,100,75,0,0,0,0,None,None,None,0,2,2008,WD,Normal,184000
1226,80,RL,65.0,10482,Pave,None,Reg,Lvl,AllPub,Inside,Gtl,NAmes,Norm,Norm,1Fam,SLvl,6,8,1958,1958,Hip,CompShg,VinylSd,VinylSd,BrkFace,63.0,TA,Gd,CBlock,TA,TA,Av,GLQ,Unf,588,GasA,Ex,Y,SBrkr,1138,0,1,1,0,3,1,TA,Typ,0,None,Attchd,1958.0,RFn,1,TA,TA,Y,224,0,0,0,0,0,None,MnWw,None,0,6,2007,WD,Normal,145000
1227,60,RL,86.0,14598,Pave,None,IR1,Lvl,AllPub,CulDSac,Gtl,Somerst,Feedr,Norm,1Fam,2Story,6,5,2007,2007,Gable,CompShg,VinylSd,VinylSd,Stone,74.0,Gd,TA,PConc,Gd,TA,Mn,Unf,Unf,894,GasA,Ex,Y,SBrkr,1933,0,0,2,1,4,1,Gd,Typ,1,Gd,BuiltIn,2007.0,Fin,3,TA,TA,Y,100,18,0,0,0,0,None,None,None,0,1,2008,WD,Normal,214000
1228,20,RL,72.0,8872,Pave,None,Reg,Lvl,AllPub,Corner,Gtl,NAmes,Norm,Norm,1Fam,1Story,5,8,1965,2008,Gable,CompShg,VinylSd,VinylSd,BrkFace,300.0,TA,TA,CBlock,TA,TA,No,ALQ,Unf,912,GasA,Ex,Y,SBrkr,912,1,0,1,0,2,1,Gd,Typ,0,None,Detchd,1992.0,Unf,2,TA,TA,Y,0,240,0,0,0,0,None,None,None,0,12,2008,WD,Normal,147000
1229,120,RL,65.0,8769,Pave,None,Reg,Lvl,AllPub,Corner,Gtl,NridgHt,Norm,Norm,TwnhsE,1Story,9,5,2008,2008,Hip,CompShg,MetalSd,MetalSd,BrkFace,766.0,Ex,TA,PConc,Ex,TA,No,GLQ,Unf,1702,GasA,Ex,Y,SBrkr,1702,1,0,1,1,1,1,Ex,Typ,1,Gd,Attchd,2008.0,Fin,3,TA,TA,Y,0,72,0,0,224,0,None,None,None,0,10,2008,New,Partial,367294
1230,80,RL,70.0,7910,Pave,None,Reg,Lvl,AllPub,Inside,Gtl,NAmes,Norm,Norm,1Fam,SLvl,5,5,1960,1960,Hip,CompShg,BrkFace,HdBoard,None,0.0,TA,TA,CBlock,TA,TA,No,ALQ,Unf,1075,GasA,Gd,Y,SBrkr,1507,0,0,2,0,4,1,TA,Maj1,0,None,Basment,1960.0,Unf,1,TA,TA,Y,0,0,0,0,0,0,None,GdWo,None,0,8,2008,WD,Normal,127000
1231,90,RL,71.0,18890,Pave,None,IR1,Lvl,AllPub,Inside,Gtl,Sawyer,Feedr,RRAe,Duplex,1.5Fin,5,5,1977,1977,Shed,CompShg,Plywood,Plywood,None,1.0,TA,TA,CBlock,Gd,TA,No,GLQ,Rec,1361,GasA,Ex,Y,SBrkr,2620,0,0,2,2,4,2,TA,Typ,1,TA,BuiltIn,1977.0,RFn,2,TA,TA,N,155,24,145,0,0,0,None,None,Gar2,8300,8,2007,WD,Normal,190000
1232,90,RL,70.0,7728,Pave,None,Reg,Lvl,AllPub,Inside,Gtl,NAmes,Norm,Norm,Duplex,SLvl,5,6,1962,1962,Hip,CompShg,Wd Sdng,Wd Sdng,BrkFace,120.0,TA,TA,CBlock,TA,TA,Av,ALQ,Unf,1106,GasA,TA,Y,SBrkr,1190,1,0,1,0,3,1,TA,Typ,0,None,Attchd,1962.0,Unf,2,TA,TA,Y,0,18,0,0,0,0,None,GdWo,None,0,5,2006,WD,Normal,132500
1233,90,RL,70.0,9842,Pave,None,Reg,Lvl,AllPub,FR2,Gtl,NAmes,Norm,Norm,Duplex,1Story,4,5,1962,1962,Gable,CompShg,HdBoard,HdBoard,None,0.0,TA,TA,Slab,None,None,None,None,None,0,GasA,TA,Y,SBrkr,1224,0,0,2,0,2,2,TA,Typ,0,None,CarPort,1962.0,Unf,2,TA,TA,Y,0,0,0,0,0,0,None,None,None,0,3,2007,WD,Normal,101800
1234,20,RL,73.0,12160,Pave,None,IR1,Lvl,AllPub,Inside,Gtl,NAmes,Norm,Norm,1Fam,1Story,5,5,1959,1959,Hip,CompShg,Plywood,Plywood,BrkFace,180.0,TA,TA,CBlock,TA,TA,No,Rec,Unf,1188,GasA,Fa,Y,SBrkr,1188,1,0,1,0,3,1,TA,Typ,0,None,Attchd,1959.0,RFn,2,TA,TA,Y,0,0,0,0,0,0,None,MnPrv,None,0,5,2010,COD,Abnorml,142000
1235,70,RH,55.0,8525,Pave,None,Reg,Bnk,AllPub,Inside,Gtl,SWISU,Norm,Norm,1Fam,2Story,5,6,1911,1950,Gable,CompShg,MetalSd,MetalSd,None,0.0,TA,TA,PConc,TA,TA,Av,Unf,Unf,940,GasA,TA,N,FuseA,1964,0,0,1,1,4,1,TA,Typ,0,None,None,0.0,None,0,None,None,N,0,192,0,0,0,0,None,None,None,0,11,2008,WD,Abnorml,130000
1236,70,RL,96.0,13132,Pave,None,Reg,Lvl,AllPub,Inside,Gtl,Crawfor,Norm,Norm,1Fam,2Story,5,5,1914,1950,Gable,CompShg,Wd Sdng,Wd Sdng,None,0.0,TA,TA,BrkTil,Gd,TA,Mn,Unf,Unf,747,GasA,Gd,Y,FuseF,1784,0,0,1,1,4,1,TA,Typ,0,None,Detchd,1914.0,Unf,1,Fa,Fa,N,203,40,0,0,0,0,None,None,None,0,7,2006,WD,Normal,138887
1237,160,RL,36.0,2628,Pave,None,Reg,Lvl,AllPub,Inside,Gtl,NridgHt,Norm,Norm,Twnhs,2Story,7,5,2003,2003,Gable,CompShg,VinylSd,Wd Shng,Stone,106.0,Gd,TA,PConc,Gd,TA,No,Unf,Unf,764,GasA,Ex,Y,SBrkr,1626,0,0,2,1,2,1,Gd,Typ,0,None,BuiltIn,2003.0,RFn,2,TA,TA,Y,0,27,0,0,0,0,None,None,None,0,6,2010,WD,Normal,175500
1238,60,RL,41.0,12393,Pave,None,IR2,Lvl,AllPub,FR2,Gtl,CollgCr,Norm,Norm,1Fam,2Story,7,5,2004,2005,Gable,CompShg,VinylSd,VinylSd,None,0.0,Gd,TA,PConc,Gd,TA,No,Unf,Unf,847,GasA,Ex,Y,SBrkr,1948,0,0,2,1,4,1,Gd,Typ,1,Gd,BuiltIn,2004.0,Fin,2,TA,TA,Y,100,48,0,0,0,0,None,None,None,0,9,2006,WD,Normal,195000
1239,20,RL,63.0,13072,Pave,None,Reg,Lvl,AllPub,Inside,Gtl,SawyerW,RRAe,Norm,1Fam,1Story,6,5,2005,2005,Gable,CompShg,VinylSd,VinylSd,None,0.0,Gd,TA,PConc,Gd,TA,No,Unf,Unf,1141,GasA,Ex,Y,SBrkr,1141,0,0,1,1,3,1,TA,Typ,0,None,Detchd,2005.0,Unf,2,TA,TA,Y,0,0,0,0,0,0,None,None,None,0,3,2006,WD,Abnorml,142500
1240,20,RL,64.0,9037,Pave,None,IR1,HLS,AllPub,Inside,Gtl,Timber,Norm,Norm,1Fam,1Story,8,5,2006,2006,Hip,CompShg,VinylSd,VinylSd,BrkFace,32.0,Gd,TA,PConc,Gd,TA,Av,GLQ,Unf,1476,GasA,Ex,Y,SBrkr,1484,0,0,2,0,2,1,Ex,Typ,1,Gd,Attchd,2006.0,RFn,2,TA,TA,Y,120,33,0,0,0,0,None,None,None,0,12,2007,WD,Normal,265900
1241,60,RL,65.0,8158,Pave,None,Reg,Lvl,AllPub,Inside,Gtl,CollgCr,Norm,Norm,1Fam,2Story,7,5,2003,2003,Gable,CompShg,VinylSd,VinylSd,BrkFace,252.0,Gd,TA,PConc,Gd,TA,No,GLQ,Unf,884,GasA,Ex,Y,SBrkr,1768,1,0,2,1,3,1,Gd,Typ,0,None,Attchd,2003.0,RFn,2,TA,TA,Y,0,63,0,0,0,0,None,None,None,0,7,2008,WD,Normal,224900
1242,20,RL,83.0,9849,Pave,None,Reg,Lvl,AllPub,Inside,Gtl,Somerst,Norm,Norm,1Fam,1Story,7,6,2007,2007,Hip,CompShg,VinylSd,VinylSd,Stone,0.0,Gd,TA,PConc,Gd,TA,Av,Unf,Unf,1689,GasA,Ex,Y,SBrkr,1689,0,0,2,0,3,1,Gd,Typ,0,None,Attchd,2007.0,RFn,3,TA,TA,Y,0,56,0,0,0,0,None,None,None,0,6,2007,New,Partial,248328
1243,85,RL,85.0,10625,Pave,None,Reg,Lvl,AllPub,Inside,Gtl,NWAmes,Norm,Norm,1Fam,SFoyer,7,6,1974,1974,Gable,CompShg,Plywood,Plywood,BrkFace,81.0,TA,TA,CBlock,Gd,TA,Gd,GLQ,LwQ,1053,GasA,TA,Y,SBrkr,1173,1,0,2,0,3,1,Gd,Typ,2,TA,Attchd,1974.0,RFn,2,TA,TA,Y,0,120,0,0,0,0,None,MnPrv,None,0,1,2010,WD,Family,170000
1244,20,RL,107.0,13891,Pave,None,Reg,Lvl,AllPub,Inside,Gtl,NridgHt,Norm,Norm,1Fam,1Story,10,5,2006,2006,Gable,CompShg,VinylSd,VinylSd,None,0.0,Ex,TA,PConc,Ex,Gd,Gd,GLQ,Unf,2076,GasA,Ex,Y,SBrkr,2076,1,0,2,1,2,1,Ex,Typ,1,Gd,Attchd,2006.0,Fin,3,TA,TA,Y,216,229,0,0,0,0,None,None,None,0,9,2006,New,Partial,465000
1245,70,RL,74.0,11435,Pave,None,IR1,HLS,AllPub,Corner,Mod,Crawfor,Norm,Norm,1Fam,2Story,8,7,1929,1950,Gable,CompShg,BrkFace,Stucco,None,0.0,TA,TA,PConc,Gd,TA,No,Unf,Unf,792,GasA,Fa,Y,SBrkr,1517,0,0,1,0,3,1,Gd,Typ,2,Gd,Detchd,1931.0,Unf,2,TA,TA,Y,0,0,0,0,0,0,None,None,None,0,6,2006,WD,Normal,230000
1246,80,RL,78.0,12090,Pave,None,Reg,Lvl,AllPub,Inside,Gtl,NWAmes,Norm,Norm,1Fam,SLvl,6,7,1984,2003,Hip,CompShg,VinylSd,VinylSd,BrkFace,74.0,TA,TA,CBlock,Gd,TA,No,Unf,Unf,585,GasA,Ex,Y,SBrkr,1868,0,0,3,1,3,1,TA,Typ,1,TA,BuiltIn,1984.0,Fin,2,TA,TA,Y,268,112,0,0,147,0,None,None,None,0,1,2007,WD,Abnorml,178000
1247,60,FV,65.0,8125,Pave,None,Reg,Lvl,AllPub,Inside,Gtl,Somerst,Norm,Norm,1Fam,2Story,7,5,2005,2006,Gable,CompShg,VinylSd,VinylSd,None,0.0,Gd,TA,PConc,Gd,TA,No,Unf,Unf,756,GasA,Ex,Y,SBrkr,1553,0,0,2,1,3,1,Gd,Typ,0,None,Attchd,2005.0,RFn,2,TA,TA,Y,0,45,0,0,0,0,None,None,None,0,3,2006,New,Partial,186500
1248,80,RL,73.0,12328,Pave,None,IR1,Lvl,AllPub,Inside,Gtl,Mitchel,Norm,Norm,1Fam,SLvl,6,5,1976,1976,Gable,CompShg,HdBoard,HdBoard,BrkFace,335.0,TA,TA,CBlock,TA,TA,Av,GLQ,Unf,1012,GasA,TA,Y,SBrkr,1034,1,0,1,0,3,1,TA,Typ,0,None,Attchd,1976.0,Unf,3,TA,TA,Y,0,0,0,0,0,0,None,None,None,0,5,2010,WD,Normal,169900
1249,75,RM,60.0,9600,Pave,Grvl,Reg,Lvl,AllPub,Inside,Gtl,OldTown,Norm,Norm,1Fam,2.5Unf,6,5,1917,1950,Gable,CompShg,AsbShng,AsbShng,None,0.0,TA,TA,BrkTil,Gd,TA,No,Rec,Unf,735,OthW,Fa,N,SBrkr,2058,0,0,1,1,3,1,TA,Typ,1,Gd,Detchd,1950.0,Unf,2,Fa,Fa,P,0,0,259,0,0,0,None,None,None,0,4,2008,WD,Normal,129500
1250,20,RL,60.0,7200,Pave,None,Reg,Lvl,AllPub,Inside,Gtl,NAmes,Norm,Norm,1Fam,1Story,5,7,1950,1950,Gable,CompShg,MetalSd,MetalSd,None,0.0,TA,TA,CBlock,TA,TA,No,BLQ,Rec,876,GasA,TA,Y,SBrkr,988,0,0,1,0,3,1,TA,Typ,0,None,Attchd,1950.0,Unf,1,TA,TA,Y,0,80,0,0,0,0,None,None,None,0,5,2007,WD,Normal,119000
1251,20,RL,93.0,11160,Pave,None,Reg,Lvl,AllPub,Corner,Gtl,NAmes,Norm,Norm,1Fam,1Story,7,5,1968,1968,Hip,CompShg,BrkFace,BrkFace,None,0.0,Gd,TA,CBlock,TA,TA,No,ALQ,Unf,2110,GasA,Ex,Y,SBrkr,2110,1,0,2,1,3,1,Ex,Typ,2,TA,Attchd,1968.0,Fin,2,TA,TA,Y,0,0,0,0,0,0,None,None,None,0,4,2010,WD,Normal,244000
1252,120,RL,88.5,3136,Pave,None,IR1,Lvl,AllPub,Corner,Gtl,NridgHt,Norm,Norm,TwnhsE,1Story,7,5,2003,2003,Gable,CompShg,VinylSd,Wd Shng,Stone,163.0,Gd,TA,PConc,Gd,TA,No,Unf,Unf,1405,GasA,Ex,Y,SBrkr,1405,0,0,2,0,2,1,Gd,Typ,1,Gd,Attchd,2003.0,RFn,2,TA,TA,Y,148,36,0,0,0,0,None,None,None,0,3,2006,WD,Normal,171750
1253,20,RL,62.0,9858,Pave,None,Reg,Lvl,AllPub,Inside,Gtl,Mitchel,Norm,Norm,1Fam,1Story,5,6,1968,1968,Gable,CompShg,HdBoard,HdBoard,None,0.0,TA,TA,CBlock,TA,TA,No,BLQ,Unf,864,GasA,TA,Y,SBrkr,874,1,0,1,0,3,1,TA,Typ,0,None,Attchd,1968.0,RFn,1,TA,TA,Y,33,0,0,0,0,0,None,GdWo,Shed,600,11,2009,WD,Normal,130000
1254,60,RL,68.0,17542,Pave,None,IR1,Lvl,AllPub,Inside,Gtl,Veenker,Norm,Norm,1Fam,2Story,7,7,1974,2003,Gable,CompShg,Wd Sdng,Wd Sdng,None,0.0,Gd,TA,CBlock,TA,TA,Gd,LwQ,ALQ,1192,GasA,TA,Y,SBrkr,2167,1,0,2,1,3,1,Gd,Typ,2,Gd,Attchd,1974.0,RFn,2,TA,TA,Y,220,47,0,0,0,0,None,MnPrv,None,0,7,2007,WD,Normal,294000
1255,60,RL,60.0,6931,Pave,None,Reg,Lvl,AllPub,Inside,Gtl,Edwards,Norm,Norm,1Fam,2Story,7,5,2003,2004,Gable,CompShg,VinylSd,VinylSd,Stone,92.0,Gd,TA,PConc,Gd,TA,No,Unf,Unf,746,GasA,Ex,Y,SBrkr,1656,0,0,2,1,3,1,Gd,Typ,1,Gd,BuiltIn,2003.0,Fin,2,TA,TA,Y,178,128,0,0,0,0,None,None,None,0,7,2008,WD,Normal,165400
1256,50,RM,52.0,6240,Pave,None,Reg,Lvl,AllPub,Inside,Gtl,BrkSide,Norm,Norm,1Fam,1.5Fin,6,6,1931,1950,Gable,CompShg,Wd Sdng,Wd Sdng,None,0.0,TA,TA,BrkTil,TA,Fa,No,LwQ,Unf,884,GasA,TA,Y,FuseA,1367,0,0,1,0,3,1,TA,Typ,1,Gd,Detchd,1978.0,Unf,1,TA,TA,Y,0,0,0,0,120,0,None,None,None,0,11,2007,WD,Normal,127500
1257,20,RL,91.0,14303,Pave,None,IR1,Lvl,AllPub,Corner,Gtl,NoRidge,Norm,Norm,1Fam,1Story,8,5,1994,1994,Hip,CompShg,HdBoard,HdBoard,BrkFace,554.0,Gd,TA,PConc,Gd,TA,Gd,GLQ,Unf,1986,GasA,Ex,Y,SBrkr,1987,1,0,2,0,2,1,Gd,Typ,1,TA,Attchd,1994.0,Fin,2,TA,TA,Y,262,36,0,0,0,0,None,None,None,0,8,2008,WD,Normal,301500
1258,30,RL,56.0,4060,Pave,None,Reg,Lvl,AllPub,Corner,Gtl,Edwards,Feedr,Norm,1Fam,1Story,5,8,1922,1950,Gable,CompShg,Wd Sdng,Wd Sdng,None,0.0,TA,TA,PConc,Fa,TA,No,Unf,Unf,864,GasA,Ex,Y,SBrkr,864,0,0,1,0,2,1,TA,Typ,0,None,None,0.0,None,0,None,None,Y,0,96,0,0,0,0,None,None,None,0,7,2009,WD,Normal,99900
1259,80,RL,59.0,9587,Pave,None,IR1,Lvl,AllPub,Inside,Gtl,Gilbert,Norm,Norm,1Fam,SLvl,7,5,2005,2005,Gable,CompShg,VinylSd,VinylSd,Stone,182.0,Gd,TA,PConc,Gd,TA,Gd,GLQ,Unf,856,GasA,Ex,Y,SBrkr,1166,1,0,2,0,2,1,Gd,Typ,0,None,Attchd,2005.0,Fin,2,TA,TA,Y,212,0,0,0,0,0,None,None,None,0,7,2008,WD,Normal,190000
1260,20,RL,65.0,9750,Pave,None,Reg,Lvl,AllPub,FR2,Gtl,NAmes,Norm,Norm,1Fam,1Story,6,8,1969,1969,Gable,CompShg,HdBoard,HdBoard,None,0.0,TA,TA,CBlock,Gd,TA,No,ALQ,LwQ,1054,GasA,Gd,Y,SBrkr,1054,1,0,1,1,3,1,TA,Typ,0,None,Attchd,1969.0,Unf,2,TA,TA,Y,180,0,0,0,80,0,None,None,None,0,7,2008,WD,Normal,151000
1261,60,RL,65.0,24682,Pave,None,IR3,Lvl,AllPub,CulDSac,Gtl,Gilbert,RRAn,Norm,1Fam,2Story,6,5,1999,1999,Gable,CompShg,VinylSd,VinylSd,None,0.0,TA,TA,PConc,Gd,TA,No,Unf,Unf,841,GasA,Ex,Y,SBrkr,1675,0,0,2,1,3,1,TA,Typ,1,TA,BuiltIn,1999.0,Fin,2,TA,TA,Y,0,103,0,0,0,0,None,None,None,0,6,2009,WD,Normal,181000
1262,20,RL,80.0,9600,Pave,None,Reg,Lvl,AllPub,Inside,Gtl,NAmes,Norm,Norm,1Fam,1Story,5,6,1956,1956,Hip,CompShg,MetalSd,MetalSd,None,0.0,TA,TA,CBlock,TA,TA,No,Rec,Unf,1050,GasA,Gd,Y,SBrkr,1050,0,0,1,0,2,1,TA,Typ,0,None,Attchd,1956.0,Unf,1,TA,TA,Y,0,0,0,0,0,0,None,None,None,0,6,2009,WD,Normal,128900
1263,50,RL,80.0,11250,Pave,None,Reg,Lvl,AllPub,Inside,Gtl,ClearCr,Norm,Norm,1Fam,1.5Fin,4,5,1957,1989,Gable,CompShg,Wd Sdng,Wd Sdng,None,0.0,TA,TA,CBlock,TA,TA,Av,Unf,Unf,1104,GasA,Ex,Y,FuseA,1788,1,0,1,0,5,1,TA,Min2,2,TA,Attchd,1957.0,Unf,1,TA,TA,Y,120,0,0,0,0,0,None,None,None,0,11,2009,WD,Normal,161500
1264,70,RL,60.0,13515,Pave,Pave,Reg,Lvl,AllPub,Inside,Gtl,BrkSide,Norm,Norm,1Fam,2Story,6,6,1919,1950,Gambrel,CompShg,Wd Sdng,Wd Sdng,None,0.0,TA,TA,PConc,TA,TA,No,Unf,Unf,764,GasA,Ex,Y,FuseA,1824,0,0,1,0,3,1,TA,Typ,1,Gd,Detchd,1940.0,Unf,2,TA,TA,N,0,0,126,0,0,0,None,GdPrv,None,0,7,2007,WD,Normal,180500
1265,120,RH,34.0,4060,Pave,None,Reg,Lvl,AllPub,Inside,Gtl,NAmes,Norm,Norm,TwnhsE,1Story,6,5,1998,1999,Gable,CompShg,MetalSd,MetalSd,None,0.0,Gd,TA,PConc,Gd,TA,No,GLQ,Unf,1405,GasA,Ex,Y,SBrkr,1337,1,0,2,0,2,1,Gd,Typ,0,None,Attchd,1998.0,Fin,2,TA,TA,Y,144,68,0,0,0,0,None,None,None,0,8,2008,COD,Abnorml,181000
1266,160,FV,35.0,3735,Pave,None,Reg,Lvl,AllPub,FR3,Gtl,Somerst,Norm,Norm,TwnhsE,2Story,7,5,1999,1999,Hip,CompShg,MetalSd,MetalSd,BrkFace,218.0,Gd,TA,PConc,Gd,TA,No,GLQ,Unf,691,GasA,Ex,Y,SBrkr,1452,1,0,2,1,3,1,Gd,Typ,0,None,Detchd,1999.0,Unf,2,TA,TA,Y,0,34,0,0,0,0,None,None,None,0,3,2006,WD,Normal,183900
1267,190,RM,60.0,10120,Pave,None,IR1,Bnk,AllPub,Inside,Gtl,OldTown,Feedr,Norm,2fmCon,2.5Unf,7,4,1910,1950,Hip,CompShg,Wd Sdng,Wd Sdng,None,0.0,Fa,TA,CBlock,TA,TA,No,Unf,Unf,925,GasA,TA,N,FuseF,1889,0,0,1,1,4,2,TA,Typ,1,Gd,Detchd,1960.0,Unf,1,TA,TA,N,0,0,264,0,0,0,None,MnPrv,None,0,1,2007,WD,Normal,122000
1268,20,RL,89.0,13214,Pave,None,IR1,HLS,AllPub,Inside,Gtl,Timber,Norm,Norm,1Fam,1Story,9,5,2008,2009,Hip,CompShg,Stucco,CmentBd,None,0.0,Ex,TA,PConc,Ex,TA,Gd,Unf,Unf,2002,GasA,Ex,Y,SBrkr,2018,0,0,2,0,3,1,Ex,Typ,1,Gd,Attchd,2009.0,Fin,3,TA,TA,Y,144,76,0,0,0,0,None,None,None,0,5,2010,WD,Normal,378500
1269,50,RL,74.0,14100,Pave,None,IR1,Lvl,AllPub,Inside,Mod,Crawfor,Norm,Norm,1Fam,1.5Fin,8,9,1935,1997,Gable,CompShg,Stucco,Stucco,BrkFace,632.0,TA,Gd,CBlock,TA,TA,Mn,Rec,Unf,728,GasA,Ex,Y,SBrkr,3447,0,0,3,1,4,1,Gd,Typ,2,Gd,BuiltIn,1982.0,Unf,3,TA,TA,Y,314,12,0,0,0,0,None,GdWo,None,0,5,2008,WD,Normal,381000
1270,50,RL,78.0,11344,Pave,None,Reg,Lvl,AllPub,Inside,Gtl,NAmes,Feedr,Norm,1Fam,1.5Fin,5,5,1958,1958,Gable,CompShg,MetalSd,MetalSd,BrkFace,180.0,TA,TA,CBlock,TA,TA,No,BLQ,Unf,874,GasW,TA,Y,FuseA,1524,0,0,1,1,3,1,TA,Typ,0,None,Attchd,1958.0,Unf,1,TA,TA,Y,0,0,0,0,0,0,None,GdWo,None,0,7,2007,WD,Normal,144000
1271,40,RL,80.0,23595,Pave,None,Reg,Low,AllPub,Inside,Sev,ClearCr,Norm,Norm,1Fam,1Story,7,6,1979,1979,Shed,WdShake,Plywood,Plywood,None,0.0,Gd,TA,PConc,Gd,TA,Gd,GLQ,Unf,1332,GasA,TA,Y,SBrkr,1524,2,0,0,1,0,1,Gd,Typ,1,TA,Attchd,1979.0,Fin,2,TA,TA,Y,268,0,0,0,0,0,None,None,None,0,4,2010,WD,Normal,260000
1272,20,RL,80.0,9156,Pave,None,IR1,Lvl,AllPub,Inside,Gtl,NWAmes,PosN,Norm,1Fam,1Story,6,7,1968,1968,Hip,CompShg,BrkFace,BrkFace,None,0.0,TA,TA,CBlock,TA,TA,No,Unf,Unf,1489,GasA,Gd,Y,SBrkr,1489,0,0,2,0,3,1,Gd,Typ,1,Gd,Attchd,1968.0,RFn,2,TA,TA,Y,0,0,0,0,0,0,None,None,None,0,8,2009,WD,Normal,185750
1273,20,RL,71.0,13526,Pave,None,IR1,Lvl,AllPub,CulDSac,Gtl,Sawyer,Norm,Norm,1Fam,1Story,5,6,1965,1965,Hip,CompShg,HdBoard,Plywood,BrkFace,114.0,TA,TA,CBlock,TA,TA,No,BLQ,LwQ,935,GasA,TA,Y,SBrkr,935,1,0,1,0,3,1,TA,Typ,0,None,Attchd,1965.0,Unf,1,TA,TA,Y,180,0,0,0,0,0,None,MnPrv,None,0,11,2006,WD,Normal,137000
1274,80,RL,124.0,11512,Pave,None,IR1,Lvl,AllPub,Corner,Gtl,Edwards,Norm,Norm,1Fam,SLvl,6,7,1959,2006,Gable,CompShg,Plywood,Plywood,BrkFace,84.0,TA,TA,CBlock,TA,TA,Av,ALQ,Unf,1019,GasA,Gd,Y,SBrkr,1357,1,0,1,0,2,1,Ex,Typ,1,Gd,Basment,1959.0,RFn,1,TA,TA,Y,0,0,0,0,163,0,None,GdPrv,None,0,5,2008,WD,Normal,177000
1275,50,RL,53.0,5362,Pave,None,Reg,Lvl,AllPub,Corner,Gtl,Crawfor,Norm,Norm,1Fam,1.5Fin,5,6,1910,2003,Gable,CompShg,Wd Sdng,Wd Shng,None,0.0,TA,TA,PConc,TA,TA,No,Unf,Unf,661,GasA,Ex,Y,SBrkr,1250,0,0,2,0,3,1,TA,Typ,1,Gd,Detchd,1985.0,Unf,2,TA,TA,Y,242,0,81,0,0,0,None,None,None,0,11,2007,WD,Normal,139000
1276,90,RL,95.0,11345,Pave,None,Reg,Lvl,AllPub,Corner,Gtl,NAmes,Feedr,Norm,Duplex,2Story,5,5,1948,1950,Gable,Roll,AsbShng,AsbShng,Stone,567.0,TA,TA,CBlock,TA,TA,No,Rec,Unf,928,GasA,Gd,Y,FuseA,1920,0,0,2,0,4,2,TA,Typ,0,None,Detchd,1948.0,Unf,2,TA,Fa,Y,0,0,0,0,0,0,None,None,None,0,7,2007,WD,Normal,137000
1277,60,RL,80.0,12936,Pave,None,IR1,Lvl,AllPub,CulDSac,Gtl,NWAmes,Norm,Norm,1Fam,2Story,6,6,1972,1972,Gable,CompShg,HdBoard,Plywood,None,0.0,TA,TA,CBlock,TA,Gd,No,BLQ,Unf,723,GasA,TA,Y,SBrkr,1395,0,1,1,1,3,1,TA,Typ,1,TA,Attchd,1972.0,Unf,2,TA,TA,Y,294,116,0,0,0,0,None,None,None,0,12,2009,WD,Normal,162000
1278,80,RL,80.0,17871,Pave,None,IR1,Lvl,AllPub,CulDSac,Gtl,NWAmes,Norm,Norm,1Fam,SLvl,6,5,1967,1976,Gable,CompShg,HdBoard,HdBoard,BrkFace,359.0,TA,TA,CBlock,Gd,TA,Av,ALQ,Unf,1680,GasA,Fa,Y,SBrkr,1724,1,0,1,1,3,1,TA,Typ,1,Gd,Attchd,1967.0,RFn,2,TA,TA,Y,0,0,0,0,0,0,None,None,None,0,6,2009,WD,Normal,197900
1279,60,RL,75.0,9473,Pave,None,Reg,Lvl,AllPub,Inside,Gtl,CollgCr,Norm,Norm,1Fam,2Story,8,5,2002,2002,Gable,CompShg,VinylSd,VinylSd,None,0.0,Gd,TA,PConc,Gd,TA,No,GLQ,Unf,1128,GasA,Ex,Y,SBrkr,2031,1,0,2,1,3,1,Gd,Typ,1,Gd,Attchd,2002.0,RFn,2,TA,TA,Y,0,211,0,0,0,0,None,None,None,0,3,2008,WD,Normal,237000
1280,50,C (all),60.0,7500,Pave,None,Reg,Lvl,AllPub,Inside,Gtl,IDOTRR,Norm,Norm,1Fam,1.5Fin,4,4,1920,1950,Gable,CompShg,MetalSd,MetalSd,None,0.0,TA,Gd,CBlock,TA,TA,No,Unf,Unf,698,GasA,TA,Y,FuseA,1128,0,0,1,0,2,1,TA,Typ,0,None,Detchd,1980.0,RFn,2,TA,TA,Y,30,0,164,0,0,0,None,None,None,0,4,2010,COD,Abnorml,68400
1281,20,RL,67.0,9808,Pave,None,IR1,Lvl,AllPub,Inside,Gtl,CollgCr,Norm,Norm,1Fam,1Story,7,5,2002,2002,Gable,CompShg,VinylSd,VinylSd,BrkFace,110.0,Gd,TA,PConc,Gd,TA,No,GLQ,Unf,1573,GasA,Ex,Y,SBrkr,1573,1,0,2,0,3,1,Gd,Typ,0,None,Attchd,2002.0,RFn,2,TA,TA,Y,0,72,0,0,0,0,None,None,None,0,3,2009,WD,Normal,227000
1282,20,RL,50.0,8049,Pave,None,IR1,Lvl,AllPub,CulDSac,Gtl,Timber,Norm,Norm,1Fam,1Story,7,5,1990,1990,Hip,CompShg,HdBoard,HdBoard,BrkFace,54.0,TA,TA,CBlock,Gd,TA,No,ALQ,Unf,1309,GasA,TA,Y,SBrkr,1339,1,0,2,0,2,1,TA,Typ,1,TA,Attchd,1990.0,Fin,2,Gd,Gd,Y,0,58,0,0,90,0,None,None,None,0,7,2006,WD,Normal,180000
1283,20,RL,61.0,8800,Pave,None,IR1,Lvl,AllPub,Inside,Gtl,CollgCr,Norm,Norm,1Fam,1Story,5,7,1977,2008,Gable,CompShg,HdBoard,HdBoard,None,0.0,TA,TA,CBlock,Gd,TA,Mn,LwQ,Rec,1040,GasA,TA,Y,SBrkr,1040,0,0,2,0,3,1,Gd,Typ,0,None,Detchd,1977.0,Unf,2,TA,TA,Y,0,0,0,0,288,0,None,None,None,0,9,2009,WD,Normal,150500
1284,90,RL,94.0,9400,Pave,None,Reg,Low,AllPub,Corner,Gtl,Mitchel,Norm,Norm,Duplex,2Story,6,5,1971,1971,Mansard,CompShg,MetalSd,Wd Shng,None,0.0,TA,TA,CBlock,TA,TA,Av,Unf,Unf,912,GasA,TA,Y,SBrkr,1824,0,0,2,2,4,2,TA,Typ,0,None,None,0.0,None,0,None,None,Y,128,0,0,0,0,0,None,None,None,0,4,2010,WD,Normal,139000
1285,50,RL,50.0,9638,Pave,None,Reg,Lvl,AllPub,Inside,Gtl,SWISU,Feedr,Norm,1Fam,1.5Fin,6,7,1919,1990,Gable,CompShg,Wd Sdng,Wd Shng,None,0.0,TA,TA,PConc,TA,TA,No,Unf,Unf,804,GasA,Ex,Y,SBrkr,2447,0,0,2,0,4,1,Gd,Min2,1,Gd,Detchd,1969.0,Unf,1,TA,TA,Y,272,0,42,0,116,0,None,None,None,0,3,2010,WD,Normal,169000
1286,50,RM,50.0,6000,Pave,None,Reg,Lvl,AllPub,Inside,Gtl,BrkSide,Norm,Norm,1Fam,1.5Fin,6,6,1939,1950,Gable,CompShg,MetalSd,MetalSd,None,0.0,TA,Fa,CBlock,TA,TA,No,Unf,Unf,780,GasA,Ex,Y,FuseF,1412,0,0,1,0,4,1,TA,Typ,1,Gd,Detchd,1939.0,Unf,1,TA,TA,Y,45,0,0,0,0,0,None,None,None,0,5,2009,WD,Normal,132500
1287,20,RL,80.0,9790,Pave,None,Reg,Lvl,AllPub,Inside,Gtl,NWAmes,Feedr,Norm,1Fam,1Story,6,5,1963,1963,Hip,CompShg,HdBoard,HdBoard,BrkFace,451.0,TA,TA,CBlock,TA,TA,No,ALQ,Rec,1328,GasA,TA,Y,SBrkr,1328,1,0,1,1,3,1,TA,Typ,2,Gd,Attchd,1963.0,Unf,2,TA,TA,Y,0,26,0,0,0,0,None,None,None,0,6,2010,WD,Normal,143000
1288,20,RL,80.0,36500,Pave,None,IR1,Low,AllPub,Inside,Mod,ClearCr,Norm,Norm,1Fam,1Story,5,5,1964,1964,Gable,CompShg,Wd Sdng,Wd Sdng,BrkCmn,621.0,TA,Gd,CBlock,TA,TA,Av,Rec,Unf,1624,GasA,Fa,Y,SBrkr,1582,0,1,2,0,4,1,TA,Typ,0,None,Attchd,1964.0,Unf,2,TA,TA,N,168,198,0,0,0,0,None,None,None,0,6,2006,WD,Normal,190000
1289,120,RL,40.0,5664,Pave,None,IR1,Lvl,AllPub,Inside,Gtl,StoneBr,Norm,Norm,TwnhsE,1Story,8,5,2000,2000,Gable,CompShg,CemntBd,CmentBd,None,0.0,Gd,TA,PConc,Gd,TA,No,GLQ,Unf,1501,GasA,Ex,Y,SBrkr,1659,1,0,2,0,2,1,Ex,Typ,1,Ex,Attchd,2000.0,Fin,2,TA,TA,Y,212,59,0,0,0,0,None,None,None,0,10,2009,WD,Normal,278000
1290,60,RL,86.0,11065,Pave,None,IR1,Lvl,AllPub,Inside,Gtl,NridgHt,Norm,Norm,1Fam,2Story,8,5,2006,2006,Gable,CompShg,VinylSd,VinylSd,Stone,788.0,Gd,TA,PConc,Gd,TA,Mn,Unf,Unf,1085,GasA,Ex,Y,SBrkr,1970,0,0,2,1,3,1,Ex,Typ,1,Gd,BuiltIn,2006.0,Fin,3,TA,TA,Y,177,74,0,0,0,0,None,None,None,0,10,2006,New,Partial,281000
1291,80,RL,73.0,14112,Pave,None,IR1,Lvl,AllPub,Corner,Gtl,NAmes,Norm,Norm,1Fam,SLvl,5,7,1964,1964,Hip,CompShg,Wd Sdng,HdBoard,BrkFace,86.0,TA,TA,PConc,TA,TA,Av,GLQ,Unf,1152,GasA,TA,Y,SBrkr,1152,1,0,1,0,3,1,TA,Typ,1,Gd,Attchd,1964.0,RFn,2,TA,TA,Y,227,0,0,0,0,0,None,None,None,0,4,2010,WD,Normal,180500
1292,160,RM,21.0,1680,Pave,None,Reg,Lvl,AllPub,Inside,Gtl,BrDale,Norm,Norm,Twnhs,2Story,5,7,1972,1972,Gable,CompShg,CemntBd,CmentBd,BrkFace,268.0,TA,TA,CBlock,TA,TA,No,ALQ,Unf,630,GasA,TA,Y,SBrkr,1302,0,0,2,1,3,1,TA,Typ,0,None,Detchd,1972.0,Unf,1,TA,TA,Y,185,0,0,0,0,0,None,None,None,0,2,2009,WD,Normal,119500
1293,70,RM,60.0,6600,Pave,None,Reg,Lvl,AllPub,Corner,Gtl,OldTown,Norm,Norm,1Fam,2Story,5,4,1892,1965,Gable,CompShg,Wd Sdng,Wd Sdng,None,0.0,TA,TA,Stone,TA,TA,No,Unf,Unf,994,GasA,TA,N,SBrkr,2372,0,0,2,0,4,2,TA,Min2,0,None,Attchd,1985.0,RFn,1,TA,TA,Y,0,287,0,0,0,0,None,None,None,0,12,2009,WD,Normal,107500
1294,60,RL,78.0,10140,Pave,None,Reg,Lvl,AllPub,Inside,Gtl,NWAmes,Norm,Norm,1Fam,2Story,7,5,1976,1976,Gable,CompShg,HdBoard,HdBoard,None,0.0,TA,TA,PConc,Gd,TA,No,GLQ,Unf,832,GasA,TA,Y,SBrkr,1664,0,0,2,1,4,1,TA,Typ,1,TA,Attchd,1976.0,RFn,2,TA,TA,Y,0,28,0,0,259,0,None,GdWo,None,0,3,2006,WD,Normal,162900
1295,20,RL,60.0,8172,Pave,None,Reg,Lvl,AllPub,Inside,Gtl,Edwards,Norm,Norm,1Fam,1Story,5,7,1955,1990,Hip,CompShg,WdShing,Plywood,None,0.0,TA,TA,CBlock,TA,TA,No,Rec,Unf,864,GasA,TA,Y,SBrkr,864,1,0,1,0,2,1,TA,Typ,0,None,Detchd,1957.0,Unf,2,TA,TA,N,0,0,0,0,0,0,None,None,None,0,4,2006,WD,Normal,115000
1296,20,RL,70.0,8400,Pave,None,Reg,Lvl,AllPub,Inside,Gtl,NAmes,Feedr,Norm,1Fam,1Story,5,5,1968,1968,Hip,CompShg,HdBoard,HdBoard,BrkFace,168.0,TA,TA,CBlock,TA,TA,Av,BLQ,Unf,1052,GasA,Gd,Y,SBrkr,1052,1,0,1,1,3,1,TA,Typ,0,None,Attchd,1968.0,RFn,1,TA,TA,Y,356,0,0,0,0,0,None,GdWo,None,0,11,2006,WD,Normal,138500
1297,20,RL,80.0,8700,Pave,None,Reg,Lvl,AllPub,Inside,Gtl,NAmes,Norm,Norm,1Fam,1Story,5,6,1963,1963,Hip,CompShg,MetalSd,MetalSd,BrkFace,148.0,TA,Gd,CBlock,TA,TA,Mn,ALQ,Unf,1120,GasA,Gd,Y,SBrkr,1128,1,0,2,0,3,1,TA,Typ,0,None,Attchd,1963.0,RFn,2,TA,TA,Y,192,20,123,0,0,0,None,MnPrv,None,0,12,2008,WD,Normal,155000
1298,180,RM,35.0,3675,Pave,None,Reg,Lvl,AllPub,Inside,Gtl,Edwards,Norm,Norm,TwnhsE,SFoyer,6,5,2005,2006,Gable,CompShg,VinylSd,VinylSd,BrkFace,82.0,TA,TA,PConc,Gd,TA,Gd,GLQ,Unf,547,GasA,Gd,Y,SBrkr,1072,1,0,2,0,2,1,TA,Typ,0,None,Basment,2005.0,Fin,2,TA,TA,Y,0,44,0,0,0,0,None,None,None,0,6,2006,New,Partial,140000
1299,60,RL,313.0,63887,Pave,None,IR3,Bnk,AllPub,Corner,Gtl,Edwards,Feedr,Norm,1Fam,2Story,10,5,2008,2008,Hip,ClyTile,Stucco,Stucco,Stone,796.0,Ex,TA,PConc,Ex,TA,Gd,GLQ,Unf,6110,GasA,Ex,Y,SBrkr,5642,2,0,2,1,3,1,Ex,Typ,3,Gd,Attchd,2008.0,Fin,2,TA,TA,Y,214,292,0,0,0,480,Gd,None,None,0,1,2008,New,Partial,160000
1300,20,RL,75.0,7500,Pave,None,Reg,Lvl,AllPub,Inside,Gtl,NAmes,Norm,Norm,1Fam,1Story,5,7,1959,1994,Hip,CompShg,BrkFace,BrkFace,None,0.0,TA,TA,CBlock,TA,TA,No,LwQ,Rec,1246,GasA,Ex,Y,SBrkr,1246,1,0,1,1,3,1,Gd,Typ,0,None,Attchd,1959.0,RFn,1,TA,TA,Y,218,0,0,0,0,0,None,GdPrv,None,0,5,2010,WD,Normal,154000
1301,60,RL,65.0,10762,Pave,None,IR1,Lvl,AllPub,CulDSac,Gtl,Gilbert,Norm,Norm,1Fam,2Story,7,5,1999,1999,Gable,CompShg,VinylSd,VinylSd,None,344.0,Gd,TA,PConc,Gd,TA,No,GLQ,Unf,978,GasA,Ex,Y,SBrkr,1983,0,0,2,1,3,1,Gd,Typ,1,TA,Attchd,1999.0,Fin,2,TA,TA,Y,0,0,0,0,0,0,None,None,None,0,5,2009,WD,Normal,225000
1302,70,RL,74.0,7500,Pave,None,IR1,Bnk,AllPub,Inside,Gtl,Crawfor,Norm,Norm,1Fam,2Story,6,7,1942,1950,Gable,CompShg,Wd Sdng,Wd Sdng,None,0.0,TA,TA,CBlock,TA,TA,No,BLQ,Unf,771,GasA,Fa,Y,SBrkr,1494,0,0,1,0,3,1,Gd,Typ,2,Gd,Attchd,1942.0,Unf,1,TA,TA,P,0,0,0,0,224,0,None,None,None,0,11,2009,WD,Normal,177500
1303,60,RL,92.0,10120,Pave,None,Reg,Lvl,AllPub,Inside,Gtl,NoRidge,Norm,Norm,1Fam,2Story,8,5,1994,1994,Hip,CompShg,VinylSd,VinylSd,BrkFace,391.0,Gd,TA,PConc,Gd,TA,No,GLQ,Unf,1165,GasA,Ex,Y,SBrkr,2526,1,0,2,1,4,1,Gd,Typ,1,TA,Attchd,1994.0,RFn,3,TA,TA,Y,309,78,0,0,0,0,None,None,None,0,12,2006,WD,Normal,290000
1304,20,RL,73.0,8688,Pave,None,Reg,Lvl,AllPub,Inside,Gtl,Somerst,Norm,Norm,1Fam,1Story,7,5,2005,2005,Gable,CompShg,VinylSd,VinylSd,BrkFace,228.0,Gd,TA,PConc,Gd,TA,Av,Unf,Unf,1616,GasA,Ex,Y,SBrkr,1616,0,0,2,0,3,1,Gd,Typ,0,None,Attchd,2005.0,RFn,3,TA,TA,Y,208,59,0,0,0,0,None,None,None,0,4,2006,WD,Normal,232000
1305,160,RM,32.0,3363,Pave,None,Reg,Lvl,AllPub,Inside,Gtl,Edwards,Norm,Norm,TwnhsE,2Story,7,5,2004,2004,Gable,CompShg,VinylSd,VinylSd,Stone,117.0,Gd,TA,PConc,Gd,TA,No,Unf,Unf,976,GasA,Ex,Y,SBrkr,1708,0,0,2,0,3,1,Gd,Maj1,0,None,Detchd,2004.0,Unf,2,TA,TA,Y,0,40,0,0,0,0,None,None,None,0,4,2006,WD,Normal,130000
1306,20,RL,108.0,13173,Pave,None,IR1,Lvl,AllPub,Corner,Gtl,NridgHt,Norm,Norm,1Fam,1Story,9,5,2006,2007,Hip,CompShg,VinylSd,VinylSd,Stone,300.0,Gd,TA,PConc,Ex,TA,No,GLQ,Unf,1652,GasA,Ex,Y,SBrkr,1652,1,0,2,0,2,1,Ex,Typ,2,Ex,Attchd,2006.0,Fin,2,TA,TA,Y,404,102,0,0,0,0,None,None,None,0,11,2009,WD,Normal,325000
1307,120,RL,48.0,6955,Pave,None,IR1,Lvl,AllPub,Inside,Gtl,NridgHt,Norm,Norm,TwnhsE,1Story,7,5,2005,2006,Gable,CompShg,VinylSd,VinylSd,Stone,94.0,Gd,TA,PConc,Gd,TA,No,Unf,Unf,1368,GasA,Ex,Y,SBrkr,1368,0,0,2,0,2,1,Gd,Typ,1,Gd,Attchd,2005.0,RFn,2,TA,TA,Y,132,35,0,0,0,0,None,None,None,0,9,2006,New,Partial,202500
1308,20,RL,60.0,8072,Pave,None,Reg,Lvl,AllPub,Inside,Gtl,CollgCr,Norm,Norm,1Fam,1Story,5,5,1994,1995,Gable,CompShg,VinylSd,VinylSd,None,0.0,TA,Gd,PConc,Gd,Gd,No,ALQ,Unf,990,GasA,Ex,Y,SBrkr,990,1,0,1,0,3,1,TA,Typ,0,None,Detchd,2000.0,Unf,2,TA,TA,Y,0,64,0,0,0,0,None,None,None,0,5,2009,WD,Normal,138000
1309,20,RM,100.0,12000,Pave,None,Reg,Lvl,AllPub,Inside,Gtl,OldTown,Norm,Norm,1Fam,1Story,5,7,1948,2005,Gable,CompShg,MetalSd,MetalSd,None,0.0,TA,TA,CBlock,TA,TA,No,GLQ,ALQ,924,GasA,Ex,Y,SBrkr,1122,1,0,1,0,2,1,Gd,Typ,0,None,Attchd,1948.0,Unf,2,TA,TA,Y,0,36,0,0,0,0,None,GdWo,None,0,5,2008,WD,Normal,147000
1310,20,RL,66.5,7153,Pave,None,Reg,Lvl,AllPub,Inside,Gtl,SawyerW,Norm,Norm,1Fam,1Story,6,5,1991,1991,Gable,CompShg,HdBoard,HdBoard,BrkFace,88.0,TA,TA,CBlock,Gd,TA,No,GLQ,Unf,1278,GasA,Gd,Y,SBrkr,1294,1,0,2,0,3,1,Gd,Typ,0,None,Attchd,1991.0,RFn,2,TA,TA,Y,112,51,0,0,0,0,None,GdWo,None,0,6,2008,WD,Normal,179200
1311,20,RL,100.0,17500,Pave,None,Reg,Lvl,AllPub,Inside,Gtl,Crawfor,PosA,Norm,1Fam,1Story,7,8,1959,2002,Gable,CompShg,BrkFace,HdBoard,None,0.0,Gd,Gd,PConc,Gd,TA,Av,GLQ,Unf,1902,GasA,TA,Y,SBrkr,1902,1,0,2,0,3,1,Ex,Typ,2,TA,Attchd,1959.0,Fin,2,TA,TA,Y,0,207,162,0,0,0,None,None,None,0,5,2010,WD,Normal,335000
1312,20,RL,68.0,8814,Pave,None,Reg,Lvl,AllPub,Inside,Gtl,CollgCr,Norm,Norm,1Fam,1Story,7,5,2005,2007,Gable,CompShg,VinylSd,VinylSd,BrkFace,80.0,Gd,TA,PConc,Gd,TA,No,GLQ,Unf,1274,GasA,Ex,Y,SBrkr,1274,1,0,2,0,3,1,Gd,Typ,0,None,Attchd,2005.0,RFn,2,TA,TA,Y,264,98,0,0,0,0,None,None,None,0,1,2007,New,Partial,203000
1313,60,RL,91.0,9572,Pave,None,IR1,Lvl,AllPub,Inside,Gtl,NoRidge,Norm,Norm,1Fam,2Story,8,5,1990,1990,Gable,CompShg,Wd Sdng,Wd Sdng,BrkFace,336.0,Gd,TA,PConc,Ex,TA,No,GLQ,Unf,1453,GasA,Ex,Y,SBrkr,2810,0,0,2,1,4,1,Gd,Typ,1,Ex,Attchd,1990.0,RFn,2,Gd,Gd,Y,500,0,0,0,0,0,None,None,None,0,6,2007,WD,Normal,302000
1314,60,RL,108.0,14774,Pave,None,IR1,Lvl,AllPub,Corner,Gtl,NoRidge,Norm,Norm,1Fam,2Story,9,5,1999,1999,Gable,CompShg,VinylSd,VinylSd,BrkFace,165.0,Gd,TA,PConc,Gd,TA,No,Unf,Unf,1393,GasA,Ex,Y,SBrkr,2599,0,0,2,1,4,1,Gd,Typ,1,TA,BuiltIn,1999.0,Fin,3,TA,TA,Y,668,30,0,0,0,0,None,None,None,0,5,2010,WD,Normal,333168
1315,20,RL,60.0,8190,Pave,None,Reg,Lvl,AllPub,Inside,Gtl,Edwards,Norm,Norm,1Fam,1Story,4,6,1954,1954,Hip,CompShg,Wd Sdng,Wd Sdng,None,0.0,TA,TA,CBlock,TA,TA,No,Rec,Unf,948,GasA,Ex,Y,SBrkr,948,1,0,1,0,3,1,TA,Typ,1,TA,Detchd,1956.0,Unf,1,TA,TA,Y,0,36,0,0,0,0,None,None,None,0,10,2007,WD,Normal,119000
1316,60,RL,85.0,11075,Pave,None,Reg,Lvl,AllPub,Inside,Gtl,NAmes,Norm,Norm,1Fam,2Story,6,5,1969,1969,Gable,CompShg,HdBoard,HdBoard,None,0.0,TA,TA,CBlock,Fa,TA,Mn,ALQ,LwQ,952,GasA,TA,Y,SBrkr,2112,0,0,2,1,4,1,TA,Typ,2,Gd,Attchd,1969.0,Unf,2,TA,TA,Y,280,0,0,0,0,0,None,None,None,0,6,2008,WD,Normal,206900
1317,20,RL,61.0,10226,Pave,None,IR1,Lvl,AllPub,Inside,Gtl,CollgCr,Norm,Norm,1Fam,1Story,8,5,2008,2008,Gable,CompShg,VinylSd,VinylSd,Stone,270.0,Gd,TA,PConc,Ex,TA,Gd,Unf,Unf,1622,GasA,Ex,Y,SBrkr,1630,1,0,2,0,3,1,Ex,Typ,1,Gd,Attchd,2008.0,RFn,3,TA,TA,Y,172,42,0,0,0,0,None,None,None,0,1,2009,WD,Normal,295493
1318,120,FV,47.0,4230,Pave,Pave,Reg,Lvl,AllPub,Corner,Gtl,Somerst,Norm,Norm,TwnhsE,1Story,7,5,2006,2007,Gable,CompShg,VinylSd,VinylSd,None,0.0,Gd,TA,PConc,Ex,Gd,No,Unf,Unf,1352,GasA,Ex,Y,SBrkr,1352,0,0,2,0,2,1,Gd,Typ,1,Gd,Attchd,2006.0,RFn,2,TA,TA,Y,0,241,0,0,0,0,None,None,None,0,4,2007,New,Partial,208900
1319,20,RL,70.0,14781,Pave,None,IR2,Lvl,AllPub,CulDSac,Gtl,CollgCr,Norm,Norm,1Fam,1Story,8,5,2001,2002,Hip,CompShg,VinylSd,VinylSd,BrkFace,178.0,Gd,TA,PConc,Gd,TA,Gd,Unf,Unf,1753,GasA,Ex,Y,SBrkr,1787,0,0,2,0,3,1,Gd,Typ,1,TA,Attchd,2001.0,RFn,3,TA,TA,Y,198,150,0,0,0,0,None,None,None,0,8,2006,WD,Normal,275000
1320,20,RL,75.0,10215,Pave,None,Reg,Bnk,AllPub,Inside,Gtl,Edwards,Norm,Norm,1Fam,1Story,4,5,1954,1954,Hip,CompShg,Wd Sdng,Wd Sdng,BrkFace,132.0,TA,TA,PConc,TA,TA,No,ALQ,Unf,864,GasA,Ex,Y,SBrkr,948,0,0,1,0,3,1,TA,Typ,0,None,Attchd,1954.0,Unf,1,TA,TA,Y,0,0,0,0,0,0,None,None,None,0,2,2007,WD,Normal,111000
1321,20,RL,70.0,8400,Pave,None,Reg,Lvl,AllPub,Inside,Gtl,NAmes,Norm,Norm,1Fam,1Story,6,3,1957,1957,Hip,CompShg,BrkFace,BrkFace,None,0.0,TA,TA,CBlock,TA,TA,No,ALQ,Rec,1478,GasA,Gd,Y,SBrkr,1478,1,0,1,1,3,1,TA,Typ,2,Gd,Attchd,1957.0,RFn,2,TA,TA,Y,114,0,0,0,216,0,None,None,None,0,6,2009,WD,Normal,156500
1322,20,RL,52.0,6627,Pave,None,IR1,Lvl,AllPub,Corner,Gtl,BrkSide,Feedr,Norm,1Fam,1Story,3,6,1949,1950,Hip,CompShg,VinylSd,VinylSd,None,0.0,TA,TA,CBlock,None,None,None,None,None,0,Floor,TA,N,SBrkr,720,0,0,1,0,2,1,TA,Typ,0,None,Detchd,1955.0,Unf,1,TA,Fa,Y,0,0,0,0,0,0,None,None,None,0,7,2008,WD,Normal,72500
1323,60,RL,107.0,10186,Pave,None,IR1,Lvl,AllPub,Inside,Gtl,NoRidge,Norm,Norm,1Fam,2Story,7,5,1992,1992,Gable,CompShg,HdBoard,HdBoard,None,0.0,Gd,TA,PConc,Gd,TA,No,GLQ,Unf,750,GasA,Ex,Y,SBrkr,1923,1,0,2,1,3,1,Gd,Typ,1,TA,Attchd,1992.0,RFn,2,TA,TA,Y,240,39,0,0,0,0,None,None,None,0,6,2010,WD,Normal,190000
1324,30,RL,50.0,5330,Pave,None,Reg,HLS,AllPub,Inside,Gtl,BrkSide,Norm,Norm,1Fam,1Story,4,7,1940,1950,Hip,CompShg,VinylSd,VinylSd,None,0.0,Fa,TA,CBlock,TA,TA,No,LwQ,Unf,420,GasA,Gd,Y,SBrkr,708,0,0,1,0,2,1,Fa,Typ,0,None,None,0.0,None,0,None,None,Y,164,0,0,0,0,0,None,None,None,0,12,2009,WD,Normal,82500
1325,20,RL,75.0,9986,Pave,None,Reg,Lvl,AllPub,Inside,Gtl,Somerst,Norm,Norm,1Fam,1Story,8,5,2006,2007,Gable,CompShg,VinylSd,VinylSd,BrkFace,428.0,Gd,TA,PConc,Ex,TA,Av,Unf,Unf,1795,GasA,Ex,Y,SBrkr,1795,0,0,2,0,2,1,Gd,Typ,1,Gd,Attchd,2007.0,RFn,3,TA,TA,Y,0,49,0,0,0,0,None,None,None,0,2,2007,New,Partial,147000
1326,30,RM,40.0,3636,Pave,None,Reg,Lvl,AllPub,Inside,Gtl,IDOTRR,Norm,Norm,1Fam,1Story,4,4,1922,1950,Gable,CompShg,AsbShng,AsbShng,None,0.0,TA,TA,BrkTil,TA,Fa,No,Unf,Unf,796,GasA,Fa,N,SBrkr,796,0,0,1,0,2,1,TA,Typ,0,None,None,0.0,None,0,None,None,N,0,0,100,0,0,0,None,MnPrv,None,0,1,2008,WD,Normal,55000
1327,30,RH,70.0,4270,Pave,None,Reg,Bnk,AllPub,Inside,Mod,Edwards,Norm,Norm,1Fam,1Story,3,6,1931,2006,Gable,CompShg,MetalSd,MetalSd,None,0.0,TA,TA,BrkTil,TA,TA,No,Rec,Unf,544,GasA,Ex,Y,SBrkr,774,0,0,1,0,3,1,Gd,Typ,0,None,None,0.0,None,0,None,None,Y,0,0,286,0,0,0,None,None,None,0,5,2007,WD,Normal,79000
1328,20,RL,60.0,6600,Pave,None,Reg,Lvl,AllPub,Inside,Gtl,Mitchel,Norm,Norm,1Fam,1Story,5,9,1982,2008,Gable,CompShg,VinylSd,VinylSd,None,0.0,Gd,Gd,CBlock,TA,TA,No,ALQ,Unf,816,GasA,Ex,Y,SBrkr,816,0,1,1,0,3,1,Gd,Typ,1,Ex,Attchd,1982.0,Unf,1,TA,TA,Y,0,0,0,0,0,0,None,MnPrv,None,0,10,2008,WD,Normal,130500
1329,50,RM,60.0,10440,Pave,Grvl,Reg,Lvl,AllPub,Corner,Gtl,OldTown,Norm,Norm,1Fam,1.5Fin,6,7,1920,1950,Gable,CompShg,BrkFace,Wd Sdng,None,0.0,Gd,Gd,BrkTil,Gd,TA,No,LwQ,Unf,1510,GasW,Ex,Y,SBrkr,2792,0,0,2,0,5,1,TA,Mod,2,TA,Detchd,1920.0,Unf,2,Fa,TA,Y,0,547,0,0,480,0,None,MnPrv,Shed,1150,6,2008,WD,Normal,256000
1330,60,RL,63.0,9084,Pave,None,IR1,Lvl,AllPub,Inside,Gtl,Gilbert,Norm,Norm,1Fam,2Story,7,5,1998,1998,Hip,CompShg,VinylSd,VinylSd,None,0.0,TA,TA,PConc,Gd,TA,No,Unf,Unf,935,GasA,Gd,Y,SBrkr,1632,0,0,2,1,3,1,TA,Typ,1,TA,Attchd,1998.0,Fin,2,TA,TA,Y,0,28,0,0,0,0,None,None,None,0,6,2006,WD,Normal,176500
1331,20,RL,85.0,10000,Pave,None,Reg,Lvl,AllPub,Inside,Gtl,Somerst,Norm,Norm,1Fam,1Story,8,5,2006,2006,Hip,CompShg,VinylSd,VinylSd,Stone,410.0,Gd,TA,PConc,Gd,Gd,Av,Unf,Unf,1588,GasA,Ex,Y,SBrkr,1588,0,0,2,0,3,1,Gd,Typ,1,Gd,Attchd,2006.0,RFn,3,TA,TA,Y,144,45,0,0,0,0,None,None,None,0,12,2007,WD,Normal,227000
1332,80,RL,55.0,10780,Pave,None,IR1,Lvl,AllPub,Inside,Gtl,CollgCr,Norm,Norm,1Fam,SLvl,5,5,1976,1976,Gable,CompShg,MetalSd,MetalSd,None,0.0,TA,TA,CBlock,TA,TA,Av,ALQ,Unf,911,GasA,Gd,Y,SBrkr,954,0,0,1,0,3,1,TA,Typ,0,None,Detchd,1976.0,Unf,2,TA,TA,Y,0,0,0,0,0,0,None,None,None,0,7,2006,WD,Normal,132500
1333,20,RL,67.0,8877,Pave,None,Reg,Lvl,AllPub,Inside,Mod,Edwards,Norm,Norm,1Fam,1Story,4,6,1938,1958,Gable,CompShg,MetalSd,MetalSd,None,0.0,TA,TA,CBlock,TA,TA,Mn,ALQ,Unf,816,GasA,Ex,Y,SBrkr,816,1,0,1,0,2,1,TA,Typ,1,Gd,Detchd,1958.0,Unf,1,Fa,Fa,Y,0,0,0,0,0,0,None,None,None,0,5,2009,WD,Normal,100000
1334,50,RM,60.0,7200,Pave,None,Reg,Lvl,AllPub,Corner,Gtl,IDOTRR,Norm,Norm,1Fam,1.5Fin,5,6,1938,1995,Gable,CompShg,Wd Sdng,Wd Sdng,None,0.0,TA,TA,CBlock,TA,TA,No,Unf,Unf,803,GasA,Ex,Y,SBrkr,1360,0,0,1,1,2,1,Gd,Typ,0,None,Detchd,1951.0,Unf,1,TA,TA,Y,0,65,190,0,0,0,None,MnPrv,None,0,7,2006,WD,Normal,125500
1335,160,RM,24.0,2368,Pave,None,Reg,Lvl,AllPub,Inside,Gtl,BrDale,Norm,Norm,TwnhsE,2Story,5,6,1970,1970,Gable,CompShg,HdBoard,HdBoard,None,312.0,TA,TA,CBlock,TA,TA,No,LwQ,Unf,765,GasA,TA,Y,SBrkr,1365,0,0,1,1,3,1,TA,Min1,0,None,Attchd,1970.0,Unf,2,TA,TA,Y,0,36,0,0,0,0,None,None,None,0,5,2009,WD,Normal,125000
1336,20,RL,80.0,9650,Pave,None,Reg,Lvl,AllPub,Inside,Gtl,NWAmes,Norm,Norm,1Fam,1Story,6,5,1977,1977,Gable,CompShg,Plywood,Plywood,BrkFace,360.0,TA,TA,CBlock,Gd,TA,No,ALQ,Unf,1350,GasA,TA,Y,SBrkr,1334,0,1,2,0,2,1,TA,Typ,1,TA,Attchd,1977.0,RFn,2,TA,TA,Y,0,16,0,0,0,0,None,None,None,0,4,2009,WD,Normal,167900
1337,90,RL,87.0,9246,Pave,None,IR1,Lvl,AllPub,Inside,Gtl,NWAmes,Feedr,Norm,Duplex,1Story,5,5,1973,1973,Gable,CompShg,Plywood,Plywood,BrkFace,564.0,TA,TA,CBlock,TA,TA,No,Unf,Unf,1656,GasA,TA,Y,SBrkr,1656,0,0,2,0,4,2,TA,Typ,0,None,Detchd,1973.0,Unf,2,TA,TA,Y,0,211,0,0,0,0,None,None,None,0,11,2008,WD,Normal,135000
1338,30,RM,153.0,4118,Pave,Grvl,IR1,Bnk,AllPub,Corner,Mod,OldTown,Feedr,Norm,1Fam,1Story,4,4,1941,1950,Gable,CompShg,Wd Sdng,Wd Sdng,None,0.0,TA,TA,CBlock,TA,TA,No,Unf,Unf,693,Grav,Fa,N,FuseA,693,0,0,1,0,2,1,Fa,Typ,0,None,None,0.0,None,0,None,None,N,0,20,0,0,0,0,None,None,None,0,3,2006,WD,Normal,52500
1339,60,RL,95.0,13450,Pave,None,IR1,Lvl,AllPub,Corner,Gtl,CollgCr,Norm,Norm,1Fam,2Story,7,5,2002,2002,Gable,CompShg,VinylSd,VinylSd,None,0.0,Gd,TA,PConc,Gd,TA,No,GLQ,Unf,916,GasA,Ex,Y,SBrkr,1861,1,0,2,1,3,1,Gd,Typ,0,None,BuiltIn,2002.0,RFn,2,TA,TA,Y,146,91,0,0,0,0,None,None,None,0,6,2006,WD,Normal,200000
1340,20,RL,120.0,9560,Pave,None,IR1,Lvl,AllPub,Corner,Gtl,CollgCr,Norm,Norm,1Fam,1Story,5,7,1972,1972,Hip,CompShg,MetalSd,MetalSd,None,0.0,TA,Gd,CBlock,TA,TA,Mn,Rec,Unf,864,GasA,Ex,Y,SBrkr,864,0,0,1,0,3,1,TA,Typ,0,None,Attchd,1972.0,RFn,1,TA,TA,Y,0,0,0,0,0,0,None,None,None,0,6,2006,WD,Normal,128500
1341,20,RL,70.0,8294,Pave,None,Reg,Lvl,AllPub,Inside,Gtl,NAmes,Norm,Norm,1Fam,1Story,4,5,1971,1971,Gable,CompShg,MetalSd,MetalSd,None,0.0,TA,TA,CBlock,TA,TA,No,Unf,Unf,858,GasA,TA,Y,SBrkr,872,0,0,1,0,3,1,TA,Typ,0,None,Detchd,1974.0,Unf,4,TA,TA,Y,0,0,0,0,0,0,None,GdWo,None,0,6,2007,WD,Normal,123000
1342,20,RL,66.0,13695,Pave,None,Reg,Lvl,AllPub,Inside,Gtl,SawyerW,RRAe,Norm,1Fam,1Story,6,5,2003,2004,Gable,CompShg,VinylSd,VinylSd,None,0.0,TA,TA,PConc,Gd,TA,No,GLQ,Unf,1114,GasA,Ex,Y,SBrkr,1114,1,0,1,0,3,1,Gd,Typ,0,None,Detchd,2004.0,Unf,2,TA,TA,Y,0,78,0,0,0,0,None,None,None,0,7,2008,WD,Normal,155000
1343,60,RL,70.0,9375,Pave,None,Reg,Lvl,AllPub,Inside,Gtl,CollgCr,Norm,Norm,1Fam,2Story,8,5,2002,2002,Gable,CompShg,VinylSd,VinylSd,BrkFace,149.0,Gd,TA,PConc,Gd,TA,No,Unf,Unf,1284,GasA,Ex,Y,SBrkr,2169,0,0,2,1,3,1,Gd,Typ,1,Gd,Attchd,2002.0,RFn,2,TA,TA,Y,192,87,0,0,0,0,None,None,None,0,8,2007,WD,Normal,228500
1344,50,RL,57.0,7558,Pave,None,Reg,Bnk,AllPub,Inside,Gtl,Crawfor,Norm,Norm,1Fam,1.5Fin,6,6,1928,1950,Gable,CompShg,BrkFace,Stone,None,0.0,TA,TA,BrkTil,TA,TA,No,Unf,Unf,896,GasA,Gd,Y,SBrkr,1913,0,0,1,1,3,1,TA,Typ,1,TA,Detchd,1929.0,Unf,2,Fa,Fa,Y,0,0,0,0,0,0,None,None,None,0,3,2009,WD,Normal,177000
1345,60,RL,85.0,11103,Pave,None,IR1,Lvl,AllPub,Corner,Gtl,CollgCr,Norm,Norm,1Fam,2Story,7,5,2006,2006,Gable,CompShg,VinylSd,VinylSd,None,0.0,Gd,TA,PConc,Gd,TA,No,Unf,Unf,728,GasA,Ex,Y,SBrkr,1456,0,0,2,1,3,1,Gd,Typ,1,TA,Attchd,2006.0,Fin,2,TA,TA,Y,0,0,0,0,0,0,None,None,None,0,7,2007,New,Partial,155835
1346,30,RM,50.0,6000,Pave,None,Reg,Lvl,AllPub,Inside,Gtl,OldTown,Norm,Norm,1Fam,1Story,4,4,1920,1950,Hip,CompShg,MetalSd,MetalSd,None,0.0,TA,TA,PConc,TA,TA,No,ALQ,Unf,960,GasA,Gd,Y,FuseA,960,0,0,1,0,2,1,Fa,Typ,0,None,Detchd,1997.0,Unf,1,TA,TA,Y,0,0,168,0,0,0,None,None,None,0,7,2007,WD,Normal,108500
1347,20,RL,80.0,20781,Pave,None,IR2,Lvl,AllPub,CulDSac,Gtl,NWAmes,PosN,Norm,1Fam,1Story,7,7,1968,2003,Hip,CompShg,BrkFace,HdBoard,None,0.0,TA,TA,CBlock,TA,TA,No,BLQ,Rec,1568,GasA,TA,Y,SBrkr,2156,0,0,2,0,3,1,TA,Typ,1,Gd,Attchd,1968.0,RFn,2,Gd,TA,Y,0,80,0,290,0,0,None,None,None,0,6,2006,WD,Normal,262500
1348,20,RL,93.0,15306,Pave,None,IR1,HLS,AllPub,Corner,Gtl,Timber,Norm,Norm,1Fam,1Story,8,5,2006,2007,Gable,CompShg,VinylSd,VinylSd,Stone,100.0,Gd,TA,PConc,Ex,TA,Gd,GLQ,Unf,1732,GasA,Ex,Y,SBrkr,1776,1,0,2,0,3,1,Gd,Typ,1,Gd,Attchd,2006.0,Fin,3,TA,TA,Y,0,0,0,0,0,0,None,None,None,0,5,2007,New,Partial,283463
1349,20,RL,66.5,16196,Pave,None,IR3,Low,AllPub,Inside,Gtl,SawyerW,Norm,Norm,1Fam,1Story,7,5,1998,1998,Gable,CompShg,VinylSd,VinylSd,None,0.0,Gd,TA,PConc,Gd,TA,Gd,GLQ,Unf,1482,GasA,Ex,Y,SBrkr,1494,1,0,2,0,3,1,Gd,Typ,1,Fa,Attchd,1998.0,RFn,2,TA,TA,Y,402,25,0,0,0,0,None,None,None,0,8,2007,WD,Normal,215000
1350,70,RM,50.0,5250,Pave,Pave,Reg,Lvl,AllPub,Inside,Gtl,OldTown,Norm,Norm,1Fam,2Story,8,5,1872,1987,Gable,CompShg,MetalSd,MetalSd,None,0.0,TA,Gd,BrkTil,TA,Fa,No,LwQ,Unf,684,OthW,Fa,N,SBrkr,2358,0,0,2,0,4,1,TA,Typ,0,None,None,0.0,None,0,None,None,Y,0,54,20,0,0,0,None,None,None,0,12,2008,WD,Normal,122000
1351,90,RL,91.0,11643,Pave,None,Reg,Lvl,AllPub,Inside,Gtl,NAmes,Artery,Norm,Duplex,2Story,5,5,1969,1969,Gable,CompShg,MetalSd,MetalSd,BrkFace,368.0,TA,TA,CBlock,TA,TA,No,LwQ,Unf,1248,GasA,TA,Y,SBrkr,2634,1,1,2,2,6,2,TA,Typ,0,None,Detchd,1969.0,Unf,4,TA,TA,Y,0,0,0,0,0,0,None,None,None,0,8,2009,WD,Normal,200000
1352,60,RL,70.0,9247,Pave,None,IR1,Lvl,AllPub,Inside,Gtl,NAmes,Norm,Norm,1Fam,2Story,6,6,1962,1962,Gable,CompShg,HdBoard,HdBoard,BrkFace,318.0,TA,TA,CBlock,TA,TA,No,Rec,Unf,858,GasA,Ex,Y,SBrkr,1716,0,0,1,1,4,1,TA,Typ,1,Gd,Attchd,1962.0,Fin,2,TA,TA,Y,0,84,0,0,120,0,None,None,None,0,3,2008,WD,Normal,171000
1353,50,RM,50.0,6000,Pave,None,Reg,Lvl,AllPub,Inside,Gtl,BrkSide,Norm,Norm,1Fam,1.5Fin,6,9,1937,2000,Gable,CompShg,MetalSd,MetalSd,None,0.0,Gd,TA,BrkTil,TA,TA,No,Unf,Unf,698,GasA,TA,Y,SBrkr,1176,0,0,1,0,2,1,TA,Typ,0,None,Detchd,1999.0,Unf,2,TA,TA,N,210,0,0,0,0,0,None,None,None,0,7,2009,WD,Normal,134900
1354,50,RL,56.0,14720,Pave,None,IR1,Lvl,AllPub,CulDSac,Gtl,NoRidge,Norm,Norm,1Fam,1.5Fin,8,5,1995,1996,Hip,CompShg,VinylSd,VinylSd,BrkFace,579.0,Gd,TA,PConc,Gd,TA,Av,GLQ,Unf,2033,GasA,Ex,Y,SBrkr,3238,1,0,2,1,4,1,Gd,Typ,1,Ex,Attchd,1996.0,Fin,3,TA,TA,Y,283,86,0,0,0,0,None,None,None,0,3,2010,WD,Normal,410000
1355,60,RL,70.0,10316,Pave,None,IR1,Lvl,AllPub,Inside,Gtl,CollgCr,Norm,Norm,1Fam,2Story,7,5,2000,2000,Gable,CompShg,VinylSd,VinylSd,None,0.0,Gd,TA,PConc,Gd,TA,No,GLQ,Unf,992,GasA,Ex,Y,SBrkr,1865,1,0,2,1,3,1,Gd,Typ,1,TA,Attchd,2000.0,RFn,3,TA,TA,Y,0,184,0,0,0,0,None,None,None,0,6,2008,WD,Normal,235000
1356,80,RL,102.0,10192,Pave,None,IR1,Lvl,AllPub,Inside,Gtl,NWAmes,Norm,Norm,1Fam,SLvl,7,6,1968,1992,Gable,CompShg,MetalSd,MetalSd,BrkFace,143.0,TA,TA,CBlock,TA,TA,No,Unf,Unf,570,GasA,Gd,Y,SBrkr,1920,0,0,3,0,4,1,Gd,Typ,1,TA,Attchd,1968.0,RFn,2,TA,TA,Y,0,98,0,0,0,0,None,GdPrv,None,0,9,2006,WD,Normal,170000
1357,20,RL,73.0,9477,Pave,None,Reg,Lvl,AllPub,Corner,Gtl,NAmes,Norm,Norm,1Fam,1Story,5,5,1966,1966,Gable,CompShg,HdBoard,HdBoard,BrkFace,65.0,TA,TA,CBlock,TA,TA,No,Rec,Unf,864,GasA,TA,Y,SBrkr,892,0,0,1,0,3,1,TA,Typ,0,None,Attchd,1966.0,RFn,1,TA,TA,Y,0,0,0,0,0,0,None,GdWo,None,0,10,2008,WD,Normal,110000
1358,20,RL,73.0,12537,Pave,None,IR1,Lvl,AllPub,CulDSac,Gtl,NAmes,Norm,Norm,1Fam,1Story,5,6,1971,2008,Gable,CompShg,VinylSd,VinylSd,None,0.0,TA,TA,CBlock,TA,TA,No,GLQ,Unf,1078,GasA,Ex,Y,SBrkr,1078,1,0,1,1,3,1,TA,Typ,1,Fa,Attchd,1971.0,Fin,2,TA,TA,Y,0,0,0,0,0,0,None,None,None,0,4,2010,WD,Normal,149900
1359,160,FV,73.5,2117,Pave,None,Reg,Lvl,AllPub,Inside,Gtl,Somerst,Norm,Norm,Twnhs,2Story,6,5,2000,2000,Gable,CompShg,MetalSd,MetalSd,BrkFace,216.0,Gd,TA,PConc,Gd,TA,No,GLQ,Unf,756,GasA,Ex,Y,SBrkr,1573,0,0,2,1,3,1,Gd,Typ,0,None,Detchd,2000.0,Unf,2,TA,TA,Y,0,32,0,0,0,0,None,None,None,0,6,2010,WD,Normal,177500
1360,20,RL,129.0,16737,Pave,None,Reg,Lvl,AllPub,FR3,Gtl,NridgHt,Norm,Norm,1Fam,1Story,9,5,2004,2005,Hip,CompShg,VinylSd,VinylSd,BrkFace,66.0,Gd,TA,PConc,Ex,TA,Av,GLQ,Unf,1980,GasA,Ex,Y,SBrkr,1980,1,0,2,0,3,1,Ex,Typ,1,Gd,Attchd,2004.0,Fin,3,TA,TA,Y,194,45,0,0,0,0,None,None,None,0,9,2006,WD,Normal,315000
1361,70,RL,51.0,9842,Pave,None,Reg,Lvl,AllPub,Inside,Gtl,SWISU,Feedr,Norm,1Fam,2Story,5,6,1921,1998,Gable,CompShg,MetalSd,Wd Sdng,None,0.0,TA,TA,BrkTil,TA,Fa,No,Unf,Unf,612,GasA,Ex,Y,SBrkr,2601,0,0,3,1,4,1,TA,Typ,0,None,BuiltIn,1998.0,RFn,2,TA,TA,Y,183,0,301,0,0,0,None,None,None,0,5,2008,WD,Normal,189000
1362,20,RL,124.0,16158,Pave,None,IR1,Low,AllPub,Inside,Mod,StoneBr,Norm,Norm,1Fam,1Story,7,5,2005,2005,Hip,CompShg,VinylSd,VinylSd,Stone,16.0,Gd,TA,PConc,Ex,TA,Av,ALQ,Unf,1530,GasA,Ex,Y,SBrkr,1530,1,0,2,0,3,1,Gd,Typ,1,Gd,Attchd,2005.0,Fin,2,TA,TA,Y,168,36,0,0,0,0,None,None,None,0,6,2009,WD,Normal,260000
1363,50,RL,73.0,12513,Pave,None,IR1,Lvl,AllPub,FR2,Gtl,NAmes,Feedr,Norm,1Fam,1.5Fin,4,4,1920,2007,Gable,CompShg,VinylSd,VinylSd,None,0.0,TA,Gd,BrkTil,TA,Fa,No,Unf,Unf,715,GasA,Gd,Y,SBrkr,1738,0,0,2,0,4,1,TA,Typ,1,Gd,Attchd,1920.0,Unf,1,TA,TA,Y,55,0,0,0,0,0,None,None,None,0,6,2009,WD,Normal,104900
1364,60,RL,73.0,8499,Pave,None,IR1,Lvl,AllPub,Inside,Gtl,Gilbert,Norm,Norm,1Fam,2Story,6,5,2006,2007,Gable,CompShg,VinylSd,VinylSd,None,0.0,TA,TA,PConc,Gd,TA,No,Unf,Unf,616,GasA,Ex,Y,SBrkr,1412,0,0,2,1,3,1,Gd,Typ,1,Gd,BuiltIn,2007.0,Fin,2,TA,TA,Y,0,36,0,0,0,0,None,None,None,0,3,2007,New,Partial,156932
1365,160,FV,30.0,3180,Pave,Pave,Reg,Lvl,AllPub,Inside,Gtl,Somerst,Norm,Norm,TwnhsE,2Story,7,5,2005,2005,Gable,CompShg,MetalSd,MetalSd,None,0.0,Gd,TA,PConc,Gd,TA,No,Unf,Unf,600,GasA,Ex,Y,SBrkr,1200,0,0,2,1,2,1,Gd,Typ,0,None,Detchd,2005.0,RFn,2,TA,TA,Y,0,166,0,0,0,0,None,None,None,0,4,2006,WD,Abnorml,144152
1366,60,FV,73.5,7500,Pave,None,Reg,Lvl,AllPub,Inside,Gtl,Somerst,Norm,Norm,1Fam,2Story,7,5,2000,2000,Gable,CompShg,VinylSd,VinylSd,None,0.0,Gd,TA,PConc,Gd,TA,No,GLQ,Unf,814,GasA,Ex,Y,SBrkr,1674,1,0,2,1,3,1,Gd,Typ,0,None,Attchd,2000.0,RFn,2,TA,TA,Y,0,96,0,0,0,0,None,None,None,0,1,2010,WD,Normal,216000
1367,60,RL,68.0,9179,Pave,None,IR1,Lvl,AllPub,Inside,Gtl,CollgCr,Norm,Norm,1Fam,2Story,7,5,1999,1999,Gable,CompShg,VinylSd,VinylSd,BrkFace,158.0,Gd,TA,PConc,Gd,TA,No,GLQ,Unf,873,GasA,Ex,Y,SBrkr,1790,1,0,2,1,3,1,Gd,Typ,0,None,Attchd,1999.0,RFn,2,TA,TA,Y,0,88,0,0,0,0,None,None,None,0,6,2008,WD,Abnorml,193000
1368,160,RM,41.0,2665,Pave,None,Reg,Lvl,AllPub,Inside,Gtl,MeadowV,Norm,Norm,TwnhsE,2Story,5,6,1977,1977,Gable,CompShg,CemntBd,CmentBd,None,0.0,TA,TA,PConc,TA,TA,No,ALQ,Rec,757,GasA,Ex,Y,SBrkr,1475,0,0,2,0,4,1,TA,Typ,1,TA,Attchd,1977.0,RFn,1,TA,TA,Y,104,26,0,0,0,0,None,None,None,0,7,2006,WD,Normal,127000
1369,120,RM,70.0,4435,Pave,None,Reg,Lvl,AllPub,Inside,Gtl,CollgCr,Norm,Norm,TwnhsE,1Story,6,5,2003,2004,Gable,CompShg,VinylSd,VinylSd,BrkFace,170.0,Gd,TA,PConc,Gd,TA,Av,GLQ,Unf,848,GasA,Ex,Y,SBrkr,848,1,0,1,0,1,1,Gd,Typ,0,None,Attchd,2003.0,Fin,2,TA,TA,Y,140,0,0,0,0,0,None,None,None,0,6,2009,WD,Normal,144000
1370,20,RL,48.0,10635,Pave,None,IR2,Lvl,AllPub,FR2,Gtl,CollgCr,Norm,Norm,1Fam,1Story,8,5,2003,2003,Hip,CompShg,VinylSd,VinylSd,BrkFace,171.0,Gd,TA,PConc,Gd,TA,Av,BLQ,GLQ,1657,GasA,Ex,Y,SBrkr,1668,1,0,2,0,3,1,Gd,Typ,1,TA,Attchd,2003.0,Fin,2,TA,TA,Y,0,262,0,0,0,0,None,None,None,0,5,2010,WD,Normal,232000
1371,50,RL,90.0,5400,Pave,None,Reg,Lvl,AllPub,Corner,Gtl,OldTown,Artery,Norm,1Fam,1.5Fin,4,6,1920,1950,Gable,CompShg,CBlock,CBlock,None,0.0,Fa,TA,PConc,TA,TA,No,ALQ,Rec,840,GasA,Ex,Y,SBrkr,1374,0,0,1,0,2,1,TA,Typ,0,None,Detchd,1967.0,Fin,1,TA,TA,Y,0,0,198,0,0,0,None,None,None,0,10,2009,WD,Normal,105000
1372,80,RL,80.0,9600,Pave,None,Reg,Lvl,AllPub,Inside,Gtl,NAmes,Norm,Norm,1Fam,SLvl,6,6,1955,1996,Hip,CompShg,AsbShng,AsbShng,None,0.0,TA,TA,CBlock,TA,TA,Av,BLQ,Unf,992,GasA,Gd,Y,SBrkr,1661,1,0,1,0,3,1,Gd,Typ,1,TA,BuiltIn,1955.0,RFn,1,TA,TA,Y,0,28,0,0,178,0,None,MnPrv,None,0,10,2008,WD,Normal,165500
1373,60,RL,75.0,9750,Pave,None,Reg,Lvl,AllPub,Corner,Gtl,CollgCr,Norm,Norm,1Fam,2Story,7,6,1998,1998,Gable,CompShg,VinylSd,VinylSd,None,0.0,TA,TA,PConc,Gd,TA,Av,GLQ,Unf,1108,GasA,Ex,Y,SBrkr,2097,1,0,2,1,3,1,Gd,Typ,1,TA,Detchd,1998.0,RFn,2,TA,TA,Y,253,170,0,0,0,0,None,None,None,0,6,2006,WD,Normal,274300
1374,20,RL,91.0,11400,Pave,None,Reg,Lvl,AllPub,Inside,Gtl,NoRidge,Norm,Norm,1Fam,1Story,10,5,2001,2002,Hip,CompShg,VinylSd,VinylSd,BrkFace,705.0,Ex,TA,PConc,Ex,TA,Gd,GLQ,Unf,2633,GasA,Ex,Y,SBrkr,2633,1,0,2,1,2,1,Ex,Typ,2,Gd,Attchd,2001.0,RFn,3,TA,TA,Y,314,140,0,0,0,0,None,None,None,0,3,2007,WD,Normal,466500
1375,60,FV,85.0,10625,Pave,None,Reg,Lvl,AllPub,Inside,Gtl,Somerst,Norm,Norm,1Fam,2Story,7,5,2005,2005,Gable,CompShg,CemntBd,CmentBd,None,0.0,Gd,TA,PConc,Gd,TA,No,Unf,Unf,1026,GasA,Ex,Y,SBrkr,1958,0,0,2,1,3,1,Gd,Typ,1,Gd,Attchd,2005.0,Fin,3,TA,TA,Y,154,210,0,0,0,0,None,None,None,0,7,2008,WD,Normal,250000
1376,20,RL,89.0,10991,Pave,None,IR1,HLS,AllPub,Inside,Gtl,Timber,Norm,Norm,1Fam,1Story,8,5,2007,2007,Gable,CompShg,VinylSd,VinylSd,BrkFace,80.0,Gd,TA,PConc,Gd,TA,Gd,Unf,Unf,1571,GasA,Ex,Y,SBrkr,1571,0,0,2,0,3,1,Gd,Typ,1,Gd,Attchd,2007.0,Fin,3,TA,TA,Y,100,36,0,0,0,0,None,None,None,0,12,2007,New,Partial,239000
1377,30,RL,52.0,6292,Pave,None,Reg,Bnk,AllPub,Inside,Gtl,SWISU,Norm,Norm,1Fam,1Story,6,5,1930,1950,Gable,CompShg,Wd Sdng,Wd Sdng,None,0.0,TA,TA,BrkTil,Gd,TA,Mn,Rec,Unf,768,GasA,TA,N,SBrkr,790,0,0,1,0,2,1,TA,Typ,0,None,Detchd,1925.0,Unf,1,Fa,TA,Y,0,141,0,0,0,0,None,None,None,0,4,2008,WD,Normal,91000
1378,50,RL,60.0,10998,Pave,Grvl,Reg,Lvl,AllPub,Inside,Gtl,Edwards,Norm,Norm,1Fam,1.5Fin,5,5,1941,1960,Gable,CompShg,Wd Sdng,Wd Sdng,None,0.0,TA,TA,CBlock,TA,TA,No,LwQ,BLQ,984,GasA,Ex,Y,SBrkr,1604,0,0,2,0,3,1,TA,Min2,0,None,Detchd,1977.0,Unf,2,TA,TA,Y,0,68,0,0,0,0,None,None,None,0,7,2009,WD,Normal,117000
1379,160,RM,21.0,1953,Pave,None,Reg,Lvl,AllPub,Inside,Gtl,BrDale,Norm,Norm,Twnhs,2Story,6,5,1973,1973,Gable,CompShg,HdBoard,HdBoard,BrkFace,408.0,TA,TA,CBlock,TA,Fa,No,BLQ,Unf,483,GasA,TA,Y,SBrkr,987,0,0,1,1,2,1,TA,Typ,0,None,Detchd,1973.0,Unf,1,TA,TA,Y,72,0,0,0,0,0,None,None,None,0,6,2006,WD,Normal,83000
1380,80,RL,73.0,9735,Pave,None,Reg,Lvl,AllPub,Inside,Gtl,Timber,Norm,Norm,1Fam,SLvl,5,5,2006,2007,Gable,CompShg,VinylSd,VinylSd,None,0.0,TA,TA,PConc,Gd,TA,No,Unf,Unf,384,GasA,Gd,Y,SBrkr,1394,0,0,2,1,3,1,Gd,Typ,0,None,BuiltIn,2007.0,Fin,2,TA,TA,Y,100,0,0,0,0,0,None,None,None,0,5,2008,WD,Normal,167500
1381,30,RL,45.0,8212,Pave,Grvl,Reg,Lvl,AllPub,Inside,Gtl,Edwards,Norm,Norm,1Fam,1Story,3,3,1914,1950,Gable,CompShg,Stucco,Stucco,None,0.0,TA,Fa,BrkTil,TA,Fa,No,Rec,Unf,864,GasA,TA,N,FuseF,864,1,0,1,0,2,1,TA,Typ,0,None,Detchd,1938.0,Unf,1,TA,Fa,Y,0,0,96,0,0,0,None,None,None,0,6,2010,WD,Normal,58500
1382,20,RL,73.0,12925,Pave,None,IR1,Lvl,AllPub,Corner,Gtl,NAmes,Norm,Norm,1Fam,1Story,6,7,1970,1970,Gable,CompShg,BrkFace,Plywood,None,0.0,TA,TA,CBlock,TA,TA,Mn,BLQ,Unf,1205,GasA,Ex,Y,SBrkr,2117,0,0,2,1,4,1,TA,Typ,2,Gd,Attchd,1970.0,Fin,2,TA,TA,Y,0,42,0,0,0,0,None,None,None,0,5,2008,WD,Normal,237500
1383,70,RM,60.0,7200,Pave,None,Reg,Lvl,AllPub,Corner,Gtl,OldTown,Norm,Norm,1Fam,2Story,7,7,1920,1950,Hip,CompShg,Wd Sdng,Wd Sdng,None,0.0,TA,TA,BrkTil,Fa,TA,No,Unf,Unf,596,GasA,Ex,Y,SBrkr,1762,1,0,1,1,4,1,Gd,Typ,0,None,Detchd,1989.0,Unf,2,TA,TA,N,36,0,221,0,0,0,None,None,None,0,10,2006,WD,Normal,157000
1384,30,RL,71.0,25339,Pave,None,Reg,Lvl,AllPub,Inside,Gtl,Sawyer,Norm,Norm,1Fam,1Story,5,7,1918,2007,Gable,CompShg,Wd Sdng,Wd Sdng,None,0.0,TA,Gd,BrkTil,TA,TA,No,Unf,Unf,816,GasA,Ex,Y,SBrkr,1416,0,0,2,0,3,1,Gd,Typ,0,None,Attchd,2007.0,Unf,2,TA,TA,N,0,0,112,0,0,0,None,None,None,0,8,2007,WD,Normal,112000
1385,50,RL,60.0,9060,Pave,None,Reg,Lvl,AllPub,Inside,Gtl,Edwards,Norm,Norm,1Fam,1.5Fin,6,5,1939,1950,Gable,CompShg,WdShing,Wd Shng,None,0.0,TA,TA,BrkTil,TA,TA,Mn,Rec,Unf,560,GasA,TA,Y,SBrkr,1258,0,0,1,0,2,1,TA,Typ,0,None,Detchd,1939.0,Unf,1,TA,TA,P,0,0,0,0,0,0,None,MnPrv,None,0,10,2009,WD,Normal,105000
1386,50,RM,40.0,5436,Pave,None,Reg,Lvl,AllPub,Inside,Gtl,IDOTRR,Norm,Norm,1Fam,1.5Fin,4,8,1922,2007,Gable,CompShg,VinylSd,VinylSd,None,0.0,TA,Gd,BrkTil,TA,TA,No,BLQ,Unf,796,GasA,Gd,Y,SBrkr,1154,1,0,1,0,3,1,Gd,Typ,0,None,Detchd,1922.0,Unf,1,TA,TA,N,0,96,0,0,0,0,None,MnPrv,None,0,5,2010,WD,Normal,125500
1387,60,RL,80.0,16692,Pave,None,IR1,Lvl,AllPub,Inside,Gtl,NWAmes,RRAn,Norm,1Fam,2Story,7,5,1978,1978,Gable,CompShg,Plywood,Plywood,BrkFace,184.0,TA,TA,CBlock,Gd,TA,No,BLQ,LwQ,1392,GasA,TA,Y,SBrkr,2784,1,0,3,1,5,1,Gd,Typ,2,TA,Attchd,1978.0,RFn,2,TA,TA,Y,0,112,0,0,440,519,Fa,MnPrv,TenC,2000,7,2006,WD,Normal,250000
1388,50,RM,60.0,8520,Pave,Grvl,Reg,Lvl,AllPub,Inside,Gtl,OldTown,Artery,Norm,1Fam,1.5Fin,6,7,1916,1950,Gable,CompShg,Stucco,Stucco,None,0.0,TA,Gd,BrkTil,TA,TA,No,Rec,LwQ,714,GasW,TA,N,SBrkr,2526,0,0,2,0,5,1,Gd,Typ,1,Gd,Detchd,1916.0,Unf,1,TA,TA,Y,88,15,0,0,0,0,None,GdWo,None,0,8,2007,CWD,Family,136000
1389,20,RL,42.0,14892,Pave,None,IR1,HLS,AllPub,CulDSac,Gtl,Gilbert,Norm,Norm,1Fam,1Story,9,5,2006,2007,Gable,CompShg,VinylSd,VinylSd,Stone,160.0,Ex,TA,PConc,Ex,TA,Gd,GLQ,Unf,1746,GasA,Ex,Y,SBrkr,1746,1,0,2,0,3,1,Ex,Typ,2,Gd,Attchd,2006.0,Fin,3,TA,TA,Y,201,39,0,0,0,0,None,None,None,0,10,2009,WD,Normal,377500
1390,50,RM,60.0,6000,Pave,None,Reg,Lvl,AllPub,Inside,Gtl,BrkSide,Norm,Norm,1Fam,1.5Fin,6,6,1941,1950,Gable,CompShg,Wd Sdng,Wd Sdng,None,0.0,TA,Gd,BrkTil,TA,Gd,No,ALQ,Unf,735,GasA,Ex,Y,SBrkr,1218,0,1,1,0,3,1,TA,Typ,1,Gd,Detchd,2003.0,Unf,2,TA,TA,Y,0,0,0,0,0,0,None,None,None,0,3,2007,WD,Normal,131000
1391,20,RL,70.0,9100,Pave,None,Reg,Lvl,AllPub,Inside,Gtl,CollgCr,Norm,Norm,1Fam,1Story,7,5,2000,2000,Gable,CompShg,VinylSd,VinylSd,BrkFace,244.0,Gd,TA,PConc,Gd,TA,Av,GLQ,Unf,1525,GasA,Ex,Y,SBrkr,1525,1,0,2,0,3,1,Gd,Typ,0,None,Attchd,2000.0,RFn,2,TA,TA,Y,219,36,0,0,0,0,None,None,None,0,9,2006,WD,Normal,235000
1392,90,RL,65.0,8944,Pave,None,Reg,Lvl,AllPub,Inside,Gtl,NAmes,Norm,Norm,Duplex,1Story,5,5,1967,1967,Gable,CompShg,Plywood,Plywood,None,0.0,TA,TA,CBlock,TA,TA,No,Unf,Unf,1584,GasA,TA,Y,SBrkr,1584,0,0,2,0,4,2,TA,Mod,0,None,Detchd,1967.0,Unf,3,TA,TA,Y,0,152,0,0,0,0,None,None,None,0,4,2009,WD,Normal,124000
1393,85,RL,68.0,7838,Pave,None,Reg,Lvl,AllPub,Inside,Gtl,NAmes,Norm,Norm,1Fam,SFoyer,5,5,1967,1967,Gable,CompShg,HdBoard,HdBoard,None,0.0,TA,TA,CBlock,TA,TA,Av,ALQ,Unf,864,GasA,TA,Y,SBrkr,900,1,0,1,0,3,1,TA,Typ,1,Po,Attchd,1967.0,RFn,1,TA,TA,Y,175,144,0,0,0,0,None,MnWw,None,0,12,2006,WD,Normal,123000
1394,190,RM,60.0,10800,Pave,Pave,Reg,Lvl,AllPub,Inside,Gtl,OldTown,Norm,Norm,2fmCon,1.5Fin,6,7,1905,2000,Gable,CompShg,Wd Sdng,Wd Sdng,None,0.0,TA,TA,BrkTil,Fa,TA,No,Unf,Unf,482,GasA,Ex,N,SBrkr,1912,0,0,2,0,3,2,TA,Typ,1,TA,Detchd,2003.0,Unf,2,Gd,TA,Y,0,25,212,0,0,0,None,None,None,0,4,2008,WD,Normal,163000
1395,120,RL,53.0,4045,Pave,None,Reg,Lvl,AllPub,Inside,Gtl,Blmngtn,Norm,Norm,TwnhsE,1Story,7,5,2006,2006,Hip,CompShg,VinylSd,VinylSd,BrkFace,45.0,Gd,TA,PConc,Gd,TA,Av,GLQ,Unf,1356,GasA,Ex,Y,SBrkr,1500,1,0,2,0,2,1,Gd,Typ,1,Gd,Attchd,2006.0,Fin,3,TA,TA,Y,161,20,0,0,0,0,None,None,None,0,10,2006,New,Partial,246578
1396,60,RL,88.0,12665,Pave,None,IR1,Lvl,AllPub,Inside,Gtl,Timber,Norm,Norm,1Fam,2Story,8,5,2005,2006,Hip,CompShg,VinylSd,VinylSd,BrkFace,245.0,Gd,TA,PConc,Gd,Gd,Gd,Unf,Unf,1094,GasA,Ex,Y,SBrkr,2482,0,0,2,1,4,1,Gd,Typ,1,Gd,BuiltIn,2005.0,Fin,3,TA,TA,Y,144,39,0,0,0,0,None,None,None,0,2,2007,WD,Normal,281213
1397,20,RL,85.0,57200,Pave,None,IR1,Bnk,AllPub,Inside,Sev,Timber,Norm,Norm,1Fam,1Story,5,5,1948,1950,Gable,CompShg,Wd Sdng,Wd Sdng,None,0.0,TA,TA,CBlock,TA,TA,Av,BLQ,Rec,747,GasA,TA,Y,SBrkr,1687,1,0,1,0,3,1,TA,Min1,2,TA,Detchd,1966.0,Unf,2,TA,TA,N,0,0,50,0,0,0,None,None,None,0,6,2010,WD,Normal,160000
1398,70,RM,51.0,6120,Pave,None,Reg,Lvl,AllPub,Inside,Gtl,BrkSide,Norm,Norm,1Fam,2Story,5,8,1920,2004,Gable,CompShg,MetalSd,MetalSd,None,0.0,TA,TA,BrkTil,TA,TA,Mn,Unf,Unf,939,GasA,Ex,Y,SBrkr,1513,0,0,1,1,4,1,TA,Typ,0,None,Detchd,1933.0,Unf,1,Fa,Fa,N,24,0,150,0,0,0,None,None,None,0,5,2007,WD,Normal,137500
1399,50,RL,60.0,7200,Pave,None,Reg,Lvl,AllPub,Inside,Gtl,NAmes,Norm,Norm,1Fam,1.5Fin,5,4,1950,1982,Gable,CompShg,VinylSd,Wd Sdng,None,0.0,TA,TA,CBlock,TA,TA,No,Rec,BLQ,1208,GasA,Gd,Y,FuseA,1904,1,0,1,1,3,1,TA,Min1,0,None,Attchd,1950.0,Unf,1,TA,TA,Y,0,0,168,0,0,0,None,GdPrv,None,0,5,2009,WD,Normal,138000
1400,50,RL,51.0,6171,Pave,None,Reg,Lvl,AllPub,Inside,Gtl,SWISU,Norm,Norm,1Fam,1.5Fin,6,6,1925,1990,Gable,CompShg,WdShing,Wd Shng,None,0.0,TA,TA,BrkTil,TA,TA,No,BLQ,Unf,976,GasA,Ex,Y,SBrkr,1608,0,0,2,1,3,1,Gd,Typ,1,Gd,Detchd,1925.0,Unf,1,Fa,TA,Y,147,16,0,0,0,0,None,MnPrv,None,0,10,2009,WD,Normal,137450
1401,50,RM,50.0,6000,Pave,None,Reg,Lvl,AllPub,Corner,Gtl,BrkSide,Norm,Norm,1Fam,1.5Fin,6,7,1929,1950,Gable,CompShg,WdShing,Wd Shng,None,0.0,TA,TA,BrkTil,TA,TA,No,Unf,Unf,862,GasA,TA,Y,SBrkr,1158,0,0,1,0,3,1,TA,Typ,1,Gd,BuiltIn,1929.0,RFn,1,TA,TA,Y,0,0,112,0,0,0,None,None,None,0,7,2008,WD,Normal,120000
1402,60,RL,62.0,7415,Pave,None,IR1,Lvl,AllPub,Inside,Gtl,Gilbert,Norm,Norm,1Fam,2Story,6,5,2004,2004,Gable,CompShg,VinylSd,VinylSd,None,0.0,TA,TA,PConc,TA,TA,No,GLQ,Unf,839,GasA,Ex,Y,SBrkr,1593,1,0,2,1,3,1,TA,Typ,1,TA,Attchd,2004.0,Fin,2,TA,TA,Y,100,75,0,0,0,0,None,None,None,0,4,2008,WD,Normal,193000
1403,20,RL,64.0,6762,Pave,None,Reg,Lvl,AllPub,Inside,Gtl,CollgCr,Norm,Norm,1Fam,1Story,7,5,2006,2006,Gable,CompShg,VinylSd,VinylSd,None,0.0,Gd,TA,PConc,Gd,Gd,Av,Unf,Unf,1286,GasA,Ex,Y,SBrkr,1294,0,0,2,0,2,1,Gd,Typ,1,Gd,Attchd,2006.0,RFn,2,TA,TA,Y,168,55,0,0,0,0,None,None,None,0,7,2006,New,Partial,193879
1404,20,RL,49.0,15256,Pave,None,IR1,Lvl,AllPub,CulDSac,Gtl,Somerst,RRAn,Norm,1Fam,1Story,8,5,2007,2007,Gable,CompShg,VinylSd,VinylSd,Stone,84.0,Gd,TA,PConc,Gd,TA,Gd,GLQ,Unf,1485,GasA,Ex,Y,SBrkr,1464,1,0,2,0,3,1,Gd,Typ,0,None,Attchd,2007.0,Unf,3,TA,TA,Y,168,160,0,0,0,0,None,None,None,0,8,2007,WD,Normal,282922
1405,50,RL,60.0,10410,Pave,Grvl,Reg,Lvl,AllPub,Corner,Gtl,OldTown,Artery,Norm,1Fam,1.5Fin,3,4,1915,1950,Gable,CompShg,Wd Sdng,Wd Sdng,None,0.0,TA,TA,PConc,TA,TA,No,Unf,Unf,672,GasA,TA,Y,SBrkr,1214,0,0,1,0,3,1,TA,Typ,0,None,Detchd,1998.0,Unf,3,TA,TA,Y,216,0,160,0,0,0,None,MnPrv,None,0,1,2006,WD,Family,105000
1406,120,RM,44.0,3842,Pave,None,IR1,HLS,AllPub,Inside,Mod,Crawfor,Norm,Norm,TwnhsE,1Story,8,5,2004,2005,Hip,CompShg,CemntBd,CmentBd,Stone,174.0,Gd,TA,PConc,Ex,TA,Gd,GLQ,Unf,1594,GasA,Ex,Y,SBrkr,1646,1,1,2,0,2,1,Gd,Typ,1,Gd,Attchd,2004.0,Fin,2,TA,TA,Y,128,53,0,0,155,0,None,None,None,0,1,2008,WD,Normal,275000
1407,85,RL,70.0,8445,Pave,None,Reg,Lvl,AllPub,Corner,Gtl,CollgCr,Norm,Norm,1Fam,SFoyer,5,7,1972,2007,Gable,CompShg,HdBoard,Wd Shng,None,0.0,TA,TA,CBlock,Gd,TA,Av,GLQ,Unf,768,GasA,TA,Y,SBrkr,768,1,0,1,0,2,1,TA,Typ,0,None,Detchd,1988.0,Unf,2,TA,TA,Y,58,0,0,0,0,0,None,MnPrv,None,0,3,2009,WD,Normal,133000
1408,20,RL,73.0,8780,Pave,None,IR1,Lvl,AllPub,Corner,Gtl,Mitchel,Norm,Norm,1Fam,1Story,5,5,1985,1985,Gable,CompShg,HdBoard,Plywood,None,0.0,TA,TA,CBlock,TA,TA,No,ALQ,Unf,833,GasA,Ex,Y,SBrkr,833,1,0,1,0,3,1,TA,Typ,0,None,None,0.0,None,0,None,None,Y,0,0,0,0,0,0,None,MnPrv,None,0,3,2009,WD,Normal,112000
1409,70,RM,60.0,7740,Pave,None,Reg,Lvl,AllPub,Inside,Gtl,OldTown,Norm,Norm,1Fam,2Story,4,7,1910,1950,Gable,CompShg,VinylSd,VinylSd,None,0.0,TA,TA,CBlock,Fa,TA,No,Unf,Unf,622,GasA,Gd,Y,SBrkr,1363,0,0,1,0,3,1,TA,Typ,0,None,Detchd,1966.0,Unf,2,TA,TA,Y,0,0,0,0,168,0,None,None,None,0,6,2010,WD,Normal,125500
1410,60,RL,46.0,20544,Pave,None,IR1,Lvl,AllPub,CulDSac,Gtl,NWAmes,Norm,Norm,1Fam,2Story,7,6,1986,1991,Gable,CompShg,Plywood,Plywood,BrkFace,123.0,TA,Gd,CBlock,Gd,TA,No,Unf,Unf,791,GasA,Gd,Y,SBrkr,2093,0,0,2,1,3,1,TA,Typ,1,TA,Attchd,1986.0,Fin,2,TA,TA,Y,364,63,0,0,0,0,None,MnPrv,None,0,11,2008,WD,Normal,215000
1411,60,RL,79.0,12420,Pave,None,Reg,Lvl,AllPub,Inside,Gtl,CollgCr,Norm,Norm,1Fam,2Story,7,5,2001,2001,Gable,CompShg,VinylSd,VinylSd,None,0.0,Gd,TA,PConc,Gd,TA,No,GLQ,Unf,944,GasA,Ex,Y,SBrkr,1840,1,0,2,1,3,1,Gd,Typ,0,None,Attchd,2001.0,RFn,2,TA,TA,Y,0,45,0,0,0,0,None,None,None,0,6,2009,WD,Normal,230000
1412,50,RL,80.0,9600,Pave,None,Reg,Lvl,AllPub,Inside,Gtl,NAmes,Norm,Norm,1Fam,1.5Fin,6,8,1950,2005,Gable,CompShg,VinylSd,VinylSd,None,0.0,TA,Gd,CBlock,TA,TA,No,BLQ,Unf,856,GasA,Ex,Y,SBrkr,1668,0,0,1,1,3,1,TA,Min2,0,None,Attchd,1950.0,Unf,1,TA,TA,Y,0,0,0,0,0,0,None,MnPrv,None,0,9,2009,WD,Normal,140000
1413,90,RL,60.0,7200,Pave,None,Reg,Lvl,AllPub,Inside,Gtl,NAmes,Norm,Norm,Duplex,1Story,4,5,1949,1950,Gable,CompShg,BrkFace,Stone,None,0.0,TA,TA,Slab,None,None,None,None,None,0,Wall,Fa,N,FuseF,1040,0,0,2,0,2,2,TA,Typ,0,None,Detchd,1956.0,Unf,2,TA,TA,Y,0,0,0,0,0,0,None,None,None,0,6,2009,WD,Normal,90000
1414,20,RL,88.0,10994,Pave,None,IR1,Lvl,AllPub,Corner,Gtl,SawyerW,Norm,Norm,1Fam,1Story,8,5,2005,2006,Gable,CompShg,VinylSd,VinylSd,Stone,366.0,Gd,TA,PConc,Gd,Gd,No,GLQ,Unf,1844,GasA,Ex,Y,SBrkr,1844,1,0,2,0,2,1,Gd,Typ,1,Gd,Attchd,2005.0,Fin,2,TA,TA,Y,165,44,0,0,0,0,None,None,None,0,9,2009,COD,Abnorml,257000
1415,50,RL,64.0,13053,Pave,Pave,Reg,Bnk,AllPub,Inside,Gtl,BrkSide,Norm,Norm,1Fam,1.5Fin,6,7,1923,2000,Gambrel,CompShg,Wd Sdng,Wd Sdng,None,0.0,TA,TA,BrkTil,TA,TA,No,Unf,Unf,833,GasA,Gd,Y,SBrkr,1848,0,0,1,1,4,1,Gd,Typ,1,Gd,Detchd,1922.0,Unf,2,TA,TA,N,0,0,0,0,220,0,None,None,None,0,6,2008,WD,Normal,207000
1416,120,RL,51.0,3635,Pave,None,Reg,Lvl,AllPub,Inside,Gtl,Blmngtn,Norm,Norm,TwnhsE,1Story,7,5,2007,2007,Hip,CompShg,VinylSd,VinylSd,BrkFace,130.0,Gd,TA,PConc,Gd,TA,No,ALQ,Unf,1386,GasA,Ex,Y,SBrkr,1569,0,1,2,0,1,1,Gd,Typ,1,TA,Attchd,2007.0,RFn,3,TA,TA,Y,143,20,0,0,0,0,None,None,None,0,5,2009,WD,Normal,175900
1417,190,RM,60.0,11340,Pave,None,Reg,Lvl,AllPub,Inside,Gtl,OldTown,Norm,Norm,2fmCon,2Story,4,6,1885,1950,Gable,CompShg,VinylSd,AsbShng,None,0.0,TA,TA,PConc,TA,TA,No,Unf,Unf,777,GasA,Gd,Y,SBrkr,2290,0,0,2,0,4,2,TA,Typ,0,None,Detchd,1971.0,Unf,2,TA,TA,N,0,0,114,0,0,0,None,None,None,0,4,2010,WD,Normal,122500
1418,60,RL,91.0,16545,Pave,None,IR1,Lvl,AllPub,Inside,Gtl,NoRidge,Norm,Norm,1Fam,2Story,8,5,1998,1998,Gable,CompShg,VinylSd,VinylSd,BrkFace,731.0,Gd,TA,PConc,Gd,TA,Mn,GLQ,Unf,1284,GasA,Ex,Y,SBrkr,2450,1,0,2,1,3,1,Gd,Typ,1,TA,Attchd,1998.0,Fin,3,TA,TA,Y,0,126,0,0,0,0,None,None,None,0,5,2009,WD,Normal,340000
1419,20,RL,71.0,9204,Pave,None,Reg,Lvl,AllPub,Inside,Gtl,NAmes,Norm,Norm,1Fam,1Story,5,5,1963,1963,Gable,CompShg,HdBoard,HdBoard,None,0.0,TA,TA,CBlock,TA,TA,No,BLQ,Rec,1144,GasA,TA,Y,SBrkr,1144,1,0,1,1,3,1,TA,Typ,0,None,Detchd,1962.0,Unf,1,TA,TA,Y,0,88,0,0,0,0,None,None,None,0,8,2008,COD,Normal,124000
1420,20,RL,74.0,16381,Pave,None,IR1,Lvl,AllPub,Inside,Gtl,Crawfor,Norm,Norm,1Fam,1Story,6,5,1969,1969,Gable,CompShg,Plywood,Plywood,BrkFace,312.0,Gd,Gd,CBlock,TA,TA,Av,Rec,Unf,1844,GasA,Gd,Y,SBrkr,1844,1,0,2,0,3,1,Gd,Typ,1,TA,Attchd,1969.0,RFn,2,TA,TA,Y,0,73,216,0,0,0,None,None,None,0,12,2006,WD,Normal,223000
1421,60,RL,90.0,11700,Pave,None,Reg,Lvl,AllPub,Corner,Gtl,NWAmes,Norm,Norm,1Fam,2Story,6,6,1968,1968,Gable,CompShg,HdBoard,HdBoard,BrkFace,420.0,TA,TA,CBlock,TA,TA,No,ALQ,Unf,708,GasA,Gd,Y,SBrkr,1416,0,0,2,1,3,1,TA,Typ,1,TA,Attchd,1968.0,RFn,2,TA,TA,Y,0,169,0,0,119,0,None,None,None,0,5,2006,WD,Normal,179900
1422,120,RL,53.0,4043,Pave,None,Reg,Lvl,AllPub,Inside,Gtl,NPkVill,Norm,Norm,TwnhsE,1Story,6,5,1977,1977,Gable,CompShg,Plywood,Plywood,None,0.0,TA,TA,CBlock,Gd,TA,No,ALQ,Unf,1069,GasA,TA,Y,SBrkr,1069,0,0,2,0,2,1,TA,Typ,1,Fa,Attchd,1977.0,RFn,2,TA,TA,Y,0,55,0,0,165,0,None,None,None,0,7,2010,WD,Normal,127500
1423,120,RM,37.0,4435,Pave,None,Reg,Lvl,AllPub,Inside,Gtl,CollgCr,Norm,Norm,TwnhsE,1Story,6,5,2003,2003,Gable,CompShg,VinylSd,VinylSd,BrkFace,170.0,Gd,TA,PConc,Gd,TA,Av,GLQ,Unf,848,GasA,Ex,Y,SBrkr,848,1,0,1,0,1,1,Gd,Typ,0,None,Attchd,2003.0,Fin,2,TA,TA,Y,140,0,0,0,0,0,None,None,None,0,3,2008,WD,Normal,136500
1424,80,RL,65.5,19690,Pave,None,IR1,Lvl,AllPub,CulDSac,Gtl,Edwards,Norm,Norm,1Fam,SLvl,6,7,1966,1966,Flat,Tar&Grv,Plywood,Plywood,None,0.0,Gd,Gd,CBlock,Gd,TA,Av,Unf,Unf,697,GasA,TA,Y,SBrkr,2201,0,0,2,0,4,1,Gd,Typ,1,Gd,Attchd,1966.0,Unf,2,Gd,Gd,Y,586,236,0,0,0,738,Gd,GdPrv,None,0,8,2006,WD,Alloca,274970
1425,20,RL,73.0,9503,Pave,None,Reg,Lvl,AllPub,Inside,Gtl,NAmes,Norm,Norm,1Fam,1Story,5,5,1958,1983,Hip,CompShg,HdBoard,HdBoard,None,0.0,TA,TA,CBlock,TA,TA,No,ALQ,Rec,1024,GasA,TA,Y,SBrkr,1344,1,0,1,0,2,1,TA,Min1,1,TA,Detchd,1970.0,Unf,1,TA,TA,Y,316,28,0,0,0,0,None,GdWo,None,0,6,2007,WD,Normal,144000
1426,20,RL,80.0,10721,Pave,None,IR1,Lvl,AllPub,Inside,Gtl,NAmes,Norm,Norm,1Fam,1Story,6,6,1959,1959,Hip,CompShg,HdBoard,HdBoard,Stone,243.0,Gd,TA,CBlock,TA,TA,No,Unf,Unf,1252,GasA,Ex,Y,SBrkr,1252,0,0,1,0,3,1,Gd,Typ,0,None,Detchd,1960.0,Unf,2,TA,TA,Y,0,39,0,0,0,0,None,None,None,0,10,2008,WD,Normal,142000
1427,60,RL,81.0,10944,Pave,None,IR1,Lvl,AllPub,Inside,Gtl,NoRidge,Norm,Norm,1Fam,2Story,7,5,1994,1994,Gable,CompShg,VinylSd,VinylSd,BrkFace,448.0,Gd,TA,PConc,Gd,TA,No,GLQ,Unf,1223,GasA,Ex,Y,SBrkr,2127,1,0,2,1,3,1,Gd,Typ,2,TA,Attchd,1994.0,RFn,2,TA,TA,Y,171,132,0,0,0,0,None,None,None,0,8,2008,WD,Normal,271000
1428,50,RL,60.0,10930,Pave,Grvl,Reg,Bnk,AllPub,Inside,Gtl,NAmes,Artery,Norm,1Fam,1.5Fin,5,6,1945,1950,Gable,CompShg,MetalSd,MetalSd,None,0.0,TA,TA,CBlock,TA,TA,No,BLQ,Unf,913,GasA,TA,Y,FuseA,1558,1,0,1,1,3,1,TA,Typ,1,TA,Attchd,1962.0,Unf,1,TA,TA,Y,0,0,0,0,0,0,None,None,None,0,4,2008,WD,Normal,140000
1429,30,RM,60.0,7200,Pave,None,Reg,Lvl,AllPub,Corner,Gtl,OldTown,Norm,Norm,1Fam,1Story,5,7,1940,1992,Gable,CompShg,MetalSd,MetalSd,Stone,294.0,TA,Gd,CBlock,TA,TA,No,BLQ,Unf,788,GasA,TA,Y,SBrkr,804,1,0,1,0,2,1,Gd,Typ,2,Gd,Attchd,1940.0,Unf,1,TA,TA,Y,0,0,154,0,0,0,None,MnPrv,None,0,2,2010,WD,Abnorml,119000
1430,20,RL,80.0,12546,Pave,None,IR1,Lvl,AllPub,Corner,Gtl,NWAmes,Norm,Norm,1Fam,1Story,6,7,1981,1981,Gable,CompShg,MetalSd,MetalSd,BrkFace,310.0,Gd,Gd,CBlock,Gd,TA,No,BLQ,Unf,1440,GasA,Ex,Y,SBrkr,1440,0,0,2,0,3,1,Gd,Typ,1,TA,Attchd,1981.0,Fin,2,TA,TA,Y,0,0,99,0,0,0,None,None,None,0,4,2007,WD,Normal,182900
1431,60,RL,60.0,21930,Pave,None,IR3,Lvl,AllPub,Inside,Gtl,Gilbert,RRAn,Norm,1Fam,2Story,5,5,2005,2005,Gable,CompShg,VinylSd,VinylSd,None,0.0,Gd,TA,PConc,Gd,Gd,Av,Unf,Unf,732,GasA,Ex,Y,SBrkr,1838,0,0,2,1,4,1,TA,Typ,1,Gd,BuiltIn,2005.0,Fin,2,TA,TA,Y,100,40,0,0,0,0,None,None,None,0,7,2006,WD,Normal,192140
1432,120,RL,24.0,4928,Pave,None,IR1,Lvl,AllPub,Inside,Gtl,NPkVill,Norm,Norm,TwnhsE,1Story,6,6,1976,1976,Gable,CompShg,Plywood,Plywood,None,0.0,TA,TA,CBlock,Gd,TA,No,LwQ,Unf,958,GasA,TA,Y,SBrkr,958,0,0,2,0,2,1,TA,Typ,0,None,Attchd,1976.0,RFn,2,TA,TA,Y,0,60,0,0,0,0,None,None,None,0,10,2009,WD,Normal,143750
1433,30,RL,60.0,10800,Pave,Grvl,Reg,Lvl,AllPub,Inside,Gtl,OldTown,Norm,Norm,1Fam,1Story,4,6,1927,2007,Gable,CompShg,Wd Sdng,Wd Sdng,None,0.0,TA,TA,BrkTil,TA,TA,No,Unf,Unf,656,GasA,TA,Y,SBrkr,968,0,0,2,0,4,1,TA,Typ,0,None,Detchd,1928.0,Unf,1,Fa,Fa,Y,0,0,0,0,0,0,None,None,None,0,8,2007,WD,Normal,64500
1434,60,RL,93.0,10261,Pave,None,IR1,Lvl,AllPub,Inside,Gtl,Gilbert,Norm,Norm,1Fam,2Story,6,5,2000,2000,Gable,CompShg,VinylSd,VinylSd,BrkFace,318.0,TA,TA,PConc,Gd,TA,No,Unf,Unf,936,GasA,Ex,Y,SBrkr,1792,1,0,2,1,3,1,TA,Typ,1,TA,Attchd,2000.0,Fin,2,TA,TA,Y,0,0,0,0,0,0,None,None,None,0,5,2008,WD,Normal,186500
1435,20,RL,80.0,17400,Pave,None,Reg,Low,AllPub,Inside,Mod,Mitchel,Norm,Norm,1Fam,1Story,5,5,1977,1977,Gable,CompShg,BrkFace,BrkFace,None,0.0,TA,TA,CBlock,TA,TA,No,ALQ,Unf,1126,GasA,Fa,Y,SBrkr,1126,1,0,2,0,3,1,TA,Typ,1,Gd,Attchd,1977.0,RFn,2,TA,TA,P,295,41,0,0,0,0,None,None,None,0,5,2006,WD,Normal,160000
1436,20,RL,80.0,8400,Pave,None,Reg,Lvl,AllPub,Inside,Gtl,NAmes,Norm,Norm,1Fam,1Story,6,9,1962,2005,Gable,CompShg,Wd Sdng,Wd Sdng,BrkFace,237.0,Gd,Gd,CBlock,TA,TA,No,Unf,Unf,1319,GasA,TA,Y,SBrkr,1537,1,0,1,1,3,1,Gd,Typ,1,Gd,Attchd,1962.0,RFn,2,TA,TA,Y,0,36,0,0,0,0,None,GdPrv,None,0,7,2008,COD,Abnorml,174000
1437,20,RL,60.0,9000,Pave,None,Reg,Lvl,AllPub,FR2,Gtl,NAmes,Norm,Norm,1Fam,1Story,4,6,1971,1971,Gable,CompShg,HdBoard,HdBoard,None,0.0,TA,TA,PConc,TA,TA,No,ALQ,Unf,864,GasA,TA,Y,SBrkr,864,0,0,1,0,3,1,TA,Typ,0,None,Detchd,1974.0,Unf,2,TA,TA,Y,0,0,0,0,0,0,None,GdWo,None,0,5,2007,WD,Normal,120500
1438,20,RL,96.0,12444,Pave,None,Reg,Lvl,AllPub,FR2,Gtl,NridgHt,Norm,Norm,1Fam,1Story,8,5,2008,2008,Hip,CompShg,VinylSd,VinylSd,Stone,426.0,Ex,TA,PConc,Ex,TA,Av,GLQ,Unf,1932,GasA,Ex,Y,SBrkr,1932,1,0,2,0,2,1,Ex,Typ,1,Gd,Attchd,2008.0,Fin,3,TA,TA,Y,0,66,0,304,0,0,None,None,None,0,11,2008,New,Partial,394617
1439,20,RM,90.0,7407,Pave,None,Reg,Lvl,AllPub,Inside,Gtl,OldTown,Artery,Norm,1Fam,1Story,6,7,1957,1996,Gable,CompShg,MetalSd,MetalSd,None,0.0,TA,TA,CBlock,TA,TA,No,GLQ,Unf,912,GasA,TA,Y,FuseA,1236,1,0,1,0,2,1,TA,Typ,0,None,Attchd,1957.0,Unf,2,TA,TA,Y,0,158,158,0,0,0,None,MnPrv,None,0,4,2010,WD,Normal,149700
1440,60,RL,80.0,11584,Pave,None,Reg,Lvl,AllPub,Inside,Gtl,NWAmes,Norm,Norm,1Fam,SLvl,7,6,1979,1979,Hip,CompShg,HdBoard,HdBoard,BrkFace,96.0,TA,TA,CBlock,TA,TA,No,GLQ,Rec,539,GasA,TA,Y,SBrkr,1725,0,0,2,1,3,1,TA,Typ,1,TA,Attchd,1979.0,RFn,2,TA,TA,Y,0,88,216,0,0,0,None,None,None,0,11,2007,WD,Normal,197000
1441,70,RL,79.0,11526,Pave,None,IR1,Bnk,AllPub,Inside,Mod,Crawfor,Norm,Norm,1Fam,2.5Fin,6,7,1922,1994,Gable,CompShg,MetalSd,MetalSd,None,0.0,TA,TA,BrkTil,Ex,TA,No,Unf,Unf,588,GasA,Fa,Y,SBrkr,2555,0,0,2,0,3,1,TA,Min1,1,Gd,Detchd,1993.0,Fin,2,TA,TA,Y,431,0,0,0,0,0,None,None,None,0,9,2008,WD,Normal,191000
1442,120,RM,70.0,4426,Pave,None,Reg,Lvl,AllPub,Inside,Gtl,CollgCr,Norm,Norm,TwnhsE,1Story,6,5,2004,2004,Gable,CompShg,VinylSd,VinylSd,BrkFace,147.0,Gd,TA,PConc,Gd,TA,Av,GLQ,Unf,848,GasA,Ex,Y,SBrkr,848,1,0,1,0,1,1,Gd,Typ,1,TA,Attchd,2004.0,RFn,2,TA,TA,Y,149,0,0,0,0,0,None,None,None,0,5,2008,WD,Normal,149300
1443,60,FV,85.0,11003,Pave,None,Reg,Lvl,AllPub,Inside,Gtl,Somerst,Norm,Norm,1Fam,2Story,10,5,2008,2008,Gable,CompShg,VinylSd,VinylSd,Stone,160.0,Ex,TA,PConc,Ex,TA,Av,GLQ,Unf,1017,GasA,Ex,Y,SBrkr,2007,1,0,2,1,3,1,Ex,Typ,1,Ex,Attchd,2008.0,Fin,3,TA,TA,Y,168,52,0,0,0,0,None,None,None,0,4,2009,WD,Normal,310000
1444,30,RL,52.0,8854,Pave,None,Reg,Lvl,AllPub,Inside,Gtl,BrkSide,Norm,Norm,1Fam,1.5Unf,6,6,1916,1950,Gable,CompShg,Wd Sdng,Wd Sdng,None,0.0,TA,TA,BrkTil,TA,TA,No,Unf,Unf,952,Grav,Fa,N,FuseF,952,0,0,1,0,2,1,Fa,Typ,1,Gd,Detchd,1916.0,Unf,1,Fa,Po,P,0,98,0,0,40,0,None,None,None,0,5,2009,WD,Normal,121000
1445,20,RL,63.0,8500,Pave,None,Reg,Lvl,AllPub,FR2,Gtl,CollgCr,Norm,Norm,1Fam,1Story,7,5,2004,2004,Gable,CompShg,VinylSd,VinylSd,BrkFace,106.0,Gd,TA,PConc,Gd,TA,Av,Unf,Unf,1422,GasA,Ex,Y,SBrkr,1422,0,0,2,0,3,1,Gd,Typ,0,None,Attchd,2004.0,RFn,2,TA,TA,Y,192,60,0,0,0,0,None,None,None,0,11,2007,WD,Normal,179600
1446,85,RL,70.0,8400,Pave,None,Reg,Lvl,AllPub,Inside,Gtl,Sawyer,Norm,Norm,1Fam,SFoyer,6,5,1966,1966,Gable,CompShg,VinylSd,VinylSd,None,0.0,TA,TA,CBlock,TA,TA,Gd,LwQ,Rec,814,GasA,Gd,Y,SBrkr,913,1,0,1,0,3,1,TA,Typ,0,None,Detchd,1990.0,Unf,1,TA,TA,Y,0,0,252,0,0,0,None,None,None,0,5,2007,WD,Normal,129000
1447,20,RL,73.0,26142,Pave,None,IR1,Lvl,AllPub,CulDSac,Gtl,Mitchel,Norm,Norm,1Fam,1Story,5,7,1962,1962,Gable,CompShg,HdBoard,HdBoard,BrkFace,189.0,TA,TA,CBlock,TA,TA,No,Rec,Unf,1188,GasA,TA,Y,SBrkr,1188,0,0,1,0,3,1,TA,Typ,0,None,Attchd,1962.0,Unf,1,TA,TA,P,261,39,0,0,0,0,None,None,None,0,4,2010,WD,Normal,157900
1448,60,RL,80.0,10000,Pave,None,Reg,Lvl,AllPub,Inside,Gtl,CollgCr,Norm,Norm,1Fam,2Story,8,5,1995,1996,Gable,CompShg,VinylSd,VinylSd,BrkFace,438.0,Gd,TA,PConc,Gd,TA,No,GLQ,Unf,1220,GasA,Ex,Y,SBrkr,2090,1,0,2,1,3,1,Gd,Typ,1,TA,Attchd,1995.0,RFn,2,TA,TA,Y,0,65,0,0,0,0,None,None,None,0,12,2007,WD,Normal,240000
1449,50,RL,70.0,11767,Pave,None,Reg,Lvl,AllPub,Inside,Gtl,Edwards,Norm,Norm,1Fam,2Story,4,7,1910,2000,Gable,CompShg,MetalSd,HdBoard,None,0.0,TA,TA,CBlock,Fa,TA,No,Unf,Unf,560,GasA,Gd,N,SBrkr,1346,0,0,1,1,2,1,TA,Min2,0,None,Detchd,1950.0,Unf,1,Fa,TA,Y,168,24,0,0,0,0,None,GdWo,None,0,5,2007,WD,Normal,112000
1450,180,RM,21.0,1533,Pave,None,Reg,Lvl,AllPub,Inside,Gtl,MeadowV,Norm,Norm,Twnhs,SFoyer,5,7,1970,1970,Gable,CompShg,CemntBd,CmentBd,None,0.0,TA,TA,CBlock,Gd,TA,Av,GLQ,Unf,630,GasA,Ex,Y,SBrkr,630,1,0,1,0,1,1,Ex,Typ,0,None,None,0.0,None,0,None,None,Y,0,0,0,0,0,0,None,None,None,0,8,2006,WD,Abnorml,92000
1451,90,RL,60.0,9000,Pave,None,Reg,Lvl,AllPub,FR2,Gtl,NAmes,Norm,Norm,Duplex,2Story,5,5,1974,1974,Gable,CompShg,VinylSd,VinylSd,None,0.0,TA,TA,CBlock,Gd,TA,No,Unf,Unf,896,GasA,TA,Y,SBrkr,1792,0,0,2,2,4,2,TA,Typ,0,None,None,0.0,None,0,None,None,Y,32,45,0,0,0,0,None,None,None,0,9,2009,WD,Normal,136000
1452,20,RL,78.0,9262,Pave,None,Reg,Lvl,AllPub,Inside,Gtl,Somerst,Norm,Norm,1Fam,1Story,8,5,2008,2009,Gable,CompShg,CemntBd,CmentBd,Stone,194.0,Gd,TA,PConc,Gd,TA,No,Unf,Unf,1573,GasA,Ex,Y,SBrkr,1578,0,0,2,0,3,1,Ex,Typ,1,Gd,Attchd,2008.0,Fin,3,TA,TA,Y,0,36,0,0,0,0,None,None,None,0,5,2009,New,Partial,287090
1453,180,RM,35.0,3675,Pave,None,Reg,Lvl,AllPub,Inside,Gtl,Edwards,Norm,Norm,TwnhsE,SLvl,5,5,2005,2005,Gable,CompShg,VinylSd,VinylSd,BrkFace,80.0,TA,TA,PConc,Gd,TA,Gd,GLQ,Unf,547,GasA,Gd,Y,SBrkr,1072,1,0,1,0,2,1,TA,Typ,0,None,Basment,2005.0,Fin,2,TA,TA,Y,0,28,0,0,0,0,None,None,None,0,5,2006,WD,Normal,145000
1454,20,RL,90.0,17217,Pave,None,Reg,Lvl,AllPub,Inside,Gtl,Mitchel,Norm,Norm,1Fam,1Story,5,5,2006,2006,Gable,CompShg,VinylSd,VinylSd,None,0.0,TA,TA,PConc,Gd,TA,No,Unf,Unf,1140,GasA,Ex,Y,SBrkr,1140,0,0,1,0,3,1,TA,Typ,0,None,None,0.0,None,0,None,None,Y,36,56,0,0,0,0,None,None,None,0,7,2006,WD,Abnorml,84500
1455,20,FV,62.0,7500,Pave,Pave,Reg,Lvl,AllPub,Inside,Gtl,Somerst,Norm,Norm,1Fam,1Story,7,5,2004,2005,Gable,CompShg,VinylSd,VinylSd,None,0.0,Gd,TA,PConc,Gd,TA,No,GLQ,Unf,1221,GasA,Ex,Y,SBrkr,1221,1,0,2,0,2,1,Gd,Typ,0,None,Attchd,2004.0,RFn,2,TA,TA,Y,0,113,0,0,0,0,None,None,None,0,10,2009,WD,Normal,185000
1456,60,RL,62.0,7917,Pave,None,Reg,Lvl,AllPub,Inside,Gtl,Gilbert,Norm,Norm,1Fam,2Story,6,5,1999,2000,Gable,CompShg,VinylSd,VinylSd,None,0.0,TA,TA,PConc,Gd,TA,No,Unf,Unf,953,GasA,Ex,Y,SBrkr,1647,0,0,2,1,3,1,TA,Typ,1,TA,Attchd,1999.0,RFn,2,TA,TA,Y,0,40,0,0,0,0,None,None,None,0,8,2007,WD,Normal,175000
1457,20,RL,85.0,13175,Pave,None,Reg,Lvl,AllPub,Inside,Gtl,NWAmes,Norm,Norm,1Fam,1Story,6,6,1978,1988,Gable,CompShg,Plywood,Plywood,Stone,119.0,TA,TA,CBlock,Gd,TA,No,ALQ,Rec,1542,GasA,TA,Y,SBrkr,2073,1,0,2,0,3,1,TA,Min1,2,TA,Attchd,1978.0,Unf,2,TA,TA,Y,349,0,0,0,0,0,None,MnPrv,None,0,2,2010,WD,Normal,210000
1458,70,RL,66.0,9042,Pave,None,Reg,Lvl,AllPub,Inside,Gtl,Crawfor,Norm,Norm,1Fam,2Story,7,9,1941,2006,Gable,CompShg,CemntBd,CmentBd,None,0.0,Ex,Gd,Stone,TA,Gd,No,GLQ,Unf,1152,GasA,Ex,Y,SBrkr,2340,0,0,2,0,4,1,Gd,Typ,2,Gd,Attchd,1941.0,RFn,1,TA,TA,Y,0,60,0,0,0,0,None,GdPrv,Shed,2500,5,2010,WD,Normal,266500
1459,20,RL,68.0,9717,Pave,None,Reg,Lvl,AllPub,Inside,Gtl,NAmes,Norm,Norm,1Fam,1Story,5,6,1950,1996,Hip,CompShg,MetalSd,MetalSd,None,0.0,TA,TA,CBlock,TA,TA,Mn,GLQ,Rec,1078,GasA,Gd,Y,FuseA,1078,1,0,1,0,2,1,Gd,Typ,0,None,Attchd,1950.0,Unf,1,TA,TA,Y,366,0,112,0,0,0,None,None,None,0,4,2010,WD,Normal,142125
1460,20,RL,75.0,9937,Pave,None,Reg,Lvl,AllPub,Inside,Gtl,Edwards,Norm,Norm,1Fam,1Story,5,6,1965,1965,Gable,CompShg,HdBoard,HdBoard,None,0.0,Gd,TA,CBlock,TA,TA,No,BLQ,LwQ,1256,GasA,Gd,Y,SBrkr,1256,1,0,1,1,3,1,TA,Typ,0,None,Attchd,1965.0,Fin,1,TA,TA,Y,736,68,0,0,0,0,None,None,None,0,6,2008,WD,Normal,147500
