Id,MSSubClass,MSZoning,LotFrontage,LotArea,Street,Alley,LotShape,LandContour,Utilities,LotConfig,LandSlope,Neighborhood,Condition1,Condition2,BldgType,HouseStyle,OverallQual,OverallCond,YearBuilt,YearRemodAdd,RoofStyle,RoofMatl,Exterior1st,Exterior2nd,MasVnrType,MasVnrArea,ExterQual,ExterCond,Foundation,BsmtQual,BsmtCond,BsmtExposure,BsmtFinType1,BsmtFinSF1,BsmtFinType2,BsmtFinSF2,BsmtUnfSF,TotalBsmtSF,Heating,HeatingQC,CentralAir,Electrical,1stFlrSF,2ndFlrSF,LowQualFinSF,GrLivArea,BsmtFullBath,BsmtHalfBath,FullBath,HalfBath,BedroomAbvGr,KitchenAbvGr,KitchenQual,TotRmsAbvGrd,Functional,Fireplaces,FireplaceQu,GarageType,GarageYrBlt,GarageFinish,GarageCars,GarageArea,GarageQual,GarageCond,PavedDrive,WoodDeckSF,OpenPorchSF,EnclosedPorch,3SsnPorch,ScreenPorch,PoolArea,PoolQC,Fence,MiscFeature,MiscVal,MoSold,YrSold,SaleType,SaleCondition,SalePrice,TotalSF,HouseAge,RemodAge,TotalBath,HasGarage,HasBsmt,HasFireplace,Has2ndFloor,TotalPorchSF
1,60,RL,4.189654742026425,9.042040056544483,Pave,None,Reg,Lvl,AllPub,Inside,Gtl,CollgCr,Norm,Norm,1Fam,2Story,7,5,2003,2003,Gable,CompShg,VinylSd,VinylSd,BrkFace,5.2832037287379885,Gd,TA,PConc,Gd,TA,No,GLQ,6.561030665896573,Unf,0.0,150,6.75343791859778,GasA,Ex,Y,SBrkr,6.75343791859778,854,0.0,7.444833273892193,1,0,2,1,3,1,Gd,8,Typ,0,None,Attchd,2003.0,RFn,2,548,TA,TA,Y,0.0,4.127134385045092,0.0,0.0,0.0,0.0,None,None,None,0.0,2,2008,WD,Normal,208500,7.8504931808711405,5,5,3.5,1,1,0,1,61
2,20,RL,4.394449154672439,9.169622538697624,Pave,None,Reg,Lvl,AllPub,FR2,Gtl,Veenker,Feedr,Norm,1Fam,1Story,6,8,1976,1976,Gable,CompShg,MetalSd,MetalSd,None,0.0,TA,TA,CBlock,Gd,TA,Gd,ALQ,6.88653164253051,Unf,0.0,284,7.141245122350491,GasA,Ex,Y,SBrkr,7.141245122350491,0,0.0,7.141245122350491,0,1,2,0,3,1,TA,6,Typ,1,TA,Attchd,1976.0,RFn,2,460,TA,TA,Y,5.700443573390687,0.0,0.0,0.0,0.0,0.0,None,None,None,0.0,5,2007,WD,Normal,181500,7.83399634170946,31,31,2.5,1,1,1,0,298
3,60,RL,4.23410650459726,9.328212292571072,Pave,None,IR1,Lvl,AllPub,Inside,Gtl,CollgCr,Norm,Norm,1Fam,2Story,7,5,2001,2002,Gable,CompShg,VinylSd,VinylSd,BrkFace,5.093750200806762,Gd,TA,PConc,Gd,TA,Mn,GLQ,6.18826412308259,Unf,0.0,434,6.825460036255307,GasA,Ex,Y,SBrkr,6.825460036255307,866,0.0,7.488293515159428,1,0,2,1,3,1,Gd,6,Typ,1,TA,Attchd,2001.0,RFn,2,608,TA,TA,Y,0.0,3.7612001156935624,0.0,0.0,0.0,0.0,None,None,None,0.0,9,2008,WD,Normal,223500,7.903596289614301,7,6,3.5,1,1,1,1,42
4,70,RL,4.110873864173311,9.164401140034737,Pave,None,IR1,Lvl,AllPub,Corner,Gtl,Crawfor,Norm,Norm,1Fam,2Story,7,5,1915,1970,Gable,CompShg,Wd Sdng,Wd Shng,None,0.0,TA,TA,BrkTil,TA,Gd,No,ALQ,5.37989735354046,Unf,0.0,540,6.6293632534374485,GasA,Gd,Y,SBrkr,6.8690144506657065,756,0.0,7.4489161025442,1,0,1,0,3,1,Gd,7,Typ,1,Gd,Detchd,1998.0,Unf,3,642,TA,TA,Y,0.0,3.58351893845611,5.60947179518496,0.0,0.0,0.0,None,None,None,0.0,2,2006,WD,Abnorml,140000,7.813591552952433,91,36,2.0,1,1,1,1,307
5,60,RL,4.442651256490317,9.565283817736766,Pave,None,IR1,Lvl,AllPub,FR2,Gtl,NoRidge,Norm,Norm,1Fam,2Story,8,5,2000,2000,Gable,CompShg,VinylSd,VinylSd,BrkFace,5.860786223465865,Gd,TA,PConc,Gd,TA,Av,GLQ,6.486160788944089,Unf,0.0,490,7.044032897274685,GasA,Ex,Y,SBrkr,7.044032897274685,1053,0.0,7.695757990554761,1,0,2,1,4,1,Gd,9,Typ,1,TA,Attchd,2000.0,RFn,3,836,TA,TA,Y,5.262690188904886,4.442651256490317,0.0,0.0,0.0,0.0,None,None,None,0.0,12,2008,WD,Normal,250000,8.114922974204593,8,8,3.5,1,1,1,1,276
6,50,RL,4.454347296253507,9.55506418479516,Pave,None,IR1,Lvl,AllPub,Inside,Gtl,Mitchel,Norm,Norm,1Fam,1.5Fin,5,5,1993,1995,Gable,CompShg,VinylSd,VinylSd,None,0.0,TA,TA,Wood,Gd,TA,No,GLQ,6.597145701886651,Unf,0.0,64,6.680854678790215,GasA,Ex,Y,SBrkr,6.680854678790215,566,0.0,7.217443431696533,1,0,1,1,1,1,TA,5,Typ,0,None,Attchd,1993.0,Unf,2,480,TA,TA,Y,3.713572066704308,3.4339872044851463,0.0,5.771441123130016,0.0,0.0,None,MnPrv,Shed,6.55250788703459,10,2009,WD,Normal,143000,7.677400430514807,16,14,2.5,1,1,0,1,390
7,20,RL,4.330733340286331,9.218804450388312,Pave,None,Reg,Lvl,AllPub,Inside,Gtl,Somerst,Norm,Norm,1Fam,1Story,8,5,2004,2005,Gable,CompShg,VinylSd,VinylSd,Stone,5.231108616854587,Gd,TA,PConc,Ex,TA,Av,GLQ,7.222566018822171,Unf,0.0,317,7.430707082545968,GasA,Ex,Y,SBrkr,7.43543801981455,0,0.0,7.43543801981455,1,0,2,0,3,1,Gd,7,Typ,1,Gd,Attchd,2004.0,RFn,2,636,TA,TA,Y,5.545177444479562,4.060443010546419,0.0,0.0,0.0,0.0,None,None,None,0.0,8,2007,WD,Normal,307000,8.125926802707886,3,2,3.0,1,1,1,0,312
8,60,RL,4.394449154672439,9.247925132303454,Pave,None,IR1,Lvl,AllPub,Corner,Gtl,NWAmes,PosN,Norm,1Fam,2Story,7,6,1973,1973,Gable,CompShg,HdBoard,HdBoard,Stone,5.484796933490655,TA,TA,CBlock,Gd,TA,Mn,ALQ,6.756932389247553,BLQ,3.4965075614664802,216,7.010311867307229,GasA,Ex,Y,SBrkr,7.010311867307229,983,0.0,7.645397699428633,1,0,2,1,3,1,TA,7,Typ,2,TA,Attchd,1973.0,RFn,2,484,TA,TA,Y,5.4638318050256105,5.3230099791384085,5.43372200355424,0.0,0.0,0.0,None,None,Shed,5.860786223465865,11,2009,WD,Normal,200000,8.0702808933939,36,36,3.5,1,1,1,1,667
9,50,RM,3.9512437185814275,8.71948076085107,Pave,None,Reg,Lvl,AllPub,Inside,Gtl,OldTown,Artery,Norm,1Fam,1.5Fin,7,5,1931,1950,Gable,CompShg,BrkFace,Wd Shng,None,0.0,TA,TA,BrkTil,TA,TA,No,Unf,0.0,Unf,0.0,952,6.859614903654202,GasA,Gd,Y,FuseF,6.930494765951626,752,0.0,7.4815557019095165,0,0,2,0,2,2,TA,8,Min1,2,TA,Detchd,1931.0,Unf,2,468,Fa,TA,Y,4.51085950651685,0.0,5.327876168789581,0.0,0.0,0.0,None,None,None,0.0,4,2008,WD,Abnorml,129900,7.910957382845589,77,58,2.0,1,1,1,1,295
10,190,RL,3.9318256327243257,8.912069097970134,Pave,None,Reg,Lvl,AllPub,Corner,Gtl,BrkSide,Artery,Artery,2fmCon,1.5Unf,5,6,1939,1950,Gable,CompShg,MetalSd,MetalSd,None,0.0,TA,TA,BrkTil,TA,TA,No,GLQ,6.747586526829315,Unf,0.0,140,6.899723107284872,GasA,Ex,Y,SBrkr,6.982862751468942,0,0.0,6.982862751468942,1,0,1,0,2,2,TA,5,Typ,2,TA,Attchd,1939.0,RFn,1,205,Gd,TA,Y,0.0,1.6094379124341003,0.0,0.0,0.0,0.0,None,None,None,0.0,1,2008,WD,Normal,118000,7.634820677745543,69,58,2.0,1,1,1,0,4
11,20,RL,4.2626798770413155,9.32375833901174,Pave,None,Reg,Lvl,AllPub,Inside,Gtl,Sawyer,Norm,Norm,1Fam,1Story,5,5,1965,1965,Hip,CompShg,HdBoard,HdBoard,None,0.0,TA,TA,CBlock,TA,TA,No,Rec,6.810142450115136,Unf,0.0,134,6.947937068614969,GasA,Ex,Y,SBrkr,6.947937068614969,0,0.0,6.947937068614969,1,0,1,0,3,1,TA,5,Typ,0,None,Detchd,1965.0,Unf,1,384,TA,TA,Y,0.0,0.0,0.0,0.0,0.0,0.0,None,None,None,0.0,2,2008,WD,Normal,129500,7.640603826393634,43,43,2.0,1,1,0,0,0
12,60,RL,4.454347296253507,9.386392315756542,Pave,None,IR1,Lvl,AllPub,Inside,Gtl,NridgHt,Norm,Norm,1Fam,2Story,9,5,2005,2006,Hip,CompShg,WdShing,Wd Shng,Stone,5.659482215759621,Ex,TA,PConc,Ex,TA,No,GLQ,6.906754778648554,Unf,0.0,177,7.069874128458572,GasA,Ex,Y,SBrkr,7.075808863978387,1142,0.0,7.751475318021456,1,0,3,0,4,1,Ex,11,Typ,2,Gd,BuiltIn,2005.0,Fin,3,736,TA,TA,Y,4.997212273764115,3.091042453358316,0.0,0.0,0.0,0.0,None,None,None,0.0,7,2006,New,Partial,345000,8.160518247477505,1,0,4.0,1,1,1,1,168
13,20,RL,4.276666119016055,9.470317173335742,Pave,None,IR2,Lvl,AllPub,Inside,Gtl,Sawyer,Norm,Norm,1Fam,1Story,5,6,1962,1962,Hip,CompShg,HdBoard,Plywood,None,0.0,TA,TA,CBlock,TA,TA,No,ALQ,6.6039438246004725,Unf,0.0,175,6.816735880594968,GasA,TA,Y,SBrkr,6.816735880594968,0,0.0,6.816735880594968,1,0,1,0,2,1,TA,4,Typ,0,None,Detchd,1962.0,Unf,1,352,TA,TA,Y,4.948759890378168,0.0,0.0,0.0,5.176149732573829,0.0,None,None,None,0.0,9,2008,WD,Normal,144000,7.509335266016592,46,46,2.0,1,1,0,0,316
14,20,RL,4.5217885770490405,9.273596821611198,Pave,None,IR1,Lvl,AllPub,Inside,Gtl,CollgCr,Norm,Norm,1Fam,1Story,7,5,2006,2007,Gable,CompShg,VinylSd,VinylSd,Stone,5.726847747587197,Gd,TA,PConc,Gd,TA,Av,Unf,0.0,Unf,0.0,1494,7.3098814858247865,GasA,Ex,Y,SBrkr,7.3098814858247865,0,0.0,7.3098814858247865,0,0,2,0,3,1,Gd,7,Typ,1,Gd,Attchd,2006.0,RFn,3,840,TA,TA,Y,5.081404364984463,3.5263605246161616,0.0,0.0,0.0,0.0,None,None,None,0.0,8,2007,New,Partial,279500,8.002694162283937,1,0,2.0,1,1,1,0,193
15,20,RL,4.30406509320417,9.298442820197728,Pave,None,IR1,Lvl,AllPub,Corner,Gtl,NAmes,Norm,Norm,1Fam,1Story,6,5,1960,1960,Hip,CompShg,MetalSd,MetalSd,BrkFace,5.3612921657094255,TA,TA,CBlock,TA,TA,No,BLQ,6.598509028614515,Unf,0.0,520,7.134093721192866,GasA,TA,Y,SBrkr,7.134093721192866,0,0.0,7.134093721192866,1,0,1,1,2,1,TA,5,Typ,1,Fa,Attchd,1960.0,RFn,1,352,TA,TA,Y,0.0,5.365976015021851,5.176149732573829,0.0,0.0,0.0,None,GdWo,None,0.0,5,2008,WD,Normal,157000,7.826842098158293,48,48,2.5,1,1,1,0,389
16,45,RM,3.9512437185814275,8.71948076085107,Pave,None,Reg,Lvl,AllPub,Corner,Gtl,BrkSide,Norm,Norm,1Fam,1.5Unf,7,8,1929,2001,Gable,CompShg,Wd Sdng,Wd Sdng,None,0.0,TA,TA,BrkTil,TA,TA,No,Unf,0.0,Unf,0.0,832,6.725033642166843,GasA,Ex,Y,FuseA,6.75110146893676,0,0.0,6.75110146893676,0,0,1,0,2,1,TA,5,Typ,0,None,Detchd,1991.0,Unf,2,576,TA,TA,Y,3.8918202981106265,4.727387818712341,0.0,0.0,0.0,0.0,None,GdPrv,None,0.0,7,2007,WD,Normal,132000,7.430707082545968,78,6,1.0,1,1,0,0,160
17,20,RL,4.30406509320417,9.32741204356202,Pave,None,IR1,Lvl,AllPub,CulDSac,Gtl,NAmes,Norm,Norm,1Fam,1Story,6,7,1970,1970,Gable,CompShg,Wd Sdng,Wd Sdng,BrkFace,5.198497031265826,TA,TA,CBlock,TA,TA,No,ALQ,6.361302477572996,Unf,0.0,426,6.912742820493176,GasA,Ex,Y,SBrkr,6.912742820493176,0,0.0,6.912742820493176,1,0,1,0,2,1,TA,5,Typ,1,TA,Attchd,1970.0,Fin,2,480,TA,TA,Y,0.0,0.0,0.0,0.0,0.0,0.0,None,None,Shed,6.55250788703459,3,2010,WD,Normal,149000,7.605392364814935,40,40,2.0,1,1,1,0,0
18,90,RL,4.290459441148391,9.286560397887591,Pave,None,Reg,Lvl,AllPub,Inside,Gtl,Sawyer,Norm,Norm,Duplex,1Story,4,5,1967,1967,Gable,CompShg,MetalSd,MetalSd,None,0.0,TA,TA,Slab,None,None,None,None,0.0,None,0.0,0,0.0,GasA,TA,Y,SBrkr,7.167809184316444,0,0.0,7.167809184316444,0,0,2,0,2,2,TA,6,Typ,0,None,CarPort,1967.0,Unf,2,516,TA,TA,Y,0.0,0.0,0.0,0.0,0.0,0.0,None,None,Shed,6.2166061010848646,10,2006,WD,Normal,90000,7.167809184316444,39,39,2.0,1,0,0,0,0
19,20,RL,4.204692619390966,9.524859098381523,Pave,None,Reg,Lvl,AllPub,Inside,Gtl,SawyerW,RRAe,Norm,1Fam,1Story,5,5,2004,2004,Gable,CompShg,VinylSd,VinylSd,None,0.0,TA,TA,PConc,TA,TA,No,GLQ,6.472346294500901,Unf,0.0,468,7.016609683894219,GasA,Ex,Y,SBrkr,7.016609683894219,0,0.0,7.016609683894219,1,0,1,1,3,1,Gd,6,Typ,0,None,Detchd,2004.0,Unf,2,576,TA,TA,Y,0.0,4.634728988229636,0.0,0.0,0.0,0.0,None,None,None,0.0,6,2008,WD,Normal,159000,7.709308333385869,4,4,2.5,1,1,0,0,102
20,20,RL,4.2626798770413155,8.93075873555827,Pave,None,Reg,Lvl,AllPub,Inside,Gtl,NAmes,Norm,Norm,1Fam,1Story,5,6,1958,1965,Hip,CompShg,BrkFace,Plywood,None,0.0,TA,TA,CBlock,TA,TA,No,LwQ,6.22455842927536,Unf,0.0,525,6.937314081223682,GasA,TA,Y,SBrkr,7.200424892944957,0,0.0,7.200424892944957,0,0,1,0,3,1,TA,6,Min1,0,None,Attchd,1958.0,Unf,1,294,TA,TA,Y,0.0,0.0,0.0,0.0,0.0,0.0,None,MnPrv,None,0.0,5,2009,COD,Abnorml,139000,7.7702232041587855,51,44,1.0,1,1,0,0,0
21,60,RL,4.624972813284271,9.562123369834488,Pave,None,IR1,Lvl,AllPub,Corner,Gtl,NridgHt,Norm,Norm,1Fam,2Story,8,5,2005,2006,Gable,CompShg,VinylSd,VinylSd,BrkFace,5.942799375126701,Gd,TA,PConc,Ex,TA,Av,Unf,0.0,Unf,0.0,1158,7.055312843339752,GasA,Ex,Y,SBrkr,7.055312843339752,1218,0.0,7.773594467360194,0,0,3,1,4,1,Gd,9,Typ,1,Gd,BuiltIn,2005.0,RFn,3,853,TA,TA,Y,5.484796933490655,5.043425116919247,0.0,0.0,0.0,0.0,None,None,None,0.0,11,2006,New,Partial,325300,8.170468578330674,1,0,3.5,1,1,1,1,394
22,45,RM,4.060443010546419,8.915969311373605,Pave,Grvl,Reg,Bnk,AllPub,Inside,Gtl,IDOTRR,Norm,Norm,1Fam,1.5Unf,7,7,1930,1950,Gable,CompShg,Wd Sdng,Wd Sdng,None,0.0,TA,TA,PConc,TA,TA,No,Unf,0.0,Unf,0.0,637,6.45833828334479,GasA,Ex,Y,FuseF,7.011213987350367,0,0.0,7.011213987350367,0,0,1,0,3,1,Gd,6,Typ,1,Gd,Attchd,1930.0,Unf,1,280,TA,TA,N,0.0,0.0,5.327876168789581,0.0,0.0,0.0,None,GdPrv,None,0.0,6,2007,WD,Normal,139400,7.465082736399547,77,57,1.0,1,1,1,0,205
23,20,RL,4.330733340286331,9.184304357425342,Pave,None,Reg,Lvl,AllPub,Inside,Gtl,CollgCr,Norm,Norm,1Fam,1Story,8,5,2002,2002,Hip,CompShg,VinylSd,VinylSd,BrkFace,5.641907070938114,Gd,TA,PConc,Gd,TA,No,Unf,0.0,Unf,0.0,1777,7.48324441607385,GasA,Ex,Y,SBrkr,7.493317248862145,0,0.0,7.493317248862145,0,0,2,0,3,1,Gd,7,Typ,1,Gd,Attchd,2002.0,RFn,2,534,TA,TA,Y,5.147494476813453,5.075173815233827,0.0,0.0,0.0,0.0,None,None,None,0.0,9,2008,WD,Normal,230000,8.181160858023409,6,6,2.0,1,1,1,0,330
24,120,RM,3.8066624897703196,8.348774539791274,Pave,None,Reg,Lvl,AllPub,Inside,Gtl,MeadowV,Norm,Norm,TwnhsE,1Story,5,7,1976,1976,Gable,CompShg,CemntBd,CmentBd,None,0.0,TA,TA,PConc,Gd,TA,No,GLQ,6.734591659972948,Unf,0.0,200,6.947937068614969,GasA,TA,Y,SBrkr,6.966967138613983,0,0.0,6.966967138613983,1,0,1,0,3,1,TA,6,Typ,1,TA,Attchd,1976.0,Unf,2,572,TA,TA,Y,4.61512051684126,4.709530201312334,0.0,0.0,0.0,0.0,None,None,None,0.0,6,2007,WD,Normal,129900,7.650168700845001,31,31,2.0,1,1,1,0,210
25,20,RL,4.276666119016055,9.017604776833355,Pave,None,IR1,Lvl,AllPub,Inside,Gtl,Sawyer,Norm,Norm,1Fam,1Story,5,8,1968,2001,Gable,CompShg,Plywood,Plywood,None,0.0,TA,Gd,CBlock,TA,TA,Mn,Rec,5.241747015059643,ALQ,6.505784060128229,204,6.966967138613983,GasA,Ex,Y,SBrkr,6.966967138613983,0,0.0,6.966967138613983,1,0,1,0,3,1,Gd,6,Typ,1,TA,Attchd,1968.0,Unf,1,270,TA,TA,Y,6.008813185442595,4.51085950651685,0.0,0.0,0.0,0.0,None,MnPrv,None,0.0,5,2010,WD,Normal,154000,7.659642954564682,42,9,2.0,1,1,1,0,496
26,20,RL,4.709530201312334,9.56317796268366,Pave,None,Reg,Lvl,AllPub,Corner,Gtl,NridgHt,Norm,Norm,1Fam,1Story,8,5,2007,2007,Gable,CompShg,VinylSd,VinylSd,Stone,6.46302945692067,Gd,TA,PConc,Gd,TA,No,Unf,0.0,Unf,0.0,1566,7.356918242356021,GasA,Ex,Y,SBrkr,7.3783837129967145,0,0.0,7.3783837129967145,0,0,2,0,3,1,Gd,7,Typ,1,Gd,Attchd,2007.0,RFn,3,890,TA,TA,Y,0.0,4.04305126783455,0.0,0.0,0.0,0.0,None,None,None,0.0,7,2009,WD,Normal,256300,8.06054004653864,2,2,2.0,1,1,1,0,56
27,20,RL,4.110873864173311,8.881975184248867,Pave,None,Reg,Lvl,AllPub,Corner,Gtl,NAmes,Norm,Norm,1Fam,1Story,5,7,1951,2000,Gable,CompShg,Wd Sdng,Wd Sdng,None,0.0,TA,TA,CBlock,TA,TA,Mn,BLQ,5.459585514144159,Rec,6.18826412308259,180,6.803505257608338,GasA,TA,Y,SBrkr,6.803505257608338,0,0.0,6.803505257608338,0,1,1,0,3,1,Gd,5,Typ,0,None,Detchd,2005.0,Unf,2,576,TA,TA,Y,5.407171771460119,3.4965075614664802,0.0,0.0,0.0,0.0,None,None,None,0.0,5,2010,WD,Normal,134800,7.496097345175956,59,10,1.5,1,1,0,0,254
28,20,RL,4.59511985013459,9.348274558065496,Pave,None,Reg,Lvl,AllPub,Inside,Gtl,NridgHt,Norm,Norm,1Fam,1Story,8,5,2007,2008,Gable,CompShg,VinylSd,VinylSd,Stone,5.303304908059076,Gd,TA,PConc,Ex,TA,No,GLQ,7.105786129481271,Unf,0.0,486,7.4413203897176174,GasA,Ex,Y,SBrkr,7.4413203897176174,0,0.0,7.4413203897176174,1,0,2,0,3,1,Gd,7,Typ,1,Gd,Attchd,2008.0,RFn,3,772,TA,TA,Y,0.0,3.9318256327243257,0.0,0.0,0.0,0.0,None,None,None,0.0,5,2010,WD,Normal,306000,8.134174272137903,3,2,3.0,1,1,1,0,50
29,20,RL,3.871201010907891,9.700269170029188,Pave,None,IR1,Lvl,AllPub,CulDSac,Gtl,NAmes,Norm,Norm,1Fam,1Story,5,6,1957,1997,Gable,CompShg,MetalSd,MetalSd,None,0.0,TA,TA,CBlock,TA,TA,Gd,BLQ,7.15305163493748,Unf,0.0,207,7.3031700512368,GasA,TA,Y,SBrkr,7.3783837129967145,0,0.0,7.3783837129967145,1,0,1,0,2,1,TA,6,Typ,2,Gd,Attchd,1957.0,RFn,1,319,TA,TA,Y,5.666426688112432,5.556828061699537,0.0,0.0,0.0,0.0,None,None,None,0.0,12,2006,WD,Normal,207500,8.034306936339489,49,9,2.0,1,1,1,0,546
30,30,RM,4.110873864173311,8.752265313595721,Pave,None,IR1,Lvl,AllPub,Inside,Gtl,BrkSide,Feedr,RRNn,1Fam,1Story,4,6,1927,1950,Gable,CompShg,MetalSd,MetalSd,None,0.0,TA,TA,BrkTil,TA,TA,No,Unf,0.0,Unf,0.0,520,6.255750041753367,GasA,Fa,N,SBrkr,6.255750041753367,0,0.0,6.255750041753367,0,0,1,0,1,1,Fa,4,Typ,0,None,Detchd,1920.0,Unf,1,240,Fa,TA,Y,3.912023005428146,0.0,4.477336814478207,0.0,0.0,0.0,None,None,None,0.0,5,2008,WD,Normal,68500,6.947937068614969,81,58,1.0,1,1,0,0,136
31,70,C (all),3.9318256327243257,9.04793908261736,Pave,Pave,Reg,Lvl,AllPub,Inside,Gtl,IDOTRR,Feedr,Norm,1Fam,2Story,4,4,1920,1950,Gambrel,CompShg,BrkFace,BrkFace,None,0.0,TA,Fa,BrkTil,TA,TA,No,Unf,0.0,Unf,0.0,649,6.476972362889683,GasA,TA,N,SBrkr,6.476972362889683,668,0.0,7.183870715062453,0,0,1,0,3,1,TA,6,Typ,0,None,Detchd,1920.0,Unf,1,250,TA,Fa,N,0.0,4.007333185232471,5.153291594497779,0.0,0.0,0.0,None,MnPrv,None,0.0,7,2008,WD,Normal,40000,7.584264818389059,88,58,1.0,1,1,0,1,226
32,20,RL,4.276666119016055,9.053101595549691,Pave,None,IR1,Lvl,AllPub,CulDSac,Gtl,Sawyer,Norm,Norm,1Fam,1Story,5,6,1966,2006,Gable,CompShg,HdBoard,HdBoard,None,0.0,TA,TA,CBlock,TA,TA,No,Unf,0.0,Unf,0.0,1228,7.113956109566034,GasA,Gd,Y,SBrkr,7.113956109566034,0,0.0,7.113956109566034,0,0,1,1,3,1,Gd,6,Typ,0,None,Attchd,1966.0,Unf,1,271,TA,TA,Y,0.0,4.189654742026425,0.0,0.0,0.0,0.0,None,MnPrv,None,0.0,6,2008,WD,Normal,149350,7.806696372521179,42,2,1.5,1,1,0,0,65
33,20,RL,4.454347296253507,9.3101857069459,Pave,None,Reg,Lvl,AllPub,Corner,Gtl,CollgCr,Norm,Norm,1Fam,1Story,8,5,2007,2007,Gable,CompShg,VinylSd,VinylSd,None,0.0,Gd,TA,PConc,Ex,TA,Av,Unf,0.0,Unf,0.0,1234,7.118826249062078,GasA,Ex,Y,SBrkr,7.118826249062078,0,0.0,7.118826249062078,0,0,2,0,3,1,Gd,7,Typ,0,None,Attchd,2007.0,RFn,2,484,TA,TA,Y,0.0,3.4339872044851463,0.0,0.0,0.0,0.0,None,None,None,0.0,1,2008,WD,Normal,179900,7.81156848934518,1,1,2.0,1,1,0,0,30
34,20,RL,4.2626798770413155,9.26416545867109,Pave,None,IR1,Lvl,AllPub,Inside,Gtl,NAmes,Norm,Norm,1Fam,1Story,5,5,1959,1959,Hip,CompShg,BrkFace,BrkFace,None,0.0,TA,TA,CBlock,TA,TA,No,Rec,6.926577033222725,Unf,0.0,380,7.243512974665482,GasA,Gd,Y,SBrkr,7.438971592395862,0,0.0,7.438971592395862,0,1,1,1,4,1,Gd,6,Typ,1,Gd,Attchd,1959.0,RFn,2,447,TA,TA,Y,0.0,3.6635616461296463,0.0,0.0,0.0,0.0,None,None,None,0.0,4,2010,WD,Normal,165500,8.038834757787749,51,51,2.0,1,1,1,0,38
35,120,RL,4.110873864173311,8.897545598709327,Pave,None,Reg,Lvl,AllPub,Inside,Gtl,NridgHt,Norm,Norm,TwnhsE,1Story,9,5,2005,2005,Hip,CompShg,MetalSd,MetalSd,BrkFace,5.5093883366279774,Ex,TA,PConc,Ex,TA,No,GLQ,7.050989447068045,Unf,0.0,408,7.3537223303996315,GasA,Ex,Y,SBrkr,7.3537223303996315,0,0.0,7.3537223303996315,1,0,2,0,2,1,Ex,6,Typ,1,Gd,Attchd,2005.0,Fin,2,556,TA,TA,Y,5.318119993844216,3.871201010907891,0.0,0.0,0.0,0.0,None,None,None,0.0,8,2007,WD,Normal,277500,8.046549357283078,2,2,3.0,1,1,1,0,250
36,60,RL,4.6913478822291435,9.504426892100957,Pave,None,Reg,Lvl,AllPub,Inside,Gtl,NridgHt,Norm,Norm,1Fam,2Story,8,5,2004,2005,Gable,CompShg,VinylSd,VinylSd,Stone,4.890349128221754,Gd,TA,PConc,Ex,TA,Av,Unf,0.0,Unf,0.0,1117,7.0192966537150445,GasA,Ex,Y,SBrkr,7.0326242610280065,1320,0.0,7.8050670442584895,0,0,3,1,4,1,Gd,9,Typ,1,Gd,BuiltIn,2004.0,Fin,3,691,TA,TA,Y,4.736198448394496,3.4965075614664802,0.0,0.0,0.0,0.0,None,None,None,0.0,9,2006,WD,Normal,309000,8.180320874773685,2,1,3.5,1,1,1,1,145
37,20,RL,4.727387818712341,9.292841593487926,Pave,None,Reg,Lvl,AllPub,Corner,Gtl,CollgCr,Norm,Norm,1Fam,1Story,5,5,1994,1995,Gable,CompShg,VinylSd,VinylSd,None,0.0,TA,TA,PConc,Gd,TA,No,Unf,0.0,Unf,0.0,1097,7.001245622069476,GasA,Ex,Y,SBrkr,7.001245622069476,0,0.0,7.001245622069476,0,0,1,1,3,1,TA,6,Typ,0,None,Attchd,1995.0,Unf,2,672,TA,TA,Y,5.973809611869261,4.174387269895637,0.0,0.0,0.0,0.0,None,None,None,0.0,6,2009,WD,Normal,145000,7.693937325509272,15,14,1.5,1,1,0,0,456
38,20,RL,4.31748811353631,9.051696278536586,Pave,None,Reg,Lvl,AllPub,Inside,Gtl,NAmes,Norm,Norm,1Fam,1Story,5,6,1954,1990,Hip,CompShg,Wd Sdng,Wd Sdng,BrkFace,6.478509642208569,TA,TA,CBlock,TA,TA,No,Rec,7.101675971619444,Unf,0.0,84,7.168579897264035,GasA,Gd,Y,SBrkr,7.168579897264035,0,0.0,7.168579897264035,0,1,1,0,3,1,TA,5,Typ,1,TA,Attchd,1954.0,Fin,2,498,TA,TA,Y,0.0,0.0,0.0,0.0,0.0,0.0,None,None,None,0.0,10,2009,WD,Normal,153000,7.861341795599989,55,19,1.5,1,1,1,0,0
39,20,RL,4.23410650459726,8.977525200965243,Pave,None,Reg,Lvl,AllPub,Inside,Gtl,NAmes,Norm,Norm,1Fam,1Story,5,7,1953,2007,Gable,CompShg,VinylSd,VinylSd,None,0.0,TA,Gd,CBlock,TA,TA,No,GLQ,6.595780513961311,Unf,0.0,326,6.964135612418245,GasA,TA,Y,SBrkr,6.964135612418245,0,0.0,6.964135612418245,1,0,1,0,3,1,Gd,5,Typ,0,None,Detchd,1953.0,Unf,1,246,TA,TA,Y,0.0,3.970291913552122,0.0,0.0,0.0,0.0,None,None,None,0.0,1,2010,WD,Abnorml,109000,7.656810091480378,57,3,2.0,1,1,0,0,52
40,90,RL,4.189654742026425,8.706324840138741,Pave,None,Reg,Lvl,AllPub,Inside,Gtl,Edwards,Norm,Norm,Duplex,1Story,4,5,1955,1955,Gable,CompShg,AsbShng,Plywood,None,0.0,TA,TA,PConc,None,None,None,None,0.0,None,0.0,0,0.0,GasA,TA,N,FuseP,7.050122520269059,0,0.0,7.050122520269059,0,0,2,0,2,2,Fa,6,Typ,0,None,None,0.0,None,0,0,None,None,N,0.0,0.0,0.0,0.0,0.0,0.0,None,None,None,0.0,6,2008,WD,AdjLand,82000,7.050122520269059,53,53,2.0,0,0,0,0,0
41,20,RL,4.442651256490317,9.066354521447801,Pave,None,Reg,Lvl,AllPub,Inside,Gtl,NAmes,Norm,Norm,1Fam,1Story,6,5,1965,1965,Gable,CompShg,Wd Sdng,Wd Sdng,BrkFace,4.624972813284271,TA,TA,CBlock,TA,TA,No,Rec,6.467698726104354,Unf,0.0,445,6.9930151229329605,GasA,Ex,Y,SBrkr,7.1891677384203225,0,0.0,7.1891677384203225,0,0,2,0,3,1,TA,6,Typ,1,TA,Attchd,1965.0,RFn,2,440,TA,TA,Y,0.0,4.9344739331306915,0.0,0.0,0.0,0.0,None,GdWo,None,0.0,12,2006,WD,Abnorml,160000,7.7886260656250315,41,41,2.0,1,1,1,0,138
42,20,RL,4.7535901911063645,9.735423867488873,Pave,None,Reg,Lvl,AllPub,Inside,Gtl,Timber,Norm,Norm,1Fam,1Story,5,6,1959,1959,Gable,CompShg,VinylSd,VinylSd,None,0.0,TA,Gd,CBlock,TA,TA,Gd,BLQ,6.875232087276577,Unf,0.0,383,7.208600337960199,GasA,Gd,Y,SBrkr,7.192182058713246,0,0.0,7.192182058713246,0,1,1,1,2,1,TA,5,Typ,2,Gd,Attchd,1959.0,RFn,1,308,TA,TA,P,0.0,4.653960350157523,0.0,0.0,0.0,0.0,None,None,None,0.0,7,2007,WD,Normal,170000,7.893198869544609,48,48,2.0,1,1,1,0,104
43,85,RL,4.212127597878484,9.1248914101437,Pave,None,IR1,Lvl,AllPub,CulDSac,Gtl,SawyerW,Norm,Norm,1Fam,SFoyer,5,7,1983,1983,Gable,CompShg,HdBoard,HdBoard,None,0.0,TA,TA,CBlock,Gd,TA,Av,ALQ,6.617402977974478,LwQ,4.543294782270004,0,6.734591659972948,GasA,Gd,Y,SBrkr,6.785587645007929,0,0.0,6.785587645007929,1,0,1,0,2,1,Gd,5,Typ,0,None,Attchd,1983.0,RFn,2,504,TA,Gd,Y,5.484796933490655,0.0,0.0,0.0,0.0,0.0,None,MnPrv,None,0.0,12,2007,WD,Normal,144000,7.45298232946546,24,24,2.0,1,1,0,0,240
44,20,RL,4.2626798770413155,9.127067452782361,Pave,None,IR1,Lvl,AllPub,CulDSac,Gtl,CollgCr,Norm,Norm,1Fam,1Story,5,6,1975,1980,Hip,CompShg,VinylSd,VinylSd,None,0.0,TA,TA,CBlock,Gd,TA,Av,LwQ,5.638354669333745,BLQ,6.198478716492308,167,6.844815479208263,GasA,TA,Y,SBrkr,6.844815479208263,0,0.0,6.844815479208263,1,0,1,0,3,1,TA,5,Typ,0,None,Detchd,1977.0,Unf,1,308,TA,TA,Y,4.983606621708336,0.0,0.0,0.0,0.0,0.0,None,MnPrv,None,0.0,7,2008,WD,Normal,130250,7.537430036586509,33,28,2.0,1,1,0,0,145
45,20,RL,4.2626798770413155,8.980423936374544,Pave,None,Reg,Lvl,AllPub,Inside,Gtl,NAmes,Norm,Norm,1Fam,1Story,5,6,1959,1959,Gable,CompShg,BrkFace,Wd Sdng,None,0.0,TA,TA,CBlock,TA,TA,No,ALQ,5.19295685089021,BLQ,6.2285110035911835,465,7.048386408721883,GasA,Ex,Y,FuseA,7.048386408721883,0,0.0,7.048386408721883,1,0,1,0,3,1,TA,6,Typ,0,None,Attchd,1959.0,RFn,1,300,TA,TA,Y,0.0,0.0,0.0,0.0,0.0,0.0,None,None,None,0.0,5,2006,WD,Normal,141000,7.741099090035366,47,47,2.0,1,1,0,0,0
46,120,RL,4.127134385045092,8.943636705909594,Pave,None,Reg,Lvl,AllPub,Inside,Gtl,NridgHt,Norm,Norm,TwnhsE,1Story,9,5,2005,2005,Hip,CompShg,MetalSd,MetalSd,BrkFace,6.023447592961033,Ex,TA,PConc,Ex,TA,No,GLQ,6.124683390894205,Unf,0.0,1296,7.469083884921234,GasA,Ex,Y,SBrkr,7.469083884921234,0,0.0,7.469083884921234,1,0,2,0,2,1,Ex,6,Typ,1,Gd,Attchd,2005.0,RFn,2,576,TA,TA,Y,5.2832037287379885,4.418840607796598,0.0,0.0,0.0,0.0,None,None,None,0.0,2,2010,WD,Normal,319900,8.16194579946869,5,5,3.0,1,1,1,0,278
47,50,RL,3.8918202981106265,9.458995712459116,Pave,None,IR1,Lvl,AllPub,CulDSac,Gtl,Mitchel,Norm,Norm,1Fam,1.5Fin,7,5,2003,2003,Gable,CompShg,VinylSd,VinylSd,None,0.0,Gd,TA,PConc,Ex,TA,No,GLQ,7.20934025660291,Unf,0.0,83,7.268920128193722,GasA,Ex,Y,SBrkr,7.325807502595773,631,0.0,7.673223121121708,1,0,1,1,1,1,Gd,6,Typ,1,Ex,Attchd,2003.0,RFn,2,670,TA,TA,Y,5.1298987149230735,3.784189633918261,0.0,0.0,5.293304824724492,0.0,None,None,None,0.0,8,2009,WD,Abnorml,239686,8.18423477409482,6,6,2.5,1,1,1,1,409
48,20,FV,4.442651256490317,9.314430080500564,Pave,None,Reg,Lvl,AllPub,Inside,Gtl,Somerst,Norm,Norm,1Fam,1Story,8,5,2006,2006,Gable,CompShg,VinylSd,VinylSd,None,0.0,Gd,TA,PConc,Gd,TA,Av,GLQ,3.2188758248682006,Unf,0.0,1632,7.4127640174265625,GasA,Ex,Y,SBrkr,7.4127640174265625,0,0.0,7.4127640174265625,0,0,2,0,3,1,Gd,7,Typ,0,None,Attchd,2006.0,RFn,3,826,TA,TA,Y,0.0,4.990432586778736,0.0,0.0,0.0,0.0,None,None,None,0.0,7,2007,WD,Normal,249700,8.105609402299896,1,1,2.0,1,1,0,0,146
49,190,RM,3.5263605246161616,8.402231172946555,Pave,None,Reg,Lvl,AllPub,Inside,Gtl,OldTown,Norm,Norm,2fmCon,2Story,4,5,1920,2008,Gable,CompShg,MetalSd,MetalSd,None,0.0,TA,TA,BrkTil,TA,TA,No,Unf,0.0,Unf,0.0,736,6.602587892189336,GasA,Gd,Y,SBrkr,6.602587892189336,716,0.0,7.2813856635702825,0,0,2,0,2,3,TA,8,Typ,0,None,None,0.0,None,0,0,None,None,N,0.0,0.0,4.634728988229636,0.0,0.0,0.0,None,None,None,0.0,6,2009,New,Partial,113000,7.691200097522863,89,1,2.0,0,1,0,1,102
50,20,RL,4.204692619390966,8.954544488386723,Pave,None,Reg,Lvl,AllPub,Inside,Gtl,Sawyer,Norm,Norm,1Fam,1Story,5,7,1966,1966,Gable,CompShg,HdBoard,HdBoard,None,0.0,TA,TA,CBlock,TA,TA,No,BLQ,6.638567789166521,Unf,0.0,192,6.862757913051401,GasA,Ex,Y,SBrkr,6.862757913051401,0,0.0,6.862757913051401,1,0,1,0,3,1,TA,6,Typ,0,None,Attchd,1966.0,Unf,1,386,TA,TA,Y,0.0,0.0,0.0,0.0,0.0,0.0,None,MnPrv,None,0.0,1,2007,WD,Normal,127000,7.555381944240273,41,41,2.0,1,1,0,0,0
51,60,RL,4.189654742026425,9.537483513308878,Pave,None,IR2,Lvl,AllPub,Corner,Gtl,Gilbert,Norm,Norm,1Fam,2Story,6,6,1997,1997,Gable,CompShg,VinylSd,VinylSd,None,0.0,TA,TA,PConc,Gd,TA,Av,GLQ,5.209486152841421,Unf,0.0,612,6.678342114654332,GasA,Gd,Y,SBrkr,6.678342114654332,676,0.0,7.293697720601438,0,1,2,0,3,1,TA,6,Typ,0,None,Attchd,1997.0,Fin,2,388,TA,TA,Y,0.0,4.330733340286331,0.0,0.0,0.0,0.0,None,None,None,0.0,7,2007,WD,Normal,177000,7.725330037917135,10,10,2.5,1,1,0,1,75
52,50,RM,3.970291913552122,8.738895704934043,Pave,None,Reg,Lvl,AllPub,Inside,Gtl,BrkSide,Norm,Norm,1Fam,1.5Fin,6,6,1934,1950,Gable,CompShg,Wd Sdng,Wd Sdng,None,0.0,TA,TA,PConc,TA,TA,No,Unf,0.0,Unf,0.0,816,6.705639094860003,GasA,TA,Y,SBrkr,6.705639094860003,0,5.8888779583328805,7.0707241072602764,0,0,1,0,3,1,TA,6,Typ,1,Gd,Detchd,1985.0,Unf,2,528,TA,TA,Y,4.727387818712341,0.0,0.0,0.0,0.0,0.0,None,MnPrv,Shed,5.993961427306569,9,2006,WD,Normal,114500,7.398174092970465,72,56,1.0,1,1,1,0,112
53,90,RM,4.709530201312334,9.044639916198465,Grvl,None,IR2,Bnk,AllPub,Corner,Mod,IDOTRR,RRNn,Norm,Duplex,1Story,5,5,1963,1963,Gable,CompShg,Wd Sdng,Wd Sdng,None,0.0,Fa,TA,CBlock,Gd,TA,Gd,LwQ,4.653960350157523,GLQ,6.569481420414296,0,6.705639094860003,GasA,TA,N,SBrkr,6.705639094860003,0,0.0,6.705639094860003,1,0,1,0,2,1,TA,5,Typ,0,None,CarPort,1963.0,Unf,2,516,TA,TA,Y,4.672828834461906,0.0,0.0,0.0,0.0,0.0,None,None,None,0.0,5,2010,WD,Normal,110000,7.398174092970465,47,47,2.0,1,1,0,0,106
54,20,RL,4.23410650459726,10.825203541055348,Pave,None,IR1,Low,AllPub,Inside,Gtl,Veenker,Norm,Norm,1Fam,1Story,9,5,1981,1987,Gable,WdShngl,WdShing,Wd Shng,None,0.0,Gd,TA,CBlock,Ex,TA,Gd,GLQ,7.501634457883413,Unf,0.0,32,7.519149957669823,GasA,Gd,Y,SBrkr,7.519149957669823,0,0.0,7.519149957669823,2,0,0,1,0,1,Gd,5,Typ,1,Gd,Attchd,1981.0,Fin,3,894,TA,TA,Y,6.754604099487962,4.290459441148391,0.0,0.0,0.0,0.0,None,None,None,0.0,11,2006,WD,Normal,385000,8.212025804623437,25,19,2.5,1,1,1,0,929
55,80,RL,4.110873864173311,8.872767529910936,Pave,None,Reg,Bnk,AllPub,Inside,Mod,NAmes,Norm,Norm,1Fam,SLvl,5,5,1955,1955,Gable,CompShg,MetalSd,MetalSd,None,0.0,TA,TA,CBlock,TA,TA,No,ALQ,5.953243334287785,Unf,0.0,0,5.953243334287785,GasA,TA,Y,SBrkr,7.215975002651466,0,0.0,7.215975002651466,0,0,1,0,3,1,TA,6,Min1,1,TA,Detchd,1962.0,Unf,2,572,TA,TA,Y,0.0,3.9318256327243257,0.0,0.0,0.0,0.0,None,MnPrv,None,0.0,2,2007,WD,Normal,130000,7.4645098346365275,52,52,1.0,1,1,1,0,50
56,20,RL,4.61512051684126,9.227787285579904,Pave,None,IR1,Lvl,AllPub,Inside,Gtl,NAmes,Norm,Norm,1Fam,1Story,6,5,1964,1964,Gable,CompShg,HdBoard,Plywood,BrkFace,5.60947179518496,TA,TA,CBlock,TA,TA,No,BLQ,6.19644412779452,Unf,0.0,935,7.262628600974241,GasA,Gd,Y,SBrkr,7.262628600974241,0,0.0,7.262628600974241,0,0,2,0,3,1,TA,7,Typ,1,Gd,Attchd,1964.0,RFn,2,576,TA,TA,Y,0.0,0.0,0.0,6.0112671744041615,0.0,0.0,None,None,None,0.0,7,2008,WD,Normal,180500,7.955425088912672,44,44,2.0,1,1,1,0,407
57,160,FV,3.2188758248682006,7.880804344674901,Pave,Pave,Reg,Lvl,AllPub,Inside,Gtl,Somerst,Norm,Norm,Twnhs,2Story,8,5,1999,2000,Gable,CompShg,MetalSd,MetalSd,BrkFace,6.124683390894205,Gd,TA,PConc,Gd,TA,No,GLQ,6.476972362889683,Unf,0.0,321,6.878326468291325,GasA,Ex,Y,SBrkr,6.891625897052253,756,0.0,7.461640392208575,1,0,2,1,3,1,Gd,7,Typ,0,None,Attchd,1999.0,Fin,2,480,TA,TA,Y,4.7535901911063645,0.0,0.0,0.0,0.0,0.0,None,None,None,0.0,8,2009,WD,Abnorml,172500,7.904703913873747,10,9,3.5,1,1,0,1,115
58,60,RL,4.499809670330265,9.362718052397065,Pave,None,IR1,Lvl,AllPub,Corner,Gtl,CollgCr,Norm,Norm,1Fam,2Story,7,5,2004,2004,Gable,CompShg,VinylSd,VinylSd,None,0.0,Gd,TA,PConc,Gd,TA,No,Unf,0.0,Unf,0.0,860,6.7580945044277305,GasA,Ex,Y,SBrkr,6.7580945044277305,860,0.0,7.450660796211539,0,0,2,1,3,1,Gd,7,Typ,0,None,Attchd,2004.0,RFn,2,565,TA,TA,Y,0.0,4.2626798770413155,0.0,0.0,0.0,0.0,None,None,None,0.0,8,2006,WD,Normal,196500,7.855932199718614,2,2,2.5,1,1,0,1,70
59,60,RL,4.204692619390966,9.52390946537981,Pave,None,IR2,HLS,AllPub,CulDSac,Gtl,StoneBr,Norm,Norm,1Fam,2Story,10,5,2006,2006,Hip,CompShg,VinylSd,VinylSd,BrkFace,6.939253946041508,Ex,TA,PConc,Ex,TA,Gd,Unf,0.0,Unf,0.0,1410,7.252053951852814,GasA,Ex,Y,SBrkr,7.2633296174768365,1519,0.0,7.988203597022576,0,0,3,1,3,1,Gd,10,Typ,1,Gd,BuiltIn,2006.0,Fin,3,641,TA,TA,Y,5.262690188904886,0.0,3.6375861597263857,0.0,0.0,0.0,None,None,None,0.0,10,2006,New,Partial,438780,8.37930948405285,0,0,3.5,1,1,1,1,229
60,20,RL,4.110873864173311,8.881975184248867,Pave,None,Reg,Bnk,AllPub,Inside,Gtl,CollgCr,Norm,Norm,1Fam,1Story,5,7,1972,1972,Gable,CompShg,HdBoard,HdBoard,None,0.0,TA,TA,CBlock,TA,TA,Av,ALQ,6.450470422144176,Unf,0.0,148,6.660575149839686,GasA,Ex,Y,SBrkr,6.660575149839686,0,0.0,6.660575149839686,0,0,1,0,2,1,TA,4,Typ,0,None,Detchd,1973.0,Unf,1,352,TA,TA,Y,5.2832037287379885,0.0,0.0,0.0,0.0,0.0,None,MnPrv,None,0.0,1,2008,WD,Normal,124900,7.353081920515432,36,36,1.0,1,1,0,0,196
61,20,RL,4.1588830833596715,9.47830431356186,Pave,None,Reg,Lvl,AllPub,Inside,Gtl,SawyerW,RRAe,Norm,1Fam,1Story,6,5,2004,2004,Gable,CompShg,VinylSd,VinylSd,None,0.0,TA,TA,PConc,Gd,TA,No,ALQ,6.848005274576363,Unf,0.0,217,7.055312843339752,GasA,Ex,Y,SBrkr,7.055312843339752,0,0.0,7.055312843339752,1,0,1,1,3,1,Gd,5,Typ,0,None,Detchd,2006.0,Unf,2,576,TA,TA,Y,0.0,3.9318256327243257,0.0,0.0,0.0,0.0,None,None,None,0.0,5,2006,New,Partial,158000,7.748028524432376,2,2,2.5,1,1,0,0,50
62,75,RM,4.110873864173311,8.881975184248867,Pave,None,Reg,Lvl,AllPub,Inside,Gtl,IDOTRR,Norm,Norm,1Fam,2.5Unf,5,7,1920,1996,Gable,CompShg,MetalSd,MetalSd,None,0.0,TA,TA,BrkTil,TA,Fa,No,Unf,0.0,Unf,0.0,530,6.274762021241939,GasA,TA,N,SBrkr,6.366470447731438,530,0.0,7.013915474810528,0,0,1,0,3,1,Fa,6,Typ,0,None,Detchd,1935.0,Unf,1,288,TA,TA,N,0.0,0.0,4.976733742420574,0.0,0.0,0.0,None,None,None,0.0,3,2007,WD,Normal,101000,7.403670290012373,87,11,1.0,1,1,0,1,144
63,120,RL,3.8066624897703196,8.770749549138642,Pave,None,IR1,Lvl,AllPub,Inside,Gtl,NridgHt,Norm,Norm,TwnhsE,1Story,8,5,2006,2006,Gable,CompShg,VinylSd,VinylSd,Stone,5.187385805840755,Gd,TA,PConc,Gd,Gd,Mn,GLQ,3.2188758248682006,Unf,0.0,1346,7.223295679562314,GasA,Ex,Y,SBrkr,7.223295679562314,0,0.0,7.223295679562314,0,0,2,0,2,1,Gd,6,Typ,1,Gd,Attchd,2006.0,RFn,2,484,TA,TA,Y,4.795790545596741,3.912023005428146,0.0,0.0,0.0,0.0,None,None,None,0.0,10,2007,WD,Normal,202500,7.916078096302786,1,1,2.0,1,1,1,0,169
64,70,RM,3.9318256327243257,9.239996256883693,Pave,None,IR1,Bnk,AllPub,Inside,Gtl,OldTown,RRAn,Feedr,1Fam,2Story,7,6,1921,1950,Gable,CompShg,Stucco,Stucco,None,0.0,TA,TA,BrkTil,TA,TA,No,Unf,0.0,Unf,0.0,576,6.3578422665081,GasA,Gd,Y,SBrkr,6.805722553416985,808,0.0,7.444833273892193,0,0,2,0,3,1,TA,9,Typ,0,None,Detchd,1990.0,Unf,2,480,TA,TA,Y,2.5649493574615367,2.4849066497880004,4.174387269895637,0.0,0.0,0.0,None,GdPrv,None,0.0,4,2010,WD,Normal,140000,7.734996194022781,89,60,2.0,1,1,0,1,87
65,60,RL,4.2626798770413155,9.145908511816794,Pave,None,Reg,Lvl,AllPub,Inside,Gtl,CollgCr,Norm,Norm,1Fam,2Story,7,5,1997,1998,Gable,CompShg,VinylSd,VinylSd,BrkFace,6.352629396319567,TA,TA,PConc,Gd,TA,No,GLQ,6.606650186198215,Unf,0.0,318,6.964135612418245,GasA,Ex,Y,SBrkr,6.964135612418245,977,0.0,7.618251097876695,1,0,2,1,3,1,Gd,8,Typ,0,None,Attchd,1998.0,RFn,2,645,TA,TA,Y,6.3578422665081,3.6109179126442243,0.0,0.0,0.0,0.0,None,GdPrv,None,0.0,2,2009,WD,Normal,219500,8.036573409707312,12,11,3.5,1,1,0,1,612
66,60,RL,4.343805421853684,9.16868469670735,Pave,None,Reg,Lvl,AllPub,Inside,Gtl,NridgHt,Norm,Norm,1Fam,2Story,8,5,2004,2005,Gable,CompShg,VinylSd,VinylSd,BrkFace,5.84354441703136,Gd,TA,PConc,Ex,TA,Av,Unf,0.0,Unf,0.0,1143,7.042286171939743,GasA,Ex,Y,SBrkr,7.042286171939743,1330,0.0,7.813591552952433,0,0,2,1,4,1,Gd,9,Typ,1,Gd,BuiltIn,2004.0,RFn,3,852,TA,TA,Y,5.262690188904886,5.0238805208462765,0.0,0.0,0.0,0.0,None,None,None,0.0,10,2007,WD,Normal,317000,8.193400231952097,3,2,2.5,1,1,1,1,343
67,20,RL,4.30406509320417,9.898525260706313,Pave,None,Reg,Lvl,AllPub,Inside,Gtl,NAmes,PosA,Norm,1Fam,1Story,7,5,1970,1989,Gable,CompShg,Plywood,Plywood,BrkFace,5.662960480135946,TA,TA,CBlock,Gd,TA,Gd,GLQ,6.816735880594968,Unf,0.0,1035,7.5745584842024805,GasA,TA,Y,SBrkr,7.699842407396986,0,0.0,7.699842407396986,1,0,2,0,3,1,TA,7,Min1,1,Gd,Attchd,1970.0,RFn,2,576,TA,TA,Y,5.71042701737487,0.0,0.0,0.0,0.0,0.0,None,None,None,0.0,7,2010,WD,Normal,180000,8.332067707289548,40,21,3.0,1,1,1,0,301
68,20,RL,4.290459441148391,9.274816391160547,Pave,None,IR1,Lvl,AllPub,Inside,Gtl,CollgCr,Norm,Norm,1Fam,1Story,7,5,2003,2003,Gable,CompShg,VinylSd,VinylSd,BrkFace,5.123963979403259,Gd,TA,PConc,Gd,TA,Av,GLQ,6.921658184151129,Unf,0.0,440,7.282073658093465,GasA,Ex,Y,SBrkr,7.299797366758161,0,0.0,7.299797366758161,1,0,2,0,3,1,Gd,7,Typ,0,None,Attchd,2003.0,RFn,2,558,TA,TA,Y,4.976733742420574,3.4011973816621555,0.0,0.0,0.0,0.0,None,None,None,0.0,6,2007,WD,Normal,226000,7.983781068977451,4,4,3.0,1,1,0,0,173
69,30,RM,3.871201010907891,8.435766192720509,Pave,None,Reg,Lvl,AllPub,Corner,Gtl,OldTown,Artery,Norm,1Fam,1Story,4,6,1945,1950,Gable,CompShg,MetalSd,MetalSd,None,0.0,TA,Gd,CBlock,TA,TA,No,Unf,0.0,Unf,0.0,747,6.617402977974478,GasA,TA,Y,SBrkr,6.617402977974478,0,0.0,6.617402977974478,0,0,1,0,2,1,TA,4,Typ,0,None,Attchd,1945.0,Unf,1,220,TA,TA,Y,0.0,0.0,0.0,0.0,0.0,0.0,None,None,None,0.0,6,2010,WD,Normal,80000,7.3098814858247865,65,60,1.0,1,1,0,0,0
70,50,RL,4.406719247264253,9.654641503869545,Pave,None,Reg,Lvl,AllPub,Corner,Gtl,ClearCr,Norm,Norm,1Fam,1.5Fin,7,4,1953,1953,Gable,CompShg,BrkFace,AsbShng,None,0.0,Gd,TA,CBlock,TA,TA,No,BLQ,6.403574197934815,Unf,0.0,701,7.173958319756794,GasW,TA,Y,SBrkr,7.173958319756794,983,0.0,7.7354333524996886,0,0,2,0,3,1,TA,7,Typ,1,TA,Attchd,1953.0,Fin,2,667,TA,TA,Y,0.0,3.091042453358316,4.74493212836325,0.0,0.0,0.0,None,None,None,0.0,7,2006,WD,Normal,225000,8.18646442942209,53,53,2.0,1,1,1,1,135
71,20,RL,4.564348191467836,9.521641310026597,Pave,None,IR1,Lvl,AllPub,Inside,Gtl,NAmes,Norm,Norm,1Fam,1Story,7,6,1973,1973,Gable,CompShg,Plywood,Plywood,BrkFace,7.017506142941256,TA,Gd,CBlock,Gd,TA,Gd,ALQ,7.53955882930103,Unf,0.0,343,7.707062655370473,GasA,Ex,Y,SBrkr,7.707062655370473,0,0.0,7.707062655370473,1,0,2,0,3,1,TA,8,Typ,2,Gd,Attchd,1973.0,Fin,2,516,TA,TA,Y,5.707110264748875,0.0,0.0,0.0,0.0,0.0,None,None,None,0.0,2,2007,WD,Normal,244000,8.399984990510696,34,34,3.0,1,1,1,0,300
72,20,RL,4.248495242049359,8.935903526274423,Pave,None,Reg,Lvl,AllPub,Corner,Gtl,Mitchel,Norm,Norm,1Fam,1Story,4,6,1982,2006,Gable,CompShg,HdBoard,Plywood,None,0.0,TA,TA,CBlock,TA,TA,No,ALQ,6.338594078203183,Unf,0.0,280,6.740519359606223,GasA,TA,Y,SBrkr,6.740519359606223,0,0.0,6.740519359606223,1,0,1,0,2,1,TA,4,Typ,0,None,Detchd,1987.0,Unf,2,360,TA,TA,Y,0.0,0.0,0.0,0.0,0.0,0.0,None,None,None,0.0,6,2007,WD,Normal,129500,7.43307534889858,25,1,2.0,1,1,0,0,0
73,60,RL,4.31748811353631,9.224440496354964,Pave,None,IR1,Lvl,AllPub,Corner,Gtl,Gilbert,Norm,Norm,1Fam,2Story,7,5,1998,1998,Gable,CompShg,VinylSd,VinylSd,BrkFace,3.713572066704308,TA,TA,PConc,Gd,TA,No,Unf,0.0,Unf,0.0,832,6.725033642166843,GasA,Gd,Y,SBrkr,6.786716950605081,833,0.0,7.449498005382849,0,0,2,1,3,1,TA,7,Typ,1,TA,Attchd,1998.0,Fin,2,427,TA,TA,Y,0.0,4.553876891600541,0.0,0.0,5.676753802268282,0.0,None,None,None,0.0,12,2009,WD,Normal,185000,7.844240718141811,11,11,2.5,1,1,1,1,385
74,20,RL,4.454347296253507,9.23024103368252,Pave,None,Reg,Lvl,AllPub,Inside,Gtl,NAmes,Norm,Norm,1Fam,1Story,5,7,1954,2003,Gable,CompShg,Wd Sdng,Wd Sdng,BrkFace,4.653960350157523,TA,TA,CBlock,TA,TA,No,ALQ,5.771441123130016,BLQ,5.8944028342648505,404,6.99117688712121,GasA,Gd,Y,SBrkr,6.99117688712121,0,0.0,6.99117688712121,1,0,1,0,3,1,TA,6,Typ,0,None,Attchd,1989.0,Unf,2,490,TA,TA,Y,0.0,0.0,0.0,0.0,0.0,0.0,None,GdWo,None,0.0,5,2010,WD,Normal,144900,7.6838639802564295,56,7,2.0,1,1,0,0,0
75,50,RM,4.110873864173311,8.66406026722579,Pave,None,Reg,Lvl,AllPub,Corner,Gtl,OldTown,Norm,Norm,1Fam,2Story,3,6,1915,1950,Gambrel,CompShg,VinylSd,VinylSd,None,0.0,Gd,Gd,CBlock,Fa,TA,No,Unf,0.0,Unf,0.0,840,6.734591659972948,GasA,Gd,N,SBrkr,6.734591659972948,765,0.0,7.381501894506707,0,0,2,0,3,2,TA,8,Typ,0,None,Detchd,1915.0,Unf,1,379,TA,TA,Y,0.0,0.0,5.313205979041787,0.0,0.0,0.0,None,None,None,0.0,5,2010,WD,Normal,107400,7.802209316247118,95,60,2.0,1,1,0,1,202
76,180,RM,3.091042453358316,7.3758821482150125,Pave,None,Reg,Lvl,AllPub,Inside,Gtl,MeadowV,Norm,Norm,Twnhs,SLvl,4,5,1973,1973,Gable,CompShg,CemntBd,CmentBd,None,0.0,TA,TA,CBlock,Gd,TA,Gd,GLQ,6.137727054086234,Unf,0.0,0,6.137727054086234,GasA,TA,Y,SBrkr,6.267200548541362,462,0.0,6.8966943316227125,1,0,1,0,2,1,TA,5,Typ,0,None,BuiltIn,1973.0,Unf,1,297,TA,TA,Y,4.795790545596741,4.624972813284271,0.0,0.0,0.0,0.0,None,GdWo,None,0.0,11,2009,WD,Normal,91000,7.280008252884188,36,36,2.0,1,1,0,1,221
77,20,RL,4.30406509320417,9.04499391938819,Pave,None,IR1,Lvl,AllPub,Inside,Gtl,NAmes,Norm,Norm,1Fam,1Story,4,7,1956,1956,Gable,CompShg,VinylSd,VinylSd,None,0.0,TA,TA,CBlock,TA,TA,No,ALQ,5.43372200355424,Unf,0.0,724,6.859614903654202,GasA,Ex,Y,FuseA,6.859614903654202,0,0.0,6.859614903654202,0,0,1,0,2,1,TA,4,Typ,0,None,Detchd,1956.0,Unf,1,283,TA,TA,Y,0.0,0.0,0.0,0.0,0.0,0.0,None,None,None,0.0,4,2008,WD,Normal,135750,7.552237287560802,52,52,1.0,1,1,0,0,0
78,50,RM,3.9318256327243257,9.063694791634697,Pave,None,Reg,Lvl,AllPub,Inside,Gtl,BrkSide,Norm,Norm,1Fam,1.5Fin,5,5,1948,2001,Gable,CompShg,Wd Sdng,Wd Sdng,None,0.0,TA,TA,CBlock,TA,TA,No,BLQ,5.820082930352362,GLQ,3.7376696182833684,295,6.511745329644728,GasA,TA,Y,SBrkr,6.9782137426306985,213,0.0,7.1592919047975645,1,0,1,0,2,1,TA,6,Min1,0,None,Detchd,1948.0,Unf,1,240,TA,TA,Y,0.0,0.0,0.0,0.0,0.0,0.0,None,MnPrv,None,0.0,1,2008,WD,Normal,127000,7.579678823090456,60,7,2.0,1,1,0,1,0
79,90,RL,4.290459441148391,9.285355075781629,Pave,None,Reg,Lvl,AllPub,Inside,Gtl,Sawyer,Norm,Norm,Duplex,1Story,4,5,1968,1968,Hip,CompShg,HdBoard,HdBoard,None,0.0,TA,TA,CBlock,TA,TA,No,Unf,0.0,Unf,0.0,1768,7.478169694159785,GasA,TA,N,SBrkr,7.478169694159785,0,0.0,7.478169694159785,0,0,2,0,4,2,TA,8,Typ,0,None,None,0.0,None,0,0,None,None,Y,0.0,0.0,0.0,0.0,0.0,0.0,None,None,None,0.0,4,2010,WD,Normal,136500,8.17103418920548,42,42,2.0,0,1,0,0,0
80,50,RM,4.110873864173311,9.25349564229011,Pave,Grvl,Reg,Lvl,AllPub,Corner,Gtl,OldTown,Norm,Norm,1Fam,2Story,5,6,1910,1981,Gable,CompShg,Wd Sdng,Wd Sdng,None,0.0,TA,TA,PConc,TA,TA,No,Unf,0.0,Unf,0.0,440,6.089044875446846,GasA,Gd,Y,SBrkr,6.52649485957079,548,0.0,7.115582126184454,0,0,1,1,2,1,TA,5,Typ,0,None,Detchd,1966.0,Unf,2,440,TA,TA,Y,4.31748811353631,0.0,4.859812404361672,0.0,0.0,0.0,None,MnPrv,None,0.0,5,2009,WD,Normal,110000,7.421177528595393,99,28,1.5,1,1,0,1,202
81,60,RL,4.61512051684126,9.472781556562168,Pave,None,Reg,Lvl,AllPub,Corner,Gtl,NAmes,Norm,Norm,1Fam,2Story,6,6,1968,1968,Gable,CompShg,VinylSd,VinylSd,BrkFace,6.3578422665081,TA,Gd,CBlock,Gd,TA,No,Rec,6.1070228877422545,Unf,0.0,448,6.799055862058796,GasA,TA,Y,SBrkr,7.075808863978387,960,0.0,7.669961995473577,0,0,2,1,4,1,Gd,8,Typ,1,Gd,Attchd,1968.0,Fin,1,509,TA,TA,Y,0.0,4.290459441148391,0.0,0.0,5.53338948872752,0.0,None,None,None,0.0,6,2009,WD,Normal,193500,8.019283792916793,41,41,2.5,1,1,1,1,324
82,120,RM,3.4965075614664802,8.412054873292933,Pave,None,Reg,Lvl,AllPub,FR2,Gtl,Mitchel,Norm,Norm,TwnhsE,1Story,6,5,1998,1998,Hip,CompShg,VinylSd,VinylSd,BrkFace,6.095824562432225,TA,Gd,PConc,Ex,Gd,No,GLQ,7.091742115095153,Unf,0.0,36,7.121252453244542,GasA,Ex,Y,SBrkr,7.198931240688173,0,0.0,7.198931240688173,1,0,2,0,2,1,TA,5,Typ,0,None,Attchd,1998.0,Fin,2,405,TA,TA,Y,0.0,5.298317366548036,0.0,0.0,0.0,0.0,None,None,None,0.0,3,2006,WD,Normal,153500,7.853604813097837,8,8,3.0,1,1,0,0,199
83,20,RL,4.3694478524670215,9.230829038403499,Pave,None,Reg,Lvl,AllPub,Inside,Gtl,Somerst,Norm,Norm,1Fam,1Story,8,5,2007,2007,Gable,CompShg,VinylSd,VinylSd,Stone,6.150602768446279,TA,TA,PConc,Gd,TA,No,GLQ,3.5263605246161616,Unf,0.0,1530,7.355001921105257,GasA,Ex,Y,SBrkr,7.355001921105257,0,0.0,7.355001921105257,0,0,2,0,3,1,Gd,6,Typ,1,Gd,Attchd,2007.0,RFn,3,758,TA,TA,Y,4.976733742420574,4.605170185988092,0.0,0.0,0.0,0.0,None,None,None,0.0,10,2008,WD,Normal,245000,8.047829357457841,1,1,2.0,1,1,1,0,243
84,20,RL,4.394449154672439,9.09301972939964,Pave,None,IR1,Lvl,AllPub,Inside,Gtl,NAmes,Norm,Norm,1Fam,1Story,5,5,1960,1960,Gable,CompShg,MetalSd,MetalSd,BrkCmn,4.204692619390966,TA,TA,CBlock,TA,TA,No,Unf,0.0,Unf,0.0,1065,6.97166860472579,GasA,Gd,Y,SBrkr,6.97166860472579,0,0.0,6.97166860472579,0,0,1,1,3,1,TA,6,Typ,0,None,Detchd,1974.0,Unf,2,461,TA,TA,Y,4.31748811353631,0.0,0.0,0.0,0.0,0.0,None,None,None,0.0,7,2007,COD,Normal,126500,7.664346632098617,47,47,1.5,1,1,0,0,74
85,80,RL,4.189654742026425,9.051461866908694,Pave,None,IR1,Lvl,AllPub,Inside,Gtl,Gilbert,Norm,Norm,1Fam,SLvl,7,5,1995,1996,Gable,CompShg,HdBoard,HdBoard,BrkFace,3.1354942159291497,TA,TA,PConc,Gd,TA,No,Unf,0.0,Unf,0.0,384,5.953243334287785,GasA,Gd,Y,SBrkr,6.690842277418564,670,0.0,7.29641326877392,0,0,2,1,3,1,TA,7,Typ,1,TA,BuiltIn,1995.0,Fin,2,400,TA,TA,Y,4.795790545596741,4.290459441148391,0.0,0.0,0.0,0.0,None,None,Shed,6.55250788703459,5,2009,WD,Normal,168500,7.527793987721444,14,13,2.5,1,1,1,1,192
86,60,RL,4.804021044733257,9.684086987500752,Pave,None,Reg,Lvl,AllPub,Corner,Gtl,NoRidge,Norm,Norm,1Fam,2Story,8,5,1991,1992,Hip,CompShg,HdBoard,HdBoard,BrkFace,5.652489180268651,Gd,TA,CBlock,Gd,TA,No,Unf,0.0,Unf,0.0,1288,7.161622002939187,GasA,Ex,Y,SBrkr,7.171656822768514,1116,0.0,7.790696031174738,0,0,2,1,4,1,Gd,9,Typ,1,TA,Attchd,1991.0,Unf,2,462,TA,TA,Y,4.852030263919617,4.418840607796598,0.0,0.0,0.0,0.0,None,None,None,0.0,4,2006,WD,Normal,260000,8.217708406845306,15,14,2.5,1,1,1,1,209
87,60,RL,4.812184355372417,9.385301574363845,Pave,None,IR2,Lvl,AllPub,Inside,Gtl,Gilbert,Norm,Norm,1Fam,2Story,6,5,2005,2005,Gable,CompShg,VinylSd,VinylSd,None,0.0,Gd,TA,PConc,Gd,TA,Av,Unf,0.0,Unf,0.0,684,6.529418838262226,GasA,Ex,Y,SBrkr,6.529418838262226,876,0.0,7.353081920515432,0,0,2,1,3,1,Gd,6,Typ,1,Gd,BuiltIn,2005.0,Fin,2,400,TA,TA,Y,4.61512051684126,3.6635616461296463,0.0,0.0,0.0,0.0,None,None,None,0.0,3,2009,WD,Normal,174000,7.716460800176355,4,4,2.5,1,1,1,1,138
88,160,FV,3.713572066704308,8.281977058867758,Pave,Pave,Reg,Lvl,AllPub,Corner,Gtl,Somerst,Norm,Norm,TwnhsE,2Story,6,5,2009,2009,Gable,CompShg,VinylSd,VinylSd,Stone,4.343805421853684,Gd,TA,PConc,Gd,TA,Av,Unf,0.0,Unf,0.0,612,6.418364935936212,GasA,Ex,Y,SBrkr,6.418364935936212,612,0.0,7.110696122978827,0,0,2,1,2,1,Gd,4,Typ,0,None,Detchd,2009.0,RFn,2,528,TA,TA,Y,0.0,5.459585514144159,0.0,0.0,0.0,0.0,None,None,None,0.0,6,2009,New,Partial,164500,7.515889085215125,0,0,2.5,1,1,0,1,234
89,50,C (all),4.663439094112067,9.044403844431551,Pave,None,IR1,Lvl,AllPub,Corner,Gtl,IDOTRR,Feedr,Feedr,1Fam,1.5Fin,3,2,1915,1982,Hip,CompShg,Plywood,Plywood,None,0.0,Fa,Fa,CBlock,TA,Fa,No,Unf,0.0,Unf,0.0,1013,6.921658184151129,GasA,TA,N,SBrkr,6.921658184151129,0,6.2422232654551655,7.3310603052186325,0,0,1,0,2,1,Fa,6,Typ,0,None,None,0.0,None,0,0,None,None,N,0.0,0.0,5.056245805348308,0.0,0.0,0.0,None,MnPrv,None,0.0,10,2009,ConLD,Abnorml,85000,7.614312146452,94,27,1.0,0,1,0,0,156
90,20,RL,4.110873864173311,8.996032669324372,Pave,None,Reg,Lvl,AllPub,Inside,Gtl,CollgCr,Norm,Norm,1Fam,1Story,4,5,1994,1995,Gable,CompShg,VinylSd,VinylSd,None,0.0,TA,TA,PConc,Gd,TA,No,GLQ,6.3784261836515865,Unf,0.0,402,6.898714534329988,GasA,Ex,Y,SBrkr,6.898714534329988,0,0.0,6.898714534329988,1,0,1,0,3,1,TA,5,Typ,0,None,None,0.0,None,0,0,None,None,Y,0.0,0.0,0.0,0.0,0.0,0.0,None,None,None,0.0,8,2007,WD,Normal,123600,7.591357046698551,13,12,2.0,0,1,0,0,0
91,20,RL,4.110873864173311,8.881975184248867,Pave,None,Reg,Lvl,AllPub,Inside,Gtl,NAmes,Norm,Norm,1Fam,1Story,4,5,1950,1950,Gable,CompShg,BrkFace,Wd Sdng,None,0.0,TA,TA,Slab,None,None,None,None,0.0,None,0.0,0,0.0,GasA,TA,Y,FuseA,6.947937068614969,0,0.0,6.947937068614969,0,0,1,0,2,1,TA,4,Typ,0,None,Detchd,1950.0,Unf,2,420,TA,TA,Y,0.0,3.4011973816621555,0.0,0.0,0.0,0.0,None,None,None,0.0,7,2006,WD,Normal,109900,6.947937068614969,56,56,1.0,1,0,0,0,29
92,20,RL,4.454347296253507,9.04793908261736,Pave,None,Reg,Lvl,AllPub,Inside,Gtl,NAmes,Norm,Norm,1Fam,1Story,5,3,1961,1961,Hip,CompShg,HdBoard,HdBoard,BrkCmn,5.318119993844216,TA,TA,CBlock,TA,TA,No,Rec,6.398594934535208,Unf,0.0,635,7.119635638017636,GasA,TA,Y,SBrkr,7.119635638017636,0,0.0,7.119635638017636,0,0,1,0,2,1,TA,6,Typ,0,None,Attchd,1961.0,Unf,2,480,TA,TA,Y,0.0,0.0,0.0,0.0,0.0,0.0,None,GdWo,None,0.0,12,2006,WD,Abnorml,98600,7.81237820598861,45,45,1.0,1,1,0,0,0
93,30,RL,4.394449154672439,9.500095294588894,Pave,Grvl,IR1,HLS,AllPub,Inside,Gtl,Crawfor,Norm,Norm,1Fam,1Story,5,7,1921,2006,Gable,CompShg,Wd Sdng,Wd Sdng,None,0.0,TA,Gd,BrkTil,Gd,TA,No,ALQ,6.570882962339584,Unf,0.0,163,6.776506992372183,GasA,Ex,Y,SBrkr,6.872128101338986,0,0.0,6.872128101338986,1,0,1,0,2,1,TA,5,Typ,0,None,Detchd,1921.0,Unf,2,432,TA,TA,Y,0.0,0.0,3.8066624897703196,0.0,0.0,0.0,None,None,None,0.0,8,2009,WD,Normal,163500,7.518064181233078,88,3,2.0,1,1,0,0,44
94,190,C (all),4.110873864173311,8.881975184248867,Pave,None,Reg,Lvl,AllPub,Corner,Gtl,OldTown,Norm,Norm,2fmCon,2.5Unf,6,6,1910,1998,Hip,CompShg,MetalSd,MetalSd,None,0.0,TA,TA,BrkTil,TA,Fa,Mn,Rec,6.953684210870537,Unf,0.0,168,7.102499355774649,GasW,Ex,N,SBrkr,7.13966033596492,1031,0.0,7.73718007783463,0,1,2,0,4,2,TA,9,Typ,1,Gd,Detchd,1900.0,Unf,2,506,TA,TA,Y,0.0,0.0,0.0,0.0,4.605170185988092,0.0,None,None,None,0.0,11,2007,WD,Normal,133900,8.16223106548118,97,9,2.5,1,1,1,1,99
95,60,RL,4.248495242049359,9.141847375530883,Pave,None,IR1,Lvl,AllPub,Inside,Gtl,CollgCr,Norm,Norm,1Fam,2Story,6,5,1997,1997,Gable,CompShg,VinylSd,VinylSd,None,0.0,TA,Gd,PConc,Gd,TA,No,GLQ,6.47543271670409,Unf,0.0,176,6.715383386334681,GasA,Ex,Y,SBrkr,6.80903930604298,881,0.0,7.488293515159428,1,0,2,1,3,1,Gd,7,Typ,0,None,Attchd,1997.0,RFn,2,684,TA,TA,Y,0.0,5.093750200806762,0.0,0.0,0.0,0.0,None,None,None,0.0,5,2007,WD,Normal,204750,7.8674885686991285,10,10,3.5,1,1,0,1,162
96,60,RL,4.189654742026425,9.186662244621605,Pave,None,IR2,Lvl,AllPub,Corner,Gtl,Gilbert,Norm,Norm,1Fam,2Story,6,8,1993,1993,Gable,CompShg,VinylSd,VinylSd,BrkFace,4.23410650459726,Ex,Gd,PConc,Gd,Gd,No,ALQ,5.739792912179234,Unf,0.0,370,6.523562306149512,GasA,Gd,Y,SBrkr,6.523562306149512,790,0.0,7.293697720601438,0,0,2,1,3,1,TA,6,Typ,1,TA,BuiltIn,1993.0,Fin,2,420,TA,TA,Y,5.4510384535657,4.1588830833596715,0.0,0.0,0.0,0.0,None,None,Shed,6.175867270105761,4,2009,WD,Normal,185000,7.67368812926773,16,16,2.5,1,1,1,1,295
97,20,RL,4.3694478524670215,9.236495329453033,Pave,None,IR1,Lvl,AllPub,Inside,Gtl,CollgCr,Norm,Norm,1Fam,1Story,7,5,1999,1999,Gable,CompShg,VinylSd,VinylSd,BrkFace,5.214935757608986,Gd,TA,PConc,Gd,TA,Av,ALQ,7.0587581525186645,Unf,0.0,426,7.370860166536716,GasA,Ex,Y,SBrkr,7.370860166536716,0,0.0,7.370860166536716,0,0,2,0,3,1,Gd,6,Typ,0,None,Attchd,1999.0,RFn,2,472,TA,TA,Y,5.0689042022202315,3.4011973816621555,0.0,0.0,0.0,0.0,None,None,None,0.0,8,2006,WD,Normal,214000,8.063692634269517,7,7,2.0,1,1,0,0,187
98,20,RL,4.30406509320417,9.298534382712099,Pave,None,Reg,HLS,AllPub,Inside,Gtl,Edwards,Norm,Norm,1Fam,1Story,4,5,1965,1965,Hip,CompShg,HdBoard,HdBoard,BrkFace,3.8918202981106265,TA,TA,CBlock,TA,TA,No,Rec,6.255750041753367,Unf,0.0,440,6.8679744089702925,GasA,TA,Y,FuseF,6.8679744089702925,0,0.0,6.8679744089702925,1,0,1,0,3,1,TA,6,Typ,0,None,Attchd,1965.0,Fin,1,432,TA,TA,P,4.795790545596741,0.0,0.0,0.0,0.0,0.0,None,None,None,0.0,5,2007,WD,Normal,94750,7.560601162768557,42,42,2.0,1,1,0,0,120
99,30,RL,4.454347296253507,9.271059107010888,Pave,None,Reg,Lvl,AllPub,Corner,Gtl,Edwards,Norm,Norm,1Fam,1Story,5,5,1920,1950,Gable,CompShg,Wd Sdng,Wd Sdng,None,0.0,TA,TA,BrkTil,TA,TA,No,ALQ,4.6913478822291435,Unf,0.0,350,6.129050210060545,GasA,Fa,N,SBrkr,6.728628613084702,0,0.0,6.728628613084702,0,0,1,0,2,1,TA,5,Typ,0,None,Basment,1920.0,Unf,1,366,Fa,TA,Y,0.0,0.0,4.356708826689592,0.0,0.0,0.0,None,None,Shed,5.993961427306569,5,2010,COD,Abnorml,83000,7.165493475060845,90,60,1.0,1,1,0,0,77
100,20,RL,4.356708826689592,9.140025198061156,Pave,None,IR1,Lvl,AllPub,Inside,Gtl,NAmes,Norm,Norm,1Fam,1Story,4,5,1959,1959,Gable,CompShg,Plywood,Plywood,None,0.0,TA,TA,CBlock,TA,TA,No,ALQ,6.345636360828596,Unf,0.0,381,6.85751406254539,GasA,Fa,Y,SBrkr,7.111512116496157,0,0.0,7.111512116496157,1,0,1,1,3,1,TA,6,Typ,0,None,None,0.0,None,0,0,None,None,Y,5.8664680569332965,0.0,0.0,0.0,0.0,0.0,None,None,Shed,5.993961427306569,1,2010,WD,Normal,128950,7.685243607975833,51,51,2.5,0,1,0,0,352
101,20,RL,4.394449154672439,9.268986567408916,Pave,None,IR1,Lvl,AllPub,Inside,Gtl,NWAmes,Norm,Norm,1Fam,1Story,6,7,1977,2001,Gable,CompShg,Plywood,Plywood,BrkFace,3.367295829986474,TA,TA,PConc,TA,TA,Mn,ALQ,7.0909098220799835,Unf,0.0,410,7.384610383176974,GasA,Gd,Y,SBrkr,7.384610383176974,0,0.0,7.384610383176974,1,0,2,0,3,1,Gd,6,Typ,2,TA,Attchd,1977.0,RFn,2,480,TA,TA,Y,5.1298987149230735,4.23410650459726,0.0,0.0,0.0,0.0,None,None,None,0.0,2,2010,WD,Normal,205000,8.0774471493312,33,9,3.0,1,1,1,0,236
102,60,RL,4.356708826689592,9.127719343287845,Pave,None,Reg,Lvl,AllPub,Inside,Gtl,SawyerW,Norm,Norm,1Fam,2Story,6,5,1985,1985,Gable,CompShg,HdBoard,HdBoard,BrkFace,5.820082930352362,Gd,TA,CBlock,Gd,TA,No,Unf,0.0,Unf,0.0,741,6.60934924316738,GasA,TA,Y,SBrkr,6.885509670034818,755,0.0,7.457609289715606,0,0,2,1,3,1,Gd,7,Typ,1,TA,Attchd,1985.0,Fin,2,476,TA,TA,Y,5.262690188904886,3.8501476017100584,0.0,0.0,0.0,0.0,None,None,None,0.0,6,2010,WD,Normal,178000,7.813591552952433,25,25,2.5,1,1,1,1,238
103,90,RL,4.174387269895637,8.856376036730422,Pave,None,Reg,Bnk,AllPub,Inside,Gtl,SawyerW,Norm,Norm,Duplex,1Story,5,5,1979,1979,Gable,CompShg,HdBoard,HdBoard,None,0.0,TA,Fa,Slab,None,None,None,None,0.0,None,0.0,0,0.0,GasA,TA,Y,SBrkr,7.336936913707618,0,0.0,7.336936913707618,0,0,2,0,4,2,TA,8,Typ,0,None,Attchd,1979.0,Unf,2,410,TA,TA,Y,0.0,0.0,0.0,0.0,0.0,0.0,None,None,None,0.0,6,2009,WD,Alloca,118964,7.336936913707618,30,30,2.0,1,0,0,0,0
104,20,RL,4.553876891600541,9.249849505070895,Pave,None,IR1,Lvl,AllPub,Corner,Gtl,CollgCr,Norm,Norm,1Fam,1Story,7,5,2009,2009,Gable,CompShg,VinylSd,VinylSd,None,0.0,TA,TA,PConc,Gd,TA,No,Unf,0.0,Unf,0.0,1226,7.112327444710911,GasA,Ex,Y,SBrkr,7.112327444710911,0,0.0,7.112327444710911,0,0,2,0,3,1,Gd,6,Typ,0,None,Attchd,2009.0,RFn,3,740,TA,TA,Y,0.0,3.6109179126442243,0.0,0.0,0.0,0.0,None,None,None,0.0,5,2010,WD,Normal,198900,7.8050670442584895,1,1,2.0,1,1,0,0,36
105,50,RM,4.110873864173311,8.95660873889395,Pave,None,Reg,Lvl,AllPub,Corner,Gtl,IDOTRR,Norm,Norm,1Fam,1.5Fin,7,4,1931,1950,Gable,CompShg,Stucco,Stucco,BrkFace,6.398594934535208,TA,Fa,PConc,TA,TA,No,LwQ,5.41610040220442,Unf,0.0,816,6.947937068614969,GasA,Ex,Y,FuseF,7.112327444710911,592,0.0,7.506042178518122,0,0,1,1,4,1,TA,7,Typ,2,TA,Detchd,1951.0,Unf,1,240,TA,TA,Y,0.0,0.0,0.0,0.0,5.220355825078324,0.0,None,None,None,0.0,6,2007,WD,Normal,169500,7.958227192322312,76,57,1.5,1,1,1,1,184
106,60,FV,4.330733340286331,9.145908511816794,Pave,None,Reg,Lvl,AllPub,Inside,Gtl,Somerst,Norm,Norm,1Fam,2Story,8,5,2003,2004,Hip,CompShg,VinylSd,VinylSd,BrkFace,6.645090969505644,Gd,TA,PConc,Ex,TA,No,Unf,0.0,Unf,0.0,1053,6.960347729101308,GasA,Ex,Y,SBrkr,6.960347729101308,939,0.0,7.597396320212795,0,0,2,1,3,1,Gd,9,Typ,1,Gd,Attchd,2003.0,RFn,2,648,TA,TA,Y,4.948759890378168,3.828641396489095,0.0,0.0,0.0,0.0,None,None,None,0.0,8,2008,WD,Normal,250000,8.021584533455107,5,4,2.5,1,1,1,1,185
107,30,RM,4.110873864173311,9.287394001418473,Pave,Grvl,Reg,Lvl,AllPub,Inside,Gtl,OldTown,Norm,Norm,1Fam,1Story,4,7,1885,1995,Mansard,CompShg,VinylSd,VinylSd,None,0.0,TA,TA,BrkTil,Fa,TA,No,Unf,0.0,Unf,0.0,641,6.464588303689961,GasA,Gd,Y,SBrkr,6.954638864880987,0,0.0,6.954638864880987,0,0,1,0,2,1,TA,6,Typ,0,None,Detchd,1954.0,Unf,1,273,Fa,Fa,N,0.0,0.0,0.0,0.0,0.0,0.0,None,None,Shed,6.111467339502679,8,2007,WD,Normal,100000,7.4318919168078,122,12,1.0,1,1,0,0,0
108,20,RM,3.9318256327243257,8.699681400989514,Pave,None,Reg,Lvl,AllPub,Inside,Gtl,OldTown,Norm,Norm,1Fam,1Story,5,5,1948,1950,Gable,CompShg,VinylSd,VinylSd,None,0.0,TA,TA,CBlock,TA,TA,No,ALQ,4.653960350157523,BLQ,5.135798437050262,516,6.672032945461067,GasA,Ex,Y,SBrkr,6.672032945461067,0,0.0,6.672032945461067,0,0,1,0,2,1,TA,5,Typ,0,None,Detchd,1948.0,Unf,1,250,TA,TA,Y,0.0,0.0,0.0,0.0,0.0,0.0,None,None,None,0.0,4,2008,WD,Partial,115000,7.364547014255642,60,58,1.0,1,1,0,0,0
109,50,RM,4.454347296253507,9.04793908261736,Pave,None,Reg,Lvl,AllPub,Corner,Gtl,IDOTRR,Artery,Norm,1Fam,1.5Fin,5,7,1919,2005,Gable,CompShg,CemntBd,CmentBd,None,0.0,TA,TA,CBlock,TA,TA,No,Unf,0.0,Unf,0.0,793,6.677083461247136,GasW,TA,N,FuseF,6.905753276311464,520,0.0,7.325148957955575,0,0,2,0,3,1,Fa,7,Typ,0,None,None,0.0,None,0,0,None,None,N,0.0,0.0,4.976733742420574,0.0,0.0,0.0,None,None,None,0.0,8,2007,WD,Normal,115000,7.745435610274381,88,2,2.0,0,1,0,1,144
110,20,RL,4.663439094112067,9.371778717853713,Pave,None,IR1,Lvl,AllPub,Inside,Gtl,NWAmes,Norm,Norm,1Fam,1Story,6,6,1977,1977,Hip,CompShg,Plywood,Plywood,BrkFace,6.175867270105761,TA,TA,CBlock,Gd,TA,No,BLQ,6.559615237493242,Unf,0.0,1139,7.520234556474628,GasA,Ex,Y,SBrkr,7.520234556474628,0,0.0,7.520234556474628,0,0,2,0,3,1,TA,7,Typ,1,TA,Attchd,1977.0,RFn,2,546,TA,TA,Y,0.0,4.812184355372417,0.0,0.0,0.0,0.0,None,MnPrv,None,0.0,1,2010,COD,Normal,190000,8.213110697596676,33,33,2.0,1,1,1,0,122
111,50,RL,4.330733340286331,9.161780181360806,Pave,None,Reg,Lvl,AllPub,Inside,Gtl,Edwards,Norm,Norm,1Fam,1.5Fin,6,4,1954,1972,Gable,CompShg,Wd Sdng,Wd Sdng,None,0.0,TA,TA,CBlock,TA,Fa,No,Rec,6.09807428216624,Unf,0.0,550,6.902742737158593,GasA,Gd,Y,SBrkr,7.104144092987527,639,0.0,7.526178913346146,0,0,2,0,4,1,TA,7,Typ,0,None,Attchd,1954.0,Unf,1,325,TA,TA,Y,5.209486152841421,0.0,0.0,0.0,0.0,0.0,None,None,None,0.0,10,2006,WD,Normal,136900,7.955074273262696,52,34,2.0,1,1,0,1,182
112,80,RL,4.189654742026425,8.955577146281511,Pave,None,IR1,Lvl,AllPub,Inside,Gtl,Gilbert,Norm,Norm,1Fam,SLvl,7,5,2000,2000,Gable,CompShg,VinylSd,VinylSd,None,0.0,TA,TA,PConc,Gd,TA,No,GLQ,5.5254529391317835,Unf,0.0,134,5.953243334287785,GasA,Ex,Y,SBrkr,6.652863029353347,656,0.0,7.266128779556451,0,0,2,1,3,1,TA,7,Typ,1,TA,BuiltIn,2000.0,Fin,2,400,TA,TA,Y,5.198497031265826,0.0,0.0,0.0,0.0,0.0,None,None,None,0.0,4,2010,WD,Normal,180000,7.503840746698951,10,10,2.5,1,1,1,1,180
113,60,RL,4.356708826689592,9.20693457884135,Pave,None,Reg,Lvl,AllPub,Inside,Gtl,CollgCr,Norm,Norm,1Fam,2Story,7,5,2007,2007,Gable,CompShg,VinylSd,VinylSd,Stone,5.3981627015177525,Gd,TA,PConc,Ex,TA,Av,GLQ,6.892641641172089,Unf,0.0,280,7.142827401161621,GasA,Ex,Y,SBrkr,7.1569563646156364,1414,0.0,7.89989532313973,1,0,2,1,4,1,Ex,10,Typ,1,Gd,BuiltIn,2007.0,Fin,3,792,TA,TA,Y,4.795790545596741,5.220355825078324,0.0,0.0,5.1298987149230735,0.0,None,None,None,0.0,10,2007,New,Partial,383970,8.284251797621916,0,0,3.5,1,1,1,1,472
114,20,RL,4.31748811353631,9.952325334619427,Pave,None,Reg,Bnk,AllPub,Corner,Gtl,Crawfor,Norm,Norm,1Fam,1Story,6,5,1953,1953,Hip,CompShg,Wd Sdng,Wd Sdng,BrkFace,5.220355825078324,TA,Gd,CBlock,Gd,TA,Mn,ALQ,3.58351893845611,Rec,6.76849321164863,905,7.501082124259871,GasA,TA,Y,SBrkr,7.723120092266331,0,0.0,7.723120092266331,1,0,2,0,3,1,Gd,7,Typ,2,Gd,Basment,1953.0,Unf,2,450,TA,TA,Y,5.117993812416755,4.795790545596741,5.262690188904886,0.0,0.0,0.0,None,MnPrv,None,0.0,10,2007,COD,Abnorml,217000,8.31115254800169,54,54,3.0,1,1,1,0,478
115,70,RL,4.127134385045092,8.890135107818843,Pave,None,IR1,Lvl,AllPub,Inside,Mod,Crawfor,Norm,Norm,1Fam,2Story,6,8,1945,2002,Gambrel,CompShg,Wd Sdng,Wd Sdng,None,0.0,TA,TA,CBlock,TA,TA,No,ALQ,6.652863029353347,LwQ,5.017279836814924,104,6.9363427358340495,GasA,Ex,Y,SBrkr,7.270312886079025,884,0.0,7.749753406274437,1,0,2,1,3,1,Gd,9,Typ,1,TA,Detchd,1945.0,Unf,1,180,TA,TA,Y,5.41610040220442,0.0,0.0,0.0,0.0,0.0,None,MnPrv,None,0.0,7,2007,WD,Normal,259500,8.116417072794205,62,5,3.5,1,1,1,1,224
116,160,FV,3.5553480614894135,8.080546965824498,Pave,Pave,Reg,Lvl,AllPub,Corner,Gtl,Somerst,Norm,Norm,TwnhsE,2Story,6,5,1999,1999,Gable,CompShg,MetalSd,MetalSd,BrkFace,7.029972911706386,TA,TA,PConc,Gd,TA,No,GLQ,6.040254711277414,Unf,0.0,310,6.593044534142437,GasA,Gd,Y,SBrkr,6.593044534142437,729,0.0,7.285506548522785,0,0,2,1,2,1,TA,5,Typ,1,Fa,Detchd,1999.0,Unf,2,440,TA,TA,Y,0.0,3.4965075614664802,0.0,0.0,0.0,0.0,None,None,None,0.0,6,2007,WD,Normal,176000,7.690743163541872,8,8,2.5,1,1,1,1,32
117,20,RL,4.276666119016055,9.360224821513475,Pave,None,Reg,Lvl,AllPub,Inside,Gtl,Sawyer,Norm,Norm,1Fam,1Story,5,5,1962,1962,Gable,CompShg,Wd Sdng,Wd Sdng,BrkFace,4.762173934797756,TA,TA,CBlock,TA,TA,No,LwQ,5.14166355650266,BLQ,6.508769136971682,252,6.996681488176539,GasA,TA,Y,SBrkr,6.996681488176539,0,0.0,6.996681488176539,0,1,1,0,3,1,TA,6,Typ,1,Po,Attchd,1962.0,Unf,1,288,TA,TA,Y,0.0,3.044522437723423,4.976733742420574,0.0,0.0,0.0,None,None,None,0.0,9,2009,WD,Normal,139000,7.68937110752969,47,47,1.5,1,1,1,0,164
118,20,RL,4.31748811353631,9.052164937010307,Pave,None,Reg,Lvl,AllPub,Corner,Gtl,Edwards,Norm,Norm,1Fam,1Story,5,5,2006,2007,Gable,CompShg,VinylSd,VinylSd,None,0.0,TA,TA,PConc,Gd,TA,No,Unf,0.0,Unf,0.0,1125,7.026426808699636,GasA,Gd,Y,SBrkr,7.026426808699636,0,0.0,7.026426808699636,0,0,1,1,2,1,TA,5,Typ,0,None,Attchd,2007.0,Unf,2,430,TA,TA,Y,4.394449154672439,4.174387269895637,0.0,0.0,0.0,0.0,None,None,None,0.0,4,2007,New,Partial,155000,7.719129840906732,1,0,1.5,1,1,0,0,144
119,60,RL,4.51085950651685,9.423595190540022,Pave,None,Reg,Lvl,AllPub,Corner,Gtl,SawyerW,Norm,Norm,1Fam,2Story,7,5,1990,1990,Hip,CompShg,Plywood,Plywood,None,0.0,TA,TA,PConc,Gd,TA,Mn,GLQ,7.293697720601438,Unf,0.0,203,7.422971251049421,GasA,Gd,Y,SBrkr,7.438383530044307,1523,0.0,8.078067881815437,1,0,3,0,5,1,Gd,11,Typ,2,TA,Attchd,1990.0,Unf,3,594,TA,TA,Y,5.908082938168931,0.0,0.0,0.0,0.0,0.0,None,None,None,0.0,5,2010,WD,Normal,320000,8.496173824192162,20,20,4.0,1,1,1,1,367
120,60,RL,4.189654742026425,9.043340831280013,Pave,None,Reg,Lvl,AllPub,Inside,Gtl,CollgCr,Norm,Norm,1Fam,2Story,6,5,2005,2006,Gable,CompShg,VinylSd,VinylSd,None,0.0,Gd,TA,PConc,Gd,TA,No,Unf,0.0,Unf,0.0,728,6.591673732008658,GasA,Ex,Y,SBrkr,6.591673732008658,728,0.0,7.284134806195205,0,0,2,1,3,1,Gd,8,Typ,1,Gd,Attchd,2005.0,Fin,2,390,TA,TA,Y,0.0,3.2188758248682006,0.0,0.0,0.0,0.0,None,None,None,0.0,7,2006,New,Partial,163990,7.68937110752969,1,0,2.5,1,1,1,1,24
121,80,RL,4.394449154672439,9.973666387157374,Pave,None,IR1,Low,AllPub,CulDSac,Sev,ClearCr,Norm,Norm,1Fam,SLvl,6,5,1969,1969,Flat,Metal,Plywood,Plywood,None,0.0,TA,TA,CBlock,TA,TA,Gd,ALQ,6.844815479208263,Unf,0.0,0,6.844815479208263,GasA,Ex,Y,SBrkr,6.8966943316227125,0,0.0,6.8966943316227125,1,0,1,0,1,1,TA,4,Typ,2,TA,Attchd,1969.0,Unf,2,540,TA,TA,Y,0.0,4.875197323201151,0.0,4.875197323201151,0.0,0.0,None,None,None,0.0,10,2006,WD,Normal,180000,7.563719668414366,37,37,2.0,1,1,1,0,260
122,50,RM,3.9318256327243257,8.709630081951286,Pave,None,Reg,Lvl,AllPub,Inside,Gtl,IDOTRR,Norm,Norm,1Fam,1.5Fin,4,5,1939,1950,Gable,CompShg,AsbShng,AsbShng,None,0.0,TA,TA,PConc,TA,TA,No,Unf,0.0,Unf,0.0,732,6.597145701886651,GasA,Gd,Y,SBrkr,6.650279048587422,351,0.0,7.024649030453636,0,0,1,0,3,1,TA,4,Typ,0,None,Detchd,1979.0,Unf,1,264,TA,TA,P,0.0,0.0,4.948759890378168,0.0,0.0,0.0,None,MnPrv,None,0.0,6,2007,WD,Normal,100000,7.526178913346146,68,57,1.0,1,1,0,1,140
123,20,RL,4.330733340286331,9.155356063643422,Pave,None,Reg,Lvl,AllPub,Corner,Gtl,NAmes,Norm,Norm,1Fam,1Story,6,7,1958,1958,Hip,CompShg,MetalSd,MetalSd,BrkFace,4.912654885736052,TA,Gd,CBlock,TA,TA,No,BLQ,6.3473892096560105,Unf,0.0,510,6.985641817639208,GasA,Gd,Y,SBrkr,6.985641817639208,0,0.0,6.985641817639208,0,0,1,0,3,1,TA,5,Typ,0,None,Attchd,1958.0,Unf,1,288,TA,TA,Y,0.0,0.0,0.0,0.0,4.875197323201151,0.0,None,None,None,0.0,6,2008,WD,Normal,136000,7.6783263565068856,50,50,1.0,1,1,0,0,130
124,120,RL,4.02535169073515,8.973731569708402,Pave,None,Reg,Lvl,AllPub,Inside,Gtl,SawyerW,Norm,Norm,TwnhsE,1Story,6,5,1993,1993,Gable,CompShg,Plywood,Plywood,None,0.0,Gd,TA,PConc,Gd,TA,No,GLQ,5.707110264748875,Unf,0.0,899,7.090076835776092,GasA,Ex,Y,SBrkr,7.090076835776092,0,0.0,7.090076835776092,0,0,2,0,2,1,Gd,5,Typ,0,None,Attchd,1993.0,RFn,2,530,TA,TA,Y,0.0,4.1588830833596715,0.0,0.0,0.0,0.0,None,None,None,0.0,3,2008,WD,Normal,153900,7.782807262839695,15,15,2.0,1,1,0,0,63
125,20,RL,3.8918202981106265,9.743553514619803,Pave,None,IR1,Lvl,AllPub,CulDSac,Gtl,NWAmes,Norm,Norm,1Fam,1Story,6,5,1979,1998,Gable,CompShg,HdBoard,HdBoard,None,0.0,TA,Gd,CBlock,Gd,Fa,No,Unf,0.0,Unf,0.0,1362,7.217443431696533,GasA,TA,Y,SBrkr,7.369600720526409,0,0.0,7.369600720526409,0,0,2,0,3,1,TA,7,Typ,1,TA,Attchd,1979.0,Unf,2,435,TA,TA,Y,5.262690188904886,0.0,0.0,0.0,0.0,0.0,None,None,None,0.0,1,2009,WD,Normal,181000,7.989221408815276,30,11,2.0,1,1,1,0,192
126,190,RM,4.110873864173311,8.821879862683842,Pave,None,Reg,Lvl,AllPub,Inside,Gtl,IDOTRR,Norm,Norm,2fmCon,1.5Fin,6,8,1935,1982,Gable,CompShg,Wd Sdng,Wd Sdng,None,0.0,TA,Fa,CBlock,TA,TA,Av,GLQ,6.19644412779452,Unf,0.0,30,6.255750041753367,GasA,Gd,N,SBrkr,6.255750041753367,0,5.459585514144159,6.626717749249025,1,0,1,0,2,1,TA,5,Typ,0,None,None,0.0,None,0,0,None,None,N,3.9889840465642745,0.0,0.0,0.0,0.0,0.0,None,None,None,0.0,6,2006,WD,Normal,84500,6.947937068614969,71,24,2.0,0,1,0,0,53
127,120,RL,3.2188758248682006,8.502891406705377,Pave,None,IR1,Lvl,AllPub,Inside,Gtl,NPkVill,Norm,Norm,TwnhsE,1Story,6,5,1976,1976,Gable,CompShg,Plywood,Plywood,None,0.0,TA,TA,CBlock,Gd,TA,No,ALQ,4.795790545596741,Unf,0.0,958,6.983789965258135,GasA,TA,Y,SBrkr,6.8658910748834385,0,0.0,6.8658910748834385,0,0,2,0,2,1,TA,5,Typ,1,TA,Attchd,1977.0,RFn,2,440,TA,TA,Y,0.0,5.327876168789581,0.0,0.0,0.0,0.0,None,None,None,0.0,2,2007,WD,Normal,128000,7.619233416226805,31,31,2.0,1,1,1,0,205
128,45,RM,4.02535169073515,8.386856689688234,Pave,None,IR1,Bnk,AllPub,Inside,Gtl,OldTown,Feedr,Norm,1Fam,1.5Unf,5,7,1930,1950,Gable,CompShg,WdShing,Wd Sdng,None,0.0,TA,Gd,BrkTil,TA,TA,No,LwQ,4.762173934797756,Unf,0.0,556,6.511745329644728,GasA,Ex,Y,SBrkr,6.734591659972948,0,0.0,6.734591659972948,0,0,1,0,3,1,TA,5,Typ,1,TA,None,0.0,None,0,0,None,None,N,0.0,0.0,0.0,0.0,0.0,0.0,None,None,None,0.0,6,2007,WD,Normal,87000,7.321849713788356,77,57,1.0,0,1,1,0,0
129,60,RL,4.248495242049359,8.934718614016768,Pave,None,Reg,Lvl,AllPub,Inside,Gtl,NAmes,PosN,Norm,1Fam,2Story,6,5,1966,1966,Gable,CompShg,VinylSd,VinylSd,BrkFace,5.58724865840025,TA,TA,CBlock,TA,TA,No,BLQ,6.240275845170769,Unf,0.0,148,6.493753839851686,GasA,TA,Y,SBrkr,6.493753839851686,688,0.0,7.207118856207756,0,0,1,1,3,1,TA,6,Typ,1,Fa,Attchd,1966.0,RFn,2,453,TA,TA,Y,5.241747015059643,4.6913478822291435,0.0,0.0,0.0,0.0,None,None,None,0.0,7,2006,WD,Normal,155000,7.605392364814935,40,40,1.5,1,1,1,1,296
130,20,RL,4.248495242049359,9.102086786535928,Pave,None,Reg,Lvl,AllPub,Inside,Gtl,NAmes,Norm,Norm,1Fam,1Story,5,7,1958,1991,Gable,CompShg,Plywood,Plywood,BrkFace,4.454347296253507,TA,TA,CBlock,TA,TA,No,Rec,6.342121418721152,BLQ,3.367295829986474,413,6.9167150203536085,GasA,TA,Y,FuseA,6.960347729101308,0,0.0,6.960347729101308,0,1,1,1,3,1,Ex,6,Typ,0,None,2Types,1998.0,RFn,2,750,TA,TA,Y,0.0,4.394449154672439,0.0,5.198497031265826,0.0,0.0,None,MnWw,None,0.0,7,2006,WD,Abnorml,150000,7.631431664576906,48,15,2.0,1,1,0,0,260
131,60,RL,4.48863636973214,9.561067663645012,Pave,None,Reg,Lvl,AllPub,Corner,Gtl,NAmes,Norm,Norm,1Fam,2Story,7,6,1966,1966,Gable,CompShg,MetalSd,MetalSd,BrkFace,5.736572297479192,TA,TA,CBlock,TA,TA,No,Rec,6.100318952020064,Unf,0.0,479,6.829793737512425,GasA,Ex,Y,SBrkr,7.104144092987527,941,0.0,7.67693714581808,0,0,2,1,4,1,Gd,8,Typ,2,Gd,Attchd,1966.0,Fin,2,487,TA,TA,Y,4.663439094112067,4.204692619390966,0.0,0.0,0.0,0.0,None,GdPrv,None,0.0,5,2006,WD,Normal,226000,8.033334015880062,40,40,2.5,1,1,1,1,171
132,60,RL,4.189654742026425,9.411238314343073,Pave,None,IR1,Lvl,AllPub,Corner,Gtl,Gilbert,Norm,Norm,1Fam,2Story,6,5,2000,2000,Gable,CompShg,VinylSd,VinylSd,BrkFace,3.713572066704308,Gd,TA,PConc,Gd,TA,No,GLQ,6.54534966033442,Unf,0.0,297,6.900730664045173,GasA,Ex,Y,SBrkr,6.930494765951626,1032,0.0,7.628031126930335,1,0,2,1,3,1,Gd,7,Typ,1,TA,BuiltIn,2000.0,RFn,2,390,TA,TA,Y,3.2188758248682006,3.8918202981106265,0.0,0.0,0.0,0.0,None,None,None,0.0,7,2009,WD,Normal,244000,8.021912778985708,9,9,3.5,1,1,1,1,72
133,20,RL,4.330733340286331,8.907747686788648,Pave,None,Reg,Lvl,AllPub,Corner,Gtl,NAmes,Norm,Norm,1Fam,1Story,5,6,1959,2002,Gable,CompShg,MetalSd,MetalSd,None,0.0,TA,TA,CBlock,TA,TA,No,Rec,6.0063531596017325,Unf,0.0,658,6.96979066990159,GasA,Gd,Y,SBrkr,7.191429330036379,0,0.0,7.191429330036379,1,0,1,0,3,1,Gd,7,Typ,0,None,Detchd,1974.0,Unf,2,624,TA,TA,Y,0.0,0.0,0.0,0.0,0.0,0.0,None,None,None,0.0,7,2007,WD,Normal,150750,7.779466967458324,48,5,2.0,1,1,0,0,0
134,20,RL,4.454347296253507,8.832587702434553,Pave,None,IR1,Lvl,AllPub,Inside,Gtl,Timber,Norm,Norm,1Fam,1Story,8,5,2001,2002,Gable,CompShg,VinylSd,VinylSd,BrkFace,4.919980925828125,Gd,TA,PConc,Ex,TA,No,GLQ,6.913737350659685,Unf,0.0,262,7.145196134997171,GasA,Ex,Y,SBrkr,7.167809184316444,0,0.0,7.167809184316444,1,0,2,0,2,1,Gd,6,Typ,0,None,Attchd,2001.0,Fin,2,471,TA,TA,Y,5.262690188904886,3.258096538021482,0.0,0.0,0.0,0.0,None,None,None,0.0,6,2009,WD,Normal,220000,7.849323818040561,8,7,3.0,1,1,0,0,217
135,20,RL,4.3694478524670215,9.243388226022383,Pave,None,IR1,Lvl,AllPub,Inside,Gtl,Sawyer,Norm,Norm,1Fam,1Story,5,6,1968,1993,Gable,CompShg,Plywood,Plywood,None,0.0,TA,TA,CBlock,TA,TA,No,Rec,6.3473892096560105,Unf,0.0,891,7.2875606403097235,GasA,Gd,Y,SBrkr,7.451241684987676,0,0.0,7.451241684987676,0,0,2,1,3,1,TA,7,Min1,1,TA,Attchd,1968.0,RFn,2,440,TA,TA,Y,0.0,4.574710978503383,5.198497031265826,0.0,0.0,0.0,None,MnPrv,None,0.0,7,2006,WD,Normal,180000,8.065579427282092,38,13,2.5,1,1,1,0,276
136,20,RL,4.394449154672439,9.249657234353133,Pave,None,Reg,Lvl,AllPub,Inside,Gtl,NWAmes,Norm,Norm,1Fam,1Story,7,6,1970,1970,Hip,CompShg,Plywood,Plywood,BrkFace,5.666426688112432,TA,TA,PConc,TA,TA,No,Unf,0.0,Unf,0.0,1304,7.173958319756794,GasA,Gd,Y,SBrkr,7.428333194190806,0,0.0,7.428333194190806,0,0,2,0,3,1,TA,7,Typ,1,Gd,Attchd,1970.0,Unf,2,530,TA,TA,Y,4.59511985013459,0.0,0.0,0.0,0.0,0.0,None,MnPrv,None,0.0,5,2008,WD,Normal,174000,8.00202481821611,38,38,2.0,1,1,1,0,98
137,20,RL,4.30406509320417,9.245321340871428,Pave,None,IR1,Lvl,AllPub,Corner,Gtl,NAmes,Norm,Norm,1Fam,1Story,5,5,1967,1967,Gable,CompShg,MetalSd,MetalSd,BrkFace,5.2832037287379885,TA,TA,CBlock,TA,TA,No,BLQ,6.54534966033442,Unf,0.0,519,7.102499355774649,GasA,TA,Y,SBrkr,7.102499355774649,0,0.0,7.102499355774649,0,0,2,0,3,1,TA,5,Typ,1,Fa,Attchd,1967.0,RFn,1,318,TA,TA,Y,0.0,4.718498871295094,0.0,0.0,0.0,0.0,None,None,None,0.0,7,2007,WD,Normal,143000,7.795234929002173,40,40,2.0,1,1,1,0,111
138,90,RL,4.418840607796598,9.312084355859467,Pave,None,Reg,Lvl,AllPub,Inside,Gtl,Mitchel,Norm,Norm,Duplex,1Story,7,5,1988,1989,Gable,CompShg,VinylSd,VinylSd,BrkFace,4.2626798770413155,TA,TA,CBlock,TA,TA,No,Unf,0.0,Unf,0.0,1907,7.553810852008231,GasA,Gd,Y,SBrkr,7.580699752224563,0,0.0,7.580699752224563,0,0,3,0,5,2,TA,9,Typ,0,None,2Types,1989.0,Unf,3,766,TA,TA,Y,0.0,0.0,0.0,0.0,0.0,0.0,None,None,None,0.0,7,2006,WD,Family,171000,8.260234291607297,18,17,3.0,1,1,0,0,0
139,60,RL,4.30406509320417,9.112396727646056,Pave,None,IR1,Lvl,AllPub,Inside,Gtl,CollgCr,Norm,Norm,1Fam,2Story,8,5,1999,2000,Gable,CompShg,VinylSd,VinylSd,BrkFace,5.771441123130016,Gd,TA,PConc,Gd,TA,Mn,GLQ,6.505784060128229,Unf,0.0,336,6.912742820493176,GasA,Ex,Y,SBrkr,6.912742820493176,848,0.0,7.52456122628536,0,0,2,1,3,1,Gd,7,Typ,2,TA,Attchd,1999.0,Fin,3,660,TA,TA,Y,5.41610040220442,4.672828834461906,0.0,0.0,0.0,0.0,None,GdPrv,None,0.0,12,2008,WD,Normal,230000,7.957527402230773,9,8,2.5,1,1,1,1,330
140,60,RL,4.189654742026425,9.64387450001194,Pave,None,IR1,Lvl,AllPub,Inside,Gtl,CollgCr,Norm,Norm,1Fam,2Story,6,5,1997,1997,Gable,CompShg,VinylSd,VinylSd,None,0.0,TA,TA,PConc,Gd,TA,No,GLQ,6.71174039505618,Unf,0.0,107,6.834108738813838,GasA,Ex,Y,SBrkr,6.834108738813838,836,0.0,7.475905969367397,1,0,2,1,3,1,Gd,7,Typ,0,None,Attchd,1997.0,RFn,2,470,TA,TA,Y,5.6240175061873385,4.605170185988092,0.0,0.0,0.0,0.0,None,MnPrv,None,0.0,8,2009,WD,Normal,231500,7.898411092811599,12,12,3.5,1,1,0,1,375
141,20,RL,4.2626798770413155,9.259225769705994,Pave,None,Reg,Lvl,AllPub,FR2,Gtl,NAmes,Norm,Norm,1Fam,1Story,4,5,1971,1971,Gable,CompShg,HdBoard,HdBoard,None,0.0,TA,TA,CBlock,TA,TA,No,ALQ,6.07073772800249,Unf,0.0,432,6.762729506931879,GasA,TA,Y,SBrkr,6.762729506931879,0,0.0,6.762729506931879,0,0,1,0,3,1,TA,5,Typ,1,Po,None,0.0,None,0,0,None,None,Y,0.0,0.0,0.0,0.0,0.0,0.0,None,None,None,0.0,4,2010,ConLI,Normal,115000,7.455298485683291,39,39,1.0,0,1,1,0,0
142,20,RL,4.3694478524670215,9.362718052397065,Pave,None,Reg,Lvl,AllPub,Inside,Gtl,CollgCr,Norm,Norm,1Fam,1Story,7,5,2005,2005,Gable,CompShg,VinylSd,VinylSd,None,0.0,Gd,TA,PConc,Gd,TA,Av,GLQ,7.170888478512505,Unf,0.0,434,7.45876269238096,GasA,Ex,Y,SBrkr,7.45876269238096,0,0.0,7.45876269238096,1,0,2,0,3,1,Gd,7,Typ,0,None,Attchd,2005.0,Fin,2,660,TA,TA,Y,5.081404364984463,3.2188758248682006,0.0,0.0,0.0,0.0,None,None,None,0.0,1,2006,WD,Normal,260000,8.15162164696975,1,1,3.0,1,1,0,0,184
143,50,RL,4.276666119016055,9.050288983827956,Pave,None,Reg,Lvl,AllPub,Corner,Gtl,NAmes,Artery,Norm,1Fam,1.5Fin,5,4,1952,1952,Gable,CompShg,BrkFace,Wd Sdng,None,0.0,TA,Fa,CBlock,TA,TA,No,Rec,6.230481447578482,Unf,0.0,403,6.814542897259958,GasA,Fa,Y,SBrkr,6.814542897259958,475,0.0,7.234177179749849,0,0,2,0,4,1,TA,6,Typ,0,None,Detchd,2000.0,Unf,2,720,TA,TA,Y,0.0,0.0,0.0,0.0,0.0,0.0,None,MnPrv,None,0.0,6,2010,WD,Normal,166000,7.738923757439457,58,58,2.0,1,1,0,1,0
144,20,RL,4.3694478524670215,9.243388226022383,Pave,None,IR1,Lvl,AllPub,Inside,Gtl,CollgCr,Norm,Norm,1Fam,1Story,7,5,1999,1999,Gable,CompShg,VinylSd,VinylSd,BrkFace,5.214935757608986,Gd,TA,PConc,Gd,TA,Gd,GLQ,6.522092798170152,Unf,0.0,811,7.307202314764738,GasA,Ex,Y,SBrkr,7.31455283232408,0,0.0,7.31455283232408,1,0,2,0,3,1,Gd,6,Typ,0,None,Attchd,1999.0,RFn,2,577,TA,TA,Y,4.976733742420574,3.4011973816621555,0.0,0.0,0.0,0.0,None,None,None,0.0,6,2009,WD,Normal,204000,8.003697339094368,10,10,3.0,1,1,0,0,173
145,90,RM,4.2626798770413155,9.116139576577355,Pave,None,Reg,Lvl,AllPub,Inside,Gtl,Sawyer,RRAe,Norm,Duplex,1Story,5,5,1963,1963,Gable,CompShg,HdBoard,HdBoard,BrkFace,5.820082930352362,TA,TA,CBlock,TA,TA,No,Rec,7.195187320178709,Unf,0.0,396,7.455298485683291,GasA,TA,Y,SBrkr,7.455298485683291,0,0.0,7.455298485683291,1,0,2,0,6,2,TA,10,Typ,0,None,Detchd,1963.0,Unf,2,504,TA,TA,Y,0.0,0.0,0.0,0.0,0.0,0.0,None,None,None,0.0,11,2006,ConLI,Abnorml,125000,8.148156439921625,43,43,3.0,1,1,0,0,0
146,160,RM,3.2188758248682006,7.833203948641057,Pave,None,Reg,Lvl,AllPub,Inside,Gtl,Edwards,Norm,Norm,Twnhs,2Story,6,5,2004,2006,Gable,CompShg,VinylSd,VinylSd,Stone,3.9318256327243257,Gd,TA,PConc,Gd,TA,No,Unf,0.0,Unf,0.0,970,6.878326468291325,GasA,Ex,Y,SBrkr,6.878326468291325,739,0.0,7.444248649496705,0,0,2,0,3,1,Gd,7,Maj1,0,None,Detchd,2004.0,Unf,2,380,TA,TA,Y,0.0,3.713572066704308,0.0,0.0,0.0,0.0,None,None,None,0.0,4,2006,WD,Normal,130000,7.893572073504902,2,0,2.0,1,1,0,1,40
147,30,RM,3.9512437185814275,8.71948076085107,Pave,None,Reg,Lvl,AllPub,Corner,Gtl,BrkSide,Norm,Norm,1Fam,1Story,5,7,1931,1993,Gable,CompShg,Wd Sdng,Wd Sdng,None,0.0,TA,TA,BrkTil,TA,TA,No,BLQ,5.3471075307174685,Unf,0.0,506,6.573680166960646,GasA,TA,Y,FuseA,6.775366090936392,0,0.0,6.775366090936392,1,0,1,0,2,1,TA,5,Typ,0,None,Detchd,1931.0,Unf,1,180,Fa,TA,Y,3.8918202981106265,0.0,0.0,0.0,0.0,0.0,None,None,None,0.0,11,2009,WD,Normal,105000,7.372118028337787,78,16,2.0,1,1,0,0,48
148,60,RL,4.189654742026425,9.159678457173955,Pave,None,IR1,Lvl,AllPub,CulDSac,Gtl,Gilbert,Norm,Norm,1Fam,2Story,7,5,2001,2001,Gable,CompShg,VinylSd,VinylSd,BrkFace,5.198497031265826,Gd,TA,PConc,Gd,TA,No,Unf,0.0,Unf,0.0,884,6.785587645007929,GasA,Ex,Y,SBrkr,6.785587645007929,1151,0.0,7.618742377670413,0,0,2,1,3,1,Gd,8,Typ,1,Gd,BuiltIn,2001.0,Fin,2,434,TA,TA,Y,4.976733742420574,3.8918202981106265,0.0,0.0,0.0,0.0,None,None,None,0.0,5,2010,WD,Normal,222500,7.979338895262328,9,9,2.5,1,1,1,1,192
149,20,RL,4.1588830833596715,8.922791623969637,Pave,None,Reg,Lvl,AllPub,Inside,Gtl,SawyerW,Norm,Norm,1Fam,1Story,7,5,2004,2005,Gable,CompShg,VinylSd,VinylSd,BrkFace,4.795790545596741,TA,TA,PConc,Gd,TA,No,GLQ,6.523562306149512,Unf,0.0,400,6.985641817639208,GasA,Ex,Y,SBrkr,6.985641817639208,0,0.0,6.985641817639208,1,0,1,0,3,1,Gd,6,Typ,0,None,None,0.0,None,0,0,None,None,Y,0.0,0.0,0.0,0.0,0.0,0.0,None,None,None,0.0,4,2008,WD,Normal,141000,7.6783263565068856,4,3,2.0,0,1,0,0,0
150,50,RM,3.970291913552122,8.738895704934043,Pave,None,Reg,Lvl,AllPub,Inside,Gtl,BrkSide,Norm,Norm,1Fam,1.5Fin,5,4,1936,1950,Gable,CompShg,MetalSd,MetalSd,None,0.0,TA,TA,BrkTil,Gd,TA,No,Unf,0.0,Unf,0.0,896,6.799055862058796,GasA,Gd,Y,FuseA,6.799055862058796,448,0.0,7.20414929203594,0,0,1,0,3,1,TA,7,Typ,0,None,Detchd,1936.0,Unf,1,240,Fa,TA,Y,5.303304908059076,4.74493212836325,0.0,0.0,0.0,0.0,None,None,None,0.0,4,2006,WD,Normal,115000,7.714677473800927,70,56,1.0,1,1,0,1,314
151,20,RL,4.795790545596741,9.24541789858888,Pave,None,Reg,Lvl,AllPub,Corner,Gtl,CollgCr,Norm,Norm,1Fam,1Story,5,6,1975,1975,Gable,CompShg,HdBoard,HdBoard,None,0.0,TA,TA,CBlock,TA,TA,Av,BLQ,6.57507584059962,Unf,0.0,253,6.877296071497429,GasA,TA,Y,SBrkr,6.877296071497429,0,0.0,6.877296071497429,0,0,1,1,3,1,TA,5,Typ,0,None,Attchd,1975.0,Unf,2,440,TA,TA,Y,0.0,0.0,0.0,0.0,0.0,0.0,None,MnPrv,None,0.0,1,2007,WD,Normal,122000,7.569927655242652,32,32,1.5,1,1,0,0,0
152,20,RL,4.68213122712422,9.539068413863964,Pave,None,Reg,Lvl,AllPub,Inside,Gtl,NridgHt,Norm,Norm,1Fam,1Story,8,5,2007,2008,Hip,CompShg,VinylSd,VinylSd,Stone,6.07993319509559,Gd,TA,PConc,Ex,TA,Gd,GLQ,7.244941546337007,Unf,0.0,310,7.444833273892193,GasA,Ex,Y,SBrkr,7.444833273892193,0,0.0,7.444833273892193,1,0,2,0,2,1,Gd,6,Typ,1,Gd,Attchd,2007.0,RFn,3,866,TA,TA,Y,0.0,4.634728988229636,0.0,0.0,0.0,0.0,None,None,None,0.0,1,2008,New,Partial,372402,8.137688184977605,1,0,3.0,1,1,1,0,102
153,60,RL,4.394449154672439,9.602652693506046,Pave,None,IR1,Lvl,AllPub,CulDSac,Gtl,NWAmes,Norm,Norm,1Fam,2Story,6,5,1971,1971,Gable,CompShg,HdBoard,HdBoard,BrkFace,5.53338948872752,TA,TA,CBlock,TA,TA,No,Rec,6.0330862217988015,Unf,0.0,409,6.716594773520978,GasA,Gd,Y,SBrkr,7.001245622069476,896,0.0,7.597897950521784,0,0,2,1,4,1,TA,8,Typ,1,Gd,Attchd,1971.0,RFn,2,495,TA,TA,Y,0.0,4.204692619390966,0.0,0.0,0.0,0.0,None,GdWo,None,0.0,6,2006,WD,Normal,190000,7.9441374911141125,35,35,2.5,1,1,1,1,66
154,20,RL,4.394449154672439,9.510519035757246,Pave,None,Reg,Lvl,AllPub,Inside,Gtl,ClearCr,Norm,Norm,1Fam,1Story,6,7,1960,1975,Flat,CompShg,BrkFace,Plywood,None,0.0,TA,TA,CBlock,Gd,TA,Gd,BLQ,6.063785208687608,ALQ,6.985641817639208,93,7.3796321526095525,GasA,Gd,Y,SBrkr,7.133295954896068,0,0.0,7.133295954896068,1,0,1,0,1,1,TA,4,Typ,1,Gd,Attchd,1960.0,RFn,2,564,TA,TA,Y,6.016157159698354,0.0,0.0,0.0,0.0,0.0,None,None,None,0.0,3,2008,WD,Normal,235000,7.956827122090111,48,33,2.0,1,1,1,0,409
155,30,RM,4.442651256490317,9.33617975681533,Pave,None,Reg,Lvl,AllPub,Corner,Gtl,OldTown,Norm,Norm,1Fam,1Story,6,5,1923,1950,Gable,CompShg,Wd Sdng,Wd Sdng,None,0.0,TA,TA,BrkTil,TA,TA,No,Unf,0.0,Unf,0.0,1200,7.0909098220799835,GasA,TA,Y,FuseA,7.0909098220799835,0,0.0,7.0909098220799835,0,0,1,0,4,1,TA,7,Typ,0,None,Detchd,1923.0,Unf,1,312,Fa,Fa,Y,0.0,0.0,5.43372200355424,0.0,0.0,0.0,None,None,None,0.0,3,2006,WD,Family,125000,7.783640596221253,83,56,1.0,1,1,0,0,228
156,50,RL,4.110873864173311,9.169622538697624,Pave,None,Reg,Lvl,AllPub,Corner,Gtl,Edwards,Artery,Norm,1Fam,1.5Fin,6,5,1924,1950,Gable,CompShg,Wd Sdng,Wd Sdng,None,0.0,TA,TA,BrkTil,TA,TA,No,Unf,0.0,Unf,0.0,572,6.35088571671474,Grav,Fa,N,FuseF,6.35088571671474,524,0.0,7.00033446027523,0,0,1,0,2,1,TA,5,Typ,0,None,None,0.0,None,0,0,None,None,N,0.0,2.1972245773362196,4.859812404361672,0.0,0.0,0.0,None,None,None,0.0,4,2008,WD,Normal,79000,7.419979923661835,84,58,1.0,0,1,0,1,136
157,20,RL,4.110873864173311,8.881975184248867,Pave,None,Reg,Lvl,AllPub,Inside,Gtl,NAmes,Norm,Norm,1Fam,1Story,5,7,1950,1950,Hip,CompShg,Wd Sdng,Wd Sdng,None,0.0,TA,TA,CBlock,None,None,None,None,0.0,None,0.0,0,0.0,GasA,TA,Y,FuseF,6.947937068614969,0,0.0,6.947937068614969,0,0,1,0,2,1,TA,5,Typ,0,None,Detchd,1950.0,Unf,2,625,TA,TA,Y,0.0,0.0,0.0,0.0,0.0,0.0,None,None,None,0.0,6,2006,WD,Normal,109500,6.947937068614969,56,56,1.0,1,0,0,0,0
158,60,RL,4.532599493153256,9.392995206560258,Pave,None,Reg,Lvl,AllPub,Corner,Gtl,Timber,Norm,Norm,1Fam,2Story,8,5,2009,2010,Gable,CompShg,VinylSd,VinylSd,BrkFace,4.442651256490317,Gd,TA,PConc,Ex,TA,No,Unf,0.0,Unf,0.0,774,6.652863029353347,GasA,Ex,Y,SBrkr,6.652863029353347,1194,0.0,7.585281078639126,0,0,2,1,4,1,Ex,8,Typ,1,Gd,BuiltIn,2009.0,Fin,3,680,TA,TA,Y,0.0,4.330733340286331,0.0,0.0,0.0,0.0,None,None,None,0.0,5,2010,New,Partial,269500,7.916807490937603,1,0,2.5,1,1,1,1,75
159,60,FV,4.61512051684126,9.437714959818209,Pave,None,Reg,Lvl,AllPub,Corner,Gtl,Somerst,Norm,Norm,1Fam,2Story,7,5,2004,2005,Gable,CompShg,VinylSd,VinylSd,None,0.0,Gd,TA,PConc,Gd,TA,No,GLQ,5.407171771460119,Unf,0.0,769,6.899723107284872,GasA,Ex,Y,SBrkr,6.899723107284872,956,0.0,7.5745584842024805,0,0,2,1,3,1,Gd,8,Typ,1,Gd,Attchd,2004.0,RFn,2,678,TA,TA,Y,0.0,4.919980925828125,0.0,0.0,0.0,0.0,None,GdWo,None,0.0,5,2010,WD,Normal,254900,7.985824666418917,6,5,2.5,1,1,1,1,136
160,60,RL,4.90527477843843,9.87194528452625,Pave,None,IR1,HLS,AllPub,Corner,Gtl,Gilbert,Norm,Norm,1Fam,2Story,7,5,2005,2006,Gable,CompShg,VinylSd,VinylSd,BrkFace,6.124683390894205,Gd,TA,PConc,Gd,TA,Mn,GLQ,4.060443010546419,Unf,0.0,1335,7.239214973779806,GasA,Ex,Y,SBrkr,7.239214973779806,1070,0.0,7.809135398120538,1,0,2,1,4,1,Gd,9,Typ,1,Gd,Attchd,2006.0,RFn,2,576,TA,TA,Y,5.480638923341991,4.890349128221754,0.0,5.1298987149230735,0.0,0.0,None,None,None,0.0,3,2006,New,Partial,320000,8.25712628599743,1,0,3.5,1,1,1,1,539
161,20,RL,4.23410650459726,9.316590491818841,Pave,None,IR1,Lvl,AllPub,CulDSac,Gtl,Veenker,Norm,Norm,1Fam,1Story,6,6,1984,1984,Gable,CompShg,Plywood,Plywood,None,0.0,TA,TA,PConc,Gd,TA,No,BLQ,6.493753839851686,Unf,0.0,572,7.117205503164344,GasA,TA,Y,SBrkr,7.117205503164344,0,0.0,7.117205503164344,0,0,2,0,3,1,TA,6,Typ,0,None,Attchd,1984.0,Unf,2,516,TA,TA,Y,0.0,0.0,0.0,0.0,0.0,0.0,None,None,None,0.0,6,2008,WD,Normal,162500,7.80994708647679,24,24,2.0,1,1,0,0,0
162,60,RL,4.709530201312334,9.524347869595513,Pave,None,IR1,Lvl,AllPub,Inside,Gtl,NridgHt,Norm,Norm,1Fam,2Story,9,5,2003,2004,Gable,CompShg,VinylSd,VinylSd,BrkFace,6.499787040655854,Gd,TA,PConc,Ex,TA,Av,GLQ,6.92461239604856,Unf,0.0,556,7.360739903058278,GasA,Ex,Y,SBrkr,7.360739903058278,1096,0.0,7.889459149404524,1,0,2,1,3,1,Ex,10,Typ,2,Gd,BuiltIn,2003.0,Fin,3,726,TA,TA,Y,5.993961427306569,0.0,0.0,0.0,0.0,0.0,None,None,None,0.0,3,2008,WD,Normal,412500,8.352554369474591,5,4,3.5,1,1,1,1,400
163,20,RL,4.564348191467836,9.407796816354407,Pave,None,Reg,Lvl,AllPub,Corner,Gtl,NridgHt,Norm,Norm,1Fam,1Story,7,5,2005,2005,Gable,CompShg,VinylSd,VinylSd,BrkFace,5.424950017481403,Gd,TA,PConc,Gd,TA,Mn,BLQ,7.091742115095153,Unf,0.0,340,7.340835554123275,GasA,Ex,Y,SBrkr,7.340835554123275,0,0.0,7.340835554123275,0,0,2,0,3,1,Gd,7,Typ,1,Gd,Attchd,2005.0,RFn,2,532,TA,TA,Y,0.0,4.2626798770413155,0.0,0.0,0.0,0.0,None,None,None,0.0,5,2010,New,Partial,220000,8.03365842788615,5,5,2.0,1,1,1,0,70
164,45,RL,4.02535169073515,8.612685172875459,Pave,None,Reg,Lvl,AllPub,Inside,Gtl,OldTown,Norm,Norm,1Fam,1.5Unf,4,6,1956,1956,Gable,CompShg,MetalSd,MetalSd,None,0.0,TA,TA,CBlock,TA,TA,No,Unf,0.0,Unf,0.0,882,6.78332520060396,GasA,Ex,Y,SBrkr,6.78332520060396,0,0.0,6.78332520060396,0,0,1,0,1,1,TA,4,Typ,0,None,None,0.0,None,0,0,None,None,Y,0.0,0.0,0.0,0.0,0.0,0.0,None,MnPrv,None,0.0,4,2007,WD,Normal,103200,7.475905969367397,51,51,1.0,0,1,0,0,0
165,40,RM,3.713572066704308,8.594339400592892,Pave,Pave,Reg,Lvl,AllPub,Corner,Gtl,OldTown,Norm,Norm,1Fam,1Story,6,7,1926,2004,Gable,CompShg,MetalSd,MetalSd,None,0.0,TA,Gd,BrkTil,TA,TA,Mn,LwQ,5.916202062607435,Unf,0.0,779,7.047517221357296,GasA,Gd,Y,FuseA,7.047517221357296,467,0.0,7.388327859577107,0,0,2,0,3,1,Gd,5,Typ,0,None,Detchd,1926.0,Unf,1,216,TA,TA,Y,0.0,0.0,5.214935757608986,0.0,0.0,0.0,None,None,None,0.0,10,2007,WD,Normal,152000,7.925157512224703,81,3,2.0,1,1,0,1,183
166,190,RL,4.143134726391533,9.220983532074662,Pave,None,Reg,Lvl,AllPub,Inside,Gtl,Edwards,Norm,Norm,2fmCon,1.5Fin,5,7,1940,1999,Gable,CompShg,Wd Sdng,Wd Sdng,None,0.0,TA,Gd,BrkTil,TA,TA,No,ALQ,5.863631175598097,Rec,5.204006687076795,112,6.4692503167957724,GasA,Gd,Y,SBrkr,6.695798917058491,547,0.0,7.212294468500341,1,0,2,0,4,2,TA,6,Typ,0,None,None,0.0,None,0,0,None,None,Y,4.948759890378168,0.0,0.0,0.0,0.0,0.0,None,None,None,0.0,9,2008,WD,Normal,127500,7.600902459542082,68,9,3.0,0,1,0,1,140
167,20,RL,4.394449154672439,9.278839788400875,Pave,None,IR1,Lvl,AllPub,Inside,Gtl,ClearCr,Norm,Norm,1Fam,1Story,5,5,1955,1993,Hip,CompShg,Wd Sdng,Wd Sdng,None,0.0,Gd,TA,CBlock,TA,TA,No,LwQ,5.940171252720432,BLQ,6.645090969505644,470,7.388946097618437,GasA,Ex,Y,FuseA,7.532623618788788,0,0.0,7.532623618788788,1,0,1,0,2,1,TA,7,Typ,3,Gd,Attchd,1955.0,Fin,1,303,TA,TA,Y,6.1675164908883415,0.0,0.0,0.0,4.962844630259907,0.0,None,GdWo,None,0.0,11,2009,COD,Normal,190000,8.156223323194624,54,16,2.0,1,1,1,0,618
168,60,RL,4.465908118654584,9.265112607823163,Pave,None,Reg,Lvl,AllPub,Inside,Gtl,NridgHt,Norm,Norm,1Fam,2Story,8,5,2007,2007,Gable,CompShg,VinylSd,VinylSd,Stone,5.707110264748875,Gd,TA,PConc,Ex,TA,No,GLQ,7.161622002939187,Unf,0.0,294,7.367077059881012,GasA,Ex,Y,SBrkr,7.384610383176974,551,0.0,7.6787889981991535,1,0,1,1,3,1,Ex,8,Typ,1,Gd,Attchd,2007.0,Fin,3,789,TA,TA,Y,5.187385805840755,4.795790545596741,0.0,0.0,0.0,0.0,None,None,None,0.0,11,2007,New,Partial,325624,8.227909837597483,0,0,2.5,1,1,1,1,298
169,60,RL,4.143134726391533,9.0173622349937,Pave,None,IR1,Lvl,AllPub,Inside,Gtl,Gilbert,Norm,Norm,1Fam,2Story,7,5,2004,2004,Gable,CompShg,VinylSd,VinylSd,None,0.0,Gd,TA,PConc,Gd,TA,No,Unf,0.0,Unf,0.0,840,6.734591659972948,GasA,Ex,Y,SBrkr,6.734591659972948,880,0.0,7.450660796211539,0,0,2,1,3,1,Gd,7,Typ,1,Gd,Attchd,2004.0,Fin,2,440,TA,TA,Y,4.61512051684126,3.8918202981106265,0.0,0.0,0.0,0.0,None,None,None,0.0,5,2007,WD,Normal,183500,7.848153086199526,3,3,2.5,1,1,1,1,148
170,20,RL,4.454347296253507,9.72136597574484,Pave,None,IR1,Lvl,AllPub,Corner,Gtl,Timber,Norm,Norm,1Fam,1Story,8,6,1981,1981,Hip,WdShake,Plywood,Plywood,BrkFace,6.483107351457199,Gd,TA,CBlock,Gd,TA,No,Unf,0.0,Unf,0.0,1686,7.430707082545968,GasA,TA,Y,SBrkr,7.443078374348516,0,0.0,7.443078374348516,0,0,2,1,2,1,TA,6,Typ,1,TA,Attchd,1981.0,RFn,2,511,TA,TA,Y,6.354370040797351,4.174387269895637,0.0,0.0,0.0,0.0,None,None,None,0.0,1,2006,WD,Normal,228000,8.129764445794171,25,25,2.5,1,1,1,0,638
171,50,RM,4.110873864173311,9.422139821589736,Pave,None,IR1,Lvl,AllPub,Inside,Gtl,OldTown,Feedr,Norm,1Fam,1.5Fin,5,6,1941,1950,Gable,CompShg,MetalSd,MetalSd,None,0.0,TA,TA,CBlock,TA,TA,No,Rec,5.8888779583328805,Unf,0.0,360,6.580639137284949,GasA,TA,Y,SBrkr,6.75110146893676,0,6.270988431858299,7.232010331664759,0,0,1,1,2,1,TA,7,Typ,0,None,Detchd,1991.0,Unf,2,660,TA,TA,Y,5.472270673671475,0.0,0.0,0.0,0.0,0.0,None,None,None,0.0,5,2007,WD,Normal,128500,7.362010551259734,66,57,1.5,1,1,0,0,237
172,20,RL,4.955827057601261,10.366309203003638,Pave,None,IR1,Lvl,AllPub,Corner,Gtl,NAmes,Norm,Norm,1Fam,1Story,6,5,1960,1960,Hip,CompShg,BrkFace,Plywood,Stone,4.727387818712341,TA,TA,CBlock,TA,Gd,Gd,BLQ,6.461468176353717,Unf,0.0,441,6.985641817639208,GasA,Fa,Y,SBrkr,7.4127640174265625,0,0.0,7.4127640174265625,1,0,1,0,3,1,TA,7,Typ,2,Gd,Attchd,1960.0,Fin,2,528,TA,TA,P,5.351858133476067,4.143134726391533,0.0,0.0,0.0,0.0,None,None,None,0.0,5,2010,WD,Normal,215000,7.914617709040679,50,50,2.0,1,1,1,0,272
173,160,RL,3.8066624897703196,8.576781982827894,Pave,None,IR1,Lvl,AllPub,Inside,Gtl,StoneBr,Norm,Norm,TwnhsE,2Story,7,7,1987,1987,Gable,CompShg,HdBoard,HdBoard,None,0.0,Gd,Gd,PConc,Gd,Gd,No,GLQ,6.206575926724928,Rec,5.375278407684165,354,6.970730078143525,GasA,Gd,Y,SBrkr,6.970730078143525,703,0.0,7.477604243197589,1,0,2,0,2,1,Gd,5,Typ,1,TA,Attchd,1987.0,RFn,2,504,Gd,TA,Y,6.091309882077698,3.58351893845611,0.0,0.0,0.0,0.0,None,None,None,0.0,6,2006,WD,Normal,239000,7.94873845481361,19,19,3.0,1,1,1,1,476
174,20,RL,4.394449154672439,9.2299469016151,Pave,None,IR1,Lvl,AllPub,Inside,Gtl,NAmes,Norm,Norm,1Fam,1Story,6,5,1961,1961,Gable,CompShg,WdShing,Wd Shng,BrkCmn,6.198478716492308,TA,TA,CBlock,TA,TA,No,ALQ,5.666426688112432,Rec,5.926926025970411,700,7.217443431696533,GasA,TA,Y,SBrkr,7.217443431696533,0,0.0,7.217443431696533,1,0,1,1,3,1,TA,6,Typ,1,TA,Attchd,1961.0,Unf,2,504,TA,TA,Y,0.0,3.044522437723423,0.0,0.0,0.0,0.0,None,None,None,0.0,6,2008,COD,Normal,163000,7.9102237070973445,47,47,2.5,1,1,1,0,20
175,20,RL,3.871201010907891,9.426821780416843,Pave,None,IR1,Lvl,AllPub,Inside,Gtl,Timber,Norm,Norm,1Fam,1Story,6,5,1986,1986,Gable,CompShg,VinylSd,Plywood,Stone,4.890349128221754,TA,TA,CBlock,Gd,Fa,No,ALQ,7.243512974665482,LwQ,5.342334251964811,0,7.382124365737512,GasA,TA,Y,SBrkr,7.409741954080923,0,0.0,7.409741954080923,1,0,2,0,3,1,TA,7,Min2,1,TA,Attchd,1986.0,Fin,2,616,TA,TA,Y,5.262690188904886,0.0,0.0,0.0,0.0,0.0,None,None,None,0.0,11,2008,WD,Normal,184000,8.08886878916199,22,22,3.0,1,1,1,0,192
176,20,RL,4.442651256490317,9.442721128642875,Pave,None,Reg,Lvl,AllPub,Corner,Gtl,Edwards,Norm,Norm,1Fam,1Story,6,7,1950,2001,Gable,CompShg,WdShing,Wd Shng,None,0.0,TA,TA,CBlock,TA,Gd,Av,ALQ,6.169610732491456,Unf,0.0,725,7.0925737159746784,GasA,TA,Y,SBrkr,7.677400430514807,0,0.0,7.677400430514807,1,0,2,0,4,1,Gd,7,Typ,1,Gd,Attchd,1950.0,Unf,2,576,TA,TA,Y,0.0,3.4011973816621555,3.6888794541139363,0.0,0.0,0.0,None,MnPrv,None,0.0,6,2007,WD,Normal,243000,8.119993827725105,57,6,3.0,1,1,1,0,68
177,60,RL,4.584967478670572,9.21333588095598,Pave,None,IR1,Lvl,AllPub,Corner,Gtl,ClearCr,Norm,Norm,1Fam,2Story,6,5,1988,1989,Gable,CompShg,Plywood,Plywood,BrkFace,5.594711379601839,Gd,TA,PConc,Gd,TA,No,GLQ,6.723832440821209,Unf,0.0,320,7.049254841255837,GasA,TA,Y,SBrkr,7.060476365999801,896,0.0,7.630946580890459,0,1,2,1,4,1,TA,8,Typ,1,TA,Attchd,1988.0,Unf,2,521,TA,TA,Y,0.0,5.43372200355424,0.0,0.0,5.262690188904886,0.0,None,None,None,0.0,9,2007,WD,Normal,211000,8.074649075066652,19,18,3.0,1,1,1,1,420
178,50,RL,4.276666119016055,9.521568058002977,Pave,None,Reg,Lvl,AllPub,Inside,Gtl,Sawyer,Norm,Norm,1Fam,1.5Fin,5,5,1958,1958,Gable,CompShg,MetalSd,MetalSd,None,0.0,Gd,Gd,CBlock,TA,TA,No,ALQ,4.060443010546419,BLQ,6.091309882077698,554,6.959398512133975,GasA,Ex,Y,SBrkr,7.133295954896068,668,0.0,7.560601162768557,1,0,2,0,4,1,Gd,8,Typ,1,Gd,Attchd,1958.0,Unf,2,451,TA,TA,Y,0.0,0.0,0.0,0.0,0.0,0.0,None,None,None,0.0,7,2006,WD,Normal,172500,7.997326822998097,48,48,3.0,1,1,1,1,0
179,20,RL,4.1588830833596715,9.765603845172741,Pave,None,IR1,Lvl,AllPub,CulDSac,Gtl,StoneBr,Norm,Norm,1Fam,1Story,9,5,2008,2009,Hip,CompShg,VinylSd,VinylSd,Stone,6.618738983517219,Ex,TA,PConc,Ex,TA,No,GLQ,7.552237287560802,Unf,0.0,312,7.7039102096163115,GasA,Ex,Y,SBrkr,7.711996507047669,0,0.0,7.711996507047669,1,0,2,0,1,1,Ex,9,Typ,1,Gd,Attchd,2009.0,Fin,3,1166,TA,TA,Y,0.0,4.110873864173311,0.0,0.0,0.0,0.0,None,None,None,0.0,7,2009,New,Partial,501837,8.400884069015854,1,0,3.0,1,1,1,0,60
180,30,RM,4.110873864173311,9.050288983827956,Pave,None,Reg,Lvl,AllPub,Inside,Gtl,OldTown,Norm,Norm,1Fam,1Story,5,6,1923,2006,Gable,CompShg,Wd Sdng,Wd Sdng,None,0.0,Gd,TA,CBlock,TA,TA,No,Unf,0.0,Unf,0.0,968,6.876264611890766,GasA,TA,Y,SBrkr,6.876264611890766,0,0.0,6.876264611890766,0,0,1,0,2,1,TA,5,Typ,0,None,Detchd,1935.0,Unf,2,480,Fa,TA,N,0.0,0.0,5.220355825078324,0.0,0.0,0.0,None,None,None,0.0,7,2007,WD,Normal,100000,7.5688956634069955,84,1,1.0,1,1,0,0,184
181,160,FV,4.310799125385514,7.658227526161352,Pave,None,Reg,Lvl,AllPub,Inside,Gtl,Somerst,Norm,Norm,Twnhs,2Story,6,5,2000,2000,Gable,CompShg,MetalSd,MetalSd,BrkFace,6.124683390894205,Gd,TA,PConc,Gd,TA,No,GLQ,6.07993319509559,Unf,0.0,320,6.6293632534374485,GasA,Ex,Y,SBrkr,6.646390514847729,756,0.0,7.330405211844402,0,0,2,1,3,1,Gd,5,Typ,1,TA,Detchd,2000.0,Unf,2,440,TA,TA,Y,0.0,0.0,0.0,0.0,0.0,0.0,None,None,None,0.0,6,2007,WD,Normal,177000,7.732807530422021,7,7,2.5,1,1,1,1,0
182,70,RL,4.007333185232471,8.934455109403913,Pave,None,Reg,Lvl,AllPub,Inside,Gtl,Crawfor,Norm,Norm,1Fam,2Story,7,6,1920,1950,Gable,CompShg,Stucco,Stucco,None,0.0,TA,TA,BrkTil,Fa,TA,No,LwQ,5.8664680569332965,Unf,0.0,441,6.677083461247136,GasA,Gd,Y,SBrkr,6.804614520062624,901,0.0,7.497207223203318,0,0,1,1,4,1,TA,9,Typ,1,Gd,Detchd,1920.0,Unf,1,216,Fa,TA,Y,0.0,0.0,3.713572066704308,0.0,0.0,0.0,None,None,None,0.0,7,2006,WD,Normal,200100,7.86172707782398,86,56,1.5,1,1,1,1,40
183,20,RL,4.110873864173311,9.11173476822206,Pave,None,Reg,Lvl,AllPub,Inside,Gtl,Edwards,Artery,Norm,1Fam,1Story,5,6,1957,2006,Hip,CompShg,Wd Sdng,Wd Sdng,BrkFace,4.59511985013459,TA,TA,PConc,None,None,None,None,0.0,None,0.0,0,0.0,GasA,Ex,Y,SBrkr,7.201170883281678,0,0.0,7.201170883281678,0,0,1,0,3,1,TA,7,Typ,1,Gd,Attchd,1957.0,RFn,1,252,TA,TA,Y,4.762173934797756,0.0,0.0,5.198497031265826,0.0,0.0,None,MnPrv,None,0.0,6,2007,WD,Normal,120000,7.201170883281678,50,1,1.0,1,0,1,0,296
184,50,RM,4.1588830833596715,9.343734255146714,Pave,None,Reg,Lvl,AllPub,Inside,Gtl,OldTown,Norm,Norm,1Fam,1.5Fin,7,5,2003,2003,Gable,CompShg,VinylSd,VinylSd,None,0.0,TA,TA,PConc,Gd,TA,No,Unf,0.0,Unf,0.0,1362,7.217443431696533,GasA,Ex,Y,SBrkr,7.217443431696533,720,0.0,7.641564441260972,0,0,2,1,3,1,Gd,6,Mod,0,None,Detchd,2003.0,Unf,2,484,TA,TA,N,5.638354669333745,5.476463551931511,0.0,0.0,0.0,0.0,None,None,None,0.0,6,2008,WD,Normal,200000,8.144679183447758,5,5,2.5,1,1,0,1,518
185,50,RL,4.532599493153256,8.914491710191342,Pave,None,IR1,Lvl,AllPub,Inside,Gtl,BrkSide,RRAn,Feedr,1Fam,1.5Fin,5,8,1908,1991,Gable,CompShg,AsbShng,Plywood,None,0.0,TA,TA,PConc,Fa,TA,No,Unf,0.0,Unf,0.0,504,6.22455842927536,GasA,Gd,Y,SBrkr,6.842683282238422,316,0.0,7.133295954896068,0,0,1,0,3,1,TA,5,Typ,0,None,Attchd,1986.0,Unf,2,576,TA,TA,Y,4.653960350157523,0.0,0.0,0.0,0.0,0.0,None,MnPrv,None,0.0,6,2006,WD,Normal,127000,7.471363088187097,98,15,1.0,1,1,0,1,104
186,75,RM,4.51085950651685,10.041116787524166,Pave,None,IR2,Lvl,AllPub,Inside,Gtl,OldTown,Artery,Norm,1Fam,2.5Fin,10,9,1892,1993,Gable,WdShngl,Wd Sdng,Wd Sdng,None,0.0,Gd,Gd,BrkTil,TA,TA,Mn,Unf,0.0,Unf,0.0,1107,7.010311867307229,GasA,Ex,Y,SBrkr,7.325807502595773,1518,6.35088571671474,8.19118600464279,0,0,2,1,4,1,Ex,12,Typ,2,TA,Detchd,1993.0,Unf,3,840,Ex,TA,Y,0.0,5.564520407322694,0.0,0.0,6.018593214496234,0.0,None,GdPrv,None,0.0,6,2006,WD,Normal,475000,8.329416783939319,114,13,2.5,1,1,1,1,670
187,80,RL,4.30406509320417,9.205126804923296,Pave,None,IR1,Lvl,AllPub,CulDSac,Gtl,Mitchel,Norm,Norm,1Fam,SLvl,7,5,1990,1991,Gable,CompShg,HdBoard,HdBoard,None,0.0,TA,TA,PConc,Gd,TA,Av,GLQ,6.416732282512326,Unf,0.0,577,7.080867896690782,GasA,Ex,Y,SBrkr,7.1049654482698426,0,0.0,7.1049654482698426,1,0,2,0,3,1,Gd,6,Typ,0,None,Attchd,1990.0,Unf,2,497,TA,TA,Y,5.1298987149230735,3.332204510175204,0.0,0.0,0.0,0.0,None,GdPrv,None,0.0,6,2009,WD,Normal,173000,7.785720896534624,19,18,3.0,1,1,0,0,195
188,50,RL,4.110873864173311,9.250618218474752,Pave,None,Reg,Lvl,AllPub,Inside,Gtl,OldTown,Norm,Norm,1Fam,1.5Fin,5,7,1916,1987,Gable,CompShg,HdBoard,HdBoard,None,0.0,TA,TA,CBlock,Fa,TA,No,Unf,0.0,Unf,0.0,660,6.493753839851686,GasA,Ex,Y,SBrkr,6.695798917058491,704,4.976733742420574,7.4127640174265625,0,0,2,1,3,1,TA,8,Min2,0,None,Detchd,1916.0,Unf,1,180,Fa,Fa,N,0.0,0.0,0.0,4.948759890378168,0.0,0.0,None,MnPrv,None,0.0,8,2009,WD,Normal,135000,7.6838639802564295,93,22,2.5,1,1,0,1,140
189,90,RL,4.174387269895637,8.856376036730422,Pave,None,Reg,Bnk,AllPub,Inside,Gtl,SawyerW,Feedr,Norm,Duplex,SFoyer,5,5,1979,1979,Gable,CompShg,Plywood,Plywood,Stone,5.62040086571715,TA,TA,CBlock,Gd,TA,Av,GLQ,6.99117688712121,Unf,0.0,0,6.99117688712121,GasA,TA,Y,SBrkr,7.110696122978827,0,0.0,7.110696122978827,2,0,0,2,2,2,TA,6,Typ,2,TA,Detchd,1979.0,Unf,2,528,TA,TA,Y,4.795790545596741,0.0,0.0,0.0,0.0,0.0,None,None,None,0.0,6,2009,WD,Alloca,153337,7.745435610274381,30,30,3.0,1,1,1,0,120
190,120,RL,3.7376696182833684,8.501876487304344,Pave,None,Reg,Lvl,AllPub,Inside,Gtl,StoneBr,Norm,Norm,TwnhsE,1Story,8,5,2001,2002,Gable,CompShg,CemntBd,CmentBd,None,0.0,Gd,TA,PConc,Ex,TA,Av,GLQ,7.050989447068045,Unf,0.0,440,7.374001859350161,GasA,Ex,Y,SBrkr,7.374001859350161,0,0.0,7.374001859350161,1,0,1,1,0,1,Ex,5,Typ,1,Gd,Attchd,2001.0,Fin,2,682,TA,TA,Y,0.0,4.795790545596741,0.0,0.0,5.41610040220442,0.0,None,None,None,0.0,8,2008,WD,Normal,286000,8.066835314417336,7,6,2.5,1,1,1,0,344
191,70,RL,4.2626798770413155,9.265869681768663,Pave,None,Reg,Bnk,AllPub,Inside,Mod,Crawfor,Norm,Norm,1Fam,2Story,8,8,1932,1994,Hip,CompShg,BrkFace,BrkFace,None,0.0,Gd,TA,CBlock,Gd,Gd,No,Rec,5.697093486505405,Unf,0.0,556,6.74993119378857,GasA,TA,Y,SBrkr,7.346010209913293,1178,0.0,7.911324018963353,0,0,2,1,3,1,Gd,10,Maj1,2,TA,Detchd,1932.0,Unf,2,440,TA,TA,Y,0.0,4.31748811353631,0.0,0.0,0.0,0.0,None,None,None,0.0,12,2007,WD,Normal,315000,8.183397369998433,75,13,2.5,1,1,1,1,74
192,60,RL,4.30406509320417,8.91905180393029,Pave,None,IR1,Lvl,AllPub,CulDSac,Gtl,NAmes,Norm,Norm,1Fam,2Story,7,9,1972,2004,Gable,CompShg,HdBoard,HdBoard,BrkFace,4.9344739331306915,TA,TA,CBlock,TA,TA,No,ALQ,6.440946540632921,Unf,0.0,99,6.587550014824796,GasA,Gd,Y,SBrkr,6.587550014824796,754,0.0,7.299797366758161,1,0,1,1,4,1,Gd,7,Typ,0,None,Attchd,1972.0,Fin,2,484,TA,TA,Y,0.0,3.4965075614664802,0.0,0.0,0.0,0.0,None,None,None,0.0,6,2007,WD,Normal,184000,7.6984827878809465,35,3,2.5,1,1,0,1,32
193,20,RL,4.23410650459726,9.106977858981029,Pave,None,IR1,Lvl,AllPub,Inside,Gtl,CollgCr,Norm,Norm,1Fam,1Story,7,5,1999,1999,Gable,CompShg,VinylSd,VinylSd,None,0.0,Gd,TA,PConc,Gd,TA,Av,GLQ,6.329720905522696,Unf,0.0,871,7.266827347520591,GasA,Ex,Y,SBrkr,7.266827347520591,0,0.0,7.266827347520591,1,0,2,0,3,1,Gd,6,Typ,0,None,Attchd,1999.0,Fin,2,666,TA,TA,Y,0.0,3.58351893845611,0.0,0.0,0.0,0.0,None,None,None,0.0,9,2009,WD,Normal,192000,7.959625305098115,10,10,3.0,1,1,0,0,35
194,160,RM,3.2188758248682006,7.833203948641057,Pave,None,Reg,Lvl,AllPub,Inside,Gtl,Edwards,Norm,Norm,Twnhs,2Story,7,5,2004,2004,Gable,CompShg,VinylSd,VinylSd,Stone,3.9318256327243257,Gd,TA,PConc,Gd,TA,No,Unf,0.0,Unf,0.0,970,6.878326468291325,GasA,Ex,Y,SBrkr,6.878326468291325,739,0.0,7.444248649496705,0,0,2,0,3,1,Gd,7,Maj1,0,None,Detchd,2004.0,Unf,2,380,TA,TA,Y,0.0,3.713572066704308,0.0,0.0,0.0,0.0,None,None,None,0.0,5,2006,WD,Normal,130000,7.893572073504902,2,2,2.0,1,1,0,1,40
195,20,RL,4.110873864173311,8.879193928110318,Pave,None,IR1,Lvl,AllPub,Inside,Gtl,CollgCr,Norm,Norm,1Fam,1Story,5,7,1972,1972,Hip,CompShg,HdBoard,HdBoard,None,0.0,TA,TA,CBlock,TA,TA,Av,ALQ,5.968707559985366,Unf,0.0,474,6.762729506931879,GasA,TA,Y,SBrkr,6.762729506931879,0,0.0,6.762729506931879,0,0,1,0,3,1,TA,5,Typ,0,None,Detchd,1989.0,Unf,1,352,TA,TA,Y,0.0,0.0,0.0,0.0,0.0,0.0,None,None,None,0.0,5,2008,WD,Normal,127000,7.455298485683291,36,36,1.0,1,1,0,0,0
196,160,RL,3.2188758248682006,7.732369222284388,Pave,None,Reg,Lvl,AllPub,FR2,Gtl,NPkVill,Norm,Norm,Twnhs,2Story,6,6,1976,1976,Gable,CompShg,Plywood,Brk Cmn,None,0.0,TA,TA,CBlock,Gd,TA,No,ALQ,6.340359303727752,Unf,0.0,289,6.752270376141742,GasA,TA,Y,SBrkr,6.752270376141742,601,0.0,7.284134806195205,0,0,2,1,3,1,TA,7,Typ,1,TA,Attchd,1976.0,Unf,2,440,TA,TA,Y,4.477336814478207,0.0,0.0,0.0,0.0,0.0,None,None,None,0.0,7,2009,WD,Normal,148500,7.7458682297922685,33,33,2.5,1,1,1,1,87
197,20,RL,4.382026634673881,9.150271845510064,Pave,None,Reg,Lvl,AllPub,Inside,Gtl,Somerst,Norm,Norm,1Fam,1Story,7,5,2007,2007,Hip,CompShg,CemntBd,CmentBd,Stone,5.327876168789581,Ex,TA,PConc,Ex,TA,No,GLQ,7.027314514039777,Unf,0.0,600,7.454141078146678,GasA,Ex,Y,SBrkr,7.454141078146678,0,0.0,7.454141078146678,1,0,2,0,3,1,Ex,8,Typ,1,Gd,Attchd,2007.0,Fin,3,786,TA,TA,Y,5.147494476813453,4.9344739331306915,0.0,0.0,5.58724865840025,0.0,None,None,None,0.0,9,2007,New,Partial,311872,8.146998697389993,0,0,3.0,1,1,1,0,575
198,75,RL,5.1647859739235145,10.143291544743445,Pave,None,Reg,Lvl,AllPub,Corner,Gtl,NAmes,Artery,Norm,1Fam,2Story,8,4,1918,1990,Gable,CompShg,Stucco,Stucco,None,0.0,Gd,Gd,PConc,TA,TA,No,GLQ,6.9440872082295275,LwQ,5.220355825078324,140,7.215975002651466,GasA,Gd,Y,SBrkr,7.215975002651466,1360,5.973809611869261,8.043342170441608,1,1,2,0,4,1,Gd,8,Typ,1,Ex,Detchd,1918.0,Unf,2,795,TA,TA,Y,0.0,2.833213344056216,6.315358001522335,0.0,0.0,6.240275845170769,Ex,GdPrv,None,0.0,3,2006,WD,Abnorml,235000,8.314097335405807,88,16,3.5,1,1,1,1,568
199,75,RM,4.532599493153256,8.616314282284044,Pave,None,Reg,Lvl,AllPub,Corner,Gtl,OldTown,Norm,Norm,1Fam,2.5Fin,6,6,1912,1950,Gable,CompShg,Wd Sdng,Wd Sdng,None,0.0,TA,TA,CBlock,TA,TA,No,Unf,0.0,Unf,0.0,755,6.628041376179533,GasA,Ex,Y,SBrkr,6.835184586147301,929,5.918893854273146,7.709756864454165,0,0,1,0,5,1,TA,8,Typ,0,None,None,0.0,None,0,0,None,None,Y,0.0,5.293304824724492,3.4339872044851463,0.0,0.0,0.0,None,MnPrv,None,0.0,7,2009,WD,Abnorml,104000,7.868636894184167,97,59,1.0,0,1,0,1,228
200,20,RL,4.343805421853684,9.16868469670735,Pave,None,Reg,Lvl,AllPub,Inside,Gtl,NridgHt,Norm,Norm,1Fam,1Story,8,5,2004,2005,Hip,CompShg,VinylSd,VinylSd,BrkFace,5.572154032177765,Gd,TA,PConc,Ex,TA,Av,GLQ,6.9930151229329605,Unf,0.0,625,7.446585099157725,GasA,Ex,Y,SBrkr,7.446585099157725,0,0.0,7.446585099157725,1,0,2,0,3,1,Ex,7,Typ,1,Gd,Attchd,2004.0,Fin,3,856,TA,TA,Y,0.0,3.295836866004329,0.0,0.0,5.14166355650266,0.0,None,None,None,0.0,1,2009,WD,Normal,274900,8.139440521874608,5,4,3.0,1,1,1,0,196
201,20,RM,4.394449154672439,9.053335623166017,Pave,None,Reg,Lvl,AllPub,Corner,Gtl,Edwards,Norm,Norm,1Fam,1Story,4,5,2003,2004,Gable,CompShg,VinylSd,VinylSd,None,0.0,TA,TA,PConc,Gd,TA,No,Unf,0.0,Unf,0.0,1121,7.022868086082641,GasA,Ex,Y,SBrkr,7.022868086082641,0,0.0,7.022868086082641,0,0,2,0,2,1,TA,5,Typ,0,None,Attchd,2003.0,RFn,2,440,TA,TA,Y,4.890349128221754,4.174387269895637,0.0,0.0,0.0,0.0,None,None,None,0.0,3,2010,WD,Normal,140000,7.715569534520208,7,6,2.0,1,1,0,0,196
202,20,RL,4.330733340286331,9.222861652529854,Pave,None,Reg,Lvl,AllPub,Inside,Gtl,Mitchel,Norm,Norm,1Fam,1Story,6,6,1977,1977,Gable,CompShg,Plywood,Plywood,None,0.0,TA,TA,CBlock,TA,TA,No,ALQ,6.464588303689961,LwQ,5.634789603169249,276,7.087573705557973,GasA,TA,Y,SBrkr,7.154615356913663,0,0.0,7.154615356913663,0,1,2,0,3,1,TA,6,Typ,2,Fa,Detchd,1980.0,Unf,2,473,TA,TA,Y,5.476463551931511,4.430816798843313,0.0,0.0,0.0,0.0,None,MnPrv,None,0.0,2,2008,WD,Normal,171500,7.814399633804487,31,31,2.5,1,1,1,0,321
203,50,RL,3.9318256327243257,8.853808274977197,Pave,None,Reg,Lvl,AllPub,Corner,Gtl,OldTown,Artery,Norm,1Fam,1.5Fin,6,6,1924,1950,Gable,CompShg,MetalSd,MetalSd,None,0.0,TA,Gd,BrkTil,Fa,TA,No,LwQ,6.42648845745769,Unf,0.0,0,6.42648845745769,GasA,Gd,Y,SBrkr,6.763884908562435,445,0.0,7.1785454837637,0,0,2,0,2,1,TA,6,Min1,0,None,Attchd,1924.0,Unf,1,398,TA,TA,Y,0.0,0.0,4.844187086458591,0.0,0.0,0.0,None,None,None,0.0,5,2006,COD,Normal,112000,7.564238475170491,82,56,2.0,1,1,0,1,126
204,120,RM,4.2626798770413155,8.398184404834035,Pave,None,Reg,Lvl,AllPub,Inside,Gtl,CollgCr,Norm,Norm,TwnhsE,1Story,6,5,2004,2004,Gable,CompShg,VinylSd,VinylSd,BrkFace,5.327876168789581,Gd,TA,PConc,Gd,TA,Av,GLQ,6.4967749901858625,Unf,0.0,186,6.744059186311348,GasA,Ex,Y,SBrkr,6.744059186311348,0,0.0,6.744059186311348,1,0,1,0,1,1,Gd,3,Typ,1,Gd,Attchd,2004.0,RFn,2,420,TA,TA,Y,5.0106352940962555,0.0,0.0,0.0,0.0,0.0,None,None,None,0.0,1,2008,WD,Normal,149000,7.436617265234227,4,4,2.0,1,1,1,0,149
205,50,RM,3.9318256327243257,8.160803920954665,Pave,Grvl,Reg,Lvl,AllPub,Inside,Gtl,OldTown,Norm,Norm,1Fam,1.5Fin,5,7,1947,1950,Gable,CompShg,AsbShng,AsbShng,None,0.0,TA,TA,CBlock,TA,TA,No,LwQ,5.746203190540153,Unf,0.0,408,6.580639137284949,GasA,TA,Y,SBrkr,6.580639137284949,564,0.0,7.158513997329321,0,0,1,1,2,1,TA,5,Typ,0,None,Detchd,1948.0,Unf,1,240,TA,TA,Y,0.0,3.58351893845611,0.0,0.0,0.0,0.0,None,MnWw,None,0.0,4,2009,WD,Normal,110000,7.60339933974067,62,59,1.5,1,1,0,1,35
206,20,RL,4.605170185988092,9.380251908693456,Pave,None,Reg,Lvl,AllPub,Corner,Gtl,Gilbert,Norm,Norm,1Fam,1Story,7,5,1990,1990,Gable,CompShg,HdBoard,HdBoard,None,0.0,TA,TA,PConc,Gd,TA,No,Unf,0.0,Unf,0.0,1424,7.261927092702751,GasA,Ex,Y,SBrkr,7.274479558773871,0,0.0,7.274479558773871,0,0,2,0,3,1,TA,5,Typ,0,None,Attchd,1990.0,RFn,2,500,TA,TA,Y,0.0,3.5553480614894135,0.0,6.2324480165505225,0.0,0.0,None,None,None,0.0,5,2009,WD,Normal,180500,7.96102146588337,19,19,2.0,1,1,0,0,542
207,20,RL,3.713572066704308,9.523251498473739,Pave,None,IR1,Lvl,AllPub,CulDSac,Gtl,Sawyer,RRAe,Norm,1Fam,1Story,5,5,1962,1962,Gable,CompShg,HdBoard,HdBoard,None,0.0,TA,Gd,CBlock,TA,TA,No,Unf,0.0,Unf,0.0,1140,7.039660349862076,GasA,TA,Y,SBrkr,7.436617265234227,0,0.0,7.436617265234227,0,0,1,1,3,1,TA,8,Min2,1,TA,Attchd,1962.0,RFn,1,349,TA,TA,Y,0.0,3.4339872044851463,0.0,0.0,0.0,0.0,None,None,None,0.0,3,2007,WD,Normal,143900,7.950502434808851,45,45,1.5,1,1,1,0,30
208,20,RL,4.30406509320417,9.433003808053515,Pave,None,IR1,Lvl,AllPub,Inside,Gtl,NAmes,Norm,Norm,1Fam,1Story,4,5,1960,1960,Gable,CompShg,Wd Sdng,Wd Sdng,None,0.0,TA,TA,PConc,TA,TA,No,ALQ,6.040254711277414,Rec,5.726847747587197,375,7.00397413672268,GasA,TA,Y,SBrkr,7.00397413672268,0,0.0,7.00397413672268,1,0,1,0,3,1,TA,6,Typ,1,Po,Attchd,1960.0,RFn,1,312,TA,TA,Y,5.87493073085203,0.0,0.0,0.0,0.0,0.0,None,GdWo,None,0.0,4,2008,WD,Normal,141000,7.696667081526462,48,48,2.0,1,1,1,0,355
209,60,RL,4.212127597878484,9.57254997141339,Pave,None,IR1,Low,AllPub,Inside,Mod,SawyerW,Norm,Norm,1Fam,2Story,7,5,1988,1989,Gable,CompShg,Plywood,Plywood,BrkFace,4.859812404361672,Gd,TA,CBlock,Gd,TA,Gd,GLQ,6.97166860472579,Unf,0.0,92,7.05444965813294,GasA,Ex,Y,SBrkr,7.074116816197362,882,0.0,7.631916513071252,1,0,2,1,3,1,TA,7,Typ,1,Gd,Attchd,1988.0,Fin,2,454,TA,TA,Y,4.110873864173311,4.02535169073515,0.0,0.0,5.043425116919247,0.0,None,None,None,0.0,4,2007,WD,Normal,277000,8.077136638538454,19,18,3.5,1,1,1,1,269
210,20,RL,4.330733340286331,9.018089684104343,Pave,None,Reg,Lvl,AllPub,Inside,Gtl,NAmes,Norm,Norm,1Fam,1Story,6,7,1964,1964,Hip,CompShg,HdBoard,HdBoard,Stone,5.564520407322694,TA,TA,CBlock,Gd,TA,No,Rec,6.669498089857879,Unf,0.0,305,6.996681488176539,GasA,Ex,Y,SBrkr,6.996681488176539,0,0.0,6.996681488176539,1,0,1,0,3,1,TA,6,Typ,0,None,Attchd,1964.0,RFn,2,504,TA,Gd,Y,0.0,0.0,0.0,0.0,0.0,0.0,None,MnPrv,None,0.0,7,2008,WD,Normal,145000,7.68937110752969,44,44,2.0,1,1,0,0,0
211,30,RL,4.219507705176107,8.63141433550626,Pave,None,Reg,Lvl,AllPub,Inside,Gtl,Edwards,Norm,Norm,1Fam,1Story,5,6,1925,1950,Gable,CompShg,Stucco,Stucco,None,0.0,TA,TA,CBlock,TA,TA,No,Rec,6.150602768446279,Unf,0.0,396,6.762729506931879,GasA,TA,N,FuseA,6.762729506931879,0,0.0,6.762729506931879,1,0,1,0,2,1,TA,5,Typ,0,None,None,0.0,None,0,0,None,None,Y,0.0,0.0,4.574710978503383,0.0,0.0,0.0,None,None,None,0.0,4,2008,WD,Normal,98000,7.455298485683291,83,58,2.0,0,1,0,0,96
212,20,RL,4.430816798843313,9.251578279992428,Pave,None,Reg,Lvl,AllPub,Corner,Gtl,Edwards,Norm,Norm,1Fam,1Story,6,5,2009,2009,Gable,CompShg,VinylSd,VinylSd,None,0.0,TA,TA,PConc,Gd,TA,Mn,GLQ,3.6109179126442243,Unf,0.0,1176,7.10085190894405,GasA,Ex,Y,SBrkr,7.10085190894405,0,0.0,7.10085190894405,0,0,2,0,3,1,Gd,6,Typ,0,None,Attchd,2009.0,RFn,2,460,TA,TA,Y,4.61512051684126,3.1354942159291497,0.0,0.0,0.0,0.0,None,None,None,0.0,3,2010,WD,Normal,186000,7.793586803371584,1,1,2.0,1,1,0,0,122
213,60,FV,4.290459441148391,9.0642735958414,Pave,None,Reg,Lvl,AllPub,Inside,Gtl,Somerst,Norm,Norm,1Fam,2Story,7,5,2009,2009,Gable,CompShg,VinylSd,VinylSd,None,0.0,TA,TA,PConc,Gd,TA,No,GLQ,6.71295620067707,Unf,0.0,78,6.803505257608338,GasA,Ex,Y,SBrkr,6.838405200847344,920,0.0,7.52456122628536,1,0,2,1,3,1,Gd,7,Typ,1,TA,Attchd,2009.0,RFn,2,644,TA,TA,Y,5.1298987149230735,4.6913478822291435,0.0,0.0,0.0,0.0,None,None,None,0.0,7,2009,New,Partial,252678,7.920446505142607,0,0,3.5,1,1,1,1,276
214,20,RL,3.784189633918261,9.515543058145953,Pave,None,IR2,Lvl,AllPub,CulDSac,Gtl,CollgCr,Norm,Norm,1Fam,1Story,5,5,1995,1995,Gable,CompShg,VinylSd,VinylSd,None,0.0,TA,TA,PConc,Gd,TA,No,ALQ,6.57507584059962,Unf,0.0,274,6.898714534329988,GasA,Ex,Y,SBrkr,6.898714534329988,0,0.0,6.898714534329988,0,1,1,0,3,1,TA,5,Typ,0,None,Attchd,1996.0,Unf,2,576,TA,TA,Y,5.41610040220442,0.0,0.0,0.0,0.0,0.0,None,None,None,0.0,7,2006,WD,Normal,156000,7.591357046698551,11,11,1.5,1,1,0,0,224
215,60,RL,4.2626798770413155,9.296609807128359,Pave,None,IR1,Lvl,AllPub,FR2,Gtl,CollgCr,Norm,Norm,1Fam,2Story,6,7,1977,1977,Gable,CompShg,HdBoard,HdBoard,BrkFace,5.0369526024136295,TA,TA,CBlock,Gd,TA,No,GLQ,5.937536205082426,Unf,0.0,311,6.536691597591305,GasA,Ex,Y,SBrkr,6.536691597591305,703,0.0,7.239214973779806,0,0,1,1,3,1,TA,6,Typ,0,None,Attchd,1977.0,Fin,1,299,TA,TA,Y,0.0,3.6109179126442243,0.0,0.0,0.0,0.0,None,MnPrv,Shed,6.111467339502679,3,2010,WD,Normal,161750,7.641084249174914,33,33,1.5,1,1,0,1,36
216,20,RL,4.290459441148391,9.211539652551664,Pave,None,IR1,Lvl,AllPub,Inside,Gtl,NAmes,Norm,Norm,1Fam,1Story,5,6,1957,1996,Gable,CompShg,HdBoard,HdBoard,BrkFace,4.174387269895637,TA,TA,CBlock,TA,TA,No,BLQ,5.8888779583328805,Unf,0.0,710,6.976348070447749,GasA,TA,Y,SBrkr,7.1204443723924875,0,0.0,7.1204443723924875,0,1,1,0,2,1,Gd,6,Min1,1,Fa,Attchd,1957.0,Unf,1,447,TA,TA,Y,0.0,0.0,0.0,0.0,0.0,0.0,None,MnPrv,None,0.0,5,2006,WD,Normal,134450,7.7437032581737535,49,10,1.5,1,1,1,0,0
217,20,RL,4.189654742026425,9.042040056544483,Pave,None,Reg,Lvl,AllPub,Inside,Gtl,CollgCr,Norm,Norm,1Fam,1Story,7,5,2004,2004,Gable,CompShg,VinylSd,VinylSd,BrkFace,5.58724865840025,Gd,TA,PConc,Gd,TA,Mn,GLQ,6.853299093186078,Unf,0.0,490,7.270312886079025,GasA,Ex,Y,SBrkr,7.270312886079025,0,0.0,7.270312886079025,1,0,2,0,3,1,Gd,8,Typ,0,None,Attchd,2004.0,Unf,2,484,TA,TA,Y,4.941642422609304,4.59511985013459,0.0,0.0,0.0,0.0,None,None,None,0.0,4,2008,WD,Normal,210000,7.96311205897929,4,4,3.0,1,1,0,0,237
218,70,RM,4.060443010546419,9.20099685697303,Pave,Grvl,Reg,Lvl,AllPub,Inside,Gtl,OldTown,Norm,Norm,1Fam,2Story,4,4,1925,1950,Gable,CompShg,MetalSd,MetalSd,None,0.0,TA,TA,CBlock,TA,TA,No,Unf,0.0,Unf,0.0,686,6.532334292222349,GasA,Fa,N,SBrkr,6.698268054115413,518,0.0,7.192182058713246,0,0,1,0,3,1,TA,8,Typ,0,None,Detchd,1940.0,Unf,1,210,TA,TA,Y,0.0,5.153291594497779,4.110873864173311,0.0,0.0,0.0,None,None,None,0.0,9,2006,WD,Family,107000,7.608374474380783,81,56,1.0,1,1,0,1,232
219,50,RL,4.31748811353631,9.658928824466434,Pave,None,IR1,Lvl,AllPub,Corner,Gtl,Crawfor,Norm,Norm,1Fam,1.5Fin,7,9,1939,2006,Gable,CompShg,VinylSd,VinylSd,BrkFace,5.746203190540153,Gd,Gd,CBlock,TA,TA,No,BLQ,5.834810737062605,Unf,0.0,457,6.683360945766275,GasA,Ex,Y,SBrkr,7.037027614686276,817,0.0,7.578145472419466,0,1,1,1,3,1,Gd,8,Typ,2,TA,Attchd,1939.0,Unf,2,431,TA,TA,Y,0.0,4.787491742782046,5.017279836814924,0.0,0.0,0.0,None,None,None,0.0,5,2008,WD,Normal,311500,7.920446505142607,69,2,2.0,1,1,1,1,269
220,120,RL,3.784189633918261,8.010027528481734,Pave,None,Reg,Lvl,AllPub,Inside,Gtl,Blmngtn,Norm,Norm,TwnhsE,1Story,7,5,2005,2006,Gable,CompShg,VinylSd,VinylSd,BrkFace,2.833213344056216,Gd,TA,PConc,Gd,TA,Av,GLQ,2.833213344056216,Unf,0.0,1232,7.130098510125578,GasA,Ex,Y,SBrkr,7.130098510125578,0,0.0,7.130098510125578,0,0,2,0,2,1,Gd,5,Typ,0,None,Attchd,2005.0,Fin,2,438,TA,TA,Y,4.6913478822291435,0.0,0.0,0.0,0.0,0.0,None,None,None,0.0,3,2006,New,Partial,167240,7.822845290279774,1,0,2.0,1,1,0,0,108
221,20,RL,4.30406509320417,9.103979355984773,Pave,None,IR1,Lvl,AllPub,Inside,Gtl,CollgCr,Norm,Norm,1Fam,1Story,7,5,2006,2006,Gable,CompShg,VinylSd,VinylSd,None,0.0,Gd,TA,PConc,Gd,TA,Mn,Unf,0.0,Unf,0.0,1498,7.312553498102598,GasA,Ex,Y,SBrkr,7.312553498102598,0,0.0,7.312553498102598,0,0,2,0,2,1,Gd,5,Typ,0,None,Attchd,2006.0,RFn,2,675,TA,TA,Y,5.863631175598097,3.5263605246161616,0.0,0.0,0.0,0.0,None,None,None,0.0,4,2006,New,Partial,204900,8.005367067316664,0,0,2.0,1,1,0,0,384
222,60,RL,4.189654742026425,8.995784837848506,Pave,None,IR1,Lvl,AllPub,Inside,Gtl,Gilbert,Norm,Norm,1Fam,2Story,6,5,2002,2002,Gable,CompShg,VinylSd,VinylSd,None,0.0,Gd,TA,PConc,Gd,TA,No,Unf,0.0,Unf,0.0,1010,6.918695219020472,GasA,Ex,Y,SBrkr,6.918695219020472,1257,0.0,7.7266536648476425,0,0,2,1,4,1,Gd,8,Typ,1,TA,BuiltIn,2002.0,RFn,2,390,TA,TA,Y,4.795790545596741,3.8501476017100584,0.0,0.0,0.0,0.0,None,None,None,0.0,12,2009,ConLI,Normal,200000,8.094988759303774,7,7,2.5,1,1,1,1,166
223,60,RL,4.454347296253507,9.348013177101256,Pave,None,Reg,Lvl,AllPub,Inside,Gtl,NWAmes,RRAn,Norm,1Fam,2Story,6,6,1975,1975,Gable,CompShg,VinylSd,VinylSd,None,0.0,TA,TA,CBlock,Gd,TA,No,ALQ,6.311734809152915,Unf,0.0,163,6.570882962339584,GasA,TA,Y,SBrkr,6.699500340161678,741,0.0,7.347943823148687,1,0,2,1,3,1,TA,6,Typ,1,TA,Attchd,1975.0,RFn,2,434,TA,TA,Y,5.3471075307174685,5.342334251964811,0.0,0.0,0.0,0.0,None,MnPrv,None,0.0,2,2006,WD,Normal,179900,7.725771441587952,31,31,3.5,1,1,1,1,417
224,20,RL,4.2626798770413155,9.259225769705994,Pave,None,Reg,Lvl,AllPub,FR2,Gtl,NAmes,Norm,Norm,1Fam,1Story,4,6,1971,1971,Gable,CompShg,HdBoard,HdBoard,None,0.0,TA,TA,CBlock,TA,TA,No,ALQ,6.263398262591624,LwQ,5.198497031265826,160,6.762729506931879,GasA,Gd,Y,SBrkr,6.762729506931879,0,0.0,6.762729506931879,0,0,1,0,2,1,TA,4,Typ,0,None,Detchd,1989.0,Unf,2,576,TA,TA,Y,5.37989735354046,0.0,0.0,0.0,0.0,0.0,None,None,None,0.0,3,2009,WD,Abnorml,97000,7.455298485683291,38,38,1.0,1,1,0,0,216
225,20,RL,4.6443908991413725,9.508442961755847,Pave,None,Reg,Lvl,AllPub,Inside,Gtl,NridgHt,Norm,Norm,1Fam,1Story,10,5,2003,2003,Hip,CompShg,VinylSd,VinylSd,BrkFace,6.827629234502852,Ex,TA,PConc,Ex,TA,Gd,GLQ,4.04305126783455,Unf,0.0,2336,7.780303087908373,GasA,Ex,Y,SBrkr,7.780303087908373,0,0.0,7.780303087908373,0,0,2,0,3,1,Ex,8,Typ,1,Ex,Attchd,2003.0,Fin,3,968,TA,TA,Y,5.517452896464707,4.663439094112067,0.0,0.0,0.0,0.0,None,None,None,0.0,6,2009,WD,Normal,386250,8.473241303887054,6,6,2.0,1,1,1,0,353
226,160,RM,3.091042453358316,7.427144133408616,Pave,None,Reg,Lvl,AllPub,Inside,Gtl,BrDale,Norm,Norm,Twnhs,2Story,5,5,1971,1971,Gable,CompShg,HdBoard,HdBoard,BrkFace,4.962844630259907,TA,TA,CBlock,TA,TA,No,Unf,0.0,Unf,0.0,630,6.447305862541213,GasA,TA,Y,SBrkr,6.447305862541213,672,0.0,7.172424577124845,0,0,2,1,3,1,TA,6,Typ,0,None,Detchd,1991.0,Unf,1,280,TA,TA,Y,0.0,0.0,0.0,0.0,0.0,0.0,None,None,None,0.0,5,2009,COD,Abnorml,112000,7.566828479208331,38,38,2.5,1,1,0,1,0
227,60,RL,4.418840607796598,9.205428327615163,Pave,None,IR1,Lvl,AllPub,Inside,Gtl,NoRidge,Norm,Norm,1Fam,2Story,7,5,1995,1995,Gable,CompShg,VinylSd,VinylSd,BrkFace,5.673323267171493,Gd,TA,PConc,Gd,TA,No,GLQ,6.338594078203183,Unf,0.0,638,7.093404625868766,GasA,Ex,Y,SBrkr,7.102499355774649,1306,0.0,7.83241092718792,0,0,2,1,4,1,Gd,9,Typ,1,TA,Attchd,1995.0,RFn,3,721,TA,TA,Y,5.41610040220442,4.74493212836325,0.0,0.0,0.0,0.0,None,None,None,0.0,6,2007,WD,Abnorml,290000,8.222553638396958,12,12,2.5,1,1,1,1,338
228,160,RM,3.091042453358316,7.533693709848633,Pave,None,Reg,Lvl,AllPub,Inside,Gtl,BrDale,Norm,Norm,Twnhs,2Story,6,6,1970,1970,Gable,CompShg,HdBoard,HdBoard,BrkFace,4.852030263919617,TA,TA,CBlock,TA,TA,No,Rec,5.7745515455444085,Unf,0.0,162,6.182084906716632,GasA,TA,Y,SBrkr,6.182084906716632,504,0.0,6.895682697747868,0,0,1,1,2,1,TA,5,Typ,0,None,Detchd,1987.0,Unf,1,280,TA,TA,Y,0.0,0.0,0.0,0.0,0.0,0.0,None,None,None,0.0,9,2008,WD,Normal,106000,7.293697720601438,38,38,1.5,1,1,0,1,0
229,20,RL,4.2626798770413155,9.050406334059858,Pave,None,Reg,Lvl,AllPub,FR2,Gtl,Sawyer,Feedr,Norm,1Fam,1Story,5,5,1967,1967,Gable,CompShg,HdBoard,HdBoard,None,0.0,TA,TA,CBlock,TA,TA,No,ALQ,6.736966958001855,Unf,0.0,70,6.816735880594968,GasA,TA,Y,SBrkr,6.816735880594968,0,0.0,6.816735880594968,0,0,1,0,3,1,TA,5,Typ,1,Fa,Detchd,1974.0,Unf,1,336,TA,TA,Y,0.0,0.0,0.0,0.0,0.0,0.0,None,MnPrv,None,0.0,5,2010,WD,Normal,125000,7.509335266016592,43,43,1.0,1,1,1,0,0
230,120,RL,3.784189633918261,8.065579427282092,Pave,None,Reg,Lvl,AllPub,Inside,Gtl,Blmngtn,Norm,Norm,TwnhsE,1Story,7,5,2005,2006,Gable,CompShg,VinylSd,VinylSd,BrkFace,2.833213344056216,Gd,TA,PConc,Gd,TA,Av,GLQ,2.833213344056216,Unf,0.0,1357,7.2254814727822945,GasA,Ex,Y,SBrkr,7.349873704738337,0,0.0,7.349873704738337,0,0,2,0,2,1,Gd,7,Typ,1,TA,Attchd,2005.0,Fin,2,430,TA,TA,Y,4.969813299576001,3.044522437723423,0.0,0.0,0.0,0.0,None,None,None,0.0,5,2009,WD,Normal,192500,7.982416346827733,4,3,2.0,1,1,1,0,163
231,20,RL,4.30406509320417,9.078065332666364,Pave,None,Reg,Lvl,AllPub,Inside,Gtl,NAmes,Norm,Norm,1Fam,1Story,6,6,1959,1959,Hip,CompShg,MetalSd,MetalSd,BrkFace,5.3981627015177525,TA,TA,CBlock,TA,TA,No,Unf,0.0,Unf,0.0,1194,7.085901464365611,GasA,TA,Y,SBrkr,7.085901464365611,0,0.0,7.085901464365611,1,0,1,0,3,1,TA,6,Typ,0,None,Attchd,1959.0,RFn,1,312,TA,TA,Y,0.0,0.0,4.795790545596741,0.0,0.0,0.0,None,None,None,0.0,4,2010,WD,Normal,148000,7.77863014732581,51,51,2.0,1,1,0,0,120
232,60,RL,5.1647859739235145,9.625029474611878,Pave,None,IR1,Lvl,AllPub,Inside,Gtl,NoRidge,Norm,Norm,1Fam,2Story,8,5,1995,1996,Gable,CompShg,VinylSd,VinylSd,BrkFace,6.2285110035911835,Gd,TA,PConc,Gd,TA,No,GLQ,6.536691597591305,Unf,0.0,773,7.288244401020124,GasA,Ex,Y,SBrkr,7.307202314764738,1304,0.0,7.9355873855892,1,0,2,1,4,1,Ex,9,Typ,1,TA,Attchd,1995.0,Fin,3,810,TA,TA,Y,0.0,4.990432586778736,5.313205979041787,0.0,0.0,0.0,None,None,None,0.0,7,2009,WD,Normal,403000,8.356319965828153,14,13,3.5,1,1,1,1,348
233,160,RM,3.091042453358316,7.427144133408616,Pave,None,Reg,Lvl,AllPub,Inside,Gtl,BrDale,Norm,Norm,Twnhs,2Story,6,5,1972,1972,Gable,CompShg,HdBoard,HdBoard,BrkFace,5.697093486505405,TA,TA,CBlock,TA,TA,No,Unf,0.0,Unf,0.0,483,6.182084906716632,GasA,TA,Y,SBrkr,6.182084906716632,504,0.0,6.895682697747868,0,0,1,1,2,1,TA,5,Typ,1,Po,Attchd,1972.0,Unf,1,288,TA,TA,Y,0.0,0.0,0.0,0.0,0.0,0.0,None,None,None,0.0,6,2006,WD,Normal,94500,7.293697720601438,34,34,1.5,1,1,1,1,0
234,20,RL,4.330733340286331,9.273409063443166,Pave,None,Reg,Lvl,AllPub,Corner,Gtl,CollgCr,Norm,Norm,1Fam,1Story,5,6,1976,1976,Gable,CompShg,HdBoard,HdBoard,None,0.0,TA,TA,CBlock,TA,Gd,Av,LwQ,5.209486152841421,ALQ,6.569481420414296,0,6.796823718274855,GasA,TA,Y,SBrkr,6.796823718274855,0,0.0,6.796823718274855,1,0,1,0,3,1,TA,5,Typ,0,None,Attchd,1976.0,Unf,1,308,TA,TA,Y,5.902633333401366,0.0,0.0,0.0,0.0,0.0,None,MnPrv,None,0.0,2,2010,WD,Normal,128200,7.489412083508719,34,34,2.0,1,1,0,0,365
235,60,RL,4.189654742026425,8.968523555396352,Pave,None,Reg,Lvl,AllPub,Inside,Gtl,Gilbert,Norm,Norm,1Fam,2Story,6,5,2002,2002,Gable,CompShg,VinylSd,VinylSd,None,0.0,Gd,TA,PConc,Gd,TA,No,GLQ,6.439350371100098,Unf,0.0,235,6.7580945044277305,GasA,Ex,Y,SBrkr,6.7580945044277305,1100,0.0,7.581209826196346,1,0,2,1,4,1,Gd,8,Typ,2,TA,BuiltIn,2002.0,Fin,2,440,TA,TA,Y,5.666426688112432,3.8918202981106265,0.0,0.0,0.0,0.0,None,None,None,0.0,5,2010,WD,Normal,216500,7.944846711001996,8,8,3.5,1,1,1,1,336
236,160,RM,3.091042453358316,7.427144133408616,Pave,None,Reg,Lvl,AllPub,Inside,Gtl,BrDale,Norm,Norm,TwnhsE,2Story,6,3,1971,1971,Gable,CompShg,HdBoard,HdBoard,BrkFace,6.405228458030842,TA,TA,CBlock,TA,TA,No,ALQ,5.883322388488279,Unf,0.0,125,6.182084906716632,GasA,TA,Y,SBrkr,6.182084906716632,504,0.0,6.895682697747868,0,0,1,1,2,1,TA,5,Typ,0,None,Detchd,1971.0,Unf,1,264,TA,TA,Y,0.0,0.0,0.0,0.0,0.0,0.0,None,None,None,0.0,8,2008,WD,Normal,89500,7.293697720601438,37,37,1.5,1,1,0,1,0
237,20,RL,4.189654742026425,9.07954808172616,Pave,None,Reg,Lvl,AllPub,FR2,Gtl,CollgCr,Norm,Norm,1Fam,1Story,7,5,2004,2004,Gable,CompShg,VinylSd,VinylSd,BrkFace,4.59511985013459,Gd,TA,PConc,Gd,TA,Av,GLQ,3.2188758248682006,Unf,0.0,1390,7.254884810077338,GasA,Ex,Y,SBrkr,7.254884810077338,0,0.0,7.254884810077338,0,0,2,0,3,1,Gd,6,Typ,0,None,Attchd,2004.0,RFn,2,494,TA,TA,Y,4.890349128221754,4.663439094112067,0.0,0.0,0.0,0.0,None,None,None,0.0,5,2010,WD,Normal,185500,7.947678571301568,6,6,2.0,1,1,0,0,237
238,60,RL,4.212127597878484,9.154193211353181,Pave,None,IR1,Lvl,AllPub,CulDSac,Gtl,SawyerW,RRNe,Norm,1Fam,2Story,7,7,1993,2003,Gable,CompShg,HdBoard,HdBoard,None,0.0,Gd,TA,PConc,Gd,TA,No,BLQ,5.998936561946683,Unf,0.0,594,6.904750769961838,GasA,Ex,Y,SBrkr,6.922643891475888,730,0.0,7.4645098346365275,0,0,2,1,3,1,Gd,7,Typ,0,None,Attchd,1993.0,RFn,2,457,TA,TA,Y,5.916202062607435,4.2626798770413155,0.0,5.476463551931511,0.0,0.0,None,None,None,0.0,2,2010,WD,Normal,194500,7.916078096302786,17,7,2.5,1,1,0,1,678
239,20,RL,4.543294782270004,9.395241931033524,Pave,None,Reg,Lvl,AllPub,Inside,Gtl,NridgHt,Norm,Norm,1Fam,1Story,8,5,2007,2007,Hip,CompShg,VinylSd,VinylSd,BrkFace,5.541263545158426,Ex,TA,PConc,Ex,TA,No,Unf,0.0,Unf,0.0,1694,7.43543801981455,GasA,Ex,Y,SBrkr,7.43543801981455,0,0.0,7.43543801981455,0,0,2,0,3,1,Gd,7,Typ,0,None,Attchd,2007.0,Fin,3,818,TA,TA,Y,5.1298987149230735,5.43372200355424,0.0,0.0,0.0,0.0,None,None,None,0.0,12,2007,New,Partial,318000,8.128290171607052,0,0,2.0,1,1,0,0,396
240,50,RL,3.970291913552122,9.07589427542326,Pave,None,Reg,Lvl,AllPub,Inside,Gtl,Edwards,Norm,Norm,1Fam,1.5Fin,6,4,1945,1950,Gable,CompShg,VinylSd,VinylSd,None,0.0,TA,TA,CBlock,TA,Fa,No,LwQ,4.553876891600541,Unf,0.0,641,6.601230118728877,GasA,TA,Y,FuseA,6.683360945766275,689,0.0,7.305188215393037,0,0,1,1,3,1,TA,7,Typ,1,Gd,Detchd,1949.0,Unf,1,220,TA,TA,Y,0.0,4.948759890378168,0.0,0.0,0.0,0.0,None,MnPrv,None,0.0,4,2010,WD,Normal,113000,7.706612913964197,65,60,1.5,1,1,1,1,140
241,20,FV,4.330733340286331,9.105090961257085,Pave,None,Reg,Lvl,AllPub,Inside,Gtl,Somerst,Norm,Norm,1Fam,1Story,8,5,2008,2008,Gable,CompShg,VinylSd,VinylSd,Stone,3.6109179126442243,Gd,TA,PConc,Gd,TA,Av,GLQ,6.983789965258135,Unf,0.0,488,7.356918242356021,GasA,Ex,Y,SBrkr,7.356918242356021,0,0.0,7.356918242356021,1,0,2,0,3,1,Gd,7,Typ,0,None,Attchd,2008.0,RFn,2,750,TA,TA,Y,4.976733742420574,5.1298987149230735,0.0,0.0,0.0,0.0,None,None,None,0.0,4,2010,WD,Normal,262500,8.049746290952191,2,2,3.0,1,1,0,0,312
242,30,RM,3.713572066704308,8.263848131368906,Pave,None,Reg,Lvl,AllPub,Inside,Gtl,OldTown,Norm,Norm,1Fam,1Story,5,9,1945,1997,Gable,CompShg,VinylSd,VinylSd,None,0.0,TA,Gd,CBlock,TA,TA,No,ALQ,5.799092654460526,Unf,0.0,357,6.532334292222349,GasA,Gd,Y,SBrkr,6.7650389767805414,0,0.0,6.7650389767805414,0,0,1,0,2,1,Gd,4,Typ,0,None,None,0.0,None,0,0,None,None,Y,4.07753744390572,3.7612001156935624,0.0,0.0,0.0,0.0,None,None,None,0.0,8,2007,WD,Normal,110500,7.347943823148687,62,10,1.0,0,1,0,0,100
243,50,RM,4.1588830833596715,8.517393171418904,Pave,None,Reg,Lvl,AllPub,Corner,Gtl,OldTown,Norm,Norm,1Fam,1.5Fin,5,4,1900,1950,Gable,CompShg,Wd Sdng,Wd Sdng,None,0.0,TA,TA,BrkTil,TA,TA,No,Unf,0.0,Unf,0.0,540,6.293419278846481,GasA,Gd,N,FuseA,6.7912214627261855,551,0.0,7.273092595999522,0,0,1,0,3,1,TA,6,Typ,0,None,Attchd,1940.0,Unf,1,352,Fa,TA,Y,0.0,0.0,4.356708826689592,0.0,0.0,0.0,None,None,None,0.0,4,2006,WD,Normal,79000,7.591357046698551,106,56,1.0,1,1,0,1,77
244,160,RL,4.330733340286331,9.283869605264298,Pave,None,Reg,Lvl,AllPub,Corner,Gtl,SawyerW,Norm,Norm,TwnhsE,2Story,6,6,1980,1980,Gable,CompShg,Plywood,Plywood,None,0.0,TA,TA,CBlock,Gd,TA,No,Unf,0.0,Unf,0.0,626,6.440946540632921,GasA,TA,Y,SBrkr,6.440946540632921,591,0.0,7.1049654482698426,0,0,1,1,3,1,TA,6,Typ,1,TA,Attchd,1980.0,RFn,1,288,TA,TA,Y,0.0,3.367295829986474,0.0,0.0,0.0,0.0,None,None,None,0.0,4,2009,WD,Normal,120000,7.519692404116539,29,29,1.5,1,1,1,1,28
245,60,RL,4.212127597878484,9.091669442258505,Pave,None,IR1,Lvl,AllPub,Inside,Gtl,SawyerW,Norm,Norm,1Fam,2Story,7,5,1994,2002,Gable,CompShg,VinylSd,VinylSd,None,0.0,Gd,TA,PConc,Gd,TA,No,GLQ,6.54534966033442,Unf,0.0,253,6.855408798609928,GasA,Ex,Y,SBrkr,7.109062135687172,888,0.0,7.65491704784832,1,0,2,1,3,1,Gd,8,Typ,2,Fa,Attchd,1994.0,RFn,2,463,TA,TA,Y,0.0,4.875197323201151,0.0,0.0,0.0,0.0,None,None,None,0.0,5,2010,WD,Normal,205000,8.025843344150903,16,8,3.5,1,1,1,1,130
246,20,RL,4.394449154672439,9.249657234353133,Pave,None,Reg,Lvl,AllPub,Inside,Gtl,NWAmes,Norm,Norm,1Fam,1Story,7,5,1988,1988,Gable,CompShg,Wd Sdng,Wd Sdng,BrkFace,4.634728988229636,TA,TA,CBlock,Gd,TA,Av,GLQ,6.835184586147301,Unf,0.0,916,7.520776415062797,GasA,Gd,Y,SBrkr,7.5352967024440884,0,0.0,7.5352967024440884,0,1,2,0,3,1,TA,6,Typ,1,TA,Attchd,1988.0,Fin,2,604,TA,TA,Y,5.288267030694535,3.6888794541139363,0.0,0.0,0.0,0.0,None,None,None,0.0,6,2006,WD,Normal,241500,8.220941168281389,18,18,2.5,1,1,1,0,236
247,190,RM,4.248495242049359,9.120743838164426,Pave,Grvl,Reg,Lvl,AllPub,Inside,Gtl,OldTown,Norm,Norm,2fmCon,2Story,6,8,1910,1950,Gable,CompShg,AsbShng,AsbShng,None,0.0,TA,Fa,Stone,Fa,TA,No,Unf,0.0,Unf,0.0,1020,6.928537818164665,GasA,Gd,N,FuseP,6.812345094177479,1020,0.0,7.564757012905729,0,0,2,0,4,2,Fa,9,Typ,0,None,Detchd,1910.0,Unf,1,440,Po,Po,Y,0.0,4.110873864173311,4.727387818712341,0.0,0.0,0.0,None,None,None,0.0,4,2006,WD,Normal,137000,7.989221408815276,96,56,2.0,1,1,0,1,172
248,20,RL,4.330733340286331,9.33353098253138,Pave,None,Reg,Lvl,AllPub,Inside,Gtl,NAmes,Norm,Norm,1Fam,1Story,6,5,1954,1954,Hip,CompShg,Wd Sdng,BrkFace,None,0.0,TA,TA,CBlock,TA,TA,No,Unf,0.0,Unf,0.0,1367,7.221105098182496,GasA,Ex,Y,SBrkr,7.226936018493289,0,0.0,7.226936018493289,0,0,1,0,2,1,TA,5,Typ,1,TA,Attchd,1954.0,Unf,2,451,TA,TA,Y,0.0,3.4339872044851463,0.0,0.0,0.0,0.0,None,None,None,0.0,6,2006,WD,Normal,140000,7.916807490937603,52,52,1.0,1,1,1,0,30
249,60,RL,4.290459441148391,9.334149657702469,Pave,None,Reg,Lvl,AllPub,Inside,Gtl,CollgCr,Norm,Norm,1Fam,2Story,7,5,2003,2003,Gable,CompShg,VinylSd,VinylSd,BrkFace,4.624972813284271,Gd,TA,PConc,Gd,TA,No,Unf,0.0,Unf,0.0,840,6.734591659972948,GasA,Ex,Y,SBrkr,6.734591659972948,828,0.0,7.419979923661835,0,0,2,1,3,1,Gd,8,Typ,0,None,Attchd,2003.0,RFn,2,500,TA,TA,Y,4.976733742420574,4.23410650459726,0.0,0.0,0.0,0.0,None,None,None,0.0,9,2007,WD,Normal,180000,7.827639546366422,4,4,2.5,1,1,0,1,212
250,50,RL,4.394449154672439,11.976665770490767,Pave,None,IR2,Low,AllPub,CulDSac,Sev,ClearCr,Norm,Norm,1Fam,1.5Fin,6,7,1958,2006,Gable,CompShg,Wd Sdng,HdBoard,BrkCmn,6.159095388491933,Gd,TA,CBlock,Gd,TA,Gd,Rec,6.548219102762372,Unf,0.0,747,7.275864600546533,GasA,Gd,Y,SBrkr,7.275864600546533,700,0.0,7.6708948313621175,0,1,2,0,4,1,Gd,7,Typ,2,TA,Attchd,1958.0,Fin,2,389,TA,TA,Y,0.0,4.59511985013459,0.0,0.0,0.0,0.0,None,None,Shed,6.2166061010848646,6,2007,WD,Normal,277000,8.185628891147607,49,1,2.5,1,1,1,1,98
251,30,RL,4.02535169073515,8.585038738311304,Pave,None,IR1,Lvl,AllPub,Inside,Gtl,BrkSide,Norm,Norm,1Fam,1Story,3,2,1940,1966,Gable,CompShg,Wd Sdng,Plywood,None,0.0,TA,Po,CBlock,TA,TA,No,Unf,0.0,Unf,0.0,728,6.591673732008658,GasA,Ex,Y,SBrkr,7.175489713624222,0,0.0,7.175489713624222,0,0,1,0,3,1,Fa,6,Mod,0,None,None,0.0,None,0,0,None,None,Y,5.575949103146316,0.0,0.0,0.0,0.0,0.0,None,GdWo,Shed,6.111467339502679,5,2010,WD,Normal,76500,7.618251097876695,70,44,1.0,0,1,0,0,263
252,120,RM,3.8066624897703196,8.46611040118692,Pave,None,IR1,HLS,AllPub,Inside,Mod,Crawfor,Norm,Norm,TwnhsE,1Story,8,5,2006,2007,Hip,CompShg,VinylSd,VinylSd,Stone,6.1779441140506,Gd,TA,PConc,Gd,TA,Gd,GLQ,7.3613754289773485,Unf,0.0,0,7.3613754289773485,GasA,Ex,Y,SBrkr,7.3938782901077555,0,0.0,7.3938782901077555,1,1,2,0,2,1,Gd,5,Typ,1,Gd,Attchd,2006.0,Fin,2,538,TA,TA,Y,4.820281565605037,0.0,0.0,0.0,5.0369526024136295,0.0,None,None,None,0.0,12,2007,WD,Family,235000,8.070593539949519,1,0,3.5,1,1,1,0,276
253,60,RL,4.189654742026425,9.032050676295599,Pave,None,IR1,Lvl,AllPub,Inside,Gtl,SawyerW,Norm,Norm,1Fam,2Story,6,5,2004,2004,Gable,CompShg,VinylSd,VinylSd,None,0.0,Gd,TA,PConc,Gd,TA,No,Unf,0.0,Unf,0.0,798,6.683360945766275,GasA,Ex,Y,SBrkr,6.683360945766275,842,0.0,7.403061091090091,0,0,2,1,3,1,Gd,6,Typ,0,None,Attchd,2004.0,RFn,2,520,TA,TA,Y,4.9344739331306915,3.828641396489095,0.0,0.0,0.0,0.0,None,None,None,0.0,12,2008,WD,Normal,173000,7.79934339821592,4,4,2.5,1,1,0,1,183
254,80,RL,4.454347296253507,9.143238568435446,Pave,None,Reg,Lvl,AllPub,Inside,Gtl,NAmes,Norm,Norm,1Fam,SLvl,6,7,1964,1991,Hip,CompShg,HdBoard,HdBoard,BrkFace,4.6913478822291435,TA,TA,CBlock,Gd,TA,Gd,LwQ,5.602118820879701,ALQ,6.364750756851911,452,7.172424577124845,GasA,Ex,Y,SBrkr,7.172424577124845,0,0.0,7.172424577124845,0,1,2,0,3,1,Gd,7,Min1,0,None,Attchd,1964.0,RFn,1,309,TA,TA,Y,5.811140992976701,0.0,0.0,0.0,0.0,0.0,None,MnPrv,None,0.0,10,2007,CWD,Normal,158000,7.865187954187467,43,16,2.5,1,1,0,0,333
255,20,RL,4.2626798770413155,9.036106025364846,Pave,None,Reg,Lvl,AllPub,Inside,Gtl,NAmes,Norm,Norm,1Fam,1Story,5,6,1957,1957,Gable,CompShg,MetalSd,MetalSd,None,0.0,TA,Gd,CBlock,TA,TA,No,Rec,6.827629234502852,Unf,0.0,392,7.181591944611865,GasA,TA,Y,SBrkr,7.181591944611865,0,0.0,7.181591944611865,1,0,1,0,3,1,TA,5,Typ,0,None,Attchd,1957.0,RFn,1,294,TA,TA,Y,5.5254529391317835,0.0,0.0,0.0,0.0,0.0,None,None,None,0.0,6,2010,WD,Normal,145000,7.874358824729881,53,53,2.0,1,1,0,0,250
256,60,RL,4.204692619390966,9.075551045627543,Pave,None,IR1,Lvl,AllPub,Inside,Gtl,Gilbert,Norm,Norm,1Fam,2Story,7,5,1999,1999,Gable,CompShg,VinylSd,VinylSd,BrkFace,5.713732805509369,Gd,TA,PConc,Gd,TA,No,Unf,0.0,Unf,0.0,975,6.883462586413092,GasA,Ex,Y,SBrkr,6.913737350659685,1286,0.0,7.73718007783463,0,0,2,1,4,1,Gd,8,Typ,1,TA,BuiltIn,1999.0,Fin,2,429,TA,TA,Y,5.262690188904886,0.0,0.0,0.0,0.0,0.0,None,None,None,0.0,2,2006,WD,Normal,230000,8.09162741160107,7,7,2.5,1,1,1,1,192
257,60,FV,4.174387269895637,9.081597496083457,Pave,None,IR1,Lvl,AllPub,Inside,Gtl,Somerst,Norm,Norm,1Fam,2Story,6,5,2003,2003,Gable,CompShg,VinylSd,VinylSd,None,0.0,Gd,TA,PConc,Gd,TA,No,Rec,6.222576268071369,Unf,0.0,361,6.762729506931879,GasA,Ex,Y,SBrkr,6.762729506931879,864,0.0,7.455298485683291,0,0,2,1,3,1,Gd,7,Typ,0,None,Attchd,2003.0,RFn,2,673,TA,TA,Y,5.37989735354046,4.04305126783455,0.0,0.0,0.0,0.0,None,None,None,0.0,5,2008,WD,Normal,207500,7.860570785538664,5,5,2.5,1,1,0,1,272
258,20,RL,4.23410650459726,9.08421009483197,Pave,None,Reg,Lvl,AllPub,Inside,Gtl,CollgCr,Norm,Norm,1Fam,1Story,7,5,2006,2006,Gable,CompShg,VinylSd,VinylSd,Stone,5.198497031265826,Gd,TA,PConc,Gd,TA,No,GLQ,7.19668657083435,Unf,0.0,270,7.380879035564116,GasA,Ex,Y,SBrkr,7.380879035564116,0,0.0,7.380879035564116,1,0,2,1,3,1,Gd,8,Typ,1,Gd,Attchd,2006.0,RFn,2,660,TA,TA,Y,4.820281565605037,4.709530201312334,0.0,0.0,0.0,0.0,None,None,None,0.0,3,2009,WD,Abnorml,220000,8.073714641109857,3,3,3.5,1,1,1,0,233
259,60,RL,4.394449154672439,9.428350771178645,Pave,None,Reg,Lvl,AllPub,Inside,Gtl,CollgCr,Norm,Norm,1Fam,2Story,7,5,2001,2001,Gable,CompShg,VinylSd,VinylSd,BrkFace,5.153291594497779,Gd,TA,PConc,Gd,TA,No,GLQ,5.8916442118257715,Unf,0.0,602,6.871091294610546,GasA,Ex,Y,SBrkr,6.871091294610546,829,0.0,7.491645473605133,0,0,2,1,3,1,Gd,7,Typ,1,TA,Attchd,2001.0,RFn,2,564,TA,TA,Y,0.0,4.574710978503383,0.0,5.5053315359323625,0.0,0.0,None,None,None,0.0,5,2008,WD,Normal,231500,7.9215356321335495,7,7,2.5,1,1,1,1,341
260,20,RM,4.2626798770413155,9.44959346502346,Pave,None,Reg,Lvl,AllPub,Inside,Gtl,OldTown,Norm,Norm,1Fam,1Story,5,5,1956,1956,Gable,CompShg,BrkFace,BrkFace,None,0.0,TA,TA,PConc,None,None,None,None,0.0,None,0.0,0,0.0,GasA,Gd,Y,FuseA,6.78332520060396,0,0.0,6.78332520060396,0,0,1,0,2,1,TA,4,Typ,0,None,Detchd,1956.0,Unf,1,308,TA,TA,Y,0.0,3.828641396489095,0.0,0.0,0.0,0.0,None,None,None,0.0,12,2008,WD,Normal,97000,6.78332520060396,52,52,1.0,1,0,0,0,45
261,80,RL,4.795790545596741,9.867704922396356,Pave,None,Reg,Lvl,AllPub,Corner,Gtl,NAmes,Artery,Norm,1Fam,SLvl,6,5,1962,1962,Gable,CompShg,Wd Sdng,Wd Sdng,BrkFace,5.991464547107982,TA,TA,CBlock,TA,TA,Gd,Rec,6.511745329644728,ALQ,6.53813982376767,0,7.217443431696533,GasA,TA,Y,SBrkr,7.232010331664759,0,0.0,7.232010331664759,1,0,1,0,3,1,TA,6,Typ,1,TA,Attchd,1991.0,Unf,2,884,TA,TA,Y,0.0,0.0,5.53338948872752,0.0,0.0,0.0,None,GdWo,None,0.0,5,2009,WD,Normal,176000,7.917536353943631,47,47,2.0,1,1,1,0,252
262,60,RL,4.248495242049359,9.16837188715368,Pave,None,IR1,Lvl,AllPub,Inside,Gtl,CollgCr,Norm,Norm,1Fam,2Story,8,5,2007,2007,Gable,CompShg,CemntBd,CmentBd,Stone,5.602118820879701,Gd,TA,PConc,Ex,TA,No,Unf,0.0,Unf,0.0,1482,7.301822342137932,GasA,Ex,Y,SBrkr,7.301822342137932,1092,0.0,7.853604813097837,0,0,2,1,3,1,Ex,10,Typ,1,Gd,BuiltIn,2007.0,Fin,3,868,TA,TA,Y,0.0,5.003946305945459,0.0,0.0,0.0,0.0,None,None,None,0.0,11,2007,New,Partial,276000,8.308199063206446,0,0,2.5,1,1,1,1,148
263,80,RL,4.48863636973214,9.044521887281242,Pave,None,IR1,Lvl,AllPub,Corner,Gtl,Sawyer,Norm,Norm,1Fam,SLvl,6,7,1977,1995,Gable,CompShg,HdBoard,Plywood,BrkFace,3.8501476017100584,TA,TA,CBlock,Gd,Gd,Av,ALQ,6.2285110035911835,Unf,0.0,0,6.2285110035911835,GasA,TA,Y,SBrkr,7.10085190894405,0,0.0,7.10085190894405,1,0,1,0,3,1,TA,6,Typ,1,TA,Attchd,1978.0,Unf,2,492,TA,TA,Y,5.680172609017068,2.5649493574615367,0.0,0.0,0.0,0.0,None,GdWo,None,0.0,7,2006,WD,Normal,151000,7.449498005382849,29,11,2.0,1,1,1,0,304
264,50,RM,3.9318256327243257,8.612685172875459,Pave,None,Reg,Lvl,AllPub,Corner,Gtl,OldTown,Norm,Norm,1Fam,1.5Fin,5,7,1929,2001,Gable,CompShg,Wd Sdng,Wd Sdng,None,0.0,TA,TA,BrkTil,TA,TA,No,LwQ,5.459585514144159,ALQ,6.541029999189903,0,6.831953565565855,GasA,TA,Y,SBrkr,6.831953565565855,0,5.968707559985366,7.183111701743281,1,0,1,0,3,1,TA,6,Typ,0,None,Detchd,1974.0,Unf,2,484,TA,TA,Y,0.0,0.0,0.0,0.0,0.0,0.0,None,None,None,0.0,4,2010,WD,Normal,130000,7.52456122628536,81,9,2.0,1,1,0,0,0
265,30,RM,3.4339872044851463,8.562740006372207,Pave,Grvl,IR3,Bnk,AllPub,Inside,Gtl,OldTown,Artery,Norm,1Fam,1Story,5,5,1925,2004,Gable,CompShg,Wd Sdng,Wd Sdng,None,0.0,TA,TA,BrkTil,Fa,TA,No,Unf,0.0,Unf,0.0,680,6.523562306149512,GasA,Gd,N,FuseP,6.639875833826536,0,0.0,6.639875833826536,0,0,1,0,2,1,TA,4,Typ,0,None,Detchd,1965.0,Unf,2,504,TA,TA,N,0.0,0.0,0.0,0.0,0.0,0.0,None,None,None,0.0,6,2008,WD,Normal,73000,7.275864600546533,83,4,1.0,1,1,0,0,0
266,20,RL,4.3694478524670215,9.400216653174247,Pave,None,IR1,Lvl,AllPub,Inside,Gtl,NWAmes,Norm,Norm,1Fam,1Story,6,6,1981,1981,Gable,CompShg,MetalSd,MetalSd,BrkFace,5.351858133476067,TA,Gd,CBlock,Gd,TA,No,GLQ,6.3784261836515865,LwQ,5.43372200355424,606,7.260522598089852,GasA,TA,Y,SBrkr,7.260522598089852,0,0.0,7.260522598089852,0,0,2,0,3,1,Gd,7,Typ,1,TA,Attchd,1981.0,Fin,2,576,TA,TA,Y,5.6240175061873385,0.0,0.0,0.0,0.0,0.0,None,GdPrv,None,0.0,6,2008,WD,Normal,175500,7.953318346560431,27,27,2.0,1,1,1,0,276
267,60,RL,4.2626798770413155,9.324383088016843,Pave,None,IR1,HLS,AllPub,FR2,Gtl,Gilbert,Norm,Norm,1Fam,2Story,6,5,1997,1997,Gable,CompShg,VinylSd,VinylSd,None,0.0,TA,TA,PConc,Gd,TA,Av,GLQ,6.5722825426940075,Unf,0.0,88,6.688354713946762,GasA,Gd,Y,SBrkr,6.688354713946762,709,0.0,7.321188556739478,1,0,2,1,3,1,TA,8,Typ,1,TA,Attchd,1997.0,Fin,2,413,TA,TA,Y,4.564348191467836,4.330733340286331,0.0,0.0,0.0,0.0,None,None,None,0.0,6,2006,WD,Normal,185000,7.746732907753622,9,9,3.5,1,1,1,1,170
268,75,RL,4.110873864173311,9.036106025364846,Pave,None,Reg,Bnk,AllPub,Inside,Mod,SWISU,Norm,Norm,1Fam,2.5Fin,5,8,1939,1997,Gable,CompShg,Wd Sdng,Wd Sdng,None,0.0,TA,TA,PConc,TA,TA,No,LwQ,5.937536205082426,Unf,0.0,342,6.580639137284949,GasA,Ex,Y,SBrkr,6.959398512133975,720,6.042632833682381,7.693025748417888,0,0,2,1,4,1,Gd,8,Typ,1,Gd,Detchd,1939.0,Unf,1,240,TA,TA,Y,5.572154032177765,3.2188758248682006,0.0,0.0,0.0,0.0,None,None,None,0.0,7,2008,WD,Normal,179500,7.821242083523558,69,11,2.5,1,1,1,1,286
269,30,RM,4.276666119016055,8.839421607620602,Pave,None,Reg,Lvl,AllPub,Inside,Gtl,IDOTRR,Norm,Norm,1Fam,1Story,5,6,1940,1955,Gable,CompShg,VinylSd,VinylSd,None,0.0,TA,TA,CBlock,TA,TA,No,ALQ,6.0014148779611505,Rec,4.836281906951478,212,6.608000625296087,GasA,Ex,Y,SBrkr,6.658011045870748,0,0.0,6.658011045870748,0,0,1,0,2,1,TA,4,Typ,1,Gd,Detchd,1966.0,Fin,1,924,Ex,Ex,Y,0.0,3.258096538021482,0.0,0.0,0.0,0.0,None,None,None,0.0,2,2008,WD,Normal,120500,7.325807502595773,68,53,1.0,1,1,1,0,25
270,20,RL,4.197201947661808,8.976893927666076,Pave,None,IR1,Lvl,AllPub,Corner,Gtl,Edwards,Norm,Norm,1Fam,1Story,6,7,1976,1976,Hip,CompShg,HdBoard,HdBoard,BrkFace,5.1647859739235145,TA,Gd,CBlock,TA,Gd,No,BLQ,6.62273632394984,Unf,0.0,392,7.042286171939743,GasA,TA,Y,SBrkr,7.01571242048723,0,0.0,7.01571242048723,1,0,1,1,3,1,TA,6,Typ,1,Fa,Attchd,1987.0,RFn,1,504,TA,Gd,Y,5.916202062607435,3.4339872044851463,0.0,0.0,0.0,0.0,None,GdPrv,None,0.0,5,2007,WD,Normal,148000,7.721791776817535,31,31,2.5,1,1,1,0,400
271,60,FV,4.442651256490317,9.280705634636746,Pave,None,Reg,Lvl,AllPub,Inside,Gtl,Somerst,Norm,Norm,1Fam,2Story,8,5,2006,2006,Gable,CompShg,VinylSd,VinylSd,None,0.0,Gd,TA,PConc,Gd,TA,Mn,Unf,0.0,Unf,0.0,1095,6.999422467507961,GasA,Gd,Y,SBrkr,6.999422467507961,844,0.0,7.570443252057374,0,0,2,1,3,1,Gd,8,Typ,1,Gd,Attchd,2006.0,RFn,3,1053,TA,TA,Y,5.262690188904886,3.9512437185814275,0.0,0.0,0.0,0.0,None,None,None,0.0,8,2006,New,Partial,266000,8.017966703493599,0,0,2.5,1,1,1,1,243
272,20,RL,4.30406509320417,10.574005615035713,Pave,None,IR1,Low,AllPub,CulDSac,Sev,ClearCr,Norm,Norm,1Fam,1Story,7,7,1954,2005,Flat,Membran,Plywood,Plywood,None,0.0,TA,TA,CBlock,Gd,TA,Gd,LwQ,5.424950017481403,GLQ,6.96979066990159,96,7.234177179749849,GasA,Ex,Y,SBrkr,7.218176838403408,0,0.0,7.218176838403408,1,0,1,0,2,1,TA,5,Mod,2,TA,Attchd,1954.0,Unf,2,439,TA,TA,Y,4.406719247264253,0.0,0.0,0.0,0.0,0.0,None,None,None,0.0,4,2008,WD,Normal,241500,7.918992488165245,54,3,2.0,1,1,1,0,81
273,60,RL,4.532599493153256,9.372884301161463,Pave,None,IR1,Lvl,AllPub,CulDSac,Gtl,NoRidge,Norm,Norm,1Fam,2Story,8,7,1999,2007,Gable,CompShg,VinylSd,VinylSd,BrkFace,5.855071922202427,Gd,TA,PConc,Gd,TA,No,GLQ,6.263398262591624,Unf,0.0,628,7.050122520269059,GasA,Ex,Y,SBrkr,7.060476365999801,1106,0.0,7.7279755421055585,0,0,2,1,4,1,Gd,9,Typ,1,Gd,Attchd,1999.0,Fin,3,671,TA,TA,Y,4.890349128221754,4.060443010546419,0.0,0.0,0.0,0.0,None,None,None,0.0,4,2010,WD,Normal,290000,8.138272638530186,11,3,2.5,1,1,1,1,189
274,20,RL,4.394449154672439,9.169622538697624,Pave,None,Reg,Lvl,AllPub,Inside,Gtl,NAmes,Feedr,Norm,1Fam,1Story,6,6,1958,1988,Hip,CompShg,Wd Sdng,Wd Sdng,BrkCmn,5.214935757608986,TA,TA,CBlock,TA,TA,No,Rec,6.431331081933479,LwQ,6.431331081933479,0,7.123672785204607,GasA,Gd,Y,SBrkr,7.398174092970465,0,0.0,7.398174092970465,1,0,2,0,3,1,TA,6,Min1,1,Gd,Attchd,1958.0,RFn,1,338,TA,TA,Y,5.66988092298052,0.0,0.0,0.0,0.0,0.0,None,MnPrv,None,0.0,4,2009,WD,Normal,139000,7.96311205897929,51,21,3.0,1,1,1,0,289
275,20,RL,4.343805421853684,9.025816391627028,Pave,None,Reg,Lvl,AllPub,Corner,Gtl,Mitchel,Norm,Norm,1Fam,1Story,5,7,1982,1982,Gable,CompShg,HdBoard,ImStucc,None,0.0,TA,TA,CBlock,TA,TA,Gd,ALQ,6.304448802421981,Unf,0.0,270,6.705639094860003,GasA,TA,Y,SBrkr,6.705639094860003,0,0.0,6.705639094860003,0,0,1,0,2,1,TA,5,Typ,0,None,Attchd,1982.0,Unf,1,264,TA,TA,Y,5.1298987149230735,0.0,0.0,0.0,0.0,0.0,None,None,None,0.0,6,2007,WD,Normal,124500,7.398174092970465,25,25,1.0,1,1,0,0,168
276,50,RL,4.02535169073515,8.890823576004383,Pave,None,Reg,Lvl,AllPub,Inside,Gtl,BrkSide,Norm,Norm,1Fam,1.5Fin,7,7,1925,2007,Gable,CompShg,Wd Sdng,Wd Sdng,None,0.0,Gd,Gd,BrkTil,TA,TA,No,Unf,0.0,Unf,0.0,952,6.859614903654202,GasW,Gd,N,SBrkr,6.859614903654202,596,0.0,7.3453648404168685,0,0,2,1,3,1,Ex,5,Typ,0,None,Detchd,1978.0,Unf,2,672,TA,TA,Y,4.31748811353631,0.0,0.0,0.0,4.976733742420574,0.0,None,None,None,0.0,10,2009,WD,Normal,205000,7.824445930877619,84,2,2.5,1,1,0,1,218
277,20,RL,4.867534450455582,9.126632622902697,Pave,None,IR1,Lvl,AllPub,Inside,Gtl,Mitchel,Norm,Norm,1Fam,1Story,7,5,2003,2003,Gable,CompShg,VinylSd,VinylSd,None,0.0,Gd,TA,PConc,Ex,TA,No,Unf,0.0,Unf,0.0,1560,7.353081920515432,GasA,Ex,Y,SBrkr,7.353081920515432,0,0.0,7.353081920515432,0,0,2,0,3,1,Gd,7,Typ,0,None,Attchd,2003.0,Fin,2,573,TA,TA,Y,4.61512051684126,5.017279836814924,0.0,0.0,0.0,0.0,None,None,None,0.0,4,2010,WD,Normal,201000,8.045908742270779,7,7,2.0,1,1,0,0,250
278,20,RL,4.948759890378168,9.859483417038073,Pave,None,Reg,Lvl,AllPub,Corner,Gtl,Gilbert,Norm,Norm,1Fam,1Story,4,5,1951,1951,Gable,CompShg,VinylSd,VinylSd,None,0.0,TA,TA,CBlock,TA,TA,No,LwQ,4.795790545596741,Unf,0.0,744,6.762729506931879,GasA,Ex,Y,SBrkr,6.762729506931879,0,0.0,6.762729506931879,0,0,1,0,2,1,TA,4,Typ,0,None,Detchd,1951.0,Unf,2,400,TA,TA,Y,0.0,0.0,0.0,0.0,0.0,0.0,None,None,None,0.0,6,2010,WD,Normal,141000,7.455298485683291,59,59,1.0,1,1,0,0,0
279,20,RL,4.68213122712422,9.57851889529833,Pave,None,Reg,Lvl,AllPub,Inside,Gtl,NridgHt,Norm,Norm,1Fam,1Story,9,5,2006,2007,Gable,CompShg,CemntBd,CmentBd,BrkFace,5.755742213586912,Ex,TA,PConc,Ex,TA,Gd,Unf,0.0,Unf,0.0,2121,7.660114319173928,GasA,Ex,Y,SBrkr,7.660114319173928,0,0.0,7.660114319173928,0,0,2,1,3,1,Ex,8,Typ,1,Ex,Attchd,2007.0,Fin,3,732,TA,TA,Y,4.8283137373023015,4.59511985013459,0.0,0.0,4.962844630259907,0.0,None,None,None,0.0,5,2007,New,Partial,415298,8.353025845202325,1,0,2.5,1,1,1,0,364
280,60,RL,4.430816798843313,9.21094019204815,Pave,None,Reg,Lvl,AllPub,Inside,Gtl,ClearCr,Norm,Norm,1Fam,2Story,7,5,1977,1977,Hip,CompShg,Plywood,Plywood,BrkFace,5.703782474656201,TA,TA,CBlock,Gd,TA,No,BLQ,5.973809611869261,Unf,0.0,768,7.057036981697891,GasA,Ex,Y,SBrkr,7.053585727193677,866,0.0,7.612336837167746,0,0,2,1,4,1,TA,8,Typ,1,TA,Attchd,1977.0,Fin,2,505,TA,TA,Y,5.666426688112432,4.770684624465665,0.0,0.0,0.0,0.0,None,None,None,0.0,3,2008,WD,Normal,192000,8.065579427282092,31,31,2.5,1,1,1,1,405
281,60,RL,4.418840607796598,9.33149549353265,Pave,None,Reg,Lvl,AllPub,Inside,Gtl,SawyerW,Norm,Norm,1Fam,2Story,7,6,1989,1989,Gable,CompShg,Plywood,Plywood,BrkFace,5.831882477283517,Gd,TA,CBlock,Gd,TA,Av,GLQ,6.045005314036012,Unf,0.0,386,6.694562058521095,GasA,Gd,Y,SBrkr,7.069874128458572,807,0.0,7.592366128519796,0,0,2,1,3,1,Gd,7,Typ,1,TA,Attchd,1989.0,Fin,2,575,TA,TA,Y,0.0,4.442651256490317,0.0,5.2832037287379885,0.0,0.0,None,None,None,0.0,1,2007,WD,Normal,228500,7.933796874815411,18,18,2.5,1,1,1,1,280
282,20,FV,4.110873864173311,8.881975184248867,Pave,Pave,Reg,Lvl,AllPub,Inside,Gtl,Somerst,Norm,Norm,1Fam,1Story,6,5,2006,2006,Gable,CompShg,VinylSd,VinylSd,Stone,4.23410650459726,Gd,TA,PConc,Gd,TA,No,GLQ,6.80903930604298,Unf,0.0,357,7.141245122350491,GasA,Gd,Y,SBrkr,7.141245122350491,0,0.0,7.141245122350491,0,0,2,0,2,1,Gd,5,Typ,0,None,Attchd,2006.0,Fin,2,572,TA,TA,Y,0.0,4.795790545596741,0.0,0.0,0.0,0.0,None,None,None,0.0,5,2006,New,Partial,185000,7.83399634170946,0,0,2.0,1,1,0,0,120
283,120,RL,3.5553480614894135,8.529911963824013,Pave,None,Reg,Lvl,AllPub,Inside,Gtl,NridgHt,Norm,Norm,Twnhs,1Story,7,5,2007,2008,Gable,CompShg,VinylSd,VinylSd,Stone,5.117993812416755,Gd,TA,PConc,Gd,TA,No,GLQ,6.807934943699926,Unf,0.0,410,7.181591944611865,GasA,Ex,Y,SBrkr,7.181591944611865,0,0.0,7.181591944611865,1,0,2,0,2,1,Gd,6,Typ,1,Gd,Attchd,2008.0,RFn,2,626,TA,TA,Y,5.153291594497779,4.143134726391533,0.0,0.0,0.0,0.0,None,None,None,0.0,4,2009,ConLw,Normal,207500,7.874358824729881,2,1,3.0,1,1,1,0,234
284,20,RL,4.31748811353631,9.170871628065816,Pave,None,Reg,Lvl,AllPub,Inside,Gtl,Somerst,Feedr,Norm,1Fam,1Story,8,5,2008,2009,Gable,CompShg,VinylSd,VinylSd,Stone,4.290459441148391,Gd,TA,PConc,Gd,TA,No,Unf,0.0,Unf,0.0,1468,7.292337176173877,GasA,Ex,Y,SBrkr,7.292337176173877,0,0.0,7.292337176173877,0,0,2,0,3,1,Gd,6,Typ,1,Gd,Attchd,2008.0,Fin,3,898,TA,TA,Y,5.351858133476067,5.017279836814924,0.0,0.0,0.0,0.0,None,None,None,0.0,12,2009,New,Partial,244600,7.98514393119862,1,0,2.0,1,1,1,0,360
285,120,RL,3.9318256327243257,8.98882050177807,Pave,None,Reg,Lvl,AllPub,Inside,Gtl,SawyerW,Norm,Norm,TwnhsE,1Story,6,5,1992,1992,Gable,CompShg,Plywood,ImStucc,None,0.0,Gd,TA,PConc,Gd,TA,No,GLQ,6.066108090103747,Unf,0.0,1145,7.362645270417825,GasA,Gd,Y,SBrkr,7.362645270417825,0,0.0,7.362645270417825,1,0,2,0,2,1,Gd,5,Typ,0,None,Attchd,1992.0,RFn,2,529,TA,TA,Y,0.0,0.0,3.970291913552122,0.0,0.0,0.0,None,None,None,0.0,7,2007,WD,Normal,179200,8.055475141757274,15,15,3.0,1,1,0,0,52
286,160,FV,3.58351893845611,8.355144739461839,Pave,Pave,IR1,Lvl,AllPub,Inside,Gtl,Somerst,Norm,Norm,TwnhsE,2Story,7,5,2006,2007,Gable,CompShg,MetalSd,MetalSd,None,0.0,Gd,TA,PConc,Gd,TA,No,Unf,0.0,Unf,0.0,625,6.439350371100098,GasA,Ex,Y,SBrkr,6.439350371100098,625,0.0,7.1316985104669115,0,0,2,1,2,1,Gd,5,Typ,0,None,Detchd,2006.0,RFn,2,528,TA,TA,Y,0.0,4.007333185232471,0.0,0.0,0.0,0.0,None,None,None,0.0,6,2007,New,Partial,164700,7.53689712956617,1,0,2.5,1,1,0,1,54
287,50,RL,4.356708826689592,9.18881025342582,Pave,None,IR1,Bnk,AllPub,Inside,Gtl,NAmes,Norm,Norm,1Fam,1.5Fin,6,7,1962,1981,Gable,CompShg,Wd Sdng,Wd Sdng,None,0.0,TA,TA,CBlock,TA,TA,No,Rec,6.398594934535208,Unf,0.0,312,6.816735880594968,GasA,TA,Y,SBrkr,6.990256500493881,649,0.0,7.45876269238096,0,0,1,1,3,1,Gd,7,Typ,1,Gd,Attchd,1962.0,RFn,2,440,TA,TA,Y,0.0,0.0,0.0,0.0,4.859812404361672,0.0,None,GdPrv,None,0.0,6,2006,WD,Normal,159000,7.881182202227102,44,25,1.5,1,1,1,1,128
288,20,RL,4.30406509320417,9.002824076547672,Pave,None,IR1,Lvl,AllPub,Corner,Gtl,NAmes,Norm,Norm,1Fam,1Story,4,4,1971,1971,Gable,CompShg,HdBoard,HdBoard,None,0.0,TA,TA,CBlock,TA,TA,No,BLQ,6.421622267806518,Unf,0.0,244,6.755768921984255,GasA,TA,Y,SBrkr,6.755768921984255,0,0.0,6.755768921984255,0,0,1,0,3,1,TA,5,Typ,0,None,None,0.0,None,0,0,None,None,Y,0.0,0.0,0.0,0.0,0.0,0.0,None,None,None,0.0,6,2006,WD,Normal,88000,7.448333860897476,35,35,1.0,0,1,0,0,0
289,20,RL,4.276666119016055,9.192176401348512,Pave,None,IR1,Lvl,AllPub,Inside,Gtl,Sawyer,Norm,Norm,1Fam,1Story,5,5,1967,1967,Gable,CompShg,MetalSd,MetalSd,BrkFace,3.4657359027997265,TA,Gd,CBlock,TA,TA,No,BLQ,6.111467339502679,Unf,0.0,432,6.78332520060396,GasA,TA,Y,SBrkr,6.803505257608338,0,0.0,6.803505257608338,0,0,1,0,3,1,TA,5,Typ,0,None,Detchd,1970.0,Unf,1,280,TA,TA,Y,0.0,0.0,0.0,0.0,0.0,0.0,None,MnPrv,None,0.0,2,2010,WD,Normal,122000,7.48605261786314,43,43,1.0,1,1,0,0,0
290,70,RL,4.110873864173311,9.074635189810808,Pave,None,Reg,Lvl,AllPub,Inside,Gtl,BrkSide,RRAn,Norm,1Fam,2Story,6,7,1915,2003,Gable,CompShg,Wd Sdng,Wd Sdng,None,0.0,TA,TA,BrkTil,TA,TA,No,Unf,0.0,Unf,0.0,698,6.54965074223381,GasA,Ex,Y,FuseA,6.54965074223381,698,0.0,7.242082359256962,0,0,1,0,3,1,TA,7,Typ,0,None,Detchd,2003.0,Unf,1,384,TA,TA,Y,0.0,0.0,0.0,0.0,5.560681631015528,0.0,None,None,None,0.0,7,2007,WD,Normal,153575,7.647308832356238,92,4,1.0,1,1,0,1,259
291,60,RL,4.795790545596741,9.655795128300506,Pave,None,Reg,Lvl,AllPub,Inside,Gtl,CollgCr,Norm,Norm,1Fam,2Story,8,5,2006,2006,Gable,CompShg,VinylSd,VinylSd,None,0.0,Gd,TA,PConc,Gd,TA,Av,Unf,0.0,Unf,0.0,1079,6.984716320118266,GasA,Ex,Y,SBrkr,6.984716320118266,840,0.0,7.560080465021827,0,0,2,1,3,1,Gd,8,Typ,1,Gd,Attchd,2006.0,RFn,2,685,Gd,TA,Y,0.0,3.9512437185814275,0.0,0.0,0.0,0.0,None,None,None,0.0,7,2006,New,Partial,233230,8.00603417874901,0,0,2.5,1,1,1,1,51
292,190,RL,4.02535169073515,8.646113971483077,Pave,Grvl,Reg,Bnk,AllPub,Inside,Gtl,SWISU,Norm,Norm,2fmCon,2Story,5,6,1912,2000,Gable,CompShg,VinylSd,VinylSd,None,0.0,TA,Fa,PConc,TA,Fa,No,Rec,5.351858133476067,Unf,0.0,570,6.660575149839686,GasA,Ex,N,SBrkr,6.842683282238422,780,0.0,7.448333860897476,1,0,2,0,6,1,Fa,9,Typ,0,None,None,0.0,None,0,0,None,None,N,0.0,5.220355825078324,0.0,0.0,0.0,0.0,None,None,None,0.0,3,2008,WD,Normal,135900,7.822845290279774,96,8,3.0,0,1,0,1,184
293,50,RL,4.110873864173311,9.342245442856122,Pave,None,Reg,Lvl,AllPub,Inside,Gtl,Edwards,Norm,Norm,1Fam,1.5Fin,5,4,1949,2008,Gable,CompShg,Wd Sdng,Wd Sdng,None,0.0,TA,TA,CBlock,TA,TA,No,LwQ,5.680172609017068,Unf,0.0,476,6.645090969505644,GasA,Gd,Y,SBrkr,7.046647277848756,568,0.0,7.448333860897476,0,0,1,1,3,1,TA,8,Min2,1,Gd,Attchd,1949.0,Unf,1,281,TA,TA,Y,0.0,0.0,0.0,0.0,5.081404364984463,0.0,None,None,None,0.0,1,2009,WD,Normal,131000,7.818027938530729,60,1,1.5,1,1,1,1,160
294,60,RL,4.394449154672439,9.720765915720834,Pave,None,IR1,Lvl,AllPub,Corner,Gtl,NWAmes,PosA,Norm,1Fam,2Story,7,7,1977,1994,Gable,CompShg,Plywood,Plywood,BrkFace,3.5553480614894135,TA,TA,CBlock,TA,TA,No,ALQ,6.679599185844383,Unf,0.0,0,6.679599185844383,GasA,Fa,Y,SBrkr,7.292337176173877,795,0.0,7.724888439323074,1,0,2,1,3,1,Gd,9,Typ,1,TA,Attchd,1977.0,Fin,2,539,TA,TA,Y,0.0,5.5254529391317835,0.0,0.0,0.0,0.0,None,None,None,0.0,3,2006,WD,Normal,235000,8.025843344150903,29,12,3.5,1,1,1,1,250
295,20,RL,4.394449154672439,9.169622538697624,Pave,None,Reg,Lvl,AllPub,Inside,Gtl,NAmes,Norm,Norm,1Fam,1Story,6,5,1953,1953,Hip,CompShg,HdBoard,HdBoard,Stone,5.476463551931511,TA,TA,CBlock,TA,TA,No,GLQ,7.1592919047975645,Unf,0.0,131,7.256297239690681,GasA,TA,Y,SBrkr,7.405495663199472,0,0.0,7.405495663199472,1,0,1,0,3,1,TA,7,Typ,2,Gd,Attchd,1953.0,Fin,2,418,TA,TA,Y,4.709530201312334,0.0,0.0,0.0,0.0,0.0,None,None,None,0.0,10,2009,WD,Normal,167000,8.026496938945412,56,56,2.0,1,1,1,0,110
296,80,RL,3.6375861597263857,8.97941663334301,Pave,None,IR1,Lvl,AllPub,CulDSac,Gtl,Mitchel,Norm,Norm,1Fam,SLvl,6,6,1984,1984,Gable,CompShg,HdBoard,HdBoard,None,0.0,TA,TA,CBlock,TA,TA,Av,GLQ,6.709304340258298,Unf,0.0,184,6.911747300251674,GasA,TA,Y,SBrkr,6.911747300251674,0,0.0,6.911747300251674,1,0,1,0,3,1,TA,6,Typ,0,None,Detchd,1984.0,Unf,2,588,TA,TA,Y,4.795790545596741,0.0,0.0,0.0,0.0,0.0,None,GdPrv,None,0.0,3,2006,WD,Normal,142500,7.604396348796338,22,22,2.0,1,1,0,0,120
297,50,RM,4.330733340286331,9.525953709356655,Pave,None,Reg,Lvl,AllPub,Inside,Gtl,IDOTRR,Norm,Norm,1Fam,1.5Fin,5,5,1950,1950,Gable,CompShg,Wd Sdng,Wd Sdng,None,0.0,TA,TA,CBlock,TA,TA,No,BLQ,6.042632833682381,Unf,0.0,490,6.814542897259958,GasA,TA,Y,FuseA,6.814542897259958,648,0.0,7.351799869057777,0,0,1,1,4,1,TA,6,Typ,0,None,Attchd,1950.0,Unf,1,282,TA,TA,Y,5.66988092298052,0.0,0.0,0.0,0.0,0.0,None,MnPrv,None,0.0,6,2007,WD,Normal,152000,7.81156848934518,57,57,1.5,1,1,0,1,289
298,60,FV,4.204692619390966,8.909235279192261,Pave,Pave,IR1,Lvl,AllPub,Inside,Gtl,Somerst,Norm,Norm,1Fam,2Story,7,5,1997,1998,Hip,CompShg,VinylSd,VinylSd,BrkFace,7.3783837129967145,Gd,TA,PConc,Gd,TA,No,BLQ,6.476972362889683,Unf,0.0,326,6.883462586413092,GasA,Ex,Y,SBrkr,6.883462586413092,975,0.0,7.576097340623111,0,0,2,1,3,1,Gd,7,Typ,1,TA,Detchd,1997.0,RFn,2,576,TA,TA,Y,0.0,2.3978952727983707,0.0,0.0,5.293304824724492,0.0,None,None,None,0.0,6,2007,WD,Normal,239000,7.98139158158007,10,9,2.5,1,1,1,1,208
299,60,RL,4.51085950651685,9.367429587218957,Pave,None,Reg,Lvl,AllPub,Inside,Gtl,NWAmes,Norm,Norm,1Fam,2Story,6,6,1968,1968,Mansard,CompShg,HdBoard,AsphShn,BrkFace,5.902633333401366,Gd,TA,CBlock,TA,TA,No,ALQ,5.953243334287785,Rec,5.170483995038151,143,6.555356891810665,GasA,Gd,Y,SBrkr,6.948897222313312,702,0.0,7.463936604468925,0,1,1,2,3,1,TA,7,Typ,1,Gd,Attchd,1968.0,Unf,2,539,TA,TA,Y,5.41610040220442,0.0,0.0,0.0,0.0,0.0,None,None,None,0.0,6,2007,WD,Normal,175000,7.802209316247118,39,39,2.5,1,1,1,1,224
300,20,RL,4.394449154672439,9.546884034617925,Pave,None,Reg,Lvl,AllPub,Inside,Gtl,Crawfor,Norm,Norm,1Fam,1Story,6,8,1950,2004,Gable,CompShg,HdBoard,HdBoard,None,0.0,TA,Gd,CBlock,TA,TA,No,Unf,0.0,Unf,0.0,1092,6.996681488176539,GasA,Ex,Y,SBrkr,7.050122520269059,0,0.0,7.050122520269059,0,1,1,0,3,1,Gd,6,Typ,1,Gd,Attchd,1950.0,Unf,1,300,TA,TA,Y,0.0,3.6109179126442243,0.0,0.0,0.0,0.0,None,GdPrv,None,0.0,8,2009,WD,Family,158500,7.716460800176355,59,5,1.5,1,1,1,0,36
301,190,RL,4.51085950651685,9.664659134301736,Pave,None,Reg,Lvl,AllPub,Corner,Gtl,Crawfor,Norm,Norm,2fmCon,1Story,5,5,1953,1953,Hip,CompShg,MetalSd,MetalSd,BrkFace,4.04305126783455,TA,TA,CBlock,TA,TA,Mn,BLQ,6.7357800142423265,Unf,0.0,324,7.061334366910438,GasA,TA,Y,SBrkr,7.198183577101943,0,0.0,7.198183577101943,1,0,1,0,2,1,TA,5,Typ,2,Gd,Attchd,1953.0,Unf,1,375,TA,TA,Y,0.0,0.0,0.0,0.0,0.0,0.0,None,None,None,0.0,6,2006,WD,Normal,157000,7.824845691026856,53,53,2.0,1,1,1,0,0
302,60,RL,4.204692619390966,9.694431800539537,Pave,None,IR3,Lvl,AllPub,Inside,Gtl,CollgCr,Norm,Norm,1Fam,2Story,8,5,1998,1999,Gable,CompShg,VinylSd,VinylSd,None,0.0,Gd,TA,PConc,Gd,TA,No,GLQ,5.641907070938114,Unf,0.0,747,6.9363427358340495,GasA,Ex,Y,SBrkr,7.099201743553092,1242,0.0,7.8050670442584895,0,0,2,1,4,1,Gd,9,Typ,1,TA,BuiltIn,1998.0,Fin,2,683,TA,TA,Y,5.342334251964811,3.9318256327243257,0.0,0.0,0.0,0.0,None,None,None,0.0,5,2007,WD,Normal,267000,8.15507488781144,9,8,2.5,1,1,1,1,258
303,20,RL,4.77912349311153,9.525516008736886,Pave,None,IR1,Lvl,AllPub,Corner,Gtl,CollgCr,Norm,Norm,1Fam,1Story,7,5,2001,2002,Gable,CompShg,VinylSd,VinylSd,BrkFace,5.017279836814924,Gd,TA,PConc,Gd,TA,No,Unf,0.0,Unf,0.0,1541,7.340835554123275,GasA,Ex,Y,SBrkr,7.340835554123275,0,0.0,7.340835554123275,0,0,2,0,3,1,Gd,6,Typ,1,TA,Attchd,2001.0,RFn,3,843,TA,TA,Y,6.150602768446279,4.406719247264253,0.0,0.0,0.0,0.0,None,None,None,0.0,1,2006,WD,Normal,205000,8.03365842788615,5,4,2.0,1,1,1,0,549
304,20,RL,4.2626798770413155,9.19023970026918,Pave,None,Reg,Lvl,AllPub,Corner,Gtl,CollgCr,Norm,Norm,1Fam,1Story,5,7,1972,1972,Gable,CompShg,VinylSd,VinylSd,None,0.0,TA,TA,PConc,TA,TA,No,ALQ,6.796823718274855,Unf,0.0,0,6.796823718274855,GasA,TA,Y,SBrkr,6.796823718274855,0,0.0,6.796823718274855,1,0,1,0,3,1,TA,5,Typ,0,None,Attchd,1975.0,Unf,2,552,TA,TA,Y,5.54907608489522,0.0,0.0,0.0,0.0,0.0,None,GdWo,None,0.0,7,2006,WD,Abnorml,149900,7.489412083508719,34,34,2.0,1,1,0,0,256
305,75,RM,4.477336814478207,9.819399172153842,Pave,None,Reg,Lvl,AllPub,Inside,Gtl,OldTown,Norm,Norm,1Fam,2.5Fin,7,9,1880,2002,Gable,CompShg,CemntBd,CmentBd,None,0.0,TA,TA,BrkTil,TA,TA,No,Unf,0.0,Unf,0.0,1470,7.293697720601438,GasA,Ex,Y,SBrkr,7.424165281042028,1818,0.0,8.158802490694002,0,0,3,0,3,1,Gd,10,Typ,1,Ex,Attchd,2003.0,Unf,3,870,TA,TA,Y,5.713732805509369,0.0,0.0,0.0,0.0,0.0,None,None,None,0.0,5,2008,WD,Normal,295000,8.509967146324497,128,6,3.0,1,1,1,1,302
306,20,RL,4.394449154672439,9.248310303227811,Pave,None,Reg,Lvl,AllPub,Inside,Gtl,CollgCr,Norm,Norm,1Fam,1Story,8,5,2004,2005,Gable,CompShg,CemntBd,CmentBd,Stone,5.5093883366279774,Gd,TA,PConc,Gd,TA,No,GLQ,7.289610521451167,Unf,0.0,536,7.601402334583733,GasA,Ex,Y,SBrkr,7.601402334583733,0,0.0,7.601402334583733,1,0,2,0,3,1,Gd,8,Typ,0,None,Attchd,2004.0,Fin,3,888,TA,TA,Y,5.1298987149230735,0.0,0.0,0.0,0.0,0.0,None,None,None,0.0,7,2007,WD,Normal,305900,8.294299608857235,3,2,3.0,1,1,0,0,168
307,60,RL,4.762173934797756,9.508591395777199,Pave,None,Reg,Lvl,AllPub,Inside,Gtl,SawyerW,Feedr,Norm,1Fam,2Story,7,5,1990,1991,Gable,CompShg,HdBoard,Plywood,BrkFace,5.5093883366279774,Gd,TA,CBlock,Gd,TA,No,ALQ,6.55250788703459,Unf,0.0,0,6.55250788703459,GasA,Gd,Y,SBrkr,7.023758954738443,1121,0.0,7.716015266642587,1,0,2,1,4,1,Gd,8,Typ,1,TA,Attchd,1990.0,RFn,3,746,TA,TA,Y,4.852030263919617,3.8066624897703196,5.41610040220442,0.0,0.0,0.0,None,None,None,0.0,6,2007,WD,Normal,225000,7.987524479848767,17,16,3.5,1,1,1,1,395
308,50,RM,4.110873864173311,8.97727273946428,Pave,Grvl,IR1,Lvl,AllPub,Inside,Gtl,IDOTRR,Artery,Norm,1Fam,1.5Fin,6,7,1920,1950,Gable,CompShg,MetalSd,MetalSd,None,0.0,TA,Fa,CBlock,TA,TA,No,Unf,0.0,Unf,0.0,319,5.768320995793772,GasA,TA,Y,FuseA,6.943122422819428,371,0.0,7.249215057114389,0,0,1,0,3,1,Fa,6,Typ,0,None,None,0.0,None,0,0,None,None,N,0.0,4.976733742420574,0.0,0.0,0.0,0.0,None,MnPrv,None,0.0,3,2008,WD,Normal,89500,7.453561871643373,88,58,1.0,0,1,0,1,144
309,30,RL,4.197201947661808,9.42084437974393,Pave,None,IR1,Lvl,AllPub,Inside,Gtl,Edwards,Norm,Norm,1Fam,1Story,4,5,1940,1950,Gable,CompShg,VinylSd,VinylSd,None,0.0,TA,TA,CBlock,TA,TA,No,BLQ,5.572154032177765,Unf,0.0,599,6.759255270663693,GasA,Ex,Y,SBrkr,6.759255270663693,0,0.0,6.759255270663693,0,0,1,0,1,1,TA,4,Typ,0,None,Detchd,1961.0,Unf,2,539,TA,TA,Y,5.0689042022202315,0.0,0.0,0.0,0.0,0.0,None,None,None,0.0,3,2009,WD,Normal,82500,7.45182223652793,69,59,1.0,1,1,0,0,158
310,20,RL,4.51085950651685,9.42375676753181,Pave,None,IR1,Lvl,AllPub,Inside,Gtl,NridgHt,Norm,Norm,1Fam,1Story,9,5,2003,2004,Gable,CompShg,VinylSd,VinylSd,None,0.0,Gd,TA,PConc,Ex,TA,Gd,GLQ,7.150701457592526,Unf,0.0,622,7.5480289699350145,GasA,Ex,Y,SBrkr,7.573017256052546,0,0.0,7.573017256052546,1,0,2,0,3,1,Ex,8,Typ,3,Ex,Attchd,2003.0,Fin,3,708,TA,TA,Y,5.342334251964811,5.170483995038151,0.0,0.0,0.0,0.0,None,None,None,0.0,11,2006,WD,Normal,360000,8.253488028345904,3,2,3.0,1,1,1,0,383
311,60,RL,4.189654742026425,8.94715577112479,Pave,None,IR1,Lvl,AllPub,Inside,Gtl,Gilbert,Norm,Norm,1Fam,2Story,6,5,1993,1994,Gable,CompShg,HdBoard,HdBoard,BrkFace,4.727387818712341,TA,TA,PConc,Gd,TA,No,ALQ,6.251903883165888,Unf,0.0,179,6.548219102762372,GasA,Gd,Y,SBrkr,6.548219102762372,804,0.0,7.31455283232408,0,0,2,1,3,1,Gd,6,Typ,1,TA,Attchd,1993.0,Fin,2,420,TA,TA,Y,5.25227342804663,4.1588830833596715,0.0,0.0,0.0,0.0,None,None,None,0.0,5,2006,WD,Normal,165600,7.695757990554761,13,12,2.5,1,1,1,1,253
312,20,RL,3.9318256327243257,8.987321812850125,Pave,None,Reg,Lvl,AllPub,Inside,Gtl,NAmes,Norm,Norm,1Fam,1Story,6,6,1948,2002,Gable,CompShg,VinylSd,VinylSd,None,0.0,TA,Gd,CBlock,TA,TA,No,ALQ,6.523562306149512,Unf,0.0,292,6.880384082186005,GasA,Ex,Y,SBrkr,6.880384082186005,0,0.0,6.880384082186005,1,0,1,0,2,1,TA,5,Typ,1,Gd,Detchd,1948.0,Unf,1,240,TA,TA,Y,0.0,0.0,0.0,0.0,0.0,0.0,None,None,None,0.0,5,2009,WD,Normal,132000,7.573017256052546,61,7,2.0,1,1,1,0,0
313,190,RM,4.189654742026425,8.962007209588313,Pave,None,Reg,Lvl,AllPub,Inside,Gtl,OldTown,Artery,Norm,2fmCon,1.5Fin,5,7,1939,1950,Gable,CompShg,MetalSd,MetalSd,None,0.0,TA,TA,CBlock,Gd,TA,Mn,Rec,6.230481447578482,Unf,0.0,286,6.677083461247136,GasA,TA,Y,SBrkr,6.677083461247136,325,0.0,7.020190708311925,1,0,1,0,3,1,TA,5,Typ,1,Gd,Detchd,1939.0,Unf,2,410,TA,TA,Y,0.0,0.0,0.0,0.0,5.605802066295998,0.0,None,MnPrv,None,0.0,5,2006,WD,Normal,119900,7.555905093611346,67,56,2.0,1,1,1,1,271
314,20,RL,5.017279836814924,12.279536839074337,Pave,None,IR3,Low,AllPub,Inside,Sev,Timber,Norm,Norm,1Fam,1Story,7,5,1965,1965,Hip,CompShg,BrkFace,BrkFace,None,0.0,TA,TA,CBlock,Gd,TA,Gd,ALQ,7.1204443723924875,Rec,6.710523109452428,80,7.667158255319148,GasW,TA,Y,SBrkr,7.619233416226805,0,0.0,7.619233416226805,2,0,2,0,3,1,TA,8,Typ,2,Gd,Attchd,1965.0,RFn,2,513,TA,TA,Y,0.0,0.0,0.0,0.0,0.0,0.0,None,None,None,0.0,6,2009,WD,Normal,375000,8.336390480591552,44,44,4.0,1,1,1,0,0
315,70,RM,4.110873864173311,9.169622538697624,Pave,Grvl,Reg,Lvl,AllPub,Inside,Gtl,OldTown,Norm,Norm,1Fam,2Story,7,7,1925,1990,Gable,CompShg,Wd Sdng,Wd Sdng,None,0.0,TA,TA,BrkTil,TA,Gd,No,LwQ,2.833213344056216,Unf,0.0,712,6.591673732008658,GasA,Ex,Y,SBrkr,6.725033642166843,809,0.0,7.403670290012373,0,1,1,1,3,1,Ex,6,Typ,1,Gd,Detchd,1925.0,Unf,2,546,Fa,TA,Y,0.0,0.0,5.459585514144159,0.0,0.0,0.0,None,None,None,0.0,8,2006,WD,Normal,178000,7.7706452341291765,81,16,2.0,1,1,1,1,234
316,60,RL,4.276666119016055,8.961366060627451,Pave,None,IR1,Lvl,AllPub,Inside,Gtl,Gilbert,Norm,Norm,1Fam,2Story,7,5,2004,2005,Gable,CompShg,VinylSd,VinylSd,None,0.0,Gd,TA,PConc,Gd,TA,No,GLQ,6.054439346269371,Unf,0.0,291,6.57507584059962,GasA,Ex,Y,SBrkr,6.57507584059962,716,0.0,7.267525427828172,1,0,2,1,3,1,Gd,6,Typ,1,Gd,Attchd,2004.0,Fin,2,432,TA,TA,Y,4.61512051684126,3.9512437185814275,0.0,0.0,0.0,0.0,None,None,None,0.0,7,2009,WD,Normal,188500,7.67275789664251,5,4,3.5,1,1,1,1,151
317,60,RL,4.553876891600541,9.473166068429098,Pave,None,IR1,Lvl,AllPub,Corner,Gtl,NWAmes,Norm,Norm,1Fam,2Story,7,7,1980,1980,Gable,CompShg,CemntBd,CmentBd,BrkFace,5.631211781821365,Gd,TA,CBlock,Gd,TA,No,GLQ,6.541029999189903,Unf,0.0,153,6.740519359606223,GasA,TA,Y,SBrkr,7.050989447068045,1200,0.0,7.763871287820222,1,0,2,1,4,1,Ex,10,Typ,1,TA,Attchd,1983.0,RFn,2,484,TA,TA,Y,5.666426688112432,5.278114659230517,0.0,0.0,0.0,0.0,None,GdPrv,None,0.0,8,2009,WD,Normal,260000,8.070593539949519,29,29,3.5,1,1,1,1,483
318,60,FV,4.330733340286331,9.105090961257085,Pave,None,Reg,Lvl,AllPub,Inside,Gtl,Somerst,Norm,Norm,1Fam,2Story,8,5,2006,2006,Gable,CompShg,VinylSd,VinylSd,None,0.0,Gd,TA,PConc,Gd,TA,Av,Unf,0.0,Unf,0.0,1088,6.9930151229329605,GasA,Ex,Y,SBrkr,6.9930151229329605,871,0.0,7.580699752224563,0,0,2,1,3,1,Gd,8,Typ,1,Gd,Attchd,2006.0,RFn,3,1025,TA,TA,Y,5.342334251964811,3.8501476017100584,0.0,0.0,0.0,0.0,None,None,None,0.0,12,2007,WD,Normal,270000,8.022240916806537,1,1,2.5,1,1,1,1,254
319,60,RL,4.51085950651685,9.200391041122515,Pave,None,Reg,Low,AllPub,Inside,Mod,NoRidge,Norm,Norm,1Fam,2Story,7,5,1993,1993,Gable,CompShg,HdBoard,HdBoard,BrkFace,5.54907608489522,Gd,TA,PConc,Gd,TA,Gd,GLQ,6.895682697747868,Unf,0.0,360,7.206377291472252,GasA,Ex,Y,SBrkr,7.224753405767971,1274,0.0,7.881182202227102,1,0,2,1,4,1,Gd,9,Typ,1,TA,Attchd,1993.0,RFn,3,656,TA,TA,Y,5.831882477283517,4.110873864173311,4.976733742420574,0.0,0.0,0.0,None,None,None,0.0,4,2009,WD,Normal,260000,8.29254851397576,16,16,3.5,1,1,1,1,544
320,80,RL,4.394449154672439,9.55506418479516,Pave,None,Reg,Lvl,AllPub,Inside,Gtl,NWAmes,Norm,Norm,1Fam,SLvl,7,5,1980,1980,Gable,CompShg,Plywood,Plywood,BrkFace,5.420534999272286,TA,TA,CBlock,Gd,TA,Av,GLQ,6.9440872082295275,Unf,0.0,336,7.224753405767971,GasA,TA,Y,SBrkr,7.29505641646263,0,0.0,7.29505641646263,1,0,2,0,3,1,TA,6,Typ,2,TA,Attchd,1980.0,Unf,2,588,TA,TA,Y,5.455321115357702,3.8918202981106265,0.0,0.0,0.0,0.0,None,None,None,0.0,6,2009,WD,Normal,187500,7.953318346560431,29,29,3.0,1,1,1,0,281
321,60,RL,4.718498871295094,9.696463383101802,Pave,None,Reg,Lvl,AllPub,Corner,Gtl,NridgHt,Norm,Norm,1Fam,2Story,9,5,2006,2006,Gable,CompShg,VinylSd,VinylSd,Stone,5.916202062607435,TA,TA,PConc,Ex,Gd,Av,Unf,0.0,Unf,0.0,1249,7.1308988302963465,GasA,Ex,Y,SBrkr,7.1308988302963465,1347,0.0,7.862112211662748,0,0,3,1,4,1,Gd,9,Typ,0,None,Attchd,2006.0,RFn,3,840,TA,TA,Y,5.484796933490655,5.043425116919247,0.0,0.0,0.0,0.0,None,None,None,0.0,9,2006,New,Partial,342643,8.254788926148725,0,0,3.5,1,1,0,1,394
322,60,RL,4.605170185988092,9.400960731584833,Pave,None,IR1,Lvl,AllPub,Inside,Gtl,NridgHt,Norm,Norm,1Fam,2Story,8,5,2004,2004,Gable,CompShg,VinylSd,VinylSd,BrkFace,5.963579343618446,Gd,TA,PConc,Ex,TA,Av,GLQ,6.878326468291325,Unf,0.0,166,7.036148493750536,GasA,Ex,Y,SBrkr,7.036148493750536,1332,0.0,7.81156848934518,1,0,2,1,4,1,Gd,10,Typ,1,Gd,BuiltIn,2004.0,Fin,3,872,TA,TA,Y,5.220355825078324,5.043425116919247,0.0,0.0,0.0,0.0,None,None,None,0.0,6,2007,WD,Normal,354000,8.190077049719049,3,3,3.5,1,1,1,1,338
323,60,RL,4.465908118654584,9.247732491193245,Pave,None,IR1,Lvl,AllPub,Inside,Gtl,SawyerW,Norm,Norm,1Fam,2Story,7,5,1986,1987,Gable,CompShg,Plywood,Plywood,BrkFace,5.153291594497779,Gd,TA,CBlock,TA,TA,Gd,LwQ,3.367295829986474,ALQ,7.29641326877392,0,7.315218389752975,GasA,Ex,Y,SBrkr,7.348587530927593,1177,0.0,7.912423121473705,1,0,2,1,4,1,Gd,8,Typ,1,TA,Attchd,1987.0,Fin,2,576,TA,TA,Y,5.308267697401205,4.574710978503383,0.0,0.0,0.0,0.0,None,MnPrv,None,0.0,8,2007,WD,Normal,301000,8.350666240520924,21,20,3.5,1,1,1,1,297
324,20,RM,3.912023005428146,8.669227347271736,Pave,None,Reg,Lvl,AllPub,Inside,Gtl,OldTown,Norm,Norm,1Fam,1Story,3,8,1955,2005,Gable,CompShg,VinylSd,VinylSd,None,0.0,TA,Gd,CBlock,TA,TA,No,ALQ,5.54907608489522,Unf,0.0,906,7.0587581525186645,GasA,Ex,Y,SBrkr,7.059617628291383,0,0.0,7.059617628291383,1,0,1,0,3,1,TA,6,Typ,0,None,Attchd,1955.0,Unf,1,220,Fa,TA,Y,4.962844630259907,4.59511985013459,0.0,0.0,0.0,0.0,None,None,None,0.0,7,2006,WD,Normal,126175,7.75190533307861,51,1,2.0,1,1,0,0,240
325,80,RL,4.574710978503383,9.330431852234003,Pave,None,Reg,Lvl,AllPub,Corner,Gtl,NAmes,PosN,Norm,1Fam,SLvl,7,7,1967,2007,Mansard,WdShake,Wd Sdng,Wd Sdng,BrkFace,5.707110264748875,Gd,Gd,CBlock,Gd,TA,No,Unf,0.0,Unf,0.0,710,6.566672429803241,GasA,Ex,Y,SBrkr,7.549082710812286,1080,0.0,7.999342952713282,0,0,2,1,5,1,Gd,11,Typ,1,Gd,BuiltIn,1961.0,Fin,2,564,TA,TA,Y,5.484796933490655,0.0,0.0,0.0,0.0,0.0,None,None,None,0.0,6,2010,WD,Normal,242000,8.213110697596676,43,3,2.5,1,1,1,1,240
326,45,RM,3.9318256327243257,8.517393171418904,Pave,None,Reg,Lvl,AllPub,Inside,Gtl,IDOTRR,RRAe,Norm,1Fam,1.5Unf,5,6,1941,1950,Gable,CompShg,MetalSd,MetalSd,None,0.0,TA,TA,CBlock,TA,TA,Av,BLQ,4.762173934797756,Unf,0.0,604,6.580639137284949,GasA,Po,N,FuseF,6.6895992691789665,0,0.0,6.6895992691789665,0,0,1,0,2,1,TA,5,Typ,0,None,Detchd,1941.0,Unf,2,360,TA,TA,Y,0.0,0.0,5.501258210544727,0.0,0.0,0.0,None,None,None,0.0,12,2007,WD,Normal,87000,7.329093736246592,66,57,1.0,1,1,0,0,244
327,120,RL,3.4965075614664802,9.291643823040218,Pave,None,IR1,Lvl,AllPub,CulDSac,Gtl,Veenker,Norm,Norm,TwnhsE,1Story,8,5,1993,1993,Gable,CompShg,BrkFace,BrkFace,None,0.0,Gd,TA,PConc,Gd,TA,Gd,GLQ,7.3901814282264295,Unf,0.0,100,7.450079569807499,GasA,Ex,Y,SBrkr,7.450079569807499,0,0.0,7.450079569807499,2,0,1,1,1,1,Gd,6,Typ,2,Gd,Attchd,1993.0,Fin,2,473,TA,TA,Y,4.812184355372417,3.4339872044851463,0.0,0.0,0.0,0.0,None,None,None,0.0,5,2008,Con,Normal,324000,8.142936010432265,15,15,3.5,1,1,1,0,152
328,20,RL,4.394449154672439,9.358846580275406,Pave,None,Reg,Lvl,AllPub,Inside,Gtl,NAmes,Norm,Norm,1Fam,1Story,6,5,1960,1960,Hip,CompShg,Wd Sdng,Wd Sdng,BrkFace,5.170483995038151,TA,TA,CBlock,TA,TA,No,Rec,6.338594078203183,Unf,0.0,818,7.232733136177615,GasA,TA,Y,SBrkr,7.232733136177615,0,0.0,7.232733136177615,0,0,1,1,3,1,TA,7,Typ,0,None,Attchd,1960.0,RFn,1,292,TA,TA,Y,0.0,3.828641396489095,0.0,0.0,0.0,0.0,None,None,None,0.0,4,2006,WD,Normal,145250,7.925518979786926,46,46,1.5,1,1,0,0,45
329,75,RL,3.970291913552122,9.383368881858544,Pave,Pave,IR1,Bnk,AllPub,Inside,Gtl,BrkSide,PosN,Norm,1Fam,2.5Unf,6,6,1916,1994,Gable,CompShg,Wd Sdng,Wd Shng,None,0.0,TA,TA,BrkTil,TA,TA,No,Unf,0.0,Unf,0.0,844,6.739336627357174,GasA,Gd,N,FuseA,7.27655640271871,689,0.0,7.666221925662725,0,0,2,0,5,1,Gd,10,Typ,0,None,Detchd,1930.0,Unf,2,441,TA,TA,Y,0.0,4.110873864173311,5.594711379601839,0.0,0.0,0.0,None,None,None,0.0,7,2009,WD,Normal,214500,7.999342952713282,93,15,2.0,1,1,0,1,328
330,70,RM,4.110873864173311,8.764521909518802,Pave,None,Reg,Lvl,AllPub,Corner,Gtl,IDOTRR,Norm,Norm,1Fam,2Story,5,5,1920,1950,Gable,CompShg,Wd Sdng,Wd Shng,None,0.0,TA,TA,PConc,TA,TA,Mn,Unf,0.0,Unf,0.0,596,6.391917113392602,GasA,TA,N,SBrkr,6.391917113392602,596,0.0,7.084226422097916,0,0,1,0,3,1,TA,6,Typ,0,None,Detchd,1920.0,Unf,1,189,Fa,Fa,N,0.0,0.0,4.927253685157205,0.0,0.0,0.0,None,GdWo,None,0.0,7,2009,WD,Normal,78000,7.489412083508719,89,59,1.0,1,1,0,1,137
331,90,RL,4.30406509320417,9.270964993792617,Pave,None,IR1,Lvl,AllPub,Inside,Gtl,NAmes,Norm,Norm,Duplex,1Story,5,4,1964,1964,Gable,CompShg,HdBoard,HdBoard,BrkFace,4.442651256490317,TA,TA,CBlock,TA,TA,No,GLQ,3.713572066704308,Rec,5.579729825986222,1424,7.455298485683291,GasA,TA,Y,SBrkr,7.455298485683291,0,0.0,7.455298485683291,0,1,2,0,6,2,TA,10,Typ,0,None,Detchd,2002.0,Unf,1,352,TA,TA,Y,5.049856007249537,0.0,0.0,0.0,0.0,0.0,None,None,None,0.0,11,2007,WD,Normal,119000,8.148156439921625,43,43,2.5,1,1,0,0,155
332,20,RL,4.2626798770413155,9.009080614161977,Pave,None,Reg,Lvl,AllPub,Inside,Gtl,NAmes,Norm,Norm,1Fam,1Story,5,6,1958,1992,Gable,CompShg,Wd Sdng,Wd Sdng,None,0.0,TA,TA,CBlock,TA,TA,No,Rec,6.741700694652055,Unf,0.0,210,6.963189985870238,GasA,Fa,Y,SBrkr,6.963189985870238,0,0.0,6.963189985870238,1,0,1,0,3,1,TA,6,Typ,0,None,Attchd,1958.0,RFn,1,308,TA,TA,Y,0.0,0.0,0.0,0.0,0.0,0.0,None,None,None,0.0,8,2007,WD,Normal,139000,7.655864017616056,49,15,2.0,1,1,0,0,0
333,20,RL,4.454347296253507,9.273878392780171,Pave,None,IR1,Lvl,AllPub,Inside,Gtl,NridgHt,Norm,Norm,1Fam,1Story,8,5,2003,2004,Gable,CompShg,VinylSd,VinylSd,BrkFace,5.6937321388027,Gd,TA,PConc,Gd,TA,No,GLQ,7.025538314638521,Unf,6.173786103901937,1603,8.073091199693154,GasA,Ex,Y,SBrkr,7.396335293800808,0,0.0,7.396335293800808,1,0,2,0,3,1,Gd,7,Typ,1,Gd,Attchd,2003.0,RFn,3,880,TA,TA,Y,0.0,0.0,0.0,0.0,0.0,0.0,None,None,None,0.0,10,2009,WD,Normal,284000,8.483843211734683,6,5,3.0,1,1,1,0,0
334,120,RM,4.0943445622221,9.011767474596178,Pave,None,Reg,Lvl,AllPub,FR3,Gtl,NridgHt,Norm,Norm,TwnhsE,1Story,7,5,2004,2004,Gable,CompShg,VinylSd,VinylSd,Stone,4.990432586778736,Gd,TA,PConc,Gd,TA,Av,GLQ,6.580639137284949,Unf,0.0,638,7.214504414151143,GasA,Ex,Y,SBrkr,7.214504414151143,0,0.0,7.214504414151143,1,0,2,0,2,1,Gd,6,Typ,1,Gd,Attchd,2004.0,RFn,2,484,TA,TA,Y,5.262690188904886,3.4339872044851463,0.0,0.0,0.0,0.0,None,None,None,0.0,7,2008,WD,Normal,207000,7.907283609426348,4,4,3.0,1,1,1,0,222
335,60,RL,4.0943445622221,9.10974625674048,Pave,None,IR1,Lvl,AllPub,Inside,Gtl,Gilbert,Norm,Norm,1Fam,2Story,6,5,1998,1998,Gable,CompShg,VinylSd,VinylSd,None,0.0,TA,TA,PConc,Gd,TA,Gd,GLQ,6.720220155135295,Unf,0.0,115,6.8501261661455,GasA,Gd,Y,SBrkr,6.8501261661455,695,0.0,7.40184157874383,1,0,2,1,3,1,TA,7,Typ,2,TA,Attchd,1998.0,Fin,2,472,TA,TA,Y,4.61512051684126,3.6635616461296463,0.0,0.0,0.0,0.0,None,None,None,0.0,7,2008,WD,Normal,192000,7.856319571406588,10,10,3.5,1,1,1,1,138
336,190,RL,4.454347296253507,12.011644093954345,Grvl,None,IR1,HLS,AllPub,Corner,Sev,Timber,Norm,Norm,2fmCon,1.5Fin,5,6,1965,1965,Gable,CompShg,Plywood,Plywood,None,0.0,TA,TA,CBlock,TA,TA,Gd,ALQ,7.1308988302963465,BLQ,4.997212273764115,103,7.313220387090301,GasA,Ex,Y,SBrkr,7.3901814282264295,167,0.0,7.488293515159428,2,0,2,0,3,1,TA,7,Typ,2,Gd,Attchd,1965.0,Fin,2,529,TA,TA,Y,6.508769136971682,0.0,0.0,0.0,0.0,0.0,None,None,Shed,6.55250788703459,8,2008,WD,Normal,228950,8.097426298597213,43,43,4.0,1,1,1,1,670
337,20,RL,4.465908118654584,9.558035114334135,Pave,None,IR1,HLS,AllPub,Corner,Gtl,StoneBr,Norm,Norm,1Fam,1Story,9,5,2005,2006,Hip,CompShg,VinylSd,VinylSd,Stone,5.303304908059076,Gd,TA,PConc,Ex,TA,Gd,GLQ,7.1308988302963465,Unf,0.0,673,7.56164174558878,GasA,Ex,Y,SBrkr,7.56164174558878,0,0.0,7.56164174558878,1,0,2,0,3,1,Gd,8,Typ,1,Gd,Attchd,2005.0,Fin,3,676,TA,TA,Y,5.187385805840755,3.9512437185814275,0.0,0.0,0.0,0.0,None,None,None,0.0,7,2007,WD,Normal,377426,8.254528881939745,2,1,3.0,1,1,1,0,229
338,20,RL,4.2626798770413155,9.119977931895791,Pave,None,Reg,Lvl,AllPub,Inside,Gtl,CollgCr,Norm,Norm,1Fam,1Story,7,5,2002,2003,Gable,CompShg,VinylSd,VinylSd,BrkFace,4.736198448394496,Gd,TA,PConc,Gd,TA,Av,GLQ,6.698268054115413,Unf,0.0,726,7.337587743538596,GasA,Ex,Y,SBrkr,7.337587743538596,0,0.0,7.337587743538596,1,0,2,0,3,1,Gd,7,Typ,0,None,Attchd,2002.0,RFn,2,532,TA,TA,Y,5.262690188904886,4.31748811353631,0.0,0.0,0.0,0.0,None,None,None,0.0,12,2008,WD,Normal,214000,8.030409562130485,6,5,3.0,1,1,0,0,266
339,20,RL,4.5217885770490405,9.557187177595935,Pave,None,Reg,Lvl,AllPub,Corner,Gtl,NWAmes,Norm,Norm,1Fam,1Story,7,7,1984,1998,Gable,CompShg,Wd Sdng,Wd Sdng,None,0.0,Gd,TA,CBlock,Gd,TA,Mn,ALQ,5.365976015021851,Unf,0.0,995,7.097548850614793,GasA,Ex,Y,SBrkr,7.3914152346753585,0,0.0,7.3914152346753585,1,0,2,0,3,1,Gd,8,Typ,0,None,Attchd,1984.0,RFn,2,440,TA,TA,Y,4.6913478822291435,3.828641396489095,0.0,0.0,0.0,0.0,None,None,Shed,5.993961427306569,5,2006,WD,Normal,202500,7.948031990637284,22,8,3.0,1,1,0,0,153
340,20,RL,4.204692619390966,9.425532393502772,Pave,None,IR1,Lvl,AllPub,Inside,Gtl,NAmes,Feedr,Norm,1Fam,1Story,6,7,1958,1998,Hip,CompShg,Wd Sdng,Wd Sdng,BrkFace,5.176149732573829,TA,TA,CBlock,TA,Fa,No,Rec,6.373319789577012,Unf,0.0,630,7.103322062526113,GasA,TA,Y,FuseA,7.103322062526113,0,0.0,7.103322062526113,0,0,1,0,3,1,TA,6,Typ,0,None,Attchd,1958.0,Unf,1,297,TA,TA,Y,0.0,0.0,0.0,0.0,5.459585514144159,0.0,None,None,None,0.0,6,2009,WD,Normal,155000,7.796057974316123,51,11,1.0,1,1,0,0,234
341,60,RL,4.454347296253507,9.56043370454936,Pave,None,Reg,Lvl,AllPub,Inside,Gtl,Timber,Norm,Norm,1Fam,2Story,8,5,2002,2002,Gable,CompShg,VinylSd,VinylSd,None,0.0,Gd,TA,PConc,Gd,TA,No,Unf,0.0,Unf,0.0,967,6.875232087276577,GasA,Ex,Y,SBrkr,6.901737206656574,915,0.0,7.554334823725748,0,0,2,1,4,1,Gd,9,Typ,0,None,Attchd,2002.0,Fin,2,431,TA,TA,Y,4.912654885736052,0.0,0.0,0.0,0.0,0.0,None,None,None,0.0,4,2010,WD,Normal,202900,7.964155718840937,8,8,2.5,1,1,0,1,135
342,20,RH,4.110873864173311,9.036106025364846,Pave,None,Reg,Lvl,AllPub,Inside,Gtl,SawyerW,Feedr,Norm,1Fam,1Story,4,4,1950,1950,Gable,CompShg,Wd Sdng,AsbShng,None,0.0,Fa,Fa,CBlock,TA,Fa,No,Unf,0.0,Unf,0.0,721,6.582025138892826,GasA,Gd,Y,SBrkr,6.7357800142423265,0,0.0,6.7357800142423265,0,0,1,0,2,1,TA,4,Typ,0,None,CarPort,1950.0,Unf,1,294,TA,TA,N,5.5254529391317835,0.0,3.2188758248682006,0.0,0.0,0.0,None,None,None,0.0,9,2009,WD,Normal,82000,7.354362330421477,59,59,1.0,1,1,0,0,274
343,90,RL,4.30406509320417,9.053101595549691,Pave,None,Reg,Lvl,AllPub,Inside,Gtl,NAmes,Norm,Norm,Duplex,1Story,3,4,1949,1950,Gable,CompShg,Stucco,Stucco,BrkFace,5.831882477283517,TA,TA,Slab,None,None,None,None,0.0,None,0.0,0,0.0,Wall,Fa,N,FuseA,6.947937068614969,0,0.0,6.947937068614969,0,0,2,0,2,2,TA,6,Typ,0,None,Detchd,1949.0,Unf,2,400,TA,TA,Y,0.0,0.0,0.0,0.0,0.0,0.0,None,None,None,0.0,5,2006,WD,Normal,87500,6.947937068614969,57,56,2.0,1,0,0,0,0
344,120,RL,4.1588830833596715,9.088172738001974,Pave,None,IR1,Lvl,AllPub,Inside,Gtl,NridgHt,Norm,Norm,TwnhsE,1Story,9,5,2005,2005,Hip,CompShg,MetalSd,MetalSd,BrkFace,6.424869023905388,Ex,TA,PConc,Ex,TA,No,GLQ,3.367295829986474,Unf,0.0,1656,7.429520842786462,GasA,Ex,Y,SBrkr,7.429520842786462,0,0.0,7.429520842786462,0,0,2,0,2,1,Ex,6,Typ,1,Ex,Attchd,2005.0,RFn,2,564,TA,TA,Y,6.206575926724928,4.290459441148391,0.0,0.0,0.0,0.0,None,None,None,0.0,7,2008,WD,Normal,266000,8.122371243406553,3,3,2.0,1,1,1,0,567
345,160,RM,3.6109179126442243,7.860570785538664,Pave,None,Reg,Lvl,AllPub,Inside,Gtl,MeadowV,Norm,Norm,TwnhsE,2Story,5,3,1976,1976,Gable,CompShg,CemntBd,CmentBd,None,0.0,TA,TA,CBlock,Gd,TA,No,Rec,4.867534450455582,BLQ,5.4510384535657,175,6.285998094508865,GasA,TA,Y,SBrkr,6.285998094508865,576,0.0,7.014814351275545,0,0,1,1,3,1,TA,4,Typ,0,None,Attchd,1976.0,Unf,1,336,TA,TA,Y,5.209486152841421,0.0,0.0,0.0,0.0,0.0,None,None,None,0.0,4,2010,WD,Normal,85000,7.407924322559599,34,34,1.5,1,1,0,1,182
346,50,RL,4.189654742026425,8.769662508112274,Pave,None,Reg,Lvl,AllPub,Inside,Gtl,BrkSide,RRAn,Norm,1Fam,1.5Fin,6,5,1939,1950,Gable,CompShg,MetalSd,MetalSd,None,0.0,TA,TA,BrkTil,TA,TA,No,Unf,0.0,Unf,0.0,972,6.880384082186005,GasA,Gd,Y,SBrkr,6.880384082186005,605,0.0,7.363913501405819,0,0,1,0,3,1,Fa,6,Typ,1,Gd,Detchd,1939.0,Unf,1,312,TA,TA,Y,0.0,0.0,0.0,0.0,0.0,0.0,None,None,None,0.0,10,2006,WD,Normal,140200,7.843848638152472,67,56,1.0,1,1,1,1,0
347,20,RL,4.30406509320417,9.455088847042777,Pave,None,IR1,Lvl,AllPub,CulDSac,Gtl,NAmes,Norm,Norm,1Fam,1Story,6,8,1960,1998,Hip,CompShg,MetalSd,MetalSd,None,0.0,TA,Gd,CBlock,TA,TA,Mn,BLQ,6.212606095751519,Unf,0.0,460,6.8658910748834385,GasA,TA,Y,SBrkr,6.8658910748834385,0,0.0,6.8658910748834385,0,0,1,0,2,1,TA,5,Typ,0,None,Attchd,1960.0,RFn,1,301,TA,TA,Y,0.0,0.0,0.0,0.0,0.0,0.0,None,None,Gar2,9.648659816955295,4,2007,WD,Normal,151500,7.558516743045645,47,9,1.0,1,1,0,0,0
348,20,RL,4.30406509320417,9.77571099759397,Pave,None,IR1,Lvl,AllPub,Inside,Gtl,NAmes,Norm,Norm,1Fam,1Story,6,5,1960,1960,Gable,CompShg,Wd Sdng,Wd Sdng,BrkFace,3.4339872044851463,TA,TA,CBlock,TA,TA,No,BLQ,7.147559271189454,Unf,0.0,208,7.2991214627108,GasA,Ex,Y,FuseA,7.2991214627108,0,0.0,7.2991214627108,1,0,2,0,3,1,TA,6,Typ,2,Gd,Attchd,1960.0,Unf,2,498,TA,TA,Y,0.0,3.713572066704308,0.0,0.0,0.0,0.0,None,None,None,0.0,12,2009,WD,Normal,157500,7.9919305198524775,49,49,3.0,1,1,1,0,40
349,160,RL,3.6109179126442243,7.803435056952168,Pave,None,Reg,Lvl,AllPub,Inside,Gtl,NridgHt,Norm,Norm,Twnhs,2Story,7,5,2003,2004,Gable,CompShg,VinylSd,Wd Shng,Stone,4.672828834461906,Gd,TA,PConc,Gd,TA,No,GLQ,6.352629396319567,Unf,0.0,191,6.639875833826536,GasA,Ex,Y,SBrkr,6.639875833826536,862,0.0,7.394493107219038,1,0,2,1,2,1,Gd,6,Typ,0,None,BuiltIn,2003.0,RFn,2,474,TA,TA,Y,0.0,3.332204510175204,0.0,0.0,0.0,0.0,None,None,None,0.0,10,2008,WD,Normal,154000,7.779466967458324,5,4,3.5,1,1,0,1,27
350,60,RL,4.04305126783455,9.92485757827232,Pave,None,IR2,Lvl,AllPub,Inside,Gtl,NridgHt,Norm,Norm,1Fam,2Story,9,5,2005,2006,Hip,CompShg,CemntBd,CmentBd,BrkFace,6.769641976852503,Ex,TA,PConc,Ex,TA,No,GLQ,7.252053951852814,Unf,0.0,438,7.522400231387125,GasA,Ex,Y,SBrkr,7.522400231387125,880,0.0,7.911690520708339,1,0,2,1,4,1,Ex,10,Typ,2,Ex,Attchd,2006.0,Fin,3,706,TA,TA,Y,0.0,0.0,0.0,0.0,0.0,0.0,None,None,None,0.0,4,2006,New,Partial,437154,8.428799040653642,1,0,3.5,1,1,1,1,0
351,120,RL,4.23410650459726,8.964567702601611,Pave,None,IR1,Lvl,AllPub,Inside,Gtl,NridgHt,Norm,Norm,TwnhsE,1Story,9,5,2007,2007,Hip,CompShg,MetalSd,MetalSd,BrkFace,5.8944028342648505,Ex,TA,PConc,Ex,TA,No,Unf,0.0,Unf,0.0,1869,7.533693709848633,GasA,Ex,Y,SBrkr,7.533693709848633,0,0.0,7.533693709848633,0,0,2,0,2,1,Ex,6,Typ,1,Gd,Attchd,2007.0,RFn,2,617,TA,TA,Y,5.351858133476067,4.007333185232471,0.0,0.0,0.0,0.0,None,None,None,0.0,12,2007,New,Partial,318061,8.226573474977114,0,0,2.0,1,1,1,0,264
352,120,RL,4.394449154672439,8.570165076182343,Pave,None,IR1,Low,AllPub,Inside,Mod,ClearCr,Norm,Norm,1Fam,1Story,7,5,1986,1986,Gable,CompShg,Wd Sdng,Wd Sdng,None,0.0,TA,TA,PConc,Gd,TA,Gd,GLQ,6.9874902470009905,Unf,0.0,371,7.282073658093465,GasA,Gd,Y,SBrkr,7.282073658093465,0,0.0,7.282073658093465,1,0,1,1,2,1,Gd,6,Typ,1,TA,Attchd,1986.0,RFn,2,445,TA,TA,Y,0.0,4.394449154672439,0.0,0.0,5.220355825078324,0.0,None,None,None,0.0,12,2006,WD,Abnorml,190000,7.9748769005588755,20,20,2.5,1,1,1,0,264
353,50,RL,4.110873864173311,9.114379980830272,Pave,None,Reg,Lvl,AllPub,Inside,Gtl,Edwards,Artery,Norm,1Fam,1.5Fin,5,6,1941,1950,Gable,CompShg,VinylSd,VinylSd,None,0.0,TA,TA,CBlock,TA,Fa,Mn,LwQ,5.4680601411351315,Rec,5.942799375126701,0,6.424869023905388,GasA,TA,N,SBrkr,6.424869023905388,495,0.0,7.013915474810528,0,1,1,0,3,1,TA,5,Typ,0,None,Detchd,1941.0,Unf,1,200,TA,Fa,Y,3.8918202981106265,0.0,0.0,0.0,0.0,0.0,None,None,None,0.0,3,2008,ConLw,Normal,95000,7.454719949364001,67,58,1.5,1,1,0,1,48
354,30,RM,4.110873864173311,9.050288983827956,Pave,None,Reg,Lvl,AllPub,Inside,Gtl,OldTown,Norm,Norm,1Fam,1Story,6,8,1928,2003,Gable,CompShg,VinylSd,VinylSd,None,0.0,TA,Gd,BrkTil,TA,TA,No,Unf,0.0,Unf,0.0,624,6.437751649736401,GasA,Gd,Y,SBrkr,6.580639137284949,0,0.0,6.580639137284949,0,0,1,0,2,1,TA,5,Typ,0,None,Detchd,2005.0,Unf,2,484,TA,TA,Y,4.672828834461906,0.0,0.0,0.0,0.0,0.0,None,None,None,0.0,5,2010,WD,Normal,105900,7.20414929203594,82,7,1.0,1,1,0,0,106
355,50,RL,4.110873864173311,9.036106025364846,Pave,None,Reg,Bnk,AllPub,Inside,Gtl,SWISU,Norm,Norm,1Fam,1.5Fin,6,5,1940,2000,Gable,CompShg,Wd Sdng,MetalSd,None,0.0,TA,TA,CBlock,TA,TA,No,LwQ,5.963579343618446,Unf,0.0,552,6.846943139585379,GasA,Ex,Y,SBrkr,7.084226422097916,403,0.0,7.3752557780097545,0,0,1,0,2,1,TA,6,Typ,2,Gd,Attchd,1940.0,Unf,1,240,TA,TA,Y,0.0,0.0,4.6913478822291435,0.0,0.0,0.0,None,None,None,0.0,6,2006,WD,Normal,140000,7.8383433155571165,66,6,1.0,1,1,1,1,108
356,20,RL,4.663439094112067,9.328123407632566,Pave,None,IR2,Lvl,AllPub,Inside,Gtl,CollgCr,Norm,Norm,1Fam,1Story,6,5,1995,1995,Gable,CompShg,VinylSd,VinylSd,None,0.0,Gd,Gd,PConc,Gd,Gd,No,ALQ,5.814130531825066,BLQ,6.300785794663244,322,7.0909098220799835,GasA,Ex,Y,SBrkr,7.0909098220799835,0,0.0,7.0909098220799835,1,0,2,0,3,1,Gd,6,Typ,0,None,Attchd,1995.0,RFn,2,521,TA,TA,Y,0.0,3.295836866004329,0.0,0.0,0.0,0.0,None,None,None,0.0,8,2007,WD,Normal,177500,7.783640596221253,12,12,3.0,1,1,0,0,26
357,20,RL,4.189654742026425,9.13227071655426,Pave,None,IR1,Lvl,AllPub,Inside,Gtl,Gilbert,Norm,Norm,1Fam,1Story,6,6,1992,1992,Gable,CompShg,HdBoard,HdBoard,BrkFace,4.672828834461906,TA,TA,PConc,Gd,TA,No,GLQ,6.329720905522696,Unf,0.0,598,7.055312843339752,GasA,Gd,Y,SBrkr,7.0630481633881725,0,0.0,7.0630481633881725,1,0,2,0,3,1,Gd,6,Typ,0,None,Attchd,1992.0,RFn,2,400,TA,TA,Y,4.795790545596741,3.295836866004329,0.0,0.0,0.0,0.0,None,None,None,0.0,7,2009,WD,Normal,173000,7.75190533307861,17,17,3.0,1,1,0,0,146
358,120,RM,3.8066624897703196,8.348774539791274,Pave,None,Reg,Lvl,AllPub,Inside,Gtl,MeadowV,Norm,Norm,TwnhsE,1Story,5,5,1976,1976,Gable,CompShg,CemntBd,CmentBd,None,0.0,TA,TA,PConc,Gd,TA,No,ALQ,6.774223886357614,Unf,0.0,268,7.04141166379481,GasA,TA,Y,SBrkr,7.04141166379481,0,0.0,7.04141166379481,1,0,1,1,3,1,TA,6,Typ,1,Po,Attchd,1976.0,Fin,2,528,TA,TA,Y,6.285998094508865,4.51085950651685,0.0,0.0,0.0,0.0,None,MnPrv,None,0.0,8,2007,WD,Normal,134000,7.734121303328305,31,31,2.5,1,1,1,0,626
359,80,RL,4.532599493153256,8.843759381917984,Pave,None,IR1,Lvl,AllPub,Inside,Gtl,ClearCr,Norm,Norm,1Fam,SLvl,5,4,1958,1958,Hip,CompShg,Wd Sdng,ImStucc,BrkFace,4.795790545596741,TA,TA,CBlock,TA,TA,Av,BLQ,5.707110264748875,Rec,5.68697535633982,468,6.968850378341948,GasA,Ex,Y,FuseF,7.210079628170788,0,0.0,7.210079628170788,0,1,1,0,3,1,Gd,6,Min2,0,None,BuiltIn,1958.0,Unf,1,288,TA,TA,Y,5.1298987149230735,0.0,5.68697535633982,0.0,0.0,0.0,None,None,None,0.0,7,2006,WD,Abnorml,130000,7.789454566086673,48,48,1.5,1,1,0,0,462
360,60,RL,4.3694478524670215,9.39366142910322,Pave,None,IR1,Lvl,AllPub,CulDSac,Gtl,NoRidge,Norm,Norm,1Fam,2Story,8,5,1998,1998,Gable,CompShg,VinylSd,VinylSd,BrkFace,6.274762021241939,Gd,TA,PConc,Gd,TA,Av,GLQ,6.863803391452954,Unf,0.0,130,6.99117688712121,GasA,Ex,Y,SBrkr,6.99117688712121,838,0.0,7.562681246721884,1,0,2,1,3,1,Gd,7,Typ,1,TA,Attchd,1998.0,RFn,2,592,TA,TA,Y,5.342334251964811,4.330733340286331,0.0,0.0,5.926926025970411,0.0,None,None,None,0.0,6,2006,WD,Normal,280000,8.010027528481734,8,8,3.5,1,1,1,1,657
361,85,RL,4.30406509320417,8.928110078202646,Pave,None,IR1,Lvl,AllPub,CulDSac,Gtl,Mitchel,Norm,Norm,1Fam,SFoyer,6,6,1978,1978,Gable,CompShg,VinylSd,VinylSd,None,0.0,TA,TA,CBlock,Gd,TA,Av,GLQ,6.651571873589727,Unf,0.0,115,6.790097235513905,GasA,Ex,Y,SBrkr,6.816735880594968,0,0.0,6.816735880594968,1,0,1,0,2,1,TA,5,Typ,1,TA,Attchd,1978.0,RFn,2,470,TA,TA,Y,0.0,0.0,0.0,0.0,5.262690188904886,0.0,None,MnPrv,None,0.0,6,2007,WD,Normal,156000,7.496097345175956,29,29,2.0,1,1,1,0,192
362,50,RL,3.970291913552122,9.120962560824966,Pave,Pave,Reg,Lvl,AllPub,Inside,Gtl,BrkSide,Norm,Norm,1Fam,1.5Fin,5,5,1940,1982,Gable,CompShg,MetalSd,MetalSd,None,0.0,TA,TA,CBlock,TA,TA,No,Rec,5.991464547107982,Unf,0.0,484,6.784457062637643,GasA,Gd,Y,SBrkr,6.8966943316227125,517,0.0,7.317212408359839,1,0,1,0,3,1,TA,8,Typ,0,None,Detchd,1940.0,Unf,1,240,TA,TA,N,0.0,0.0,0.0,0.0,0.0,0.0,None,None,None,0.0,7,2008,WD,Normal,145000,7.77863014732581,68,26,2.0,1,1,0,1,0
363,85,RL,4.174387269895637,8.895903562215581,Pave,None,Reg,Lvl,AllPub,Corner,Gtl,Edwards,Norm,Norm,1Fam,SFoyer,7,5,2003,2003,Gable,CompShg,HdBoard,HdBoard,BrkFace,6.2166061010848646,Gd,TA,Slab,None,None,None,None,0.0,None,0.0,0,0.0,GasA,Ex,Y,SBrkr,6.206575926724928,1427,0.0,7.56164174558878,0,0,3,0,4,1,Gd,7,Typ,1,Ex,BuiltIn,2003.0,RFn,2,672,TA,TA,Y,0.0,0.0,5.181783550292085,0.0,0.0,0.0,None,None,None,0.0,7,2009,ConLD,Normal,198500,7.56164174558878,6,6,3.0,1,0,1,1,177
364,160,RM,3.091042453358316,7.427144133408616,Pave,None,Reg,Lvl,AllPub,Inside,Gtl,BrDale,Norm,Norm,Twnhs,2Story,6,8,1972,2007,Gable,CompShg,HdBoard,HdBoard,BrkFace,6.236369590203704,TA,TA,CBlock,TA,TA,No,ALQ,5.093750200806762,Unf,0.0,321,6.182084906716632,GasA,Gd,Y,SBrkr,6.182084906716632,504,0.0,6.895682697747868,0,0,1,1,2,1,Gd,5,Typ,0,None,Detchd,1972.0,Unf,1,264,TA,TA,Y,5.5254529391317835,0.0,0.0,0.0,0.0,0.0,None,None,None,0.0,5,2009,WD,Normal,118000,7.293697720601438,37,2,1.5,1,1,0,1,250
365,60,RL,4.394449154672439,9.841665338892785,Pave,None,IR1,Lvl,AllPub,FR2,Gtl,NWAmes,Norm,Norm,1Fam,2Story,6,5,1976,1976,Gable,CompShg,HdBoard,HdBoard,BrkFace,4.795790545596741,TA,TA,PConc,Gd,TA,Mn,GLQ,6.569481420414296,Unf,0.0,84,6.680854678790215,GasA,TA,Y,SBrkr,6.673297967767654,784,0.0,7.362010551259734,1,0,2,1,3,1,TA,6,Typ,1,TA,Attchd,1976.0,Fin,2,566,TA,TA,Y,5.726847747587197,4.718498871295094,0.0,0.0,0.0,0.0,None,None,None,0.0,7,2006,WD,Normal,190000,7.771067086065406,30,30,3.5,1,1,1,1,417
366,70,RM,4.0943445622221,9.2771575450135,Pave,None,Reg,Lvl,AllPub,Inside,Gtl,IDOTRR,Norm,Norm,1Fam,2Story,5,7,1920,1997,Hip,CompShg,VinylSd,VinylSd,None,0.0,TA,Gd,CBlock,TA,Fa,No,Rec,6.124683390894205,Unf,0.0,216,6.511745329644728,GasA,Gd,Y,FuseA,6.511745329644728,672,0.0,7.20414929203594,0,0,1,0,3,1,TA,6,Typ,0,None,Detchd,1964.0,Unf,1,468,TA,Fa,Y,0.0,4.859812404361672,5.389071729816501,0.0,0.0,0.0,None,None,None,0.0,7,2009,WD,Normal,147000,7.6093665379542115,89,12,1.0,1,1,0,1,346
367,20,RL,4.30406509320417,9.15915233520675,Pave,None,IR1,Lvl,AllPub,Inside,Gtl,NAmes,Norm,Norm,1Fam,1Story,6,5,1963,1963,Gable,CompShg,Plywood,Plywood,BrkFace,5.5134287461649825,TA,TA,CBlock,Gd,TA,No,BLQ,6.413458957167357,Unf,0.0,785,7.240649694255466,GasA,Gd,Y,SBrkr,7.240649694255466,0,0.0,7.240649694255466,1,0,1,1,3,1,TA,6,Typ,2,Gd,Attchd,1963.0,RFn,2,514,TA,TA,Y,0.0,4.343805421853684,0.0,0.0,5.225746673713202,0.0,None,None,None,0.0,7,2009,WD,Normal,159000,7.933438387627489,46,46,2.5,1,1,1,0,261
368,80,RL,4.624972813284271,9.121618441915379,Pave,None,IR1,Lvl,AllPub,Corner,Gtl,NAmes,Norm,Norm,1Fam,SLvl,6,5,1962,1962,Gable,Tar&Grv,Plywood,Plywood,BrkFace,5.723585101952381,TA,TA,CBlock,Gd,TA,Gd,GLQ,5.918893854273146,Unf,0.0,728,7.003065458786462,GasA,Gd,Y,SBrkr,7.266827347520591,0,0.0,7.266827347520591,0,1,1,0,3,1,TA,6,Typ,1,Gd,Basment,1962.0,RFn,1,296,TA,TA,Y,4.174387269895637,4.709530201312334,0.0,0.0,0.0,0.0,None,None,None,0.0,12,2008,WD,Normal,165000,7.836369760545124,46,46,1.5,1,1,1,0,174
369,20,RL,4.3694478524670215,8.962007209588313,Pave,None,Reg,Lvl,AllPub,Inside,Gtl,NAmes,Norm,Norm,1Fam,1Story,5,6,1954,1954,Gable,CompShg,HdBoard,HdBoard,BrkFace,5.303304908059076,TA,TA,PConc,TA,TA,No,LwQ,6.293419278846481,Unf,0.0,728,7.1459844677143876,GasA,Gd,Y,SBrkr,7.1459844677143876,0,0.0,7.1459844677143876,0,0,1,0,2,1,TA,7,Typ,1,Gd,Attchd,1954.0,Fin,1,244,TA,TA,Y,0.0,4.59511985013459,0.0,0.0,0.0,0.0,None,None,None,0.0,3,2010,WD,Normal,132000,7.838737559599282,56,56,1.0,1,1,1,0,98
370,20,RL,4.30406509320417,9.193295937366925,Pave,None,IR1,Lvl,AllPub,Corner,Gtl,NAmes,Norm,Norm,1Fam,1Story,5,7,1959,2006,Gable,CompShg,Wd Sdng,Wd Sdng,None,0.0,TA,Gd,CBlock,TA,TA,No,ALQ,4.290459441148391,Rec,5.556828061699537,733,6.96979066990159,GasA,Ex,Y,SBrkr,7.160845906664299,0,0.0,7.160845906664299,1,0,1,0,3,1,Gd,7,Typ,1,Gd,Detchd,1997.0,Fin,2,576,TA,TA,Y,5.8998973535824915,2.8903717578961645,0.0,0.0,5.209486152841421,0.0,None,None,None,0.0,3,2010,WD,Normal,162000,7.762596048540069,51,4,2.0,1,1,1,0,563
371,60,RL,4.189654742026425,9.002331708246244,Pave,None,IR1,Lvl,AllPub,Inside,Gtl,Gilbert,Norm,Norm,1Fam,2Story,6,5,2000,2000,Gable,CompShg,VinylSd,VinylSd,None,0.0,TA,TA,PConc,Gd,TA,No,Unf,0.0,Unf,0.0,953,6.860663671448287,GasA,Ex,Y,SBrkr,6.860663671448287,711,0.0,7.417580402414544,0,0,2,1,3,1,TA,7,Typ,1,TA,Attchd,2000.0,RFn,2,460,TA,TA,Y,4.61512051684126,3.713572066704308,0.0,0.0,0.0,0.0,None,None,None,0.0,1,2006,WD,Normal,172400,7.870165946469845,6,6,2.5,1,1,1,1,140
372,50,RL,4.394449154672439,9.748061059204817,Pave,None,Reg,Lvl,AllPub,Inside,Gtl,ClearCr,Feedr,Norm,1Fam,1.5Fin,4,4,1959,1959,Gable,CompShg,WdShing,Plywood,None,0.0,TA,TA,CBlock,None,None,None,None,0.0,None,0.0,0,0.0,GasA,TA,Y,SBrkr,7.02197642307216,468,0.0,7.370860166536716,0,0,2,0,4,1,TA,7,Min2,1,Gd,Detchd,1991.0,Fin,2,680,TA,TA,N,0.0,4.0943445622221,0.0,0.0,0.0,0.0,None,None,None,0.0,7,2008,WD,Normal,134432,7.370860166536716,49,49,2.0,1,0,1,1,59
373,120,RL,3.9318256327243257,8.878497403738631,Pave,None,Reg,Lvl,AllPub,Inside,Gtl,SawyerW,Norm,Norm,TwnhsE,1Story,6,5,1984,1984,Gable,CompShg,Plywood,Plywood,None,0.0,TA,TA,CBlock,Gd,TA,No,ALQ,6.436150368369428,LwQ,4.804021044733257,0,6.61338421837956,GasA,TA,Y,SBrkr,6.6240652277998935,0,0.0,6.6240652277998935,1,0,1,0,2,1,TA,4,Typ,0,None,Attchd,1984.0,Unf,1,264,TA,TA,Y,5.869296913133774,0.0,0.0,0.0,4.51085950651685,0.0,None,MnPrv,None,0.0,2,2010,WD,Normal,125000,7.311218384419629,26,26,2.0,1,1,0,0,443
374,20,RL,4.382026634673881,9.271905727634337,Pave,None,Reg,Lvl,AllPub,Inside,Gtl,NAmes,Norm,Norm,1Fam,1Story,5,6,1953,1953,Gable,CompShg,MetalSd,MetalSd,None,0.0,TA,TA,PConc,TA,TA,No,BLQ,6.061456918928017,LwQ,5.198497031265826,0,6.411818267709897,GasA,TA,Y,SBrkr,7.1853870155804165,0,0.0,7.1853870155804165,1,0,1,0,3,1,TA,5,Min2,0,None,Attchd,1953.0,Unf,1,270,TA,TA,Y,4.204692619390966,0.0,0.0,0.0,0.0,0.0,None,GdWo,None,0.0,11,2009,WD,Normal,123000,7.564238475170491,56,56,2.0,1,1,0,0,66
375,60,RL,4.189654742026425,9.012011377036412,Pave,None,Reg,Lvl,AllPub,Inside,Gtl,CollgCr,Norm,Norm,1Fam,2Story,7,5,2003,2004,Gable,CompShg,VinylSd,VinylSd,None,0.0,Gd,TA,PConc,Gd,TA,No,Unf,0.0,Unf,0.0,847,6.742880635791903,GasA,Ex,Y,SBrkr,6.742880635791903,1081,0.0,7.564757012905729,0,0,2,1,4,1,Gd,8,Typ,1,Gd,BuiltIn,2003.0,Fin,2,434,TA,TA,Y,4.61512051684126,3.8918202981106265,0.0,0.0,0.0,0.0,None,None,None,0.0,7,2007,WD,Normal,219500,7.9287663216266955,4,3,2.5,1,1,1,1,148
376,30,RL,4.197201947661808,9.212438170058329,Pave,None,IR1,Low,AllPub,Inside,Sev,Edwards,Norm,Norm,1Fam,1Story,1,1,1922,1950,Gable,CompShg,Wd Sdng,Wd Sdng,None,0.0,Fa,Fa,BrkTil,Fa,Po,Gd,BLQ,5.860786223465865,Unf,0.0,333,6.52795791762255,GasA,Gd,N,FuseA,6.807934943699926,0,0.0,6.807934943699926,1,0,0,1,1,1,Fa,4,Maj1,0,None,None,0.0,None,0,0,None,None,Y,0.0,0.0,0.0,0.0,0.0,0.0,None,None,None,0.0,3,2009,WD,Normal,61000,7.370230641807081,87,59,1.5,0,1,0,0,0
377,85,RL,4.060443010546419,9.087833697483386,Pave,None,IR1,Lvl,AllPub,CulDSac,Gtl,CollgCr,Norm,Norm,1Fam,SFoyer,5,5,1996,1996,Gable,CompShg,VinylSd,VinylSd,None,0.0,Gd,TA,PConc,Gd,TA,Av,GLQ,5.700443573390687,Unf,0.0,572,6.769641976852503,GasA,Ex,Y,SBrkr,6.818924065275521,0,0.0,6.818924065275521,0,0,1,0,2,1,TA,5,Typ,0,None,Detchd,1998.0,Unf,2,576,TA,TA,Y,0.0,0.0,0.0,0.0,0.0,0.0,None,None,None,0.0,7,2006,WD,Normal,148000,7.487173694213739,10,10,1.0,1,1,0,0,0
378,60,FV,4.634728988229636,9.318656515459642,Pave,None,IR1,Lvl,AllPub,Corner,Gtl,Somerst,Norm,Norm,1Fam,2Story,8,5,2004,2005,Gable,CompShg,CemntBd,CmentBd,None,0.0,Gd,TA,PConc,Gd,TA,No,Unf,0.0,Unf,0.0,1580,7.365812837209472,GasA,Ex,Y,SBrkr,7.365812837209472,886,0.0,7.810758116529357,0,0,3,0,4,1,Gd,8,Typ,1,Gd,Attchd,2004.0,RFn,2,610,TA,TA,Y,5.075173815233827,5.3706380281276624,0.0,0.0,0.0,0.0,None,None,None,0.0,12,2007,WD,Normal,340000,8.305731144875866,3,2,3.0,1,1,1,1,373
379,20,RL,4.48863636973214,9.340929941679784,Pave,None,Reg,Lvl,AllPub,Corner,Gtl,StoneBr,Norm,Norm,1Fam,1Story,9,2,2010,2010,Hip,CompShg,VinylSd,VinylSd,Stone,5.860786223465865,Gd,TA,PConc,Ex,TA,Av,GLQ,7.27655640271871,Unf,0.0,411,7.526717561352706,GasA,Ex,Y,SBrkr,7.526717561352706,0,0.0,7.526717561352706,1,0,1,1,1,1,Ex,8,Typ,1,Ex,Attchd,2010.0,Fin,3,834,TA,TA,Y,4.736198448394496,0.0,0.0,0.0,0.0,0.0,None,None,None,0.0,6,2010,New,Partial,394432,8.21959545417708,0,0,2.5,1,1,1,0,113
380,60,RL,4.110873864173311,9.002577922700276,Pave,None,IR1,Lvl,AllPub,Inside,Gtl,Gilbert,RRAn,Norm,1Fam,2Story,6,5,2000,2000,Gable,CompShg,VinylSd,VinylSd,BrkFace,2.833213344056216,TA,TA,PConc,Gd,TA,No,Unf,0.0,Unf,0.0,982,6.890609120147166,GasA,Ex,Y,SBrkr,6.915723448631314,793,0.0,7.496097345175956,0,0,2,1,3,1,TA,7,Typ,1,TA,Attchd,2000.0,Fin,2,463,TA,TA,Y,4.61512051684126,4.1588830833596715,0.0,0.0,0.0,0.0,None,None,None,0.0,6,2009,WD,Normal,179000,7.931284761525891,9,9,2.5,1,1,1,1,163
381,50,RL,3.9318256327243257,8.517393171418904,Pave,Pave,Reg,Lvl,AllPub,Inside,Gtl,SWISU,Norm,Norm,1Fam,1.5Fin,5,6,1924,1950,Gable,CompShg,BrkFace,Wd Sdng,None,0.0,TA,TA,BrkTil,TA,TA,No,LwQ,5.389071729816501,Unf,0.0,808,6.934397209928558,GasA,TA,Y,SBrkr,6.934397209928558,665,0.0,7.433666540166168,0,0,2,0,3,1,Gd,6,Typ,1,Gd,Detchd,1924.0,Unf,1,308,TA,TA,Y,0.0,0.0,5.493061443340548,0.0,0.0,0.0,None,None,None,0.0,5,2010,WD,Normal,127000,7.907651594711089,86,60,2.0,1,1,1,1,242
382,20,FV,4.110873864173311,8.881975184248867,Pave,Pave,Reg,Lvl,AllPub,Inside,Gtl,Somerst,Norm,Norm,1Fam,1Story,7,5,2006,2006,Gable,CompShg,VinylSd,VinylSd,None,0.0,Gd,TA,PConc,Gd,Gd,No,Unf,0.0,Unf,0.0,1293,7.165493475060845,GasA,Ex,Y,SBrkr,7.171656822768514,0,0.0,7.171656822768514,1,0,2,0,2,1,Gd,5,Typ,1,Gd,Attchd,2006.0,RFn,2,572,TA,TA,Y,5.37989735354046,4.804021044733257,0.0,0.0,0.0,0.0,None,None,None,0.0,8,2006,New,Partial,187750,7.861341795599989,0,0,3.0,1,1,1,0,337
383,60,RL,4.382026634673881,9.13194630454817,Pave,None,IR1,Lvl,AllPub,Inside,Gtl,CollgCr,Norm,Norm,1Fam,2Story,7,5,2006,2006,Gable,CompShg,VinylSd,VinylSd,None,0.0,Gd,TA,PConc,Gd,TA,Av,Unf,0.0,Unf,0.0,939,6.84587987526405,GasA,Ex,Y,SBrkr,6.84587987526405,858,0.0,7.494430215031565,0,0,2,1,3,1,Gd,8,Typ,0,None,Attchd,2006.0,RFn,2,639,TA,TA,Y,4.976733742420574,3.9889840465642745,0.0,0.0,0.0,0.0,None,None,None,0.0,4,2007,WD,Normal,213500,7.914617709040679,1,1,2.5,1,1,0,1,197
384,45,RH,4.110873864173311,9.105090961257085,Pave,None,Reg,Lvl,AllPub,Corner,Gtl,SawyerW,Norm,Norm,1Fam,1.5Unf,6,3,1928,1950,Gable,CompShg,Wd Sdng,Wd Sdng,None,0.0,TA,TA,BrkTil,Fa,Fa,No,Unf,0.0,Unf,0.0,784,6.665683717782408,GasA,TA,N,FuseA,6.665683717782408,0,0.0,6.665683717782408,0,0,1,0,2,1,TA,5,Typ,0,None,Detchd,1950.0,Unf,2,360,Fa,Fa,N,0.0,0.0,4.5217885770490405,0.0,0.0,0.0,None,None,None,0.0,10,2009,WD,Normal,76000,7.358193752733032,81,59,1.0,1,1,0,0,91
385,60,RL,4.394449154672439,10.880082855015793,Pave,None,IR2,Low,AllPub,Corner,Mod,ClearCr,Feedr,Norm,1Fam,2Story,6,5,1992,1992,Gable,CompShg,HdBoard,HdBoard,None,0.0,Gd,TA,PConc,Gd,TA,Av,GLQ,6.893656354602635,Unf,0.0,595,7.365812837209472,GasA,Ex,Y,SBrkr,6.984716320118266,874,0.0,7.577633832602728,1,0,2,1,3,1,Gd,9,Typ,2,Fa,Attchd,1992.0,Fin,2,501,TA,TA,Y,5.37989735354046,5.44673737166631,0.0,0.0,0.0,0.0,None,None,None,0.0,6,2007,WD,Normal,240000,8.170185652879642,15,15,3.5,1,1,1,1,447
386,120,RL,3.784189633918261,8.065579427282092,Pave,None,Reg,Lvl,AllPub,Inside,Gtl,Blmngtn,Norm,Norm,TwnhsE,1Story,8,5,2004,2005,Gable,CompShg,VinylSd,VinylSd,BrkFace,2.833213344056216,Gd,TA,PConc,Gd,TA,No,GLQ,3.2188758248682006,Unf,0.0,1232,7.136483208590247,GasA,Ex,Y,SBrkr,7.146772179452637,0,0.0,7.146772179452637,0,0,2,0,2,1,Gd,6,Typ,1,TA,Attchd,2004.0,Fin,2,430,TA,TA,Y,4.990432586778736,3.044522437723423,0.0,0.0,4.976733742420574,0.0,None,None,None,0.0,4,2010,WD,Normal,192000,7.8343923029104365,6,5,2.0,1,1,1,0,310
387,50,RL,4.07753744390572,9.037295651962438,Pave,None,Reg,Lvl,AllPub,FR2,Gtl,Edwards,Feedr,Norm,1Fam,1.5Fin,5,3,1910,1996,Gambrel,CompShg,Wd Sdng,VinylSd,None,0.0,TA,Fa,PConc,TA,TA,No,Unf,0.0,Unf,0.0,658,6.490723534502507,GasA,TA,Y,SBrkr,6.490723534502507,526,0.0,7.077498053569231,0,0,1,0,5,1,TA,8,Typ,0,None,None,0.0,None,0,0,None,None,N,0.0,5.0238805208462765,0.0,0.0,0.0,0.0,None,None,None,0.0,5,2006,WD,AdjLand,81000,7.519149957669823,96,10,1.0,0,1,0,1,151
388,80,RL,4.290459441148391,8.881975184248867,Pave,None,Reg,Lvl,AllPub,Inside,Gtl,Edwards,Norm,Norm,1Fam,SLvl,6,6,1976,1976,Hip,CompShg,MetalSd,MetalSd,BrkFace,5.545177444479562,TA,TA,CBlock,TA,TA,Av,ALQ,6.448889394146858,Unf,0.0,410,6.948897222313312,GasA,Ex,Y,SBrkr,7.026426808699636,0,0.0,7.026426808699636,1,0,1,0,3,1,TA,6,Typ,1,Fa,Detchd,1977.0,Unf,1,352,TA,TA,Y,5.6937321388027,0.0,0.0,0.0,0.0,0.0,None,GdWo,None,0.0,10,2009,WD,Abnorml,125000,7.681099001536359,33,33,2.0,1,1,1,0,296
389,20,RL,4.543294782270004,9.146654820290049,Pave,None,IR1,Lvl,AllPub,CulDSac,Gtl,CollgCr,Norm,Norm,1Fam,1Story,7,5,1999,2000,Gable,CompShg,VinylSd,VinylSd,BrkFace,4.836281906951478,Gd,TA,PConc,Gd,TA,No,Unf,0.0,Unf,0.0,1468,7.292337176173877,GasA,Ex,Y,SBrkr,7.299797366758161,0,0.0,7.299797366758161,0,0,2,0,3,1,Gd,6,Typ,0,None,Attchd,1999.0,RFn,2,577,TA,TA,Y,4.795790545596741,3.258096538021482,0.0,0.0,0.0,0.0,None,None,None,0.0,7,2008,WD,Normal,191000,7.988882253309227,9,8,2.0,1,1,0,0,145
390,60,RL,4.574710978503383,9.431481920619719,Pave,None,Reg,Lvl,AllPub,Inside,Gtl,NridgHt,Norm,Norm,1Fam,2Story,10,5,2007,2008,Gable,CompShg,VinylSd,VinylSd,Stone,5.60947179518496,Ex,TA,PConc,Ex,TA,Av,GLQ,7.155396301896734,Unf,0.0,402,7.428333194190806,GasA,Ex,Y,SBrkr,7.463363045520021,590,0.0,7.75491027202143,1,0,2,1,3,1,Ex,9,Typ,1,Ex,BuiltIn,2008.0,Fin,3,846,TA,TA,Y,5.2832037287379885,4.90527477843843,0.0,0.0,0.0,0.0,None,None,None,0.0,8,2008,New,Partial,426000,8.297792626380861,1,0,3.5,1,1,1,1,330
391,50,RL,3.9318256327243257,9.036701015565063,Pave,Grvl,Reg,Lvl,AllPub,Inside,Gtl,Edwards,Norm,Norm,1Fam,1.5Fin,5,8,1900,1950,Gable,CompShg,MetalSd,MetalSd,None,0.0,TA,TA,BrkTil,TA,Gd,No,Rec,5.488937726156687,BLQ,5.971261839790462,229,6.759255270663693,GasA,Ex,Y,SBrkr,6.8690144506657065,406,0.0,7.221105098182496,1,0,1,0,4,1,TA,7,Typ,0,None,Detchd,1978.0,Unf,1,384,TA,TA,Y,0.0,4.875197323201151,4.727387818712341,0.0,0.0,0.0,None,MnPrv,None,0.0,4,2008,WD,Normal,119000,7.709308333385869,108,58,2.0,1,1,0,1,242
392,60,RL,4.276666119016055,9.41001056710475,Pave,None,IR1,Lvl,AllPub,CulDSac,Gtl,Mitchel,Norm,Norm,1Fam,2Story,6,5,2001,2002,Gable,CompShg,VinylSd,VinylSd,None,0.0,TA,TA,PConc,Ex,TA,No,ALQ,6.53813982376767,Unf,0.0,114,6.690842277418564,GasA,Ex,Y,SBrkr,6.690842277418564,1157,0.0,7.581719640125308,1,0,2,1,3,1,Gd,7,Typ,1,TA,BuiltIn,2001.0,Fin,2,560,TA,TA,Y,4.836281906951478,5.262690188904886,0.0,0.0,0.0,0.0,None,None,None,0.0,6,2009,WD,Normal,215000,7.925157512224703,8,7,3.5,1,1,1,1,317
393,20,RL,4.30406509320417,9.028818495352793,Pave,None,IR1,Lvl,AllPub,Inside,Gtl,NAmes,Norm,Norm,1Fam,1Story,5,7,1959,1959,Gable,CompShg,MetalSd,MetalSd,None,0.0,TA,TA,Slab,None,None,None,None,0.0,None,0.0,0,0.0,GasA,TA,Y,SBrkr,6.78332520060396,0,0.0,6.78332520060396,0,0,1,0,3,1,TA,5,Typ,0,None,Attchd,1959.0,RFn,1,294,TA,TA,Y,0.0,0.0,0.0,0.0,0.0,0.0,None,MnPrv,Shed,7.0909098220799835,7,2007,WD,Normal,106500,6.78332520060396,48,48,1.0,1,0,0,0,0
394,30,RL,3.970291913552122,8.915566545710645,Pave,None,Reg,Lvl,AllPub,Corner,Gtl,BrkSide,Feedr,Norm,1Fam,1Story,4,5,1941,1950,Gable,CompShg,WdShing,Wd Shng,None,0.0,TA,TA,CBlock,TA,TA,No,Rec,5.58724865840025,Unf,0.0,522,6.670766320845874,GasA,TA,Y,FuseA,6.670766320845874,0,0.0,6.670766320845874,0,0,1,0,2,1,TA,4,Typ,2,TA,None,0.0,None,0,0,None,None,Y,0.0,0.0,0.0,0.0,0.0,0.0,None,GdWo,None,0.0,4,2006,WD,Abnorml,100000,7.3632795869630385,65,56,1.0,0,1,1,0,0
395,50,RL,4.110873864173311,9.2237500588861,Pave,None,Reg,Lvl,AllPub,Inside,Gtl,OldTown,Norm,Norm,1Fam,1.5Fin,5,6,1940,1950,Gable,CompShg,MetalSd,MetalSd,None,0.0,TA,TA,CBlock,TA,TA,No,Unf,0.0,Unf,0.0,735,6.601230118728877,GasA,Gd,Y,FuseA,6.601230118728877,299,0.0,6.942156705699469,0,0,1,0,2,1,TA,5,Typ,0,None,Detchd,1940.0,Unf,1,240,TA,TA,Y,0.0,3.6888794541139363,0.0,0.0,0.0,0.0,None,None,None,0.0,7,2007,WD,Normal,109000,7.478734825567875,67,57,1.0,1,1,0,1,39
396,20,RL,4.23410650459726,9.166597449028265,Pave,None,Reg,Lvl,AllPub,Inside,Gtl,Edwards,Norm,Norm,1Fam,1Story,5,6,1956,1956,Gable,CompShg,Wd Sdng,Wd Sdng,None,0.0,TA,TA,CBlock,TA,TA,Av,BLQ,6.606650186198215,Unf,0.0,405,7.0431599159883405,GasA,TA,Y,SBrkr,7.0431599159883405,0,0.0,7.0431599159883405,1,0,1,0,3,1,TA,6,Typ,0,None,Attchd,1956.0,Unf,1,596,TA,TA,Y,3.8066624897703196,0.0,0.0,0.0,0.0,0.0,None,None,None,0.0,6,2010,WD,Normal,129000,7.735870319952567,54,54,2.0,1,1,0,0,44
397,20,RL,4.110873864173311,8.881975184248867,Pave,None,Reg,Low,AllPub,Inside,Gtl,CollgCr,Norm,Norm,1Fam,1Story,5,5,1972,1972,Hip,CompShg,MetalSd,MetalSd,None,0.0,TA,TA,CBlock,TA,TA,Av,Rec,6.656726524178391,Unf,0.0,117,6.796823718274855,GasA,TA,Y,SBrkr,6.796823718274855,0,0.0,6.796823718274855,0,0,1,0,2,1,TA,6,Typ,0,None,Detchd,1985.0,RFn,2,600,TA,TA,Y,5.375278407684165,0.0,0.0,0.0,0.0,0.0,None,None,None,0.0,9,2009,WD,Normal,123000,7.489412083508719,37,37,1.0,1,1,0,0,215
398,60,RL,4.248495242049359,8.934718614016768,Pave,None,Reg,Lvl,AllPub,Inside,Gtl,NAmes,PosN,Norm,1Fam,2Story,5,5,1962,1962,Gable,CompShg,VinylSd,VinylSd,BrkFace,5.666426688112432,TA,TA,CBlock,TA,TA,No,ALQ,6.293419278846481,Unf,0.0,324,6.762729506931879,GasA,TA,Y,SBrkr,6.776506992372183,936,0.0,7.502738210754851,0,0,2,0,4,1,TA,8,Typ,1,TA,Attchd,1962.0,RFn,1,264,TA,TA,Y,0.0,5.1298987149230735,0.0,0.0,0.0,0.0,None,None,None,0.0,7,2007,WD,Normal,169500,7.892452043520352,45,45,2.0,1,1,1,1,168
399,30,RM,4.110873864173311,9.101417964751995,Pave,None,Reg,Lvl,AllPub,Corner,Gtl,IDOTRR,Norm,Norm,1Fam,1Story,5,2,1920,1950,Gable,CompShg,MetalSd,MetalSd,None,0.0,TA,Fa,BrkTil,Fa,Po,No,Unf,0.0,Unf,0.0,961,6.8690144506657065,GasA,Gd,Y,Mix,6.982862751468942,0,0.0,6.982862751468942,0,0,1,0,2,1,TA,6,Maj2,0,None,Detchd,1920.0,Unf,1,338,Po,Po,N,0.0,0.0,0.0,0.0,0.0,0.0,None,None,None,0.0,11,2007,WD,Abnorml,67000,7.620214770574455,87,57,1.0,1,1,0,0,0
400,60,FV,4.189654742026425,9.002824076547672,Pave,None,Reg,Lvl,AllPub,Inside,Gtl,Somerst,Norm,Norm,1Fam,2Story,7,5,2006,2007,Gable,CompShg,CemntBd,CmentBd,Stone,4.61512051684126,Gd,TA,PConc,Gd,TA,No,GLQ,6.70073110954781,Unf,0.0,280,6.996681488176539,GasA,Ex,Y,SBrkr,7.014814351275545,438,0.0,7.346655163176539,1,0,2,0,2,1,Gd,7,Typ,0,None,Attchd,2007.0,Fin,2,438,TA,TA,Y,0.0,5.1298987149230735,0.0,0.0,0.0,0.0,None,None,None,0.0,10,2009,WD,Normal,241000,7.879669914604289,3,2,3.0,1,1,0,1,168
401,120,RL,3.6635616461296463,9.613402595468036,Pave,None,IR2,Lvl,AllPub,Inside,Gtl,Veenker,Norm,Norm,TwnhsE,1Story,8,5,1996,1996,Gable,CompShg,BrkFace,BrkFace,None,0.0,Gd,TA,PConc,Gd,TA,No,GLQ,6.668228248417403,Unf,0.0,474,7.13966033596492,GasA,Ex,Y,SBrkr,7.161622002939187,0,0.0,7.161622002939187,1,0,1,1,1,1,Ex,4,Typ,2,Gd,Attchd,1996.0,Fin,2,500,TA,TA,Y,4.795790545596741,3.4339872044851463,0.0,0.0,5.41610040220442,0.0,None,None,None,0.0,12,2008,WD,Normal,245500,7.8434564043761155,12,12,2.5,1,1,1,0,374
402,20,RL,4.189654742026425,9.078864009187797,Pave,None,IR1,Lvl,AllPub,Inside,Gtl,CollgCr,Norm,Norm,1Fam,1Story,7,5,2005,2005,Gable,CompShg,VinylSd,VinylSd,None,0.0,Gd,TA,PConc,Gd,TA,Av,GLQ,3.2188758248682006,Unf,0.0,1286,7.1785454837637,GasA,Ex,Y,SBrkr,7.1785454837637,0,0.0,7.1785454837637,0,0,2,0,3,1,Gd,6,Typ,1,Gd,Attchd,2005.0,Fin,2,400,TA,TA,Y,0.0,0.0,0.0,0.0,0.0,0.0,None,None,None,0.0,7,2006,New,Partial,164990,7.8713112033234065,1,1,2.0,1,1,1,0,0
403,30,RL,4.110873864173311,9.23024103368252,Pave,None,Reg,Lvl,AllPub,Inside,Gtl,Sawyer,Norm,Norm,1Fam,1Story,5,8,1940,1997,Gable,CompShg,Wd Sdng,Wd Sdng,None,0.0,TA,TA,PConc,TA,TA,No,Unf,0.0,Unf,0.0,672,6.511745329644728,GasA,Ex,Y,SBrkr,6.511745329644728,0,0.0,6.511745329644728,0,0,1,0,2,1,TA,4,Typ,0,None,Detchd,1940.0,Unf,1,240,TA,TA,N,5.1298987149230735,0.0,0.0,0.0,0.0,0.0,None,GdPrv,None,0.0,8,2008,WD,Normal,108000,7.20414929203594,68,11,1.0,1,1,0,0,168
404,60,RL,4.543294782270004,9.400216653174247,Pave,None,Reg,Lvl,AllPub,Corner,Gtl,NoRidge,Norm,Norm,1Fam,2Story,8,5,1998,1998,Hip,CompShg,VinylSd,VinylSd,BrkFace,6.478509642208569,Gd,TA,PConc,Gd,TA,No,Unf,0.0,Unf,0.0,1141,7.040536390215956,GasA,Gd,Y,SBrkr,7.061334366910438,1098,0.0,7.724888439323074,0,0,2,1,4,1,Gd,10,Typ,1,TA,BuiltIn,1998.0,Fin,2,420,TA,TA,Y,4.976733742420574,4.820281565605037,0.0,0.0,0.0,0.0,None,None,None,0.0,7,2006,WD,Abnorml,258000,8.133000218583613,8,8,2.5,1,1,1,1,267
405,60,RL,4.189654742026425,9.24619002486988,Pave,None,IR1,Lvl,AllPub,Inside,Gtl,Gilbert,Norm,Norm,1Fam,2Story,6,5,1995,1996,Gable,CompShg,MetalSd,MetalSd,None,0.0,TA,TA,PConc,Gd,TA,No,Unf,0.0,Unf,0.0,806,6.693323668269949,GasA,Gd,Y,SBrkr,6.693323668269949,766,0.0,7.360739903058278,0,0,2,1,3,1,TA,7,Typ,1,TA,BuiltIn,1995.0,Fin,2,373,TA,TA,Y,0.0,3.713572066704308,0.0,0.0,0.0,0.0,None,None,None,0.0,5,2007,WD,Normal,168000,7.774435510302958,12,11,2.5,1,1,1,1,40
406,20,RL,4.276666119016055,9.209540051805414,Pave,None,IR1,Lvl,AllPub,Corner,Gtl,Sawyer,Feedr,Norm,1Fam,1Story,4,4,1976,1993,Gable,CompShg,Plywood,Plywood,None,0.0,TA,TA,CBlock,TA,TA,No,BLQ,7.018401799069201,Unf,0.0,165,7.156176637480615,GasA,Ex,Y,SBrkr,7.390798521735676,0,0.0,7.390798521735676,1,0,2,0,3,1,TA,8,Min1,1,TA,Attchd,1993.0,Unf,2,490,TA,TA,Y,4.795790545596741,4.3694478524670215,0.0,0.0,0.0,0.0,None,GdWo,None,0.0,6,2009,WD,Normal,150000,7.973155433444133,33,16,3.0,1,1,1,0,198
407,50,RL,3.9512437185814275,9.257319373170178,Pave,None,Reg,Lvl,AllPub,Inside,Gtl,SWISU,Norm,Norm,1Fam,1.5Fin,6,5,1936,1950,Gable,CompShg,MetalSd,MetalSd,None,0.0,TA,TA,BrkTil,TA,TA,No,Unf,0.0,Unf,0.0,1064,6.970730078143525,GasA,Ex,Y,FuseA,7.062191632286556,0,6.161207321695077,7.402451520818244,0,0,1,0,3,1,TA,6,Maj2,0,None,Detchd,1936.0,Unf,1,240,TA,TA,Y,0.0,0.0,0.0,0.0,0.0,0.0,None,None,None,0.0,3,2008,WD,Normal,115000,7.7102051944325325,72,58,1.0,1,1,0,0,0
408,70,RL,4.1588830833596715,9.653550746326605,Pave,None,Reg,Lvl,AllPub,Inside,Gtl,Crawfor,Norm,Norm,1Fam,2Story,6,7,1915,1976,Gable,CompShg,Wd Sdng,Plywood,None,0.0,TA,TA,BrkTil,Gd,TA,No,Unf,0.0,Unf,0.0,840,6.734591659972948,GasA,Ex,Y,SBrkr,6.734591659972948,840,0.0,7.427144133408616,0,0,2,0,4,1,TA,8,Typ,0,None,Attchd,1960.0,Unf,1,308,TA,TA,Y,0.0,0.0,5.081404364984463,0.0,0.0,0.0,None,None,None,0.0,3,2008,WD,Normal,177000,7.83241092718792,93,32,2.0,1,1,0,1,160
409,60,RL,4.700480365792417,9.557823197546,Pave,None,Reg,Lvl,AllPub,Corner,Gtl,NridgHt,Norm,Norm,1Fam,2Story,7,5,2006,2006,Gable,CompShg,VinylSd,VinylSd,BrkFace,5.860786223465865,Gd,TA,PConc,Ex,Gd,No,Unf,0.0,Unf,0.0,1063,6.96979066990159,GasA,Ex,Y,SBrkr,6.977281341630747,1101,0.0,7.6838639802564295,0,0,2,1,3,1,Gd,9,Typ,1,Gd,Attchd,2006.0,RFn,3,947,TA,TA,Y,5.262690188904886,4.143134726391533,0.0,0.0,0.0,0.0,None,None,None,0.0,8,2007,New,Partial,280000,8.082093278178382,1,1,2.5,1,1,1,1,254
410,60,FV,4.454347296253507,9.287394001418473,Pave,None,Reg,Lvl,AllPub,Inside,Gtl,Somerst,Norm,Norm,1Fam,2Story,8,5,2007,2008,Gable,CompShg,VinylSd,VinylSd,Stone,4.61512051684126,Gd,TA,PConc,Ex,TA,No,GLQ,6.672032945461067,Unf,0.0,245,6.942156705699469,GasA,Ex,Y,SBrkr,6.957497370876951,1028,0.0,7.639642287858013,1,0,2,1,3,1,Ex,8,Typ,1,Gd,Attchd,2008.0,Fin,3,836,TA,TA,Y,0.0,4.634728988229636,0.0,0.0,0.0,0.0,None,None,None,0.0,4,2008,New,Partial,339750,8.043342170441608,1,0,3.5,1,1,1,1,102
411,20,RL,4.23410650459726,9.166597449028265,Pave,None,Reg,Lvl,AllPub,Inside,Gtl,Edwards,Norm,Norm,1Fam,1Story,5,3,1958,1958,Gable,CompShg,BrkComm,Brk Cmn,None,0.0,TA,Fa,CBlock,TA,Fa,No,Unf,0.0,Unf,0.0,1276,7.152268856032539,GasA,TA,Y,FuseA,7.152268856032539,0,0.0,7.152268856032539,0,0,1,0,3,1,TA,5,Mod,0,None,Attchd,1958.0,Unf,1,350,TA,TA,Y,0.0,0.0,0.0,0.0,0.0,0.0,None,None,None,0.0,6,2009,COD,Abnorml,60000,7.845024417241484,51,51,1.0,1,1,0,0,0
412,190,RL,4.61512051684126,10.453081864230466,Pave,None,Reg,Bnk,AllPub,Inside,Gtl,Gilbert,Norm,Norm,2fmCon,1Story,5,5,1955,1955,Hip,CompShg,Wd Sdng,Wd Sdng,None,0.0,TA,TA,CBlock,TA,TA,Mn,Rec,6.963189985870238,Unf,0.0,0,6.963189985870238,GasA,TA,N,SBrkr,6.963189985870238,0,0.0,6.963189985870238,1,0,1,0,3,1,TA,5,Typ,0,None,Attchd,1955.0,Fin,2,572,TA,TA,Y,5.579729825986222,0.0,0.0,0.0,0.0,0.0,None,None,None,0.0,1,2006,WD,Normal,145000,7.655864017616056,51,51,2.0,1,1,0,0,264
413,20,FV,4.310799125385514,8.390268497842571,Pave,None,IR2,Lvl,AllPub,Inside,Gtl,Somerst,Norm,Norm,1Fam,1Story,7,5,2009,2009,Gable,CompShg,MetalSd,MetalSd,Stone,6.07073772800249,Ex,TA,PConc,Ex,TA,Av,GLQ,6.361302477572996,Unf,0.0,892,7.293697720601438,GasA,Ex,Y,SBrkr,7.2991214627108,0,0.0,7.2991214627108,1,0,2,1,2,1,Gd,7,Typ,1,Gd,Attchd,2009.0,Fin,2,484,TA,TA,Y,0.0,4.976733742420574,0.0,0.0,0.0,0.0,None,None,None,0.0,6,2010,New,Partial,222000,7.989221408815276,1,1,3.5,1,1,1,0,144
414,30,RM,4.04305126783455,9.10063710688422,Pave,Grvl,Reg,Lvl,AllPub,Inside,Gtl,OldTown,Artery,Norm,1Fam,1Story,5,6,1927,1950,Gable,CompShg,WdShing,Wd Shng,None,0.0,TA,TA,CBlock,TA,TA,No,Unf,0.0,Unf,0.0,1008,6.9167150203536085,GasA,Gd,Y,FuseA,6.9363427358340495,0,0.0,6.9363427358340495,0,0,1,0,2,1,TA,5,Typ,1,Gd,Detchd,1927.0,Unf,2,360,TA,TA,Y,0.0,0.0,4.875197323201151,0.0,0.0,0.0,None,None,None,0.0,3,2010,WD,Normal,115000,7.619233416226805,83,60,1.0,1,1,1,0,130
415,60,RL,4.0943445622221,9.326254996572539,Pave,None,IR2,Lvl,AllPub,CulDSac,Gtl,SawyerW,Norm,Norm,1Fam,2Story,7,5,1993,1993,Gable,CompShg,VinylSd,VinylSd,None,0.0,Gd,TA,PConc,Gd,TA,No,BLQ,3.9318256327243257,GLQ,6.2766434893416445,499,6.985641817639208,GasA,Ex,Y,SBrkr,6.985641817639208,1017,0.0,7.6487397889562425,0,1,2,1,3,1,Gd,9,Typ,1,TA,Attchd,1993.0,Unf,3,678,TA,TA,Y,5.2832037287379885,5.236441962829949,0.0,0.0,0.0,0.0,None,None,None,0.0,12,2008,WD,Normal,228000,8.064007347096661,15,15,3.0,1,1,1,1,383
416,20,RL,4.30406509320417,9.093806555720231,Pave,None,IR1,Lvl,AllPub,Inside,Gtl,Gilbert,Norm,Norm,1Fam,1Story,7,5,2007,2007,Gable,CompShg,VinylSd,VinylSd,None,0.0,Gd,TA,PConc,Gd,TA,Av,GLQ,3.2188758248682006,Unf,0.0,1316,7.201170883281678,GasA,Ex,Y,SBrkr,7.201170883281678,0,0.0,7.201170883281678,0,0,2,0,3,1,Gd,6,Typ,0,None,Attchd,2007.0,Fin,2,396,TA,TA,Y,4.61512051684126,3.4339872044851463,0.0,0.0,0.0,0.0,None,None,None,0.0,8,2007,New,Partial,181134,7.893945138235959,0,0,2.0,1,1,0,0,130
417,60,RL,4.31748811353631,8.967631665167133,Pave,None,Reg,Lvl,AllPub,Inside,Gtl,Sawyer,Norm,Norm,1Fam,2Story,6,7,1978,1978,Hip,CompShg,HdBoard,HdBoard,BrkFace,5.318119993844216,TA,TA,CBlock,TA,TA,No,ALQ,5.3471075307174685,Unf,0.0,463,6.511745329644728,GasA,TA,Y,SBrkr,6.511745329644728,728,0.0,7.244941546337007,0,0,1,1,3,1,TA,6,Typ,1,TA,Attchd,1978.0,Fin,2,440,TA,TA,Y,0.0,0.0,0.0,0.0,0.0,0.0,None,None,None,0.0,3,2006,WD,Normal,149500,7.636752112435779,28,28,1.5,1,1,1,1,0
418,70,RL,4.465908118654584,10.017753298664472,Pave,None,IR1,Lvl,AllPub,Inside,Gtl,Crawfor,Feedr,Norm,1Fam,2Story,6,6,1918,1950,Hip,CompShg,Wd Sdng,Stucco,None,0.0,TA,TA,BrkTil,Gd,TA,No,BLQ,7.029087564149662,Unf,0.0,242,7.223295679562314,GasW,TA,N,FuseA,7.223295679562314,1254,0.0,7.872836175025724,1,0,2,1,4,1,TA,10,Typ,1,Gd,Detchd,1918.0,Unf,3,864,TA,TA,N,0.0,0.0,0.0,0.0,0.0,0.0,None,None,None,0.0,11,2007,WD,Normal,239000,8.292798858200374,89,57,3.5,1,1,1,1,0
419,50,RL,4.110873864173311,9.007121989469242,Pave,None,Reg,Lvl,AllPub,Inside,Gtl,Edwards,Norm,Norm,1Fam,1.5Fin,5,6,1940,1950,Gable,CompShg,MetalSd,MetalSd,None,0.0,TA,TA,BrkTil,TA,TA,No,ALQ,5.746203190540153,Unf,0.0,444,6.6293632534374485,GasA,Fa,N,FuseF,6.6293632534374485,378,0.0,7.034387929915503,1,0,1,1,3,1,TA,7,Typ,0,None,Detchd,1940.0,Unf,1,240,TA,TA,P,0.0,0.0,0.0,0.0,0.0,0.0,None,None,None,0.0,4,2007,WD,AdjLand,126000,7.544861068658458,67,57,2.5,1,1,0,1,0
420,20,RL,4.189654742026425,9.042040056544483,Pave,None,Reg,Lvl,AllPub,Inside,Gtl,NAmes,Norm,Norm,1Fam,1Story,5,6,1968,1968,Gable,CompShg,VinylSd,VinylSd,None,0.0,TA,TA,CBlock,TA,TA,No,BLQ,6.654152520183219,Unf,0.0,281,6.963189985870238,GasA,Ex,Y,SBrkr,6.963189985870238,0,0.0,6.963189985870238,1,0,1,0,3,1,TA,6,Typ,1,Fa,Attchd,1968.0,Unf,1,304,TA,TA,Y,0.0,4.454347296253507,5.220355825078324,0.0,0.0,0.0,None,None,None,0.0,7,2010,WD,Normal,142000,7.655864017616056,42,42,2.0,1,1,1,0,269
421,90,RM,4.3694478524670215,8.862341963516347,Pave,None,Reg,Lvl,AllPub,Inside,Gtl,Mitchel,Norm,Norm,Duplex,SFoyer,7,5,1997,1998,Gable,CompShg,VinylSd,VinylSd,BrkFace,5.303304908059076,TA,Gd,PConc,Gd,Gd,Gd,GLQ,7.177782416195197,Unf,0.0,35,7.20414929203594,GasA,Ex,Y,SBrkr,7.20414929203594,0,0.0,7.20414929203594,2,0,2,0,2,2,TA,8,Typ,0,None,Attchd,1997.0,Fin,4,784,TA,TA,Y,0.0,0.0,0.0,0.0,0.0,0.0,None,None,None,0.0,11,2008,WD,Alloca,206300,7.896924656268864,11,10,4.0,1,1,0,0,0
422,20,RL,4.394449154672439,9.719324300862802,Pave,None,IR1,Lvl,AllPub,FR2,Gtl,NWAmes,Norm,Norm,1Fam,1Story,6,7,1977,2000,Gable,CompShg,CemntBd,CmentBd,Stone,4.844187086458591,Gd,TA,CBlock,Gd,TA,No,ALQ,7.1284959456800365,Unf,0.0,356,7.3796321526095525,GasA,Gd,Y,SBrkr,7.3796321526095525,0,0.0,7.3796321526095525,0,1,2,0,3,1,Gd,8,Typ,1,TA,Attchd,1977.0,Fin,2,529,TA,TA,Y,5.484796933490655,0.0,0.0,0.0,0.0,0.0,None,None,None,0.0,6,2009,WD,Normal,215000,8.07246736935477,32,9,2.5,1,1,1,0,240
423,20,RL,4.61512051684126,9.987415012471414,Pave,None,Reg,HLS,AllPub,Inside,Mod,Mitchel,Artery,Norm,1Fam,1Story,5,5,1954,1954,Hip,CompShg,HdBoard,HdBoard,None,0.0,TA,TA,CBlock,TA,TA,No,Unf,0.0,Unf,0.0,988,6.8966943316227125,GasA,Ex,Y,FuseA,6.8966943316227125,0,0.0,6.8966943316227125,0,0,1,0,2,1,TA,4,Typ,0,None,Attchd,1954.0,RFn,2,520,TA,TA,N,0.0,0.0,0.0,0.0,0.0,0.0,None,None,None,0.0,2,2008,WD,Normal,113000,7.589335823170617,54,54,1.0,1,1,0,0,0
424,60,RL,4.394449154672439,9.127067452782361,Pave,None,Reg,Lvl,AllPub,Inside,Gtl,NoRidge,Norm,Norm,1Fam,2Story,8,5,1998,1998,Gable,CompShg,VinylSd,VinylSd,BrkFace,6.161207321695077,Gd,TA,PConc,Gd,TA,No,GLQ,6.894670039433482,Unf,0.0,484,7.293697720601438,GasA,Gd,Y,SBrkr,7.293697720601438,1160,0.0,7.875119281040293,1,0,2,1,4,1,Gd,8,Typ,1,TA,Attchd,1998.0,Fin,3,696,TA,TA,Y,0.0,4.204692619390966,0.0,0.0,0.0,0.0,None,None,None,0.0,6,2008,WD,Normal,315000,8.31898612539206,10,10,3.5,1,1,1,1,66
425,20,RL,4.290459441148391,9.105090961257085,Pave,None,Reg,Lvl,AllPub,Inside,Gtl,NAmes,Norm,Norm,1Fam,1Story,6,5,1956,1956,Gable,CompShg,Wd Sdng,Wd Sdng,BrkFace,4.31748811353631,TA,TA,CBlock,Gd,TA,No,LwQ,6.424869023905388,Unf,0.0,580,7.087573705557973,GasA,Gd,Y,FuseA,7.087573705557973,0,0.0,7.087573705557973,1,0,1,0,2,1,TA,6,Typ,1,Gd,Attchd,1956.0,RFn,1,297,TA,TA,Y,0.0,3.8066624897703196,0.0,0.0,0.0,0.0,None,None,None,0.0,5,2008,WD,Normal,139000,7.780303087908373,52,52,2.0,1,1,1,0,44
426,60,RM,4.110873864173311,8.12533508671429,Pave,Grvl,Reg,HLS,AllPub,Inside,Gtl,OldTown,Norm,Norm,1Fam,2Story,7,8,1946,1992,Gable,CompShg,HdBoard,HdBoard,None,0.0,TA,Gd,CBlock,TA,TA,No,Unf,0.0,Unf,0.0,651,6.480044561926653,GasA,Gd,Y,SBrkr,6.56244409369372,682,0.0,7.237059026124737,0,0,1,1,3,1,TA,6,Typ,2,Gd,Detchd,1947.0,Unf,1,240,TA,TA,P,0.0,0.0,4.844187086458591,0.0,0.0,0.0,None,None,None,0.0,9,2009,WD,Normal,135000,7.621195162809845,63,17,1.5,1,1,1,1,126
427,80,RL,4.212127597878484,9.45727857185611,Pave,None,Reg,Low,AllPub,Inside,Mod,SawyerW,Norm,Norm,1Fam,SLvl,7,5,1989,1989,Gable,CompShg,Wd Sdng,Wd Sdng,BrkFace,4.983606621708336,Gd,TA,PConc,Gd,TA,Gd,GLQ,7.325807502595773,Unf,0.0,0,7.325807502595773,GasA,Gd,Y,SBrkr,7.405495663199472,0,0.0,7.405495663199472,1,1,2,0,2,1,Gd,5,Typ,1,TA,Attchd,1989.0,Fin,2,569,TA,TA,Y,4.394449154672439,0.0,0.0,0.0,5.983936280687191,0.0,None,None,None,0.0,8,2009,WD,Normal,275000,8.059276223305648,20,20,3.5,1,1,1,0,476
428,20,RL,4.356708826689592,9.058819564334941,Pave,None,IR1,Lvl,AllPub,Inside,Gtl,NAmes,Norm,Norm,1Fam,1Story,4,6,1957,1957,Hip,CompShg,MetalSd,MetalSd,None,0.0,TA,TA,CBlock,TA,TA,No,Rec,5.666426688112432,Unf,0.0,619,6.811244378601294,GasA,Ex,Y,SBrkr,6.811244378601294,0,0.0,6.811244378601294,0,0,1,0,3,1,TA,5,Typ,0,None,Detchd,1964.0,Unf,1,352,TA,TA,Y,0.0,0.0,0.0,0.0,0.0,0.0,None,None,None,0.0,7,2008,WD,Normal,109008,7.503840746698951,51,51,1.0,1,1,0,0,0
429,20,RL,4.174387269895637,8.81922185757494,Pave,None,Reg,Lvl,AllPub,Inside,Gtl,CollgCr,Norm,Norm,1Fam,1Story,7,5,2007,2007,Gable,CompShg,VinylSd,VinylSd,BrkFace,4.6913478822291435,Gd,TA,PConc,Gd,TA,No,GLQ,6.499787040655854,Unf,0.0,544,7.097548850614793,GasA,Ex,Y,SBrkr,7.097548850614793,0,0.0,7.097548850614793,1,0,2,0,2,1,Gd,6,Typ,0,None,Attchd,2007.0,RFn,2,628,TA,TA,Y,4.663439094112067,4.007333185232471,0.0,0.0,0.0,0.0,None,None,None,0.0,9,2007,New,Partial,195400,7.790282380703483,0,0,3.0,1,1,0,0,159
430,20,RL,4.875197323201151,9.346443454968522,Pave,None,IR1,Lvl,AllPub,Corner,Gtl,Timber,Norm,Norm,1Fam,1Story,6,5,1988,1988,Gable,CompShg,HdBoard,HdBoard,None,0.0,TA,TA,CBlock,Gd,TA,Mn,GLQ,6.913737350659685,Unf,0.0,387,7.239214973779806,GasA,TA,Y,SBrkr,7.253470382684528,0,0.0,7.253470382684528,1,0,2,0,3,1,Gd,6,Typ,1,TA,Attchd,1988.0,Unf,2,576,TA,TA,Y,0.0,0.0,5.135798437050262,0.0,0.0,0.0,None,None,None,0.0,3,2009,WD,Normal,175000,7.9391588179567965,21,21,3.0,1,1,1,0,169
431,160,RM,3.091042453358316,7.427144133408616,Pave,None,Reg,Lvl,AllPub,Inside,Gtl,BrDale,Norm,Norm,Twnhs,2Story,6,5,1971,1971,Gable,CompShg,HdBoard,HdBoard,BrkFace,5.4510384535657,TA,TA,CBlock,TA,TA,No,ALQ,5.961005339623274,Unf,0.0,96,6.182084906716632,GasA,TA,Y,SBrkr,6.182084906716632,504,0.0,6.895682697747868,0,0,1,1,2,1,TA,4,Typ,0,None,Detchd,1971.0,Unf,1,264,TA,TA,Y,0.0,0.0,0.0,0.0,0.0,0.0,None,None,None,0.0,7,2008,COD,Abnorml,85400,7.293697720601438,37,37,1.5,1,1,0,1,0
432,50,RM,4.110873864173311,8.628197749459149,Pave,None,IR1,Bnk,AllPub,Inside,Gtl,OldTown,Feedr,Norm,1Fam,1.5Fin,6,7,1920,1998,Gable,CompShg,MetalSd,MetalSd,None,0.0,TA,TA,BrkTil,TA,TA,No,Unf,0.0,Unf,0.0,901,6.804614520062624,GasA,Gd,Y,SBrkr,6.9930151229329605,110,0.0,7.089243155027514,0,0,1,0,4,1,TA,7,Typ,0,None,None,0.0,None,0,0,None,None,N,0.0,4.59511985013459,0.0,0.0,0.0,0.0,None,MnPrv,None,0.0,9,2008,ConLD,Abnorml,79900,7.649692623711514,88,10,1.0,0,1,0,1,98
433,160,RM,3.2188758248682006,7.560601162768557,Pave,None,Reg,Lvl,AllPub,Inside,Gtl,BrDale,Norm,Norm,TwnhsE,2Story,5,5,1971,1971,Gable,CompShg,HdBoard,HdBoard,BrkFace,5.932245187448011,TA,TA,CBlock,TA,TA,No,ALQ,6.156978985585555,Unf,0.0,294,6.641182169740591,GasA,Ex,Y,SBrkr,6.641182169740591,600,0.0,7.2196420401307355,1,0,1,1,2,1,TA,6,Min1,0,None,Detchd,1971.0,Unf,2,440,TA,TA,Y,5.484796933490655,3.6109179126442243,0.0,0.0,0.0,0.0,None,None,None,0.0,8,2007,WD,Normal,122500,7.664346632098617,36,36,2.5,1,1,0,1,276
434,60,RL,4.61512051684126,9.290998274993637,Pave,None,IR1,Lvl,AllPub,Corner,Gtl,Gilbert,Norm,Norm,1Fam,2Story,6,5,1997,1998,Gable,CompShg,VinylSd,VinylSd,None,0.0,TA,TA,PConc,Gd,TA,No,Unf,0.0,Unf,0.0,926,6.831953565565855,GasA,Ex,Y,SBrkr,6.831953565565855,678,0.0,7.380879035564116,0,0,2,1,3,1,TA,7,Typ,1,TA,Attchd,1997.0,Fin,2,470,TA,TA,Y,0.0,3.6109179126442243,0.0,0.0,0.0,0.0,None,None,None,0.0,7,2008,WD,Normal,181000,7.836369760545124,11,10,2.5,1,1,1,1,36
435,180,RM,3.091042453358316,7.544861068658458,Pave,None,Reg,Lvl,AllPub,Inside,Gtl,MeadowV,Norm,Norm,Twnhs,SFoyer,4,7,1972,1972,Gable,CompShg,CemntBd,CmentBd,None,0.0,TA,Gd,CBlock,Gd,TA,Av,ALQ,6.206575926724928,Unf,0.0,135,6.447305862541213,GasA,Gd,Y,SBrkr,6.447305862541213,0,0.0,6.447305862541213,1,0,1,0,1,1,TA,3,Typ,0,None,None,0.0,None,0,0,None,None,Y,4.48863636973214,0.0,0.0,0.0,0.0,0.0,None,None,None,0.0,6,2008,WD,Normal,81000,7.13966033596492,36,36,2.0,0,1,0,0,88
436,60,RL,3.784189633918261,9.275003885301905,Pave,None,IR2,Lvl,AllPub,CulDSac,Gtl,CollgCr,PosN,Norm,1Fam,2Story,7,6,1996,1996,Gable,CompShg,VinylSd,VinylSd,None,0.0,Gd,TA,PConc,Gd,TA,Av,GLQ,5.955837369464831,ALQ,5.84354441703136,70,6.684611727667927,GasA,Ex,Y,SBrkr,6.71901315438526,834,0.0,7.415776975415394,1,0,2,1,3,1,Gd,6,Typ,1,TA,Attchd,1996.0,RFn,2,550,TA,TA,Y,5.0689042022202315,4.127134385045092,0.0,0.0,0.0,0.0,None,None,None,0.0,4,2009,ConLw,Normal,212000,7.8083230503910555,13,13,3.5,1,1,1,1,219
437,50,RM,3.713572066704308,8.38958706681109,Pave,None,Reg,Lvl,AllPub,Inside,Gtl,OldTown,Norm,Norm,1Fam,1.5Fin,6,8,1920,1950,Gable,CompShg,Stucco,Stucco,None,0.0,TA,TA,BrkTil,Fa,TA,No,Unf,0.0,Unf,0.0,648,6.47543271670409,GasA,TA,Y,FuseA,6.5998704992128365,384,0.0,7.020190708311925,0,0,1,0,2,1,TA,6,Typ,0,None,Detchd,1990.0,Unf,2,440,TA,TA,Y,0.0,0.0,0.0,0.0,0.0,0.0,None,None,None,0.0,10,2006,WD,Normal,116000,7.4770384723196965,86,56,1.0,1,1,0,1,0
438,45,RM,3.9318256327243257,8.699681400989514,Pave,None,Reg,Lvl,AllPub,Inside,Gtl,BrkSide,Norm,Norm,1Fam,1.5Unf,6,7,1926,2004,Gable,CompShg,Wd Sdng,Wd Sdng,None,0.0,Gd,TA,PConc,TA,TA,No,Unf,0.0,Unf,0.0,884,6.785587645007929,GasA,Gd,Y,SBrkr,6.807934943699926,0,0.0,6.807934943699926,0,0,1,0,2,1,TA,4,Typ,0,None,Detchd,1926.0,Unf,1,180,TA,TA,Y,0.0,0.0,4.663439094112067,0.0,0.0,0.0,None,None,None,0.0,1,2009,WD,Normal,119000,7.489412083508719,83,5,1.0,1,1,0,0,105
439,30,RL,3.713572066704308,8.361941906144946,Pave,None,Reg,Lvl,AllPub,Inside,Gtl,Crawfor,Norm,Norm,1Fam,1Story,5,6,1913,2002,Gable,CompShg,WdShing,Stucco,None,0.0,TA,TA,PConc,TA,TA,No,LwQ,5.902633333401366,Unf,0.0,75,6.089044875446846,GasA,TA,N,SBrkr,6.543911845564792,0,0.0,6.543911845564792,0,0,1,0,2,1,Gd,4,Typ,1,Gd,Detchd,1990.0,Unf,1,352,Gd,TA,P,0.0,0.0,3.5553480614894135,0.0,0.0,0.0,None,MnPrv,None,0.0,3,2007,WD,Normal,90350,7.034387929915503,94,5,1.0,1,1,1,0,34
440,50,RL,4.219507705176107,9.42181611842271,Pave,Grvl,Reg,Lvl,AllPub,Corner,Gtl,Edwards,Norm,Norm,1Fam,1.5Fin,6,8,1920,2000,Gable,CompShg,Wd Sdng,Wd Sdng,None,0.0,TA,TA,BrkTil,TA,Fa,Mn,Unf,0.0,Unf,0.0,684,6.529418838262226,GasA,Gd,Y,SBrkr,6.529418838262226,512,0.0,7.087573705557973,0,0,1,0,3,1,Gd,7,Typ,0,None,Detchd,2005.0,Unf,2,528,TA,TA,Y,0.0,3.8501476017100584,0.0,0.0,0.0,0.0,None,GdPrv,Shed,6.68586094706836,8,2009,ConLI,Normal,110000,7.53955882930103,89,9,1.0,1,1,0,1,46
441,20,RL,4.663439094112067,9.644198554585564,Pave,None,Reg,Lvl,AllPub,Inside,Gtl,NridgHt,Norm,Norm,1Fam,1Story,10,5,2008,2008,Hip,CompShg,VinylSd,VinylSd,Stone,5.303304908059076,Ex,TA,PConc,Ex,TA,Gd,GLQ,7.477604243197589,ALQ,6.29156913955832,788,8.037543185118697,GasA,Ex,Y,SBrkr,7.784473235736469,0,0.0,7.784473235736469,1,0,2,0,2,1,Ex,10,Typ,2,Gd,Attchd,2008.0,Fin,3,672,TA,TA,Y,0.0,4.290459441148391,0.0,0.0,5.14166355650266,0.0,None,None,None,0.0,4,2009,WD,Normal,555000,8.61195776786066,1,1,3.0,1,1,1,0,242
442,90,RL,4.532599493153256,9.401704256754366,Pave,None,Reg,Lvl,AllPub,Inside,Gtl,Edwards,Norm,Norm,Duplex,1Story,4,4,1955,1955,Gable,CompShg,VinylSd,VinylSd,BrkFace,5.602118820879701,TA,TA,CBlock,TA,TA,No,ALQ,4.897839799950911,Unf,0.0,1307,7.273092595999522,GasA,TA,N,FuseF,7.273092595999522,0,0.0,7.273092595999522,0,0,2,0,4,2,Fa,8,Typ,0,None,None,0.0,None,0,0,None,None,Y,0.0,0.0,0.0,0.0,0.0,0.0,None,None,None,0.0,9,2008,WD,Normal,118000,7.9658927350845286,53,53,2.0,0,1,0,0,0
443,50,RM,3.970291913552122,8.738895704934043,Pave,None,Reg,Lvl,AllPub,Inside,Gtl,BrkSide,Norm,Norm,1Fam,1.5Fin,5,7,1930,1992,Gable,CompShg,MetalSd,MetalSd,None,0.0,TA,TA,PConc,TA,TA,No,Unf,0.0,Unf,0.0,1078,6.983789965258135,GasA,TA,Y,SBrkr,7.029087564149662,445,0.0,7.3613754289773485,0,0,2,0,3,1,TA,8,Typ,1,Gd,Detchd,1930.0,Unf,2,360,TA,TA,P,0.0,0.0,0.0,0.0,0.0,0.0,None,None,None,0.0,6,2008,WD,Normal,162900,7.883069351305753,78,16,2.0,1,1,1,1,0
444,120,RL,3.9889840465642745,8.274611946209552,Pave,None,Reg,Lvl,AllPub,Inside,Gtl,Blmngtn,Norm,Norm,TwnhsE,1Story,7,5,2006,2007,Gable,CompShg,WdShing,Wd Shng,BrkFace,4.290459441148391,Gd,TA,PConc,Ex,TA,Av,Unf,0.0,Unf,0.0,1258,7.138073034044347,GasA,Ex,Y,SBrkr,7.138073034044347,0,0.0,7.138073034044347,0,0,2,0,2,1,Gd,6,Typ,1,Gd,Attchd,2007.0,Fin,3,648,TA,TA,Y,4.976733742420574,2.833213344056216,0.0,0.0,0.0,0.0,None,None,None,0.0,6,2007,New,Partial,172500,7.830822995135316,1,0,2.0,1,1,1,0,160
445,60,RL,4.2626798770413155,9.076923258535832,Pave,None,Reg,Lvl,AllPub,Inside,Gtl,CollgCr,Norm,Norm,1Fam,2Story,7,5,1994,1995,Gable,CompShg,VinylSd,VinylSd,None,0.0,Gd,Gd,PConc,Gd,TA,No,GLQ,6.466144724237619,Unf,0.0,273,6.82001636467413,GasA,Ex,Y,SBrkr,6.839476438228843,975,0.0,7.554334823725748,1,0,2,1,4,1,Gd,8,Typ,1,TA,Attchd,1994.0,Unf,2,493,TA,TA,Y,4.976733742420574,4.897839799950911,0.0,0.0,0.0,0.0,None,None,None,0.0,7,2008,WD,Normal,210000,7.945909598613133,14,13,3.5,1,1,1,1,277
446,20,RL,4.30406509320417,9.1958356857733,Pave,None,Reg,Lvl,AllPub,Corner,Gtl,Edwards,Norm,Norm,1Fam,1Story,6,5,1956,1956,Hip,CompShg,Wd Sdng,Wd Sdng,None,0.0,TA,TA,CBlock,TA,TA,No,Unf,0.0,Unf,0.0,1436,7.270312886079025,GasA,Fa,Y,SBrkr,7.432483807917119,0,0.0,7.432483807917119,0,0,1,0,3,1,TA,7,Typ,1,Gd,Attchd,1956.0,Unf,2,480,TA,TA,Y,0.0,0.0,0.0,0.0,0.0,0.0,None,MnPrv,None,0.0,11,2009,COD,Normal,127500,8.047509510981422,53,53,1.0,1,1,1,0,0
447,20,RL,4.927253685157205,9.710691327448153,Pave,None,IR1,Lvl,AllPub,Corner,Gtl,NAmes,PosA,Norm,1Fam,1Story,6,6,1966,2002,Gable,CompShg,BrkFace,Plywood,None,0.0,Gd,TA,CBlock,TA,TA,No,ALQ,5.5134287461649825,Rec,6.570882962339584,557,7.325148957955575,GasA,Ex,Y,SBrkr,7.543802867501509,0,0.0,7.543802867501509,0,0,2,1,2,1,Gd,6,Mod,1,Gd,Attchd,1966.0,Fin,2,578,TA,TA,Y,0.0,0.0,0.0,0.0,0.0,0.0,None,None,None,0.0,6,2010,WD,Normal,190000,8.133293861222633,44,8,2.5,1,1,1,0,0
448,60,RL,4.189654742026425,9.32500744695431,Pave,None,IR1,Lvl,AllPub,Corner,Gtl,Gilbert,Norm,Norm,1Fam,2Story,7,5,1998,1999,Gable,CompShg,VinylSd,VinylSd,None,0.0,Gd,TA,PConc,Gd,TA,No,Unf,0.0,Unf,0.0,930,6.836259277277067,GasA,Gd,Y,SBrkr,6.863803391452954,930,0.0,7.54274354536855,0,0,2,1,4,1,Gd,10,Typ,1,TA,Attchd,1998.0,Fin,2,431,TA,TA,Y,4.499809670330265,0.0,0.0,0.0,0.0,0.0,None,None,None,0.0,7,2006,WD,Normal,199900,7.943427767876373,8,7,2.5,1,1,1,1,89
449,50,RM,3.9318256327243257,9.059633754551479,Pave,None,Reg,Bnk,AllPub,Inside,Gtl,IDOTRR,Norm,Norm,1Fam,1.5Fin,6,6,1937,1950,Gable,CompShg,MetalSd,MetalSd,None,0.0,TA,TA,BrkTil,TA,TA,No,Unf,0.0,Unf,0.0,780,6.660575149839686,GasA,TA,Y,SBrkr,6.660575149839686,596,0.0,7.227662498728654,0,0,2,0,3,1,TA,7,Typ,1,Gd,Detchd,1937.0,Unf,1,198,TA,TA,N,0.0,0.0,0.0,0.0,0.0,0.0,None,None,None,0.0,6,2006,WD,Normal,119500,7.676473646389156,69,56,2.0,1,1,1,1,0
450,50,RM,3.9318256327243257,8.699681400989514,Pave,None,Reg,Lvl,AllPub,Inside,Gtl,OldTown,Norm,Norm,1Fam,1.5Fin,3,7,1948,2002,Gable,CompShg,MetalSd,MetalSd,None,0.0,TA,Gd,CBlock,TA,TA,No,ALQ,5.805134968916488,Unf,0.0,318,6.476972362889683,GasA,Ex,Y,SBrkr,6.522092798170152,504,0.0,7.076653815443951,0,0,1,1,2,1,TA,6,Typ,0,None,Detchd,1981.0,Unf,1,308,TA,TA,Y,0.0,5.176149732573829,0.0,0.0,0.0,0.0,None,None,None,0.0,6,2007,WD,Normal,120000,7.513709247839705,59,5,1.5,1,1,0,1,176
451,30,RM,4.2626798770413155,8.645586406184636,Pave,None,Reg,Lvl,AllPub,Inside,Gtl,OldTown,Norm,Norm,1Fam,1Story,6,8,1930,2005,Hip,CompShg,Wd Sdng,Wd Sdng,None,0.0,TA,TA,BrkTil,TA,TA,No,Unf,0.0,Unf,0.0,813,6.70196036600254,GasA,Ex,Y,FuseA,6.70196036600254,0,0.0,6.70196036600254,0,0,1,0,2,1,Gd,5,Typ,0,None,Detchd,1932.0,Unf,1,270,Fa,Fa,N,0.0,4.736198448394496,0.0,0.0,0.0,0.0,None,None,None,0.0,6,2006,WD,Normal,110000,7.394493107219038,76,1,1.0,1,1,0,0,113
452,20,RL,4.143134726391533,11.167077412430533,Pave,None,IR1,Low,AllPub,Inside,Mod,ClearCr,Norm,Norm,1Fam,1Story,7,5,1975,1975,Gable,WdShngl,Plywood,Plywood,None,0.0,TA,TA,CBlock,Gd,TA,Gd,ALQ,6.486160788944089,Unf,0.0,878,7.335633981927201,GasA,TA,Y,SBrkr,7.335633981927201,0,0.0,7.335633981927201,1,0,2,0,2,1,Gd,5,Typ,2,TA,Attchd,1975.0,Unf,2,576,TA,TA,Y,5.303304908059076,4.007333185232471,0.0,0.0,0.0,0.0,None,None,None,0.0,12,2006,WD,Normal,280000,8.028455164114252,31,31,3.0,1,1,1,0,254
453,60,RL,4.454347296253507,9.1381996941985,Pave,None,IR1,Lvl,AllPub,Corner,Gtl,Timber,Norm,Norm,1Fam,2Story,6,5,1996,1997,Hip,CompShg,VinylSd,VinylSd,BrkFace,3.7612001156935624,Gd,TA,PConc,Ex,TA,No,ALQ,6.610696044717759,Unf,0.0,130,6.771935555839602,GasA,Ex,Y,SBrkr,6.790097235513905,868,0.0,7.471363088187097,1,0,2,1,3,1,TA,7,Typ,0,None,Attchd,1996.0,Fin,2,422,TA,TA,Y,4.976733742420574,4.812184355372417,0.0,0.0,0.0,0.0,None,None,None,0.0,7,2007,WD,Normal,204000,7.874358824729881,11,10,3.5,1,1,0,1,266
454,60,FV,4.330733340286331,9.105090961257085,Pave,None,Reg,Lvl,AllPub,Inside,Gtl,Somerst,Norm,Norm,1Fam,2Story,8,5,2008,2008,Gable,CompShg,VinylSd,VinylSd,None,0.0,Gd,TA,PConc,Gd,TA,No,Unf,0.0,Unf,0.0,768,6.645090969505644,GasA,Ex,Y,SBrkr,6.668228248417403,804,0.0,7.372118028337787,0,0,2,1,3,1,Gd,6,Typ,0,None,Attchd,2008.0,RFn,2,676,TA,TA,Y,0.0,3.4339872044851463,0.0,0.0,0.0,0.0,None,None,None,0.0,6,2009,WD,Normal,210000,7.765993079407675,1,1,2.5,1,1,0,1,30
455,90,RL,4.1588830833596715,9.13755460225053,Pave,None,Reg,Lvl,AllPub,Inside,Gtl,Mitchel,Norm,Norm,Duplex,1Story,5,5,1976,1976,Gable,CompShg,Plywood,Plywood,None,0.0,TA,TA,CBlock,TA,TA,No,ALQ,7.382124365737512,Unf,0.0,122,7.455298485683291,GasA,TA,Y,SBrkr,7.455298485683291,0,0.0,7.455298485683291,2,0,2,0,4,2,TA,8,Typ,0,None,Detchd,1976.0,Unf,2,560,TA,TA,Y,0.0,0.0,0.0,0.0,0.0,0.0,None,None,None,0.0,7,2006,WD,Family,188000,8.148156439921625,30,30,4.0,1,1,0,0,0
456,20,RL,4.394449154672439,9.169622538697624,Pave,None,Reg,Lvl,AllPub,Inside,Gtl,NWAmes,Norm,Norm,1Fam,1Story,7,6,1973,1973,Hip,CompShg,HdBoard,HdBoard,BrkFace,5.771441123130016,TA,TA,CBlock,TA,TA,No,ALQ,6.821107472256465,Unf,0.0,326,7.1252830915107115,GasA,Fa,Y,SBrkr,7.1252830915107115,0,0.0,7.1252830915107115,0,0,1,1,3,1,TA,6,Typ,1,TA,Attchd,1973.0,Unf,2,528,TA,TA,Y,0.0,0.0,0.0,0.0,0.0,0.0,None,None,None,0.0,9,2007,WD,Normal,175500,7.818027938530729,34,34,1.5,1,1,1,0,0
457,70,RM,3.5553480614894135,8.427706024914702,Pave,Grvl,Reg,Lvl,AllPub,Inside,Gtl,OldTown,Norm,Norm,1Fam,2Story,5,5,1916,1950,Gable,CompShg,AsbShng,AsbShng,None,0.0,TA,TA,BrkTil,TA,TA,No,Unf,0.0,Unf,0.0,624,6.437751649736401,GasA,Fa,N,SBrkr,6.437751649736401,720,0.0,7.20414929203594,0,0,1,0,4,1,TA,7,Typ,0,None,Detchd,1916.0,Unf,3,513,Fa,Fa,Y,0.0,0.0,4.574710978503383,0.0,0.0,0.0,None,None,None,0.0,5,2008,COD,Abnorml,98000,7.585281078639126,92,58,1.0,1,1,0,1,96
458,20,RL,4.394449154672439,10.882339852663634,Pave,None,IR1,Low,AllPub,CulDSac,Mod,ClearCr,Norm,Norm,1Fam,1Story,4,6,1954,1994,Flat,Tar&Grv,Plywood,Plywood,None,0.0,TA,TA,CBlock,Gd,TA,Gd,BLQ,7.018401799069201,Unf,0.0,248,7.21890970761906,GasA,Ex,Y,SBrkr,7.416979621381154,0,0.0,7.416979621381154,1,0,1,0,2,1,Gd,6,Min1,2,Gd,Attchd,1954.0,Fin,2,529,TA,TA,Y,5.41610040220442,4.927253685157205,0.0,0.0,0.0,0.0,None,None,None,0.0,3,2008,WD,Normal,256000,8.01565761455734,54,14,2.0,1,1,1,0,361
459,70,RM,4.110873864173311,8.537191877922927,Pave,Grvl,Reg,Lvl,AllPub,Inside,Gtl,OldTown,Norm,Norm,1Fam,2Story,8,7,1925,1996,Hip,CompShg,Stucco,Wd Shng,None,0.0,TA,Gd,PConc,TA,TA,No,Unf,0.0,Unf,0.0,588,6.3784261836515865,GasA,Fa,Y,SBrkr,6.726233402358747,833,0.0,7.418780882750794,0,0,1,0,3,1,Gd,7,Typ,1,Gd,Detchd,1925.0,Unf,1,228,TA,TA,Y,5.262690188904886,4.1588830833596715,0.0,0.0,0.0,0.0,None,MnPrv,None,0.0,6,2008,WD,Normal,161000,7.720905251936779,83,12,1.0,1,1,1,1,255
460,50,RL,3.970291913552122,8.855948534052018,Pave,None,IR1,Bnk,AllPub,Corner,Gtl,BrkSide,Norm,Norm,1Fam,1.5Fin,5,4,1950,1950,Gable,CompShg,MetalSd,MetalSd,BrkCmn,5.087596335232384,TA,TA,CBlock,TA,TA,No,LwQ,5.225746673713202,Unf,0.0,524,6.565264970035361,GasA,TA,Y,SBrkr,6.887552571664617,224,0.0,7.093404625868766,1,0,1,0,3,1,Gd,5,Typ,1,TA,Detchd,1950.0,Unf,1,352,TA,TA,Y,0.0,0.0,5.517452896464707,0.0,0.0,0.0,None,None,None,0.0,7,2009,WD,Normal,110000,7.556427969440253,59,59,2.0,1,1,1,1,248
461,60,FV,4.330733340286331,8.987821625430815,Pave,None,IR1,Lvl,AllPub,Inside,Gtl,Somerst,RRAn,Norm,1Fam,2Story,8,5,2009,2009,Gable,CompShg,VinylSd,VinylSd,Stone,4.709530201312334,Gd,TA,PConc,Gd,TA,No,GLQ,6.300785794663244,Unf,0.0,288,6.725033642166843,GasA,Ex,Y,SBrkr,6.725033642166843,1103,0.0,7.568379267836522,1,0,2,1,3,1,TA,8,Typ,0,None,BuiltIn,2009.0,Fin,2,552,TA,TA,Y,0.0,5.017279836814924,0.0,0.0,0.0,0.0,None,None,None,0.0,12,2009,New,Partial,263435,7.92588031673756,0,0,3.5,1,1,0,1,150
462,70,RL,4.110873864173311,8.881975184248867,Pave,None,Reg,Lvl,AllPub,Inside,Gtl,SWISU,Feedr,Norm,1Fam,2Story,7,9,1936,2007,Gable,CompShg,Wd Sdng,Wd Sdng,None,0.0,Gd,Gd,PConc,Gd,Gd,No,ALQ,5.860786223465865,BLQ,5.351858133476067,0,6.329720905522696,GasA,Ex,Y,SBrkr,6.3561076606958915,560,0.0,7.035268599281097,1,0,1,0,3,1,Gd,6,Typ,0,None,Detchd,1971.0,RFn,2,576,TA,TA,Y,5.54907608489522,0.0,0.0,0.0,0.0,0.0,None,MnPrv,None,0.0,4,2009,WD,Normal,155000,7.4360278163518485,73,2,2.0,1,1,0,1,256
463,20,RL,4.110873864173311,9.021839764105513,Pave,None,IR1,Lvl,AllPub,Inside,Gtl,Sawyer,Norm,Norm,1Fam,1Story,5,5,1965,1965,Gable,CompShg,MetalSd,MetalSd,None,0.0,TA,TA,CBlock,TA,TA,No,Rec,6.317164686747284,BLQ,5.7430031878094825,0,6.762729506931879,GasA,Gd,Y,SBrkr,6.762729506931879,0,0.0,6.762729506931879,0,0,1,0,3,1,TA,5,Typ,1,Po,Detchd,1965.0,Unf,1,360,TA,TA,Y,0.0,0.0,5.4680601411351315,0.0,0.0,0.0,None,GdWo,None,0.0,12,2009,WD,Normal,62383,7.455298485683291,44,44,1.0,1,1,1,0,236
464,70,RL,4.31748811353631,9.391744841707654,Pave,None,IR1,HLS,AllPub,Inside,Mod,Crawfor,Norm,Norm,1Fam,2Story,6,7,1934,1995,Hip,CompShg,Stucco,Stucco,None,0.0,TA,TA,CBlock,TA,TA,No,LwQ,5.7899601708972535,Unf,0.0,389,6.573680166960646,GasA,Fa,Y,FuseA,6.745236349484363,811,0.0,7.415175109613295,0,0,1,1,3,1,TA,6,Typ,1,Gd,Detchd,1939.0,Unf,1,240,TA,TA,Y,0.0,0.0,0.0,0.0,0.0,0.0,None,None,None,0.0,8,2008,WD,Normal,188700,7.773173680482536,74,13,1.5,1,1,1,1,0
465,20,RL,4.110873864173311,9.039670667922676,Pave,None,Reg,HLS,AllPub,Inside,Mod,CollgCr,Norm,Norm,1Fam,1Story,5,5,1978,1978,Gable,CompShg,HdBoard,HdBoard,BrkFace,4.919980925828125,TA,TA,CBlock,Gd,TA,No,Rec,6.424869023905388,Unf,0.0,424,6.947937068614969,GasA,TA,Y,SBrkr,6.947937068614969,0,0.0,6.947937068614969,0,0,2,0,3,1,TA,5,Typ,0,None,None,0.0,None,0,0,None,None,Y,0.0,0.0,0.0,0.0,0.0,0.0,None,None,None,0.0,8,2009,WD,Normal,124000,7.640603826393634,31,31,2.0,0,1,0,0,0
466,120,RM,3.784189633918261,8.030409562130485,Pave,None,Reg,Lvl,AllPub,Inside,Gtl,Blmngtn,Norm,Norm,TwnhsE,1Story,7,5,2004,2004,Hip,CompShg,VinylSd,VinylSd,BrkFace,2.9444389791664403,Gd,TA,PConc,Gd,TA,No,Unf,0.0,Unf,0.0,1375,7.226936018493289,GasA,Ex,Y,SBrkr,7.254884810077338,0,0.0,7.254884810077338,0,0,2,0,2,1,Gd,6,Typ,1,TA,Attchd,2004.0,Fin,2,398,TA,TA,Y,4.976733742420574,3.044522437723423,0.0,0.0,0.0,0.0,None,None,None,0.0,5,2006,WD,Normal,178740,7.933796874815411,2,2,2.0,1,1,1,0,164
467,20,RL,4.454347296253507,9.271341393533582,Pave,None,Reg,Lvl,AllPub,Inside,Gtl,NAmes,Norm,Norm,1Fam,1Story,7,5,1970,1970,Flat,Tar&Grv,Plywood,Plywood,None,0.0,TA,Gd,CBlock,TA,Gd,Gd,GLQ,6.658011045870748,Unf,0.0,499,7.15305163493748,GasA,TA,Y,SBrkr,7.15305163493748,0,0.0,7.15305163493748,1,0,1,0,2,1,TA,5,Typ,1,Po,Attchd,1970.0,Unf,2,526,TA,TA,Y,0.0,0.0,0.0,0.0,5.176149732573829,0.0,None,GdWo,None,0.0,4,2007,WD,Normal,167000,7.845807502637805,37,37,2.0,1,1,1,0,176
468,70,RL,4.382026634673881,9.15704507491796,Pave,None,Reg,Lvl,AllPub,Inside,Gtl,NAmes,Artery,Norm,1Fam,2Story,5,7,1942,1995,Gable,CompShg,MetalSd,MetalSd,Stone,5.41610040220442,TA,TA,CBlock,TA,TA,No,LwQ,5.958424693029782,Unf,0.0,342,6.591673732008658,GasA,Ex,Y,SBrkr,6.790097235513905,756,0.0,7.405495663199472,0,0,1,1,3,1,Gd,7,Typ,2,Gd,Attchd,1942.0,Unf,1,312,TA,TA,Y,5.1298987149230735,0.0,0.0,0.0,0.0,0.0,None,None,None,0.0,6,2007,WD,Normal,146500,7.771910256435763,65,12,1.5,1,1,1,1,168
469,20,RL,4.59511985013459,9.343909263897597,Pave,None,IR1,Lvl,AllPub,Inside,Gtl,NridgHt,Norm,Norm,1Fam,1Story,8,5,2006,2006,Gable,CompShg,VinylSd,VinylSd,Stone,5.517452896464707,Gd,TA,PConc,Gd,TA,No,Unf,0.0,Unf,0.0,1626,7.394493107219038,GasA,Ex,Y,SBrkr,7.399398083331354,0,0.0,7.399398083331354,0,0,2,0,3,1,Gd,7,Typ,1,Gd,Attchd,2006.0,RFn,3,866,TA,TA,Y,0.0,3.8066624897703196,0.0,0.0,0.0,0.0,None,None,None,0.0,5,2007,WD,Normal,250000,8.089789175789319,1,1,2.0,1,1,1,0,44
470,60,RL,4.343805421853684,9.1369090938903,Pave,None,IR1,Lvl,AllPub,Corner,Gtl,SawyerW,RRNe,Norm,1Fam,2Story,6,5,1993,1993,Gable,CompShg,HdBoard,HdBoard,BrkFace,4.795790545596741,Gd,TA,PConc,Gd,TA,No,GLQ,6.056784013228625,Unf,0.0,406,6.725033642166843,GasA,Ex,Y,SBrkr,6.725033642166843,878,0.0,7.444833273892193,0,0,2,1,3,1,Gd,7,Typ,0,None,Attchd,1993.0,RFn,2,506,TA,TA,Y,4.976733742420574,4.2626798770413155,0.0,0.0,0.0,0.0,None,None,None,0.0,6,2008,WD,Normal,187000,7.841099765422119,15,15,2.5,1,1,0,1,214
471,120,RL,4.135166556742356,8.82776136765472,Pave,None,IR1,Lvl,AllPub,Corner,Gtl,StoneBr,Norm,Norm,TwnhsE,1Story,8,5,1985,1985,Gable,CompShg,HdBoard,HdBoard,None,0.0,Gd,TA,PConc,Gd,TA,Av,GLQ,5.910796644040527,BLQ,7.02197642307216,0,7.305860032684009,GasA,TA,Y,SBrkr,7.315218389752975,0,0.0,7.315218389752975,1,0,1,1,1,1,Gd,4,Typ,0,None,Attchd,1985.0,RFn,2,528,TA,TA,Y,0.0,4.007333185232471,0.0,0.0,4.948759890378168,0.0,None,None,None,0.0,6,2010,WD,Normal,212000,8.003363058629947,25,25,2.5,1,1,0,0,194
472,60,RL,4.532599493153256,9.38873757187798,Pave,None,Reg,Lvl,AllPub,Inside,Gtl,NWAmes,PosA,Norm,1Fam,2Story,7,6,1977,1977,Mansard,WdShake,WdShing,Plywood,None,0.0,TA,TA,CBlock,Gd,TA,No,Unf,0.0,Unf,0.0,808,6.695798917058491,GasA,TA,Y,SBrkr,7.057897937411856,808,0.0,7.585788821732034,0,0,2,1,3,1,TA,8,Typ,1,Gd,Attchd,1977.0,RFn,2,534,TA,TA,Y,0.0,0.0,0.0,0.0,5.6240175061873385,0.0,None,None,None,0.0,11,2007,WD,Normal,190000,7.9294865233142895,30,30,2.5,1,1,1,1,276
473,180,RM,3.58351893845611,8.209580483475577,Pave,None,Reg,Lvl,AllPub,Inside,Gtl,Edwards,Norm,Norm,TwnhsE,SLvl,6,5,2005,2005,Gable,CompShg,VinylSd,VinylSd,BrkFace,4.394449154672439,TA,TA,PConc,Gd,TA,Gd,GLQ,6.131226489483141,Unf,0.0,88,6.306275286948016,GasA,Ex,Y,SBrkr,6.9782137426306985,0,0.0,6.9782137426306985,1,0,1,0,2,1,TA,5,Typ,0,None,Basment,2005.0,RFn,2,525,TA,TA,Y,0.0,3.367295829986474,0.0,0.0,0.0,0.0,None,None,None,0.0,6,2008,WD,Normal,148000,7.3901814282264295,3,3,2.0,1,1,0,0,28
474,20,RL,4.709530201312334,9.614337736809313,Pave,None,IR1,Lvl,AllPub,Inside,Gtl,NridgHt,Norm,Norm,1Fam,1Story,8,5,2006,2007,Gable,CompShg,VinylSd,VinylSd,BrkFace,5.720311776607412,Gd,TA,PConc,Ex,TA,Gd,GLQ,7.208600337960199,Unf,0.0,626,7.589335823170617,GasA,Ex,Y,SBrkr,7.589335823170617,0,0.0,7.589335823170617,1,0,2,0,2,1,Gd,7,Typ,1,Ex,Attchd,2006.0,RFn,3,908,TA,TA,Y,5.5254529391317835,4.1588830833596715,0.0,0.0,0.0,0.0,None,None,None,0.0,7,2007,New,Partial,440000,8.282230063296685,1,0,3.0,1,1,1,0,313
475,120,RL,3.7376696182833684,8.581294116822761,Pave,None,Reg,Lvl,AllPub,Inside,Gtl,StoneBr,Norm,Norm,TwnhsE,1Story,8,5,2000,2000,Gable,CompShg,CemntBd,CmentBd,None,0.0,Gd,TA,PConc,Gd,TA,Av,GLQ,7.087573705557973,Unf,0.0,298,7.3098814858247865,GasA,Ex,Y,SBrkr,7.410347097821024,0,0.0,7.410347097821024,1,0,2,0,2,1,Ex,6,Typ,0,None,Attchd,2000.0,RFn,2,499,TA,TA,Y,4.574710978503383,3.8918202981106265,0.0,0.0,0.0,0.0,None,None,None,0.0,8,2007,WD,Normal,251000,8.054204897064407,7,7,3.0,1,1,0,0,144
476,20,RL,4.394449154672439,9.0455836463617,Pave,None,Reg,Lvl,AllPub,Corner,Gtl,Sawyer,Norm,Norm,1Fam,1Story,5,6,1963,1963,Hip,CompShg,HdBoard,HdBoard,None,0.0,TA,TA,CBlock,TA,TA,No,GLQ,6.447305862541213,Unf,0.0,340,6.878326468291325,GasA,TA,Y,SBrkr,6.878326468291325,0,0.0,6.878326468291325,1,0,1,0,2,1,TA,5,Typ,0,None,Detchd,1996.0,Unf,2,624,TA,TA,Y,0.0,3.2188758248682006,0.0,0.0,5.262690188904886,0.0,None,None,None,0.0,7,2007,WD,Normal,132500,7.57095858316901,44,44,2.0,1,1,0,0,216
477,20,RL,4.330733340286331,9.482350275033667,Pave,None,Reg,Lvl,AllPub,Inside,Mod,CollgCr,Norm,Norm,1Fam,1Story,6,5,1997,1998,Gable,CompShg,VinylSd,VinylSd,BrkFace,5.375278407684165,TA,TA,PConc,Gd,TA,Gd,GLQ,6.902742737158593,Unf,0.0,484,7.2991214627108,GasA,Ex,Y,SBrkr,7.309212365692763,0,0.0,7.309212365692763,1,0,2,0,3,1,Gd,7,Typ,1,TA,Attchd,1997.0,Fin,2,508,TA,TA,Y,4.948759890378168,3.6888794541139363,0.0,0.0,0.0,0.0,None,None,None,0.0,4,2008,WD,Normal,208900,7.99699040583765,11,10,3.0,1,1,1,0,179
478,60,RL,4.663439094112067,9.524713059681009,Pave,None,Reg,Lvl,AllPub,Inside,Gtl,NridgHt,Norm,Norm,1Fam,2Story,9,5,2006,2006,Hip,CompShg,VinylSd,VinylSd,BrkFace,6.650279048587422,Ex,TA,PConc,Gd,TA,Av,Unf,0.0,Unf,0.0,2153,7.675081857716334,GasA,Ex,Y,SBrkr,7.635303886259415,574,0.0,7.880048200971577,0,0,2,1,3,1,Ex,9,Typ,1,Gd,BuiltIn,2006.0,Fin,3,694,TA,TA,Y,6.028278520230698,4.442651256490317,0.0,0.0,0.0,0.0,None,None,None,0.0,3,2007,WD,Normal,380000,8.475746001502063,1,1,2.5,1,1,1,1,498
479,20,RL,4.382026634673881,9.272187775302262,Pave,None,Reg,Lvl,AllPub,Inside,Gtl,CollgCr,Norm,Norm,1Fam,1Story,8,5,2007,2008,Hip,CompShg,VinylSd,VinylSd,Stone,5.820082930352362,Gd,TA,PConc,Ex,TA,Gd,GLQ,7.161622002939187,Unf,0.0,417,7.441906728051625,GasA,Ex,Y,SBrkr,7.449498005382849,0,0.0,7.449498005382849,1,0,2,0,3,1,Gd,7,Typ,1,Gd,Attchd,2007.0,RFn,3,826,TA,TA,Y,5.342334251964811,3.8066624897703196,0.0,0.0,0.0,0.0,None,None,None,0.0,9,2009,WD,Normal,297000,8.138564737261632,2,1,3.0,1,1,1,0,252
480,30,RM,3.9318256327243257,8.68710472813351,Pave,None,Reg,Bnk,AllPub,Inside,Gtl,OldTown,Norm,Norm,1Fam,1Story,4,7,1937,2000,Hip,CompShg,Stucco,Stucco,BrkCmn,6.077642243349034,TA,TA,BrkTil,Fa,TA,No,Rec,5.1298987149230735,Unf,0.0,739,6.811244378601294,GasA,TA,Y,SBrkr,7.0317412587631285,0,0.0,7.0317412587631285,0,0,1,0,2,1,TA,7,Typ,0,None,Detchd,1995.0,Unf,2,672,TA,TA,Y,0.0,4.290459441148391,0.0,0.0,0.0,0.0,None,MnPrv,None,0.0,3,2007,WD,Alloca,89471,7.620214770574455,70,7,1.0,1,1,0,0,72
481,20,RL,4.59511985013459,9.682466746602897,Pave,None,IR1,Lvl,AllPub,FR2,Gtl,NridgHt,Norm,Norm,1Fam,1Story,9,5,2004,2005,Hip,CompShg,VinylSd,VinylSd,BrkFace,5.937536205082426,Gd,TA,PConc,Ex,TA,Gd,GLQ,7.140453043101158,Unf,0.0,572,7.51425465281641,GasA,Ex,Y,SBrkr,7.523481312573497,0,0.0,7.523481312573497,1,0,2,0,3,1,Gd,8,Typ,1,Gd,Attchd,2004.0,Fin,3,772,TA,TA,Y,6.253828811575473,4.727387818712341,0.0,0.0,0.0,0.0,None,None,None,0.0,3,2006,WD,Normal,326000,8.211754397375197,2,1,3.0,1,1,1,0,631
482,20,RL,4.290459441148391,9.37982994995476,Pave,None,IR1,HLS,AllPub,Inside,Gtl,NridgHt,Norm,Norm,1Fam,1Story,9,5,2003,2004,Hip,CompShg,VinylSd,VinylSd,BrkFace,6.333279628139691,Gd,TA,PConc,Ex,TA,Gd,GLQ,7.357556200910353,Unf,0.0,225,7.491645473605133,GasA,Ex,Y,SBrkr,7.491645473605133,0,0.0,7.491645473605133,1,0,2,0,2,1,Ex,6,Typ,1,Gd,Attchd,2003.0,Fin,3,874,TA,TA,Y,5.332718793265369,3.912023005428146,0.0,0.0,0.0,0.0,None,None,None,0.0,8,2006,WD,Normal,374000,8.184513753033722,3,2,3.0,1,1,1,0,255
483,70,RM,3.9318256327243257,7.824445930877619,Pave,Pave,Reg,Lvl,AllPub,Corner,Gtl,OldTown,Norm,Norm,1Fam,2Story,7,8,1915,2005,Gable,CompShg,Stucco,Stucco,None,0.0,Gd,TA,PConc,TA,TA,No,ALQ,5.703782474656201,Unf,0.0,611,6.814542897259958,GasA,Ex,Y,SBrkr,6.821107472256465,910,0.0,7.510430556378006,1,0,1,1,4,1,Ex,7,Min2,1,Gd,Attchd,1915.0,Unf,1,164,Fa,Fa,Y,0.0,0.0,0.0,0.0,0.0,0.0,None,None,None,0.0,6,2009,WD,Normal,155000,7.914617709040679,94,4,2.5,1,1,1,1,0
484,120,RM,3.4965075614664802,8.412054873292933,Pave,None,Reg,Lvl,AllPub,FR2,Gtl,Mitchel,Norm,Norm,Twnhs,1Story,6,5,1998,1998,Hip,CompShg,VinylSd,VinylSd,BrkFace,4.762173934797756,TA,TA,PConc,Ex,TA,No,GLQ,6.8001700683022,Unf,0.0,319,7.104144092987527,GasA,Ex,Y,SBrkr,7.104144092987527,0,0.0,7.104144092987527,1,0,2,0,2,1,TA,5,Typ,0,None,Attchd,1998.0,Unf,2,402,TA,TA,Y,0.0,4.836281906951478,0.0,0.0,0.0,0.0,None,None,None,0.0,5,2006,WD,Normal,164000,7.796880342783522,8,8,3.0,1,1,0,0,125
485,20,RL,4.276666119016055,8.95660873889395,Pave,None,IR1,Lvl,AllPub,Corner,Gtl,Sawyer,Norm,Norm,1Fam,1Story,5,7,1962,2001,Gable,CompShg,HdBoard,Plywood,None,0.0,TA,Gd,CBlock,TA,TA,No,ALQ,6.3784261836515865,Unf,0.0,411,6.907755278982137,GasA,Gd,Y,SBrkr,6.907755278982137,0,0.0,6.907755278982137,1,0,1,0,3,1,Gd,6,Typ,0,None,Detchd,1963.0,Unf,1,264,TA,TA,Y,0.0,4.890349128221754,0.0,0.0,0.0,0.0,None,None,None,0.0,3,2007,WD,Normal,132500,7.6004023345004,45,6,2.0,1,1,0,0,132
486,20,RL,4.394449154672439,9.169622538697624,Pave,None,Reg,Lvl,AllPub,Inside,Gtl,NAmes,Norm,Norm,1Fam,1Story,5,7,1950,2007,Gable,CompShg,MetalSd,MetalSd,None,0.0,Gd,TA,CBlock,TA,TA,No,ALQ,6.410174881966167,Unf,0.0,506,7.01571242048723,GasA,Gd,Y,SBrkr,7.01571242048723,0,0.0,7.01571242048723,0,0,1,0,3,1,Gd,5,Typ,1,Gd,Attchd,1950.0,Unf,1,264,TA,TA,Y,0.0,4.394449154672439,4.795790545596741,0.0,0.0,0.0,None,None,None,0.0,7,2009,WD,Normal,147000,7.708410667257367,59,2,1.0,1,1,1,0,200
487,20,RL,4.382026634673881,9.238927828828094,Pave,None,Reg,Lvl,AllPub,Inside,Gtl,NAmes,Norm,Norm,1Fam,1Story,5,7,1965,1965,Hip,CompShg,MetalSd,MetalSd,BrkFace,5.1298987149230735,TA,TA,CBlock,TA,TA,No,ALQ,6.729824070489475,Unf,0.0,237,6.97914527506881,GasA,TA,Y,SBrkr,6.97914527506881,0,0.0,6.97914527506881,1,0,1,1,3,1,TA,6,Typ,0,None,Attchd,1965.0,RFn,2,515,TA,TA,Y,0.0,0.0,0.0,0.0,0.0,0.0,None,None,None,0.0,6,2007,WD,Normal,156000,7.671826797878781,42,42,2.5,1,1,0,0,0
488,20,RL,4.2626798770413155,9.412791300065303,Pave,None,IR1,Lvl,AllPub,Inside,Gtl,NWAmes,Norm,Norm,1Fam,1Story,5,6,1971,1971,Gable,CompShg,Plywood,Plywood,None,0.0,TA,TA,CBlock,Gd,TA,Av,ALQ,6.906754778648554,Unf,0.0,486,7.3031700512368,GasA,Gd,Y,SBrkr,7.3031700512368,0,0.0,7.3031700512368,0,0,2,0,3,1,TA,7,Typ,1,TA,Attchd,1971.0,Unf,2,487,TA,TA,Y,5.41610040220442,0.0,0.0,0.0,5.198497031265826,0.0,None,None,None,0.0,2,2007,WD,Normal,175000,7.99598047476376,36,36,2.0,1,1,1,0,404
489,190,RL,4.110873864173311,9.287394001418473,Pave,None,Reg,Lvl,AllPub,Corner,Gtl,OldTown,Norm,Norm,2fmCon,1.5Fin,5,4,1900,1970,Gable,CompShg,Wd Sdng,Wd Sdng,None,0.0,TA,Fa,CBlock,TA,Fa,No,BLQ,6.499787040655854,Unf,0.0,290,6.86171134048073,GasA,TA,N,FuseA,7.4770384723196965,648,0.0,7.789454566086673,0,0,2,0,3,2,TA,10,Mod,1,Gd,Attchd,1970.0,Unf,2,520,TA,Fa,N,4.962844630259907,0.0,0.0,0.0,0.0,0.0,None,None,None,0.0,5,2006,ConLD,Normal,160000,8.122371243406553,106,36,2.0,1,1,1,1,142
490,180,RM,3.091042453358316,7.3310603052186325,Pave,None,Reg,Lvl,AllPub,Inside,Gtl,MeadowV,Norm,Norm,Twnhs,SFoyer,4,8,1970,2002,Gable,CompShg,CemntBd,CmentBd,None,0.0,TA,Gd,CBlock,Gd,TA,Av,GLQ,6.246106765481563,Unf,0.0,115,6.447305862541213,GasA,TA,Y,SBrkr,6.447305862541213,0,0.0,6.447305862541213,1,0,1,0,1,1,Gd,3,Typ,0,None,Attchd,1970.0,Unf,1,286,TA,TA,Y,0.0,0.0,0.0,0.0,0.0,0.0,None,None,None,0.0,5,2009,WD,Normal,86000,7.13966033596492,39,7,2.0,1,1,0,0,0
491,160,RM,3.091042453358316,7.888334500738654,Pave,None,Reg,Lvl,AllPub,Inside,Gtl,MeadowV,Norm,Norm,TwnhsE,2Story,5,6,1976,1976,Gable,CompShg,CemntBd,CmentBd,None,0.0,TA,TA,PConc,Gd,TA,Mn,Unf,0.0,Unf,0.0,264,5.579729825986222,GasA,TA,Y,SBrkr,6.424869023905388,688,0.0,7.173958319756794,0,0,1,1,3,1,TA,4,Typ,1,Gd,BuiltIn,1976.0,Fin,1,336,TA,TA,Y,4.955827057601261,3.2188758248682006,0.0,0.0,0.0,0.0,None,None,None,0.0,6,2008,WD,Normal,115000,7.358193752733032,32,32,1.5,1,1,1,1,165
492,50,RL,4.382026634673881,9.158099260130491,Pave,None,Reg,Lvl,AllPub,Inside,Gtl,NAmes,Artery,Norm,1Fam,1.5Fin,6,7,1941,1950,Gable,CompShg,Wd Sdng,Wd Sdng,None,0.0,TA,TA,CBlock,TA,TA,No,BLQ,6.0014148779611505,Rec,5.111987788356544,238,6.693323668269949,GasA,TA,Y,FuseA,6.8658910748834385,620,0.0,7.364547014255642,1,0,1,0,3,1,Fa,5,Typ,2,TA,Attchd,1941.0,Unf,1,240,TA,TA,Y,0.0,0.0,3.4965075614664802,0.0,0.0,0.0,None,MnPrv,None,0.0,8,2006,WD,Normal,133000,7.776954403322442,65,56,2.0,1,1,1,1,32
493,60,RL,4.663439094112067,9.653679132512428,Pave,None,IR1,Lvl,AllPub,Corner,Gtl,Gilbert,Norm,Norm,1Fam,2Story,6,5,2006,2006,Gable,CompShg,VinylSd,VinylSd,None,0.0,Gd,TA,PConc,Gd,TA,No,Unf,0.0,Unf,0.0,728,6.591673732008658,GasA,Gd,Y,SBrkr,6.591673732008658,728,0.0,7.284134806195205,0,0,2,1,3,1,TA,8,Typ,0,None,Attchd,2006.0,RFn,2,429,TA,TA,Y,0.0,0.0,0.0,0.0,0.0,0.0,None,None,None,0.0,5,2006,New,Partial,172785,7.68937110752969,0,0,2.5,1,1,0,1,0
494,20,RL,4.2626798770413155,8.978660489639687,Pave,None,Reg,Lvl,AllPub,Inside,Gtl,NAmes,Norm,Norm,1Fam,1Story,5,6,1960,1960,Gable,CompShg,BrkFace,Wd Sdng,None,0.0,TA,TA,CBlock,TA,TA,No,BLQ,5.926926025970411,LwQ,6.278521424165844,363,7.146772179452637,GasA,TA,Y,FuseA,7.146772179452637,0,0.0,7.146772179452637,0,0,1,1,3,1,TA,6,Typ,1,Fa,Detchd,1964.0,Unf,1,308,TA,TA,Y,0.0,0.0,0.0,0.0,0.0,0.0,None,None,None,0.0,6,2008,WD,Normal,155000,7.839525581704678,48,48,1.5,1,1,1,0,0
495,30,RM,3.9318256327243257,8.663023639627777,Pave,None,Reg,Lvl,AllPub,Inside,Gtl,OldTown,Artery,Norm,1Fam,1Story,5,8,1938,1996,Gable,CompShg,MetalSd,MetalSd,None,0.0,TA,TA,BrkTil,Fa,TA,No,Unf,0.0,Unf,0.0,190,5.25227342804663,GasA,Gd,Y,FuseA,6.787844982309579,0,0.0,6.787844982309579,0,0,1,0,2,1,TA,4,Typ,0,None,Attchd,1938.0,Unf,1,273,TA,TA,Y,4.976733742420574,3.044522437723423,4.394449154672439,0.0,0.0,0.0,None,None,None,0.0,12,2009,WD,Normal,91300,6.981934677156389,71,13,1.0,1,1,0,0,244
496,30,C (all),4.110873864173311,8.972083182851925,Pave,None,Reg,Lvl,AllPub,Inside,Gtl,IDOTRR,Norm,Norm,1Fam,1Story,4,5,1920,1950,Gable,CompShg,Wd Sdng,Wd Sdng,None,0.0,TA,TA,CBlock,TA,TA,No,Rec,6.206575926724928,Unf,0.0,225,6.580639137284949,GasA,TA,N,FuseA,6.580639137284949,0,0.0,6.580639137284949,0,0,1,0,2,1,TA,4,Typ,0,None,None,0.0,None,0,0,None,None,N,0.0,6.261491684321042,4.7535901911063645,0.0,0.0,0.0,None,GdWo,None,0.0,11,2009,WD,Abnorml,34900,7.273092595999522,89,59,1.0,0,1,0,0,638
497,20,RL,4.5217885770490405,9.448805939388178,Pave,None,IR1,Lvl,AllPub,Inside,Gtl,NoRidge,Norm,Norm,1Fam,1Story,8,5,1992,1993,Hip,CompShg,BrkFace,BrkFace,None,0.0,Gd,TA,PConc,Gd,TA,No,GLQ,7.116394144093465,Unf,0.0,1969,8.071218539969863,GasA,Ex,Y,SBrkr,8.079927770758275,0,0.0,8.079927770758275,1,0,3,0,4,1,Gd,10,Typ,1,Gd,Attchd,1992.0,RFn,2,546,TA,TA,Y,5.579729825986222,4.330733340286331,5.676753802268282,0.0,0.0,0.0,None,None,None,0.0,5,2007,WD,Normal,430000,8.768574284141687,15,14,4.0,1,1,1,0,630
498,50,RL,4.110873864173311,9.118334726180159,Pave,Pave,Reg,Lvl,AllPub,Inside,Gtl,BrkSide,Norm,Norm,1Fam,1.5Fin,7,6,1925,1950,Gable,CompShg,Wd Sdng,Wd Sdng,None,0.0,TA,Gd,PConc,TA,TA,No,Rec,5.799092654460526,Unf,0.0,697,6.934397209928558,GasA,Ex,Y,SBrkr,7.033506484287697,687,0.0,7.507141079727608,1,0,2,0,4,1,TA,8,Typ,0,None,Detchd,1925.0,Unf,1,240,TA,TA,N,0.0,4.61512051684126,0.0,0.0,0.0,0.0,None,GdPrv,None,0.0,6,2008,WD,Normal,184000,7.954021087278037,83,58,3.0,1,1,0,1,100
499,20,RL,4.189654742026425,8.962007209588313,Pave,None,Reg,Lvl,AllPub,Inside,Gtl,Sawyer,Norm,Norm,1Fam,1Story,5,7,1967,2004,Hip,CompShg,HdBoard,HdBoard,BrkFace,4.499809670330265,TA,TA,PConc,TA,TA,No,ALQ,6.111467339502679,Unf,0.0,414,6.762729506931879,GasA,Ex,Y,SBrkr,6.802394763324311,0,0.0,6.802394763324311,0,0,1,0,3,1,Gd,5,Typ,0,None,Attchd,1967.0,Fin,1,288,TA,TA,Y,4.174387269895637,0.0,0.0,0.0,0.0,0.0,None,MnPrv,None,0.0,6,2009,WD,Normal,130000,7.475339236566737,42,5,1.0,1,1,0,0,64
500,20,RL,4.2626798770413155,8.927446816256198,Pave,None,IR1,Lvl,AllPub,Inside,Gtl,NAmes,Norm,Norm,1Fam,1Story,5,7,1958,1985,Gable,CompShg,MetalSd,MetalSd,None,0.0,TA,TA,CBlock,TA,TA,No,BLQ,4.718498871295094,LwQ,5.634789603169249,522,6.816735880594968,GasA,Fa,Y,SBrkr,6.816735880594968,0,0.0,6.816735880594968,0,1,1,0,2,1,TA,5,Typ,0,None,Attchd,1958.0,Fin,1,297,TA,TA,Y,2.5649493574615367,5.655991810819852,0.0,0.0,0.0,0.0,None,MnWw,Shed,6.175867270105761,6,2007,WD,Normal,120000,7.509335266016592,49,22,1.5,1,1,0,0,297
501,160,RM,3.091042453358316,7.544861068658458,Pave,None,Reg,Lvl,AllPub,Inside,Gtl,BrDale,Norm,Norm,Twnhs,2Story,6,5,1973,1973,Gable,CompShg,HdBoard,HdBoard,BrkFace,5.655991810819852,TA,TA,CBlock,TA,TA,No,BLQ,5.877735781779639,Unf,0.0,316,6.511745329644728,GasA,TA,Y,SBrkr,6.511745329644728,546,0.0,7.105786129481271,0,0,1,1,3,1,TA,7,Typ,0,None,Detchd,1973.0,Unf,1,264,TA,TA,Y,4.976733742420574,3.367295829986474,0.0,0.0,0.0,0.0,None,None,None,0.0,5,2007,WD,Normal,113000,7.544861068658458,34,34,1.5,1,1,0,1,172
502,60,FV,4.330733340286331,9.190545744648004,Pave,None,Reg,Lvl,AllPub,Inside,Gtl,Somerst,Norm,Norm,1Fam,2Story,7,5,2005,2005,Gable,CompShg,VinylSd,VinylSd,None,0.0,Gd,TA,PConc,Gd,TA,No,GLQ,5.993961427306569,Unf,0.0,466,6.7650389767805414,GasA,Gd,Y,SBrkr,6.7650389767805414,902,0.0,7.478169694159785,0,0,2,1,3,1,Gd,7,Typ,0,None,Attchd,2005.0,RFn,2,603,TA,TA,Y,0.0,4.6913478822291435,0.0,0.0,0.0,0.0,None,None,None,0.0,2,2008,WD,Normal,226700,7.876638460975463,3,3,2.5,1,1,0,1,108
503,20,RL,4.2626798770413155,9.123801610558944,Pave,None,Reg,Lvl,AllPub,Corner,Gtl,Edwards,Feedr,Norm,1Fam,1Story,5,7,1965,1965,Hip,CompShg,MetalSd,MetalSd,None,0.0,TA,TA,CBlock,TA,TA,No,ALQ,6.54965074223381,GLQ,4.574710978503383,420,7.102499355774649,GasA,Ex,Y,SBrkr,7.102499355774649,0,0.0,7.102499355774649,1,0,1,0,2,1,TA,6,Typ,0,None,Detchd,1965.0,Unf,2,461,Fa,Fa,Y,0.0,0.0,5.220355825078324,0.0,0.0,0.0,None,GdPrv,Shed,5.993961427306569,4,2007,WD,Normal,140000,7.795234929002173,42,42,2.0,1,1,0,0,184
504,20,RL,4.61512051684126,9.655218482441182,Pave,None,IR1,Lvl,AllPub,Inside,Gtl,Crawfor,Norm,Norm,1Fam,1Story,7,8,1959,1997,Gable,CompShg,BrkFace,Wd Sdng,None,0.0,TA,TA,CBlock,TA,TA,No,ALQ,7.129297548929373,Unf,0.0,254,7.31455283232408,GasA,TA,Y,SBrkr,7.496652438168283,0,0.0,7.496652438168283,1,0,2,0,1,1,TA,6,Typ,2,TA,Attchd,1959.0,Fin,2,484,TA,TA,Y,0.0,4.007333185232471,0.0,0.0,5.087596335232384,0.0,None,GdWo,None,0.0,3,2010,WD,Normal,289000,8.10258642539079,51,13,3.0,1,1,1,0,215
505,160,RL,3.2188758248682006,7.744569809354496,Pave,None,Reg,Lvl,AllPub,Inside,Gtl,NPkVill,Norm,Norm,TwnhsE,2Story,6,5,1974,1974,Gable,CompShg,Plywood,Brk Cmn,None,0.0,TA,TA,CBlock,TA,TA,No,ALQ,5.552959584921617,Rec,6.206575926724928,103,6.752270376141742,GasA,TA,Y,SBrkr,6.752270376141742,467,0.0,7.187657164114956,0,1,2,1,3,1,TA,6,Typ,1,Fa,Attchd,1974.0,Unf,2,440,TA,TA,Y,5.564520407322694,0.0,0.0,0.0,0.0,0.0,None,None,None,0.0,6,2009,WD,Normal,147000,7.686162303492906,35,35,3.0,1,1,1,1,260
506,90,RM,4.110873864173311,8.935508711503221,Pave,Grvl,Reg,Lvl,AllPub,Inside,Gtl,OldTown,Artery,Norm,Duplex,2Story,5,5,1952,1952,Hip,CompShg,Wd Sdng,Wd Sdng,BrkFace,5.8888779583328805,TA,TA,CBlock,TA,TA,No,Unf,0.0,Unf,0.0,960,6.8679744089702925,GasA,Gd,Y,SBrkr,6.8679744089702925,1000,0.0,7.581209826196346,0,0,2,0,4,2,TA,10,Typ,0,None,Detchd,1952.0,Unf,2,400,TA,TA,N,0.0,0.0,0.0,0.0,0.0,0.0,None,None,None,0.0,7,2009,COD,Normal,124500,7.979681302387741,57,57,2.0,1,1,0,1,0
507,60,RL,4.394449154672439,9.164819856674374,Pave,None,IR1,Lvl,AllPub,Inside,Gtl,SawyerW,Norm,Norm,1Fam,2Story,8,5,1993,1994,Gable,CompShg,VinylSd,VinylSd,BrkFace,4.836281906951478,Gd,TA,PConc,Gd,TA,No,GLQ,5.942799375126701,Unf,0.0,397,6.656726524178391,GasA,Ex,Y,SBrkr,6.97166860472579,846,0.0,7.555905093611346,0,0,2,1,3,1,Gd,8,Typ,1,TA,Attchd,1993.0,RFn,2,471,TA,TA,Y,5.209486152841421,4.406719247264253,0.0,0.0,0.0,0.0,None,None,None,0.0,9,2006,WD,Normal,215000,7.896924656268864,13,12,2.5,1,1,1,1,263
508,20,FV,4.330733340286331,8.969923491991516,Pave,None,IR1,Lvl,AllPub,Inside,Gtl,Somerst,Norm,Norm,1Fam,1Story,6,5,2009,2009,Gable,CompShg,VinylSd,VinylSd,None,0.0,Gd,TA,PConc,Gd,TA,No,GLQ,3.332204510175204,Unf,0.0,1191,7.105786129481271,GasA,Ex,Y,SBrkr,7.105786129481271,0,0.0,7.105786129481271,0,0,2,0,2,1,Gd,4,Typ,0,None,Attchd,2009.0,Fin,2,676,TA,TA,Y,0.0,4.634728988229636,0.0,0.0,0.0,0.0,None,None,None,0.0,9,2009,New,Partial,208300,7.798523053625206,0,0,2.0,1,1,0,0,102
509,70,RM,4.110873864173311,9.169622538697624,Pave,None,Reg,Lvl,AllPub,Inside,Gtl,OldTown,Norm,Norm,1Fam,2Story,7,9,1928,2005,Gambrel,CompShg,MetalSd,MetalSd,None,0.0,TA,Ex,BrkTil,TA,TA,No,Rec,4.955827057601261,Unf,0.0,548,6.536691597591305,GasA,Ex,Y,SBrkr,6.536691597591305,689,0.0,7.229113877793302,0,0,2,0,3,1,Gd,7,Typ,1,Gd,Detchd,1928.0,Unf,2,360,TA,TA,N,0.0,0.0,4.762173934797756,0.0,0.0,0.0,None,None,None,0.0,10,2008,WD,Normal,161000,7.63433723562832,80,3,2.0,1,1,1,1,116
510,20,RL,4.394449154672439,9.169622538697624,Pave,None,Reg,Lvl,AllPub,Corner,Gtl,NAmes,Norm,Norm,1Fam,1Story,5,6,1959,1959,Gable,CompShg,MetalSd,MetalSd,BrkFace,4.890349128221754,TA,TA,CBlock,TA,TA,No,ALQ,6.899723107284872,Unf,0.0,50,6.948897222313312,GasA,Ex,Y,SBrkr,6.948897222313312,0,0.0,6.948897222313312,1,0,1,0,3,1,TA,6,Typ,0,None,Attchd,1959.0,RFn,1,270,TA,TA,Y,5.41610040220442,4.48863636973214,0.0,0.0,0.0,0.0,None,MnPrv,None,0.0,7,2009,WD,Normal,124500,7.641564441260972,50,50,2.0,1,1,0,0,312
511,20,RL,4.330733340286331,9.586033321750676,Pave,None,Reg,Lvl,AllPub,Inside,Gtl,NAmes,Norm,Norm,1Fam,1Story,5,7,1951,2000,Hip,CompShg,Wd Sdng,Wd Sdng,BrkCmn,4.2626798770413155,Gd,TA,CBlock,TA,TA,No,BLQ,6.478509642208569,Rec,5.198497031265826,178,6.9167150203536085,GasA,Ex,Y,SBrkr,7.218176838403408,0,0.0,7.218176838403408,1,0,1,0,2,1,TA,6,Min1,2,TA,CarPort,1951.0,Unf,1,288,TA,TA,Y,5.783825182329737,3.7612001156935624,0.0,0.0,5.1298987149230735,0.0,None,None,Shed,7.601402334583733,6,2009,WD,Normal,164900,7.771488760117616,58,9,2.0,1,1,1,0,534
512,120,RL,3.713572066704308,8.823647949191303,Pave,None,IR1,Lvl,AllPub,Inside,Gtl,NridgHt,Norm,Norm,TwnhsE,1Story,7,5,2005,2006,Gable,CompShg,VinylSd,VinylSd,Stone,4.553876891600541,Gd,TA,PConc,Gd,TA,No,Unf,0.0,Unf,0.0,1368,7.221835825288449,GasA,Ex,Y,SBrkr,7.221835825288449,0,0.0,7.221835825288449,0,0,2,0,2,1,Gd,6,Typ,1,Gd,Attchd,2005.0,RFn,2,474,TA,TA,Y,4.890349128221754,3.58351893845611,0.0,0.0,0.0,0.0,None,None,None,0.0,3,2006,New,Partial,202665,7.914617709040679,1,0,2.0,1,1,1,0,167
513,20,RL,4.2626798770413155,9.116139576577355,Pave,None,Reg,Lvl,AllPub,Corner,Gtl,NAmes,Feedr,Norm,1Fam,1Story,5,5,1958,1958,Gable,CompShg,VinylSd,VinylSd,None,0.0,TA,TA,CBlock,TA,TA,No,BLQ,6.257667587882639,LwQ,5.1647859739235145,169,6.762729506931879,GasA,TA,Y,SBrkr,6.762729506931879,0,0.0,6.762729506931879,1,0,1,0,3,1,TA,5,Typ,0,None,Detchd,1964.0,Unf,2,624,TA,TA,Y,0.0,0.0,0.0,0.0,0.0,0.0,None,None,None,0.0,7,2006,WD,Normal,129900,7.455298485683291,48,48,2.0,1,1,0,0,0
514,20,RL,4.276666119016055,9.125653563808989,Pave,None,Reg,Bnk,AllPub,Corner,Gtl,Mitchel,Norm,Norm,1Fam,1Story,6,5,1983,1983,Gable,CompShg,VinylSd,VinylSd,None,0.0,TA,Gd,PConc,TA,TA,No,ALQ,5.820082930352362,Unf,0.0,748,6.98933526597456,GasA,TA,Y,SBrkr,6.985641817639208,0,0.0,6.985641817639208,0,0,1,1,3,1,TA,5,Typ,0,None,Attchd,1983.0,Unf,2,484,TA,TA,Y,4.795790545596741,0.0,5.0689042022202315,0.0,0.0,0.0,None,None,None,0.0,6,2007,WD,Normal,134000,7.68017564043659,24,24,1.5,1,1,0,0,278
515,45,RL,4.02535169073515,9.2681374707024,Pave,None,Reg,Lvl,AllPub,Inside,Gtl,Crawfor,Norm,Norm,1Fam,1.5Unf,5,5,1926,1950,Gable,CompShg,Wd Sdng,Wd Sdng,None,0.0,TA,TA,BrkTil,TA,TA,No,Unf,0.0,Unf,0.0,768,6.645090969505644,Grav,Fa,N,SBrkr,6.672032945461067,0,0.0,6.672032945461067,0,0,1,0,2,1,TA,5,Typ,0,None,Detchd,1926.0,Unf,1,200,Po,Po,Y,0.0,0.0,4.727387818712341,0.0,0.0,0.0,None,MnPrv,None,0.0,6,2007,WD,Normal,96500,7.351158226430694,81,57,1.0,1,1,0,0,112
516,20,RL,4.553876891600541,9.410911062438,Pave,None,Reg,Lvl,AllPub,Inside,Gtl,NridgHt,Norm,Norm,1Fam,1Story,10,5,2009,2009,Hip,CompShg,CemntBd,CmentBd,BrkFace,5.723585101952381,Ex,TA,CBlock,Ex,TA,No,GLQ,7.270312886079025,Unf,0.0,570,7.604396348796338,GasA,Ex,Y,SBrkr,7.611347717403621,0,0.0,7.611347717403621,1,0,2,1,3,1,Ex,9,Typ,1,Gd,Attchd,2009.0,Fin,3,900,TA,TA,Y,5.056245805348308,4.007333185232471,0.0,0.0,0.0,0.0,None,None,None,0.0,9,2009,New,Partial,402861,8.300776960851454,0,0,3.5,1,1,1,0,210
517,80,RL,4.394449154672439,9.254261559034111,Pave,None,IR1,Lvl,AllPub,Corner,Gtl,NWAmes,Norm,Norm,1Fam,SLvl,6,6,1972,1972,Gable,CompShg,HdBoard,HdBoard,BrkFace,5.811140992976701,TA,TA,CBlock,TA,TA,No,Unf,0.0,Unf,0.0,689,6.536691597591305,GasA,TA,Y,SBrkr,7.229113877793302,741,0.0,7.659171367666058,0,0,2,1,3,1,TA,7,Typ,1,TA,Attchd,1972.0,RFn,2,583,TA,TA,Y,0.0,4.653960350157523,0.0,0.0,0.0,0.0,None,GdPrv,None,0.0,8,2009,COD,Abnorml,158000,7.940583827104244,37,37,2.5,1,1,1,1,104
518,60,RL,4.382026634673881,9.231024963169016,Pave,None,IR1,Lvl,AllPub,Inside,Gtl,NoRidge,Norm,Norm,1Fam,2Story,7,5,1996,1997,Gable,CompShg,VinylSd,VinylSd,BrkFace,6.826545223556594,Gd,TA,PConc,Gd,TA,No,Unf,0.0,Unf,0.0,1264,7.142827401161621,GasA,Ex,Y,SBrkr,7.15305163493748,1067,0.0,7.76004068088038,0,0,2,1,3,1,Gd,7,Typ,1,TA,Attchd,1996.0,RFn,3,889,TA,TA,Y,5.3981627015177525,0.0,0.0,0.0,0.0,0.0,None,None,None,0.0,7,2009,WD,Normal,265000,8.19118600464279,13,12,2.5,1,1,1,1,220
519,60,RL,4.2626798770413155,9.162409838218633,Pave,None,IR1,Lvl,AllPub,CulDSac,Gtl,CollgCr,Norm,Norm,1Fam,2Story,6,5,1998,1998,Gable,CompShg,VinylSd,VinylSd,None,0.0,TA,TA,PConc,Gd,TA,Mn,GLQ,6.561030665896573,Unf,0.0,88,6.678342114654332,GasA,Ex,Y,SBrkr,6.78332520060396,914,0.0,7.493873886783559,1,0,2,1,3,1,TA,7,Typ,0,None,Attchd,1998.0,RFn,2,546,TA,TA,Y,0.0,3.6109179126442243,0.0,0.0,0.0,0.0,None,MnPrv,None,0.0,5,2007,WD,Normal,211000,7.85979918056211,9,9,3.5,1,1,0,1,36
520,70,RL,3.9889840465642745,9.298259670014065,Pave,None,Reg,Lvl,AllPub,Inside,Gtl,Crawfor,Norm,Norm,1Fam,2Story,7,9,1926,2004,Gambrel,CompShg,MetalSd,MetalSd,None,0.0,Gd,TA,BrkTil,Gd,TA,No,Unf,0.0,Unf,0.0,1276,7.152268856032539,GasA,Ex,Y,SBrkr,7.152268856032539,804,0.0,7.640603826393634,0,0,1,1,3,1,Gd,9,Typ,2,Gd,Detchd,1926.0,Unf,1,282,TA,TA,Y,0.0,0.0,0.0,0.0,4.983606621708336,0.0,None,MnPrv,None,0.0,6,2009,WD,Normal,234000,8.118802996980035,83,5,1.5,1,1,1,1,145
521,190,RL,4.110873864173311,9.287394001418473,Pave,Grvl,Reg,Lvl,AllPub,Inside,Gtl,OldTown,Norm,Norm,2fmCon,2Story,4,7,1900,2000,Gable,CompShg,MetalSd,MetalSd,None,0.0,TA,TA,BrkTil,None,None,None,None,0.0,None,0.0,0,0.0,GasA,TA,N,FuseA,6.543911845564792,600,0.0,7.166265974133638,0,0,2,0,3,2,TA,7,Typ,0,None,None,0.0,None,0,0,None,None,N,5.3981627015177525,4.74493212836325,5.351858133476067,0.0,0.0,0.0,None,None,None,0.0,8,2008,WD,Normal,106250,7.166265974133638,108,8,2.0,0,0,0,1,544
522,20,RL,4.51085950651685,9.391744841707654,Pave,None,IR1,Lvl,AllPub,Corner,Gtl,NAmes,Feedr,Norm,1Fam,1Story,6,6,1957,1957,Gable,CompShg,VinylSd,VinylSd,None,0.0,TA,TA,CBlock,TA,TA,No,Rec,6.656726524178391,Unf,0.0,467,7.126890808898808,GasA,Ex,Y,FuseA,7.126890808898808,0,0.0,7.126890808898808,0,0,1,1,3,1,TA,6,Typ,2,Gd,Attchd,1957.0,Unf,1,336,TA,TA,Y,0.0,3.713572066704308,0.0,0.0,0.0,0.0,None,None,None,0.0,5,2007,WD,Normal,150000,7.819636302367592,50,50,1.5,1,1,1,0,40
523,50,RM,3.9318256327243257,8.517393171418904,Pave,None,Reg,Lvl,AllPub,Corner,Gtl,BrkSide,Feedr,Norm,1Fam,1.5Fin,6,7,1947,1950,Gable,CompShg,CemntBd,CmentBd,None,0.0,TA,Gd,CBlock,TA,TA,No,ALQ,5.991464547107982,Unf,0.0,605,6.912742820493176,GasA,Ex,Y,SBrkr,6.912742820493176,660,0.0,7.417580402414544,0,0,2,0,3,1,TA,7,Typ,2,Gd,Detchd,1950.0,Unf,2,420,TA,TA,Y,0.0,3.2188758248682006,3.6109179126442243,0.0,0.0,0.0,None,None,None,0.0,10,2006,WD,Normal,159000,7.889459149404524,59,56,2.0,1,1,1,1,60
524,60,RL,4.875197323201151,10.599006917241129,Pave,None,IR1,Bnk,AllPub,Inside,Gtl,Edwards,PosN,PosN,1Fam,2Story,10,5,2007,2008,Hip,CompShg,CemntBd,CmentBd,Stone,6.637258031284457,Ex,TA,PConc,Ex,TA,Gd,GLQ,7.72356247227797,Unf,0.0,878,8.051659556841953,GasA,Ex,Y,SBrkr,8.051659556841953,1538,0.0,8.450412157725886,1,0,3,1,3,1,Ex,11,Typ,1,Gd,BuiltIn,2007.0,Fin,3,884,TA,TA,Y,5.342334251964811,6.008813185442595,0.0,0.0,0.0,0.0,None,None,None,0.0,10,2007,New,Partial,184750,8.963800242855577,0,-1,4.5,1,1,1,1,614
525,60,RL,4.564348191467836,9.374837343857585,Pave,None,IR1,Lvl,AllPub,Inside,Gtl,NoRidge,Norm,Norm,1Fam,2Story,7,5,1996,1997,Gable,CompShg,VinylSd,VinylSd,BrkFace,6.38856140554563,Gd,TA,PConc,Gd,TA,No,GLQ,6.579251212010101,Unf,0.0,660,7.22983877815125,GasA,Ex,Y,SBrkr,7.232733136177615,1015,0.0,7.782807262839695,1,0,2,1,3,1,Gd,8,Typ,1,TA,Attchd,1996.0,Fin,3,834,TA,TA,Y,5.480638923341991,4.110873864173311,0.0,0.0,0.0,0.0,None,None,None,0.0,8,2007,WD,Normal,315750,8.236950048061455,11,10,3.5,1,1,1,1,299
526,20,FV,4.143134726391533,8.922791623969637,Pave,Pave,Reg,Lvl,AllPub,Inside,Gtl,Somerst,Norm,Norm,1Fam,1Story,7,5,2005,2005,Gable,CompShg,VinylSd,VinylSd,None,0.0,Gd,TA,PConc,Gd,TA,No,Unf,0.0,Unf,0.0,1257,7.1372784372603855,GasA,Ex,Y,SBrkr,7.144407180321139,0,0.0,7.144407180321139,0,0,2,0,3,1,Gd,6,Typ,1,TA,Attchd,2005.0,Unf,2,453,TA,TA,Y,3.6635616461296463,4.976733742420574,0.0,0.0,0.0,0.0,None,None,None,0.0,4,2006,WD,Normal,176000,7.8336002236611035,1,1,2.0,1,1,1,0,182
527,20,RL,4.2626798770413155,9.495594499353297,Pave,None,Reg,Lvl,AllPub,Inside,Gtl,NAmes,Norm,Norm,1Fam,1Story,5,7,1956,2000,Hip,CompShg,Wd Sdng,Wd Sdng,None,0.0,TA,TA,CBlock,Gd,TA,No,Rec,5.934894195619588,Unf,0.0,551,6.834108738813838,GasA,TA,Y,SBrkr,6.834108738813838,0,0.0,6.834108738813838,0,0,1,0,2,1,TA,4,Typ,0,None,Attchd,1956.0,Unf,1,252,TA,TA,Y,5.568344503761097,0.0,5.056245805348308,0.0,0.0,0.0,None,None,None,0.0,6,2007,WD,Normal,132000,7.526717561352706,51,7,1.0,1,1,0,0,417
528,60,RL,4.219507705176107,9.612399686949514,Pave,None,IR1,Lvl,AllPub,Inside,Gtl,NridgHt,Norm,Norm,1Fam,2Story,9,5,2008,2008,Hip,CompShg,VinylSd,VinylSd,Stone,5.594711379601839,Ex,TA,PConc,Ex,TA,Av,GLQ,7.193685818395112,Unf,0.0,122,7.2813856635702825,GasA,Ex,Y,SBrkr,7.29776828253138,1237,0.0,7.906178840394815,1,0,2,1,3,1,Ex,11,Typ,1,Gd,Attchd,2008.0,Fin,3,858,TA,TA,Y,4.844187086458591,4.204692619390966,0.0,0.0,0.0,0.0,None,None,None,0.0,11,2008,New,Partial,446261,8.334711621820917,0,0,3.5,1,1,1,1,192
529,30,RL,4.07753744390572,9.11591979635669,Pave,None,IR1,Lvl,AllPub,Inside,Gtl,Edwards,Norm,Norm,1Fam,1Story,4,7,1920,2002,Gable,CompShg,Wd Sdng,Wd Sdng,None,0.0,TA,TA,BrkTil,TA,TA,Mn,ALQ,5.855071922202427,Unf,0.0,180,6.270988431858299,GasA,Ex,Y,SBrkr,6.406879986069314,0,0.0,6.406879986069314,1,0,1,0,2,1,TA,5,Typ,0,None,None,0.0,None,0,0,None,None,N,0.0,0.0,4.976733742420574,0.0,0.0,0.0,None,None,None,0.0,7,2007,WD,Normal,86000,7.033506484287697,87,5,2.0,0,1,0,0,144
530,20,RL,4.31748811353631,10.39418189500513,Pave,None,IR1,Lvl,AllPub,CulDSac,Gtl,Crawfor,Norm,Norm,1Fam,1Story,6,3,1957,1975,Hip,CompShg,Wd Sdng,Stone,None,0.0,Gd,TA,PConc,TA,TA,No,Rec,7.106606137727303,Unf,0.0,816,7.618742377670413,GasA,TA,Y,SBrkr,7.830425617820331,0,0.0,7.830425617820331,1,0,3,0,4,2,TA,9,Maj1,2,TA,Attchd,1975.0,RFn,2,484,TA,TA,Y,0.0,0.0,5.303304908059076,0.0,0.0,0.0,None,None,None,0.0,3,2007,WD,Alloca,200624,8.423102268016642,50,32,4.0,1,1,1,0,200
531,80,RL,4.454347296253507,9.23024103368252,Pave,None,Reg,Lvl,AllPub,Inside,Gtl,Timber,Norm,Norm,1Fam,SLvl,6,5,1988,1989,Gable,CompShg,HdBoard,HdBoard,BrkFace,5.393627546352362,Gd,TA,CBlock,Gd,TA,Av,GLQ,6.664409020350408,Unf,0.0,678,7.2875606403097235,GasA,Ex,Y,SBrkr,7.31986492980897,0,0.0,7.31986492980897,1,0,2,0,3,1,Gd,5,Typ,1,Fa,Attchd,1988.0,RFn,2,600,TA,TA,Y,5.41610040220442,0.0,0.0,0.0,0.0,0.0,None,None,None,0.0,8,2008,WD,Abnorml,175000,7.9966538754626075,20,19,3.0,1,1,1,0,224
532,70,RM,4.110873864173311,8.72518249495877,Pave,None,IR1,Lvl,AllPub,FR3,Gtl,BrkSide,RRNn,Feedr,1Fam,2Story,6,8,1920,1999,Gable,CompShg,Wd Sdng,Wd Sdng,None,0.0,TA,TA,BrkTil,Fa,Fa,Mn,Unf,0.0,Unf,0.0,611,6.416732282512326,GasA,Ex,Y,SBrkr,6.62273632394984,611,0.0,7.217443431696533,0,0,2,0,3,1,TA,6,Typ,0,None,Detchd,1920.0,Fin,2,502,TA,Fa,Y,0.0,0.0,4.442651256490317,0.0,0.0,0.0,None,None,None,0.0,6,2008,WD,Normal,128000,7.587817219993427,88,9,2.0,1,1,0,1,84
533,20,RL,4.110873864173311,8.881975184248867,Pave,None,Reg,Lvl,AllPub,Inside,Gtl,NAmes,Norm,Norm,1Fam,1Story,5,7,1955,2007,Gable,CompShg,VinylSd,VinylSd,None,0.0,TA,TA,Slab,None,None,None,None,0.0,None,0.0,0,0.0,GasA,Ex,Y,SBrkr,6.71901315438526,0,0.0,6.71901315438526,0,0,1,0,2,1,TA,5,Mod,1,Po,Detchd,1967.0,Unf,1,392,TA,TA,Y,0.0,0.0,0.0,0.0,0.0,0.0,None,None,None,0.0,4,2010,WD,Normal,107500,6.71901315438526,55,3,1.0,1,0,1,0,0
534,20,RL,3.9318256327243257,8.517393171418904,Pave,None,Reg,Low,AllPub,Inside,Mod,BrkSide,Norm,Norm,1Fam,1Story,1,3,1946,1950,Gable,CompShg,VinylSd,VinylSd,None,0.0,Fa,Fa,Slab,None,None,None,None,0.0,None,0.0,0,0.0,GasA,Fa,N,FuseF,5.814130531825066,0,0.0,5.814130531825066,0,0,1,0,1,1,Fa,2,Typ,0,None,None,0.0,None,0,0,None,None,N,0.0,0.0,0.0,0.0,0.0,0.0,None,None,None,0.0,1,2007,WD,Normal,39300,5.814130531825066,61,57,1.0,0,0,0,0,0
535,60,RL,4.31748811353631,9.111293218374948,Pave,None,IR1,Lvl,AllPub,Inside,Gtl,Gilbert,Norm,Norm,1Fam,2Story,8,5,2004,2004,Gable,CompShg,VinylSd,VinylSd,None,0.0,Gd,TA,PConc,Ex,Gd,Av,Unf,0.0,Unf,0.0,707,6.56244409369372,GasA,Ex,Y,SBrkr,6.56244409369372,707,0.0,7.254884810077338,0,0,2,1,3,1,Gd,6,Typ,1,Gd,Attchd,2004.0,Fin,2,403,TA,TA,Y,4.61512051684126,3.58351893845611,0.0,0.0,0.0,0.0,None,None,None,0.0,10,2006,WD,Normal,178000,7.660114319173928,2,2,2.5,1,1,1,1,135
536,190,RL,4.2626798770413155,8.853808274977197,Pave,None,Reg,Lvl,AllPub,Inside,Gtl,Edwards,Norm,Norm,2fmCon,2Story,5,7,1910,1991,Gable,CompShg,MetalSd,MetalSd,None,0.0,TA,TA,CBlock,Gd,TA,Gd,GLQ,6.877296071497429,Unf,0.0,148,7.0192966537150445,GasA,TA,Y,SBrkr,6.710523109452428,527,0.0,7.206377291472252,1,0,1,0,3,1,TA,5,Typ,0,None,None,0.0,None,0,0,None,None,N,4.454347296253507,0.0,5.003946305945459,0.0,0.0,0.0,None,None,None,0.0,1,2008,WD,Normal,107500,7.80994708647679,98,17,2.0,0,1,0,1,233
537,60,RL,4.060443010546419,9.09661160664784,Pave,None,IR1,Lvl,AllPub,CulDSac,Gtl,CollgCr,Norm,Norm,1Fam,2Story,7,5,1998,1999,Gable,CompShg,VinylSd,VinylSd,None,0.0,TA,TA,PConc,Gd,TA,Av,Unf,0.0,Unf,0.0,880,6.78105762593618,GasA,Ex,Y,SBrkr,6.78105762593618,844,0.0,7.45298232946546,0,0,2,1,3,1,Gd,8,Typ,0,None,Attchd,1998.0,Fin,2,527,TA,TA,Y,4.795790545596741,5.049856007249537,0.0,0.0,0.0,0.0,None,None,None,0.0,7,2008,WD,Normal,188000,7.865187954187467,10,9,2.5,1,1,0,1,275
538,20,RL,4.30406509320417,9.452187908084165,Pave,None,IR1,Lvl,AllPub,FR2,Gtl,NAmes,Norm,Norm,1Fam,1Story,4,5,1972,1972,Hip,CompShg,MetalSd,MetalSd,None,0.0,TA,TA,CBlock,TA,TA,No,BLQ,6.398594934535208,Unf,0.0,264,6.762729506931879,GasA,TA,Y,SBrkr,6.762729506931879,0,0.0,6.762729506931879,0,0,1,0,3,1,TA,5,Typ,0,None,Detchd,1980.0,Unf,2,576,TA,TA,Y,5.37989735354046,0.0,0.0,0.0,0.0,0.0,None,MnWw,None,0.0,4,2008,COD,Normal,111250,7.455298485683291,36,36,1.0,1,1,0,0,216
539,20,RL,4.276666119016055,9.354786976341211,Pave,None,IR1,Lvl,AllPub,Inside,Gtl,Sawyer,Norm,Norm,1Fam,1Story,5,5,1968,1968,Hip,CompShg,Plywood,Plywood,BrkFace,5.241747015059643,TA,TA,CBlock,TA,TA,No,BLQ,6.513230110912307,Unf,0.0,378,6.9584483932976555,GasA,TA,Y,SBrkr,7.05617528410041,0,0.0,7.05617528410041,0,0,1,1,3,1,TA,7,Typ,1,Fa,Attchd,1968.0,Unf,1,336,TA,TA,Y,6.1463292576688975,0.0,0.0,0.0,0.0,0.0,None,None,None,0.0,7,2006,WD,Normal,158000,7.701200180857446,38,38,1.5,1,1,1,0,466
540,20,RL,4.2626798770413155,9.343471684579365,Pave,None,Reg,Lvl,AllPub,Inside,Gtl,CollgCr,Norm,Norm,1Fam,1Story,8,5,2001,2002,Gable,CompShg,VinylSd,VinylSd,BrkFace,6.173786103901937,Gd,TA,PConc,Gd,TA,Av,GLQ,7.214504414151143,Unf,0.0,223,7.366445148327599,GasA,Ex,Y,SBrkr,7.379008127628304,0,0.0,7.379008127628304,1,0,2,0,3,1,Gd,6,Typ,1,TA,Attchd,2001.0,RFn,2,670,TA,TA,Y,5.198497031265826,0.0,0.0,0.0,0.0,0.0,None,MnPrv,Shed,7.601402334583733,5,2010,WD,Normal,272000,8.065579427282092,9,8,3.0,1,1,1,0,180
541,20,RL,4.454347296253507,9.58891378461603,Pave,None,Reg,Lvl,AllPub,Inside,Gtl,Timber,Norm,Norm,1Fam,1Story,9,5,2006,2006,Hip,CompShg,VinylSd,VinylSd,BrkFace,6.371611847231857,Ex,TA,PConc,Ex,TA,Av,GLQ,7.13966033596492,Unf,0.0,578,7.516977224604321,GasA,Ex,Y,SBrkr,7.516977224604321,0,0.0,7.516977224604321,1,0,2,0,2,1,Ex,8,Typ,1,Gd,Attchd,2006.0,Fin,3,765,TA,TA,Y,5.602118820879701,4.23410650459726,0.0,0.0,0.0,0.0,None,None,None,0.0,3,2009,WD,Normal,315000,8.209852481301272,3,3,3.0,1,1,1,0,338
542,60,RL,4.5217885770490405,9.305741456739435,Pave,None,Reg,Lvl,AllPub,FR2,Gtl,NoRidge,Norm,Norm,1Fam,2Story,8,5,2000,2000,Gable,CompShg,VinylSd,VinylSd,BrkFace,4.290459441148391,Gd,TA,PConc,Gd,TA,No,Unf,0.0,Unf,0.0,969,6.877296071497429,GasA,Ex,Y,SBrkr,6.905753276311464,1288,0.0,7.734558844354756,0,0,2,1,4,1,Gd,8,Typ,1,TA,BuiltIn,2000.0,Fin,3,648,TA,TA,Y,0.0,4.04305126783455,0.0,0.0,0.0,0.0,None,None,None,0.0,6,2007,WD,Normal,248000,8.08794755464267,7,7,2.5,1,1,1,1,56
543,20,RL,4.3694478524670215,9.224341891611996,Pave,None,Reg,Lvl,AllPub,Inside,Gtl,NWAmes,RRAn,Norm,1Fam,1Story,7,5,1998,1999,Hip,CompShg,VinylSd,VinylSd,None,0.0,Gd,TA,PConc,Ex,TA,No,LwQ,4.976733742420574,GLQ,7.028201432058005,379,7.409136443920128,GasA,Ex,Y,SBrkr,7.427144133408616,0,0.0,7.427144133408616,1,0,2,0,3,1,Gd,7,Maj1,1,TA,Attchd,1998.0,Fin,2,583,TA,TA,Y,4.3694478524670215,4.30406509320417,0.0,0.0,0.0,0.0,None,None,None,0.0,6,2009,WD,Normal,213250,8.11102783819368,11,10,3.0,1,1,1,0,151
544,120,RH,3.5553480614894135,8.308691916838898,Pave,None,Reg,Lvl,AllPub,Inside,Gtl,NAmes,Norm,Norm,TwnhsE,SFoyer,7,5,1998,1998,Gable,CompShg,MetalSd,MetalSd,BrkFace,5.209486152841421,TA,TA,PConc,Gd,TA,Av,GLQ,6.371611847231857,LwQ,4.941642422609304,0,6.584791392385716,GasA,Ex,Y,SBrkr,6.643789733147672,0,0.0,6.643789733147672,1,0,1,0,1,1,TA,4,Typ,0,None,Attchd,1998.0,Fin,1,367,TA,TA,Y,4.795790545596741,3.713572066704308,0.0,0.0,0.0,0.0,None,None,None,0.0,6,2007,WD,Normal,133000,7.307202314764738,9,9,2.0,1,1,0,0,160
545,60,RL,4.07753744390572,9.747126097411705,Pave,None,IR1,Lvl,AllPub,Inside,Gtl,Gilbert,Norm,Norm,1Fam,2Story,7,5,2006,2006,Gable,CompShg,VinylSd,VinylSd,None,0.0,Gd,TA,PConc,Gd,Gd,Av,GLQ,6.318968113746434,Unf,0.0,100,6.484635235635252,GasA,Ex,Y,SBrkr,6.499787040655854,832,0.0,7.311218384419629,1,0,2,1,3,1,Gd,7,Typ,1,Gd,Attchd,2006.0,RFn,2,426,TA,TA,Y,4.61512051684126,3.2188758248682006,0.0,0.0,0.0,0.0,None,None,None,0.0,9,2006,New,Partial,179665,7.67368812926773,0,0,3.5,1,1,1,1,124
546,50,RL,4.394449154672439,9.535173710058757,Pave,None,IR1,Lvl,AllPub,Corner,Gtl,NWAmes,Norm,Norm,1Fam,1.5Fin,7,5,1988,1988,Gable,CompShg,HdBoard,HdBoard,BrkFace,5.187385805840755,Gd,Gd,PConc,Gd,Gd,No,GLQ,6.910750787961936,LwQ,5.313205979041787,0,7.094234845924755,GasA,Gd,Y,SBrkr,7.228388451573604,806,0.0,7.688913336864796,0,0,2,1,4,1,Gd,9,Typ,0,None,Attchd,1988.0,Unf,3,786,TA,TA,Y,0.0,0.0,0.0,0.0,0.0,0.0,None,None,None,0.0,2,2006,WD,Normal,229000,8.127995055771946,18,18,2.5,1,1,0,1,0
547,50,RL,4.2626798770413155,9.075436609511382,Pave,None,IR1,Bnk,AllPub,Inside,Gtl,BrkSide,Norm,Norm,1Fam,1.5Fin,6,7,1923,1950,Gable,CompShg,BrkFace,Wd Sdng,None,0.0,TA,TA,BrkTil,Gd,TA,No,Rec,5.707110264748875,Unf,0.0,765,6.97166860472579,GasA,Ex,Y,FuseA,6.82001636467413,720,0.0,7.400009517162692,0,0,1,1,3,1,TA,6,Typ,1,Gd,Detchd,1950.0,Unf,2,440,TA,TA,Y,0.0,3.6635616461296463,0.0,4.976733742420574,0.0,0.0,None,None,None,0.0,5,2007,WD,Normal,210000,7.901377353792616,84,57,1.5,1,1,1,1,182
548,85,RL,4.007333185232471,8.888066854754783,Pave,None,Reg,Lvl,AllPub,Inside,Gtl,Mitchel,Norm,Norm,1Fam,SFoyer,5,7,1970,1970,Gable,CompShg,VinylSd,VinylSd,None,0.0,TA,Gd,CBlock,Gd,TA,Av,ALQ,6.429719478039138,Unf,0.0,149,6.645090969505644,GasA,Ex,Y,SBrkr,6.645090969505644,0,0.0,6.645090969505644,1,0,1,0,2,1,TA,5,Typ,0,None,Detchd,1987.0,Unf,2,624,TA,TA,Y,4.653960350157523,0.0,0.0,0.0,0.0,0.0,None,None,None,0.0,4,2007,WD,Normal,129500,7.337587743538596,37,37,2.0,1,1,0,0,104
549,20,RM,3.912023005428146,9.01627006814768,Pave,None,IR1,HLS,AllPub,Inside,Gtl,OldTown,Feedr,RRNn,1Fam,1Story,5,7,1955,1995,Gable,CompShg,MetalSd,MetalSd,None,0.0,TA,Gd,CBlock,TA,TA,No,LwQ,5.198497031265826,Rec,6.470799503782602,0,6.716594773520978,GasA,TA,Y,SBrkr,6.716594773520978,0,0.0,6.716594773520978,1,0,1,0,2,1,TA,4,Typ,0,None,Detchd,1963.0,RFn,2,720,TA,TA,Y,4.948759890378168,3.9318256327243257,0.0,0.0,0.0,0.0,None,MnPrv,None,0.0,6,2008,WD,Normal,125000,7.409136443920128,53,13,2.0,1,1,0,0,190
550,60,FV,4.330733340286331,9.145908511816794,Pave,None,Reg,Lvl,AllPub,Inside,Gtl,Somerst,Norm,Norm,1Fam,2Story,7,5,2003,2004,Gable,CompShg,VinylSd,VinylSd,None,0.0,Gd,TA,PConc,Gd,TA,No,Unf,0.0,Unf,0.0,912,6.816735880594968,GasA,Ex,Y,SBrkr,6.816735880594968,1182,0.0,7.647308832356238,0,0,2,1,4,1,Gd,8,Typ,1,Gd,BuiltIn,2003.0,Fin,2,615,TA,TA,Y,5.209486152841421,5.209486152841421,0.0,0.0,0.0,0.0,None,None,None,0.0,11,2009,WD,Normal,263000,8.008698182988528,6,5,2.5,1,1,1,1,364
551,120,RL,3.9889840465642745,8.304989580140361,Pave,None,Reg,Lvl,AllPub,Inside,Gtl,NPkVill,Norm,Norm,TwnhsE,1Story,6,6,1977,1977,Gable,CompShg,Plywood,Plywood,None,0.0,TA,TA,CBlock,Gd,TA,No,ALQ,6.327936783729195,Unf,0.0,510,6.975413927455952,GasA,TA,Y,SBrkr,6.975413927455952,0,0.0,6.975413927455952,0,0,2,0,2,1,TA,4,Typ,0,None,Attchd,1977.0,RFn,2,440,TA,TA,Y,0.0,4.02535169073515,0.0,0.0,5.303304908059076,0.0,None,None,None,0.0,10,2008,COD,Abnorml,140000,7.668093709082406,31,31,2.0,1,1,0,0,255
552,20,RM,3.9318256327243257,8.699681400989514,Pave,None,Reg,Lvl,AllPub,Inside,Gtl,OldTown,Norm,Norm,1Fam,1Story,5,6,1957,1957,Hip,CompShg,BrkFace,BrkFace,None,0.0,TA,TA,CBlock,TA,TA,No,Rec,5.733341276897746,Unf,0.0,620,6.834108738813838,GasA,Gd,Y,FuseA,6.834108738813838,0,0.0,6.834108738813838,0,0,1,0,3,1,TA,5,Typ,0,None,Attchd,1957.0,Fin,1,288,TA,TA,Y,0.0,0.0,0.0,0.0,0.0,0.0,None,None,None,0.0,6,2008,WD,Normal,112500,7.526717561352706,51,51,1.0,1,1,0,0,0
553,20,RL,4.477336814478207,9.318925682389624,Pave,None,IR1,Lvl,AllPub,Inside,Gtl,NridgHt,Norm,Norm,1Fam,1Story,8,5,2006,2006,Gable,CompShg,VinylSd,VinylSd,Stone,5.5254529391317835,Gd,TA,PConc,Ex,TA,Av,Unf,0.0,Unf,0.0,1709,7.444248649496705,GasA,Ex,Y,SBrkr,7.4489161025442,0,0.0,7.4489161025442,0,0,2,0,3,1,Gd,7,Typ,1,Gd,Attchd,2006.0,RFn,3,908,TA,TA,Y,5.135798437050262,3.6888794541139363,0.0,0.0,0.0,0.0,None,None,None,0.0,7,2009,WD,Normal,255500,8.139440521874608,3,3,2.0,1,1,1,0,208
554,20,RL,4.219507705176107,9.080003870248179,Pave,None,Reg,Lvl,AllPub,Inside,Gtl,Edwards,Feedr,Norm,1Fam,1Story,4,5,1949,2003,Gable,CompShg,VinylSd,VinylSd,None,0.0,TA,TA,CBlock,None,None,None,None,0.0,None,0.0,0,0.0,GasA,Ex,Y,SBrkr,7.027314514039777,0,0.0,7.027314514039777,0,0,2,0,2,1,Gd,5,Typ,0,None,Detchd,2002.0,Fin,2,520,TA,TA,N,0.0,4.574710978503383,0.0,0.0,0.0,0.0,None,MnPrv,None,0.0,5,2009,WD,Normal,108000,7.027314514039777,60,6,2.0,1,0,0,0,96
555,60,RL,4.454347296253507,9.271059107010888,Pave,None,Reg,Lvl,AllPub,Inside,Gtl,NridgHt,Norm,Norm,1Fam,2Story,7,5,2003,2004,Gable,CompShg,VinylSd,VinylSd,BrkFace,5.680172609017068,Gd,TA,PConc,Gd,TA,No,GLQ,6.7650389767805414,Unf,0.0,132,6.906754778648554,GasA,Ex,Y,SBrkr,6.914730892718563,1040,0.0,7.624130585661289,1,0,2,1,3,1,Gd,8,Typ,1,Gd,BuiltIn,2003.0,RFn,3,871,TA,TA,Y,5.771441123130016,4.143134726391533,0.0,0.0,0.0,0.0,None,None,None,0.0,8,2008,WD,Normal,284000,8.021256180143997,5,4,3.5,1,1,1,1,382
556,45,RM,4.07753744390572,8.761080103868347,Pave,None,Reg,Lvl,AllPub,Inside,Gtl,BrkSide,Norm,Norm,1Fam,1.5Unf,5,6,1922,1950,Gable,CompShg,MetalSd,MetalSd,None,0.0,TA,TA,BrkTil,TA,Fa,No,Unf,0.0,Unf,0.0,993,6.901737206656574,GasA,TA,Y,FuseA,6.955592608396297,0,0.0,6.955592608396297,0,0,1,0,2,1,TA,5,Typ,1,Gd,Detchd,1922.0,Unf,1,280,TA,TA,Y,0.0,0.0,4.762173934797756,0.0,0.0,0.0,None,None,None,0.0,8,2006,WD,Normal,113000,7.621684998724611,84,56,1.0,1,1,1,0,116
557,20,RL,4.248495242049359,9.605822482030945,Pave,None,IR1,Lvl,AllPub,Inside,Gtl,NAmes,Norm,Norm,1Fam,1Story,5,5,1957,1957,Gable,CompShg,Wd Sdng,Wd Sdng,None,0.0,TA,TA,CBlock,TA,TA,No,Rec,6.79794041297493,Unf,0.0,197,6.996681488176539,GasA,TA,Y,FuseA,6.996681488176539,0,0.0,6.996681488176539,1,0,1,0,2,1,TA,6,Typ,1,TA,Attchd,1957.0,Fin,1,299,TA,TA,Y,5.594711379601839,0.0,0.0,0.0,4.812184355372417,0.0,None,MnWw,None,0.0,5,2006,WD,Normal,141000,7.68937110752969,49,49,2.0,1,1,1,0,390
558,50,C (all),4.110873864173311,9.309370895439137,Pave,None,Reg,Low,AllPub,Inside,Mod,IDOTRR,Norm,Norm,1Fam,1.5Fin,4,6,1920,1950,Gable,CompShg,MetalSd,MetalSd,None,0.0,TA,TA,CBlock,TA,TA,No,Rec,6.45833828334479,Unf,0.0,0,6.45833828334479,GasA,Gd,Y,SBrkr,6.8001700683022,439,0.0,7.198183577101943,0,0,1,1,3,1,TA,7,Typ,0,None,CarPort,1994.0,Unf,1,570,TA,TA,Y,0.0,3.871201010907891,4.795790545596741,0.0,0.0,0.0,None,None,None,0.0,9,2006,COD,Normal,108000,7.587817219993427,86,56,1.5,1,1,0,1,167
559,60,RL,4.060443010546419,9.99300827847454,Pave,None,IR2,HLS,AllPub,FR2,Gtl,Gilbert,Norm,Norm,1Fam,2Story,7,5,1996,1997,Gable,CompShg,HdBoard,HdBoard,None,0.0,TA,TA,PConc,Gd,TA,Gd,GLQ,6.405228458030842,Unf,0.0,125,6.593044534142437,GasA,Ex,Y,SBrkr,6.593044534142437,717,0.0,7.277247726631484,0,1,2,1,3,1,TA,6,Typ,1,TA,Attchd,1996.0,Unf,2,406,TA,TA,Y,5.579729825986222,3.1354942159291497,0.0,0.0,0.0,0.0,None,None,None,0.0,8,2008,WD,Normal,175000,7.685243607975833,12,11,3.0,1,1,1,1,286
560,120,RL,3.784189633918261,8.069968149059841,Pave,None,Reg,Lvl,AllPub,Inside,Gtl,Blmngtn,Norm,Norm,TwnhsE,1Story,7,5,2003,2004,Gable,CompShg,VinylSd,VinylSd,BrkFace,2.9444389791664403,Gd,TA,PConc,Gd,TA,Gd,Unf,0.0,Unf,0.0,1374,7.226209010100671,GasA,Ex,Y,SBrkr,7.351158226430694,0,0.0,7.351158226430694,0,0,2,0,2,1,Gd,7,Typ,1,TA,Attchd,2003.0,Fin,2,420,TA,TA,Y,4.969813299576001,3.044522437723423,0.0,0.0,0.0,0.0,None,None,None,0.0,10,2006,WD,Normal,234000,7.983440063006542,3,2,2.0,1,1,1,0,163
561,20,RL,4.276666119016055,9.336267928573973,Pave,None,IR1,Lvl,AllPub,Inside,Gtl,Sawyer,Norm,Norm,1Fam,1Story,5,6,1957,1996,Hip,CompShg,Wd Sdng,Wd Sdng,BrkFace,5.198497031265826,TA,TA,CBlock,Gd,TA,No,ALQ,7.172424577124845,Unf,0.0,90,7.239214973779806,GasA,TA,Y,SBrkr,7.239214973779806,0,0.0,7.239214973779806,1,0,1,1,3,1,TA,5,Mod,1,Gd,Detchd,1957.0,Unf,2,528,TA,TA,Y,0.0,0.0,0.0,0.0,4.564348191467836,0.0,None,None,None,0.0,5,2010,WD,Normal,121500,7.932003152361385,53,14,2.5,1,1,1,0,95
562,20,RL,4.356708826689592,9.211439767419483,Pave,None,Reg,Lvl,AllPub,Inside,Mod,Mitchel,Norm,Norm,1Fam,1Story,5,5,1974,1975,Gable,CompShg,HdBoard,HdBoard,None,0.0,TA,TA,CBlock,Gd,TA,Av,ALQ,6.977281341630747,LwQ,4.820281565605037,195,7.237059026124737,GasA,Gd,Y,SBrkr,7.237059026124737,0,0.0,7.237059026124737,1,0,1,0,2,1,TA,6,Typ,1,TA,Attchd,1975.0,RFn,2,418,TA,TA,Y,5.484796933490655,3.6635616461296463,0.0,0.0,0.0,0.0,None,None,None,0.0,4,2006,WD,Normal,170000,7.929846429742503,32,31,2.0,1,1,1,0,278
563,30,RL,4.1588830833596715,9.540219493127752,Pave,None,Reg,Lvl,AllPub,Inside,Gtl,Edwards,Norm,Norm,1Fam,1Story,5,6,1940,1969,Gable,CompShg,WdShing,Wd Shng,None,0.0,TA,TA,CBlock,TA,TA,No,BLQ,5.673323267171493,Unf,0.0,706,6.904750769961838,GasA,Ex,Y,SBrkr,6.904750769961838,0,0.0,6.904750769961838,1,0,1,0,3,1,TA,6,Typ,1,Gd,None,0.0,None,0,0,None,None,Y,4.976733742420574,0.0,0.0,0.0,0.0,0.0,None,None,None,0.0,7,2008,WD,Normal,108000,7.597396320212795,68,39,2.0,0,1,1,0,144
564,50,RL,4.204692619390966,9.988793309115229,Pave,None,Reg,Lvl,AllPub,Inside,Gtl,Edwards,Norm,Norm,1Fam,1.5Fin,6,7,1918,1950,Gable,CompShg,Wd Sdng,Wd Sdng,None,0.0,TA,TA,BrkTil,Gd,TA,Mn,Unf,0.0,Unf,0.0,1163,7.059617628291383,GasA,Ex,Y,SBrkr,7.059617628291383,511,0.0,7.423568444259167,0,0,2,0,4,1,TA,8,Typ,1,Gd,Detchd,1955.0,Fin,2,396,TA,TA,N,4.290459441148391,3.6109179126442243,0.0,0.0,4.976733742420574,0.0,None,None,None,0.0,7,2008,WD,Normal,185000,7.950854857719988,90,58,2.0,1,1,1,1,252
565,60,RL,4.5217885770490405,9.499046919474152,Pave,None,IR1,Lvl,AllPub,CulDSac,Gtl,NoRidge,Norm,Norm,1Fam,2Story,7,5,1992,2000,Gable,CompShg,HdBoard,HdBoard,None,0.0,Gd,TA,PConc,Gd,TA,No,GLQ,6.591673732008658,Unf,0.0,367,6.999422467507961,GasA,Ex,Y,SBrkr,7.062191632286556,1129,0.0,7.738923757439457,1,0,2,1,4,1,Gd,9,Typ,1,TA,Attchd,1992.0,RFn,2,590,TA,TA,Y,0.0,3.713572066704308,0.0,0.0,0.0,0.0,None,None,None,0.0,7,2006,WD,Normal,268000,8.128880142125638,14,6,3.5,1,1,1,1,40
566,70,RL,4.204692619390966,8.83331693749932,Pave,None,Reg,Bnk,AllPub,Corner,Gtl,SWISU,Norm,Norm,1Fam,2Story,6,4,1915,1950,Gable,CompShg,Wd Sdng,Wd Sdng,None,0.0,TA,TA,PConc,Gd,TA,No,Unf,0.0,Unf,0.0,806,6.693323668269949,GasA,TA,N,FuseF,6.7357800142423265,806,0.0,7.4073177104694174,1,0,1,1,4,1,Fa,6,Typ,0,None,Detchd,1920.0,Unf,1,216,TA,TA,Y,0.0,4.204692619390966,4.919980925828125,0.0,0.0,0.0,None,None,None,0.0,5,2010,WD,Normal,128000,7.805474625270857,95,60,2.5,1,1,0,1,202
567,60,RL,4.356708826689592,9.323579767582693,Pave,None,IR1,Lvl,AllPub,Inside,Gtl,StoneBr,Norm,Norm,1Fam,2Story,9,5,2005,2007,Hip,CompShg,VinylSd,VinylSd,BrkFace,5.5053315359323625,Gd,TA,PConc,Gd,Gd,No,Unf,0.0,Unf,0.0,1122,7.023758954738443,GasA,Ex,Y,SBrkr,7.034387929915503,1370,0.0,7.826044013518965,0,0,2,1,4,1,Ex,11,Typ,1,Gd,BuiltIn,2005.0,Fin,3,656,TA,TA,Y,4.976733742420574,3.6888794541139363,0.0,0.0,0.0,0.0,None,None,None,0.0,6,2008,WD,Normal,325000,8.196161139282902,3,1,2.5,1,1,1,1,183
568,20,RL,4.2626798770413155,9.227394126542011,Pave,None,IR1,Lvl,AllPub,Inside,Gtl,NridgHt,Norm,Norm,1Fam,1Story,7,5,2004,2004,Gable,CompShg,VinylSd,VinylSd,BrkFace,5.1298987149230735,Gd,TA,PConc,Gd,TA,No,GLQ,1.0986122886681098,Unf,0.0,1515,7.325148957955575,GasA,Ex,Y,SBrkr,7.336936913707618,0,0.0,7.336936913707618,0,0,2,0,3,1,Gd,7,Typ,0,None,Attchd,2004.0,RFn,2,532,TA,TA,Y,0.0,0.0,0.0,0.0,0.0,0.0,None,None,None,0.0,3,2010,WD,Normal,214000,8.023879992734878,6,6,2.0,1,1,0,0,0
569,50,RL,4.382026634673881,9.419628376999952,Pave,None,IR1,Low,AllPub,Inside,Mod,SawyerW,Norm,Norm,1Fam,1.5Fin,8,8,1983,2009,Gable,CompShg,Wd Sdng,Wd Sdng,None,0.0,Gd,TA,CBlock,Gd,TA,Gd,GLQ,7.273786317844895,Unf,0.0,55,7.311218384419629,GasA,Ex,Y,SBrkr,7.311218384419629,636,0.0,7.665284718471351,1,0,1,1,1,1,Gd,5,Min2,1,Gd,BuiltIn,1983.0,Fin,2,612,Gd,TA,Y,5.857933154483459,3.713572066704308,0.0,0.0,0.0,0.0,None,None,None,0.0,9,2009,WD,Normal,316600,8.19671240721307,26,0,2.5,1,1,1,1,389
570,90,RL,4.30406509320417,8.858368636308018,Pave,None,IR1,Lvl,AllPub,Corner,Gtl,NAmes,Norm,Norm,Duplex,SFoyer,5,5,1979,1979,Gable,CompShg,MetalSd,MetalSd,None,0.0,TA,TA,CBlock,Gd,TA,Gd,GLQ,6.8501261661455,Unf,0.0,0,6.8501261661455,GasA,TA,Y,SBrkr,6.8501261661455,0,0.0,6.8501261661455,1,0,1,0,2,1,TA,4,Typ,2,TA,Detchd,1979.0,Unf,2,600,TA,TA,Y,3.7612001156935624,0.0,0.0,0.0,0.0,0.0,None,None,None,0.0,12,2006,WD,Normal,135960,7.54274354536855,27,27,2.0,1,1,1,0,42
571,90,RL,4.31748811353631,9.480520169291822,Pave,None,IR1,Lvl,AllPub,Inside,Gtl,NAmes,Norm,Norm,Duplex,1Story,5,5,1965,1965,Gable,CompShg,HdBoard,HdBoard,BrkFace,4.6913478822291435,TA,TA,CBlock,TA,TA,No,LwQ,5.44673737166631,Unf,0.0,1497,7.455298485683291,GasA,TA,Y,SBrkr,7.455298485683291,0,0.0,7.455298485683291,0,0,2,0,6,2,TA,10,Typ,0,None,Detchd,1987.0,Unf,2,576,TA,TA,Y,0.0,0.0,0.0,0.0,0.0,0.0,None,None,None,0.0,11,2008,WD,Normal,142600,8.148156439921625,43,43,2.0,1,1,0,0,0
572,20,RL,4.110873864173311,8.9001399880938,Pave,None,Reg,Lvl,AllPub,Inside,Gtl,NAmes,Norm,Norm,1Fam,1Story,6,6,1959,1959,Gable,CompShg,WdShing,Wd Shng,BrkFace,5.337538079701318,TA,TA,CBlock,TA,TA,No,BLQ,6.028278520230698,Unf,0.0,450,6.762729506931879,GasA,Ex,Y,SBrkr,6.762729506931879,0,0.0,6.762729506931879,1,0,1,0,2,1,Gd,4,Typ,0,None,Attchd,1959.0,Unf,1,288,TA,TA,Y,5.1298987149230735,0.0,0.0,0.0,0.0,0.0,None,None,None,0.0,10,2006,WD,Abnorml,120000,7.455298485683291,47,47,2.0,1,1,0,0,168
573,60,RL,4.430816798843313,9.484937204879309,Pave,None,IR1,HLS,AllPub,Corner,Gtl,Timber,Norm,Norm,1Fam,2Story,7,5,2009,2009,Gable,CompShg,VinylSd,VinylSd,None,0.0,TA,TA,PConc,Ex,TA,Av,Unf,0.0,Unf,0.0,846,6.741700694652055,GasA,Gd,Y,SBrkr,6.741700694652055,846,0.0,7.4342573821331355,0,0,2,1,3,1,Gd,6,Typ,0,None,Attchd,2009.0,RFn,2,650,TA,TA,Y,5.342334251964811,4.74493212836325,0.0,0.0,0.0,0.0,None,None,None,0.0,7,2009,New,Partial,224500,7.839525581704678,0,0,2.5,1,1,0,1,322
574,80,RL,4.343805421853684,9.207135241027235,Pave,None,IR1,Lvl,AllPub,Inside,Gtl,Gilbert,Norm,Norm,1Fam,SLvl,7,5,2000,2000,Gable,CompShg,VinylSd,VinylSd,None,0.0,TA,TA,PConc,Gd,TA,No,Unf,0.0,Unf,0.0,384,5.953243334287785,GasA,Ex,Y,SBrkr,6.652863029353347,656,0.0,7.266128779556451,0,0,2,1,3,1,TA,8,Typ,1,TA,BuiltIn,2000.0,RFn,2,400,TA,TA,Y,4.61512051684126,0.0,0.0,0.0,0.0,0.0,None,None,None,0.0,12,2007,WD,Normal,170000,7.503840746698951,7,7,2.5,1,1,1,1,100
575,80,RL,4.2626798770413155,9.259225769705994,Pave,None,Reg,Lvl,AllPub,FR2,Gtl,NAmes,Norm,Norm,1Fam,SLvl,5,7,1971,2005,Gambrel,CompShg,MetalSd,AsphShn,BrkFace,4.418840607796598,TA,TA,CBlock,TA,TA,Av,ALQ,5.857933154483459,Unf,0.0,23,5.921578419643816,GasA,TA,Y,SBrkr,6.3578422665081,533,0.0,7.01211529430638,0,1,1,0,3,1,TA,5,Typ,0,None,BuiltIn,1971.0,Unf,1,288,TA,TA,Y,3.58351893845611,0.0,0.0,0.0,0.0,0.0,None,GdWo,None,0.0,12,2007,WD,Normal,139000,7.301147805856032,36,2,1.5,1,1,0,1,35
576,50,RL,4.394449154672439,9.0455836463617,Pave,None,Reg,Lvl,AllPub,Inside,Gtl,NAmes,Norm,Norm,1Fam,1.5Fin,5,5,1947,1950,Gable,CompShg,MetalSd,MetalSd,None,0.0,TA,TA,CBlock,TA,TA,No,Rec,6.093569770045136,Unf,0.0,390,6.725033642166843,GasA,TA,Y,SBrkr,6.725033642166843,384,0.0,7.104144092987527,0,0,1,0,2,1,TA,6,Typ,0,None,Detchd,1947.0,Unf,1,336,TA,TA,Y,5.0689042022202315,0.0,4.634728988229636,0.0,0.0,0.0,None,None,None,0.0,10,2008,COD,Abnorml,118500,7.6251071482389,61,58,1.0,1,1,0,1,260
577,50,RL,3.970291913552122,8.747193183526933,Pave,None,Reg,Lvl,AllPub,Inside,Gtl,SWISU,Norm,Norm,1Fam,1.5Fin,7,7,1928,1950,Gable,CompShg,Wd Sdng,Wd Sdng,None,0.0,TA,TA,BrkTil,TA,TA,No,Unf,0.0,Unf,0.0,861,6.759255270663693,GasA,Gd,Y,SBrkr,6.777646593635117,600,0.0,7.298445101508147,0,1,2,0,3,1,TA,6,Typ,1,Gd,Detchd,1928.0,Unf,1,216,TA,TA,Y,0.0,3.9318256327243257,0.0,0.0,0.0,0.0,None,None,None,0.0,8,2009,WD,Normal,145000,7.757478766584179,81,59,2.5,1,1,1,1,50
578,80,RL,4.574710978503383,9.373988663504516,Pave,None,IR1,Lvl,AllPub,Inside,Gtl,Sawyer,Norm,Norm,1Fam,SLvl,5,6,1966,1966,Gable,CompShg,VinylSd,VinylSd,BrkFace,4.584967478670572,TA,TA,CBlock,TA,TA,Av,LwQ,5.796057750765372,ALQ,6.313548046277095,285,7.060476365999801,GasA,Ex,Y,SBrkr,7.186144304522325,0,0.0,7.186144304522325,1,0,1,0,3,1,TA,6,Typ,2,Fa,Attchd,1966.0,RFn,2,564,TA,TA,Y,5.081404364984463,4.23410650459726,5.484796933490655,0.0,0.0,0.0,None,None,None,0.0,5,2006,WD,Abnorml,164500,7.818027938530729,40,40,2.0,1,1,1,0,468
579,160,FV,3.5553480614894135,8.190077049719049,Pave,Pave,Reg,Lvl,AllPub,Corner,Gtl,Somerst,Norm,Norm,TwnhsE,2Story,7,5,2007,2007,Gable,CompShg,VinylSd,VinylSd,None,0.0,Gd,TA,PConc,Gd,TA,No,Unf,0.0,Unf,0.0,689,6.536691597591305,GasA,Ex,Y,SBrkr,6.556778356158042,689,0.0,7.239214973779806,0,0,2,0,2,1,Gd,5,Typ,0,None,Detchd,2007.0,Unf,2,540,TA,TA,Y,0.0,4.634728988229636,0.0,0.0,0.0,0.0,None,None,None,0.0,2,2008,WD,Abnorml,146000,7.641084249174914,1,1,2.0,1,1,0,1,102
580,50,RM,4.406719247264253,9.405166749908611,Pave,Grvl,Reg,Lvl,AllPub,Inside,Gtl,OldTown,Norm,Norm,1Fam,1.5Fin,5,5,1954,1954,Gable,CompShg,MetalSd,MetalSd,BrkFace,5.817111159963204,TA,TA,BrkTil,TA,TA,No,Unf,0.0,Unf,0.0,1050,6.957497370876951,GasA,Ex,N,FuseF,6.957497370876951,745,0.0,7.493317248862145,0,0,2,0,4,1,TA,7,Typ,0,None,Attchd,1954.0,Unf,1,352,Fa,TA,Y,0.0,0.0,0.0,0.0,0.0,0.0,None,None,None,0.0,11,2008,WD,Normal,131500,7.953669778649798,54,54,2.0,1,1,0,1,0
581,20,RL,4.30406509320417,9.587817443544179,Pave,None,IR1,Lvl,AllPub,CulDSac,Gtl,NAmes,Norm,Norm,1Fam,1Story,6,6,1960,1987,Gable,CompShg,Wd Sdng,Wd Sdng,BrkFace,4.454347296253507,TA,TA,CBlock,TA,TA,No,BLQ,6.38856140554563,Rec,5.393627546352362,331,7.0431599159883405,GasA,Ex,Y,SBrkr,7.265429723253953,0,0.0,7.265429723253953,0,1,1,0,3,1,Gd,7,Typ,2,Gd,Attchd,1960.0,Unf,2,572,TA,TA,Y,5.37989735354046,4.709530201312334,0.0,0.0,0.0,0.0,None,None,None,0.0,6,2007,WD,Normal,181900,7.853216388156072,47,20,1.5,1,1,1,0,326
582,20,RL,4.59511985013459,9.449750895754265,Pave,None,Reg,Lvl,AllPub,Inside,Gtl,NridgHt,Norm,Norm,1Fam,1Story,8,5,2008,2009,Hip,CompShg,VinylSd,VinylSd,BrkFace,5.726847747587197,Ex,TA,PConc,Ex,TA,No,Unf,0.0,Unf,0.0,2042,7.622174594817622,GasA,Ex,Y,SBrkr,7.622174594817622,0,0.0,7.622174594817622,0,0,2,1,3,1,Ex,8,Typ,1,Gd,Attchd,2009.0,RFn,3,1390,TA,TA,Y,0.0,4.51085950651685,0.0,0.0,0.0,0.0,None,None,None,0.0,8,2009,New,Partial,253293,8.315077007294104,1,0,2.5,1,1,1,0,90
583,90,RL,4.406719247264253,9.37940781309172,Grvl,None,Reg,Lvl,AllPub,Inside,Gtl,Edwards,Norm,Norm,Duplex,SFoyer,6,5,1990,1990,Gable,CompShg,HdBoard,HdBoard,BrkFace,4.653960350157523,TA,Gd,CBlock,Gd,TA,Av,GLQ,6.705639094860003,Unf,0.0,0,6.705639094860003,GasA,TA,Y,SBrkr,6.705639094860003,0,0.0,6.705639094860003,1,0,1,0,3,1,TA,5,Typ,0,None,None,0.0,None,0,0,None,None,Y,0.0,3.4965075614664802,0.0,0.0,0.0,0.0,None,None,None,0.0,5,2007,WD,Normal,118500,7.398174092970465,17,17,2.0,0,1,0,0,32
584,75,RM,4.330733340286331,9.510519035757246,Pave,None,Reg,Lvl,AllPub,Inside,Gtl,OldTown,Artery,PosA,1Fam,2.5Unf,10,9,1893,2000,Gable,CompShg,Wd Sdng,Wd Sdng,None,0.0,Ex,Ex,BrkTil,TA,TA,No,Unf,0.0,Unf,0.0,1237,7.121252453244542,GasA,Gd,Y,SBrkr,7.3277805384216315,1254,0.0,7.9287663216266955,0,0,3,1,3,1,Gd,9,Typ,1,Gd,Detchd,1988.0,Unf,2,880,Gd,TA,Y,4.663439094112067,6.220590170099739,0.0,0.0,0.0,0.0,None,None,None,0.0,7,2008,WD,Normal,325000,8.297294370266917,115,8,3.5,1,1,1,1,607
585,50,RM,3.9512437185814275,8.71948076085107,Pave,None,Reg,Lvl,AllPub,Inside,Gtl,BrkSide,Norm,Norm,1Fam,1.5Fin,4,7,1935,1995,Gable,CompShg,AsbShng,AsbShng,None,0.0,TA,TA,BrkTil,TA,TA,No,Unf,0.0,Unf,0.0,884,6.785587645007929,GasA,Ex,Y,SBrkr,6.897704943128636,584,0.0,7.3613754289773485,0,0,1,0,3,1,Gd,6,Typ,0,None,Detchd,1935.0,Unf,1,240,TA,TA,Y,0.0,0.0,4.007333185232471,0.0,4.795790545596741,0.0,None,None,None,0.0,7,2009,WD,Normal,133000,7.80710329012598,74,14,1.0,1,1,0,1,174
586,20,RL,4.48863636973214,9.345220854170002,Pave,None,Reg,Lvl,AllPub,Inside,Gtl,Timber,Norm,Norm,1Fam,1Story,8,5,2005,2006,Hip,CompShg,VinylSd,VinylSd,BrkFace,5.342334251964811,Gd,TA,PConc,Ex,TA,Gd,GLQ,7.2868764117507,Unf,0.0,408,7.533158807455563,GasA,Ex,Y,SBrkr,7.615298339825815,0,0.0,7.615298339825815,1,0,2,0,2,1,Gd,7,Typ,2,Gd,Attchd,2005.0,RFn,3,880,TA,TA,Y,5.7899601708972535,4.204692619390966,0.0,0.0,0.0,0.0,None,None,None,0.0,3,2006,New,Partial,369900,8.26796230533871,1,0,3.0,1,1,1,0,392
587,30,RL,4.02535169073515,9.236787541991031,Pave,None,Reg,Lvl,AllPub,Inside,Gtl,BrkSide,RRAn,Norm,1Fam,1Story,6,7,1918,2000,Gable,CompShg,Stucco,Wd Shng,None,0.0,TA,Gd,BrkTil,TA,Gd,Mn,Rec,5.351858133476067,ALQ,6.408528791059498,0,6.705639094860003,GasA,Ex,Y,SBrkr,6.732210706467206,0,0.0,6.732210706467206,1,0,1,0,2,1,Fa,5,Typ,0,None,Detchd,1961.0,Fin,1,275,TA,TA,N,0.0,0.0,4.727387818712341,0.0,0.0,0.0,None,MnWw,None,0.0,5,2008,WD,Normal,130000,7.411556287811163,90,8,2.0,1,1,0,0,112
588,85,RL,4.31748811353631,9.075779878580487,Pave,None,IR1,Lvl,AllPub,Inside,Gtl,Sawyer,Norm,Norm,1Fam,SFoyer,5,6,1982,1982,Hip,CompShg,HdBoard,HdBoard,None,0.0,TA,TA,CBlock,TA,TA,Av,ALQ,6.511745329644728,Unf,0.0,168,6.734591659972948,GasA,TA,Y,SBrkr,6.7580945044277305,0,0.0,6.7580945044277305,1,0,1,0,2,1,TA,4,Typ,0,None,Detchd,1996.0,Unf,2,528,TA,TA,Y,0.0,0.0,0.0,0.0,0.0,0.0,None,None,None,0.0,7,2009,WD,Normal,137000,7.438971592395862,27,27,2.0,1,1,0,0,0
589,20,RL,4.189654742026425,10.130463749870515,Pave,None,IR1,Low,AllPub,Inside,Sev,ClearCr,Norm,Norm,1Fam,1Story,5,8,1968,2003,Flat,Tar&Grv,Wd Sdng,Wd Sdng,None,0.0,TA,TA,CBlock,TA,TA,Gd,GLQ,7.1891677384203225,Unf,0.0,113,7.271008538280992,GasA,Ex,Y,SBrkr,7.295735072749282,0,0.0,7.295735072749282,2,0,1,0,1,1,Ex,5,Typ,2,Gd,Attchd,1968.0,Unf,1,452,TA,TA,Y,0.0,3.8918202981106265,0.0,0.0,4.110873864173311,0.0,None,None,None,0.0,6,2009,WD,Partial,143000,7.976251943745623,41,6,3.0,1,1,1,0,108
590,40,RM,3.9318256327243257,9.116139576577355,Pave,None,Reg,Lvl,AllPub,Inside,Gtl,BrkSide,RRAn,Feedr,1Fam,1Story,5,6,1930,1960,Gable,CompShg,VinylSd,VinylSd,None,0.0,TA,TA,BrkTil,TA,TA,No,Unf,0.0,Unf,0.0,742,6.610696044717759,GasA,TA,Y,FuseA,6.659293919683638,0,5.056245805348308,6.841615476477592,0,0,1,0,2,1,TA,4,Typ,0,None,Detchd,1988.0,Unf,1,308,TA,TA,P,0.0,0.0,0.0,0.0,0.0,0.0,None,None,Shed,6.398594934535208,8,2008,WD,Normal,79500,7.3277805384216315,78,48,1.0,1,1,0,0,0
591,60,RL,4.174387269895637,9.02653771890043,Pave,None,Reg,Lvl,AllPub,Inside,Gtl,CollgCr,Norm,Norm,1Fam,2Story,7,5,2004,2004,Gable,CompShg,VinylSd,VinylSd,None,0.0,Gd,TA,PConc,Gd,TA,No,GLQ,6.19644412779452,Unf,0.0,280,6.647688373563329,GasA,Ex,Y,SBrkr,6.647688373563329,812,0.0,7.367077059881012,0,0,2,1,3,1,Gd,6,Typ,0,None,Attchd,2004.0,RFn,2,520,TA,TA,Y,0.0,3.828641396489095,0.0,0.0,0.0,0.0,None,None,None,0.0,9,2008,WD,Normal,185900,7.763446388727362,4,4,2.5,1,1,0,1,45
592,60,RL,4.584967478670572,9.508888197738269,Pave,None,IR1,Lvl,AllPub,Corner,Gtl,NridgHt,Norm,Norm,1Fam,2Story,10,5,2008,2008,Gable,CompShg,CemntBd,CmentBd,Stone,6.042632833682381,Ex,TA,PConc,Ex,TA,Gd,GLQ,7.199678345691172,Unf,0.0,384,7.45182223652793,GasA,Ex,Y,SBrkr,7.455298485683291,568,0.0,7.739359202689098,1,0,2,1,3,1,Ex,10,Typ,1,Gd,BuiltIn,2008.0,RFn,3,842,TA,TA,Y,5.948034989180646,5.616771097666572,0.0,0.0,0.0,0.0,None,None,None,0.0,6,2009,ConLI,Normal,451950,8.2987883944492,1,1,3.5,1,1,1,1,656
593,20,RL,4.110873864173311,8.79497643168877,Pave,None,Reg,Lvl,AllPub,Inside,Gtl,Mitchel,Norm,Norm,1Fam,1Story,5,8,1982,2003,Gable,CompShg,HdBoard,HdBoard,None,0.0,TA,Gd,PConc,TA,Gd,No,GLQ,6.705639094860003,Unf,0.0,0,6.705639094860003,GasA,Ex,Y,SBrkr,6.705639094860003,0,0.0,6.705639094860003,1,0,1,0,2,1,TA,4,Typ,0,None,Detchd,1985.0,Fin,2,816,TA,TA,Y,0.0,0.0,0.0,0.0,0.0,0.0,None,None,None,0.0,6,2008,WD,Normal,138000,7.398174092970465,26,5,2.0,1,1,0,0,0
594,120,RM,4.2626798770413155,8.397508348470257,Pave,None,Reg,Lvl,AllPub,Inside,Gtl,CollgCr,Norm,Norm,TwnhsE,1Story,6,5,2003,2003,Gable,CompShg,VinylSd,VinylSd,BrkFace,5.14166355650266,Gd,TA,PConc,Gd,TA,Av,GLQ,6.530877627725885,Unf,0.0,163,6.744059186311348,GasA,Ex,Y,SBrkr,6.744059186311348,0,0.0,6.744059186311348,1,0,1,0,1,1,Gd,4,Typ,0,None,Attchd,2003.0,Fin,2,420,TA,TA,Y,4.948759890378168,0.0,0.0,0.0,0.0,0.0,None,None,None,0.0,5,2009,WD,Normal,140000,7.436617265234227,6,6,2.0,1,1,0,0,140
595,20,RL,4.48863636973214,8.986071187374463,Pave,None,IR1,Lvl,AllPub,Inside,Gtl,CollgCr,Norm,Norm,1Fam,1Story,5,6,1975,1975,Hip,CompShg,HdBoard,HdBoard,None,0.0,TA,TA,CBlock,Gd,TA,No,Unf,0.0,Unf,0.0,924,6.829793737512425,GasA,TA,Y,SBrkr,6.829793737512425,0,0.0,6.829793737512425,0,0,1,0,3,1,TA,5,Typ,0,None,Detchd,1981.0,Unf,1,280,TA,TA,Y,0.0,0.0,0.0,0.0,0.0,0.0,None,MnPrv,None,0.0,4,2008,WD,Normal,110000,7.522400231387125,33,33,1.0,1,1,0,0,0
596,20,RL,4.248495242049359,9.33282345619073,Pave,None,IR1,Lvl,AllPub,Inside,Gtl,StoneBr,Norm,Norm,1Fam,1Story,8,5,2005,2006,Gable,CompShg,VinylSd,Other,BrkFace,5.476463551931511,Gd,TA,PConc,Gd,TA,Gd,GLQ,7.260522598089852,Unf,0.0,392,7.503840746698951,GasA,Ex,Y,SBrkr,7.510430556378006,0,0.0,7.510430556378006,1,0,2,0,3,1,Gd,7,Typ,1,TA,Attchd,2005.0,Fin,3,758,TA,TA,Y,5.198497031265826,4.330733340286331,0.0,0.0,4.795790545596741,0.0,None,None,None,0.0,8,2006,New,Partial,319000,8.200013648175434,1,0,3.0,1,1,1,0,375
597,70,RM,4.110873864173311,8.188966863648876,Pave,Grvl,Reg,Lvl,AllPub,Inside,Gtl,OldTown,Norm,Norm,1Fam,2Story,6,7,1910,1993,Gable,CompShg,VinylSd,VinylSd,None,0.0,TA,TA,CBlock,TA,TA,No,Unf,0.0,Unf,0.0,684,6.529418838262226,GasA,Ex,N,FuseA,6.529418838262226,684,0.0,7.221835825288449,0,0,1,0,3,1,TA,7,Typ,0,None,Detchd,1930.0,Unf,1,216,TA,Fa,N,0.0,5.0689042022202315,0.0,0.0,0.0,0.0,None,None,None,0.0,10,2006,WD,Normal,114504,7.627057417018934,96,13,1.0,1,1,0,1,158
598,120,RL,3.9889840465642745,8.274611946209552,Pave,None,Reg,Lvl,AllPub,Inside,Gtl,Blmngtn,Norm,Norm,TwnhsE,1Story,7,5,2006,2007,Gable,CompShg,VinylSd,VinylSd,BrkFace,4.290459441148391,Gd,TA,PConc,Ex,TA,Av,Unf,0.0,Unf,0.0,1258,7.138073034044347,GasA,Ex,Y,SBrkr,7.246368080102461,0,0.0,7.246368080102461,0,2,0,2,2,1,Gd,7,Typ,1,Gd,Attchd,2006.0,Fin,3,648,TA,TA,Y,4.795790545596741,2.833213344056216,0.0,0.0,0.0,0.0,None,None,None,0.0,2,2007,New,Partial,194201,7.886457270977689,1,0,2.0,1,1,1,0,136
599,20,RL,4.394449154672439,9.471550124096849,Pave,None,Reg,Bnk,AllPub,Inside,Gtl,Crawfor,Norm,Norm,1Fam,1Story,5,6,1977,1977,Gable,CompShg,Plywood,Plywood,BrkFace,6.131226489483141,TA,TA,CBlock,Gd,TA,Mn,ALQ,7.157735484249907,LwQ,4.997212273764115,0,7.266128779556451,GasA,Ex,Y,SBrkr,7.4073177104694174,0,0.0,7.4073177104694174,1,0,2,0,3,1,Gd,7,Typ,1,TA,Attchd,1977.0,Fin,2,621,TA,TA,Y,0.0,0.0,0.0,0.0,0.0,0.0,None,None,None,0.0,3,2006,WD,Normal,217500,8.032035314398824,29,29,3.0,1,1,1,0,0
600,160,RM,3.2188758248682006,7.576097340623111,Pave,None,Reg,Lvl,AllPub,Inside,Gtl,Blueste,Norm,Norm,Twnhs,2Story,6,6,1980,1980,Gable,CompShg,MetalSd,MetalSd,None,0.0,TA,Gd,CBlock,Gd,TA,No,LwQ,4.406719247264253,GLQ,6.418364935936212,23,6.57507584059962,GasA,TA,Y,SBrkr,6.57507584059962,840,0.0,7.350516171833998,1,0,2,1,3,1,TA,6,Typ,1,TA,Attchd,1980.0,Fin,2,452,TA,TA,Y,5.087596335232384,0.0,0.0,0.0,0.0,0.0,None,GdPrv,None,0.0,7,2008,COD,Normal,151000,7.728855823852543,28,28,3.5,1,1,1,1,161
601,60,RL,4.31748811353631,9.29908358181057,Pave,None,Reg,Lvl,AllPub,Inside,Gtl,NridgHt,Norm,Norm,1Fam,2Story,8,5,2005,2005,Gable,CompShg,VinylSd,VinylSd,BrkFace,5.638354669333745,Gd,TA,PConc,Gd,TA,Av,GLQ,6.304448802421981,Unf,0.0,512,6.9650803456014065,GasA,Ex,Y,SBrkr,6.9650803456014065,846,0.0,7.552237287560802,1,0,2,1,3,1,Ex,8,Typ,1,Gd,BuiltIn,2003.0,Fin,2,736,TA,TA,Y,5.19295685089021,4.110873864173311,0.0,0.0,0.0,0.0,None,None,None,0.0,6,2006,WD,Normal,275000,7.993957547573565,1,1,3.5,1,1,1,1,239
602,50,RM,3.9318256327243257,9.105090961257085,Pave,None,Reg,Bnk,AllPub,Inside,Gtl,IDOTRR,Norm,Norm,1Fam,1.5Fin,6,6,1937,1950,Gable,CompShg,Wd Sdng,Wd Sdng,None,0.0,TA,Gd,PConc,TA,TA,No,Unf,0.0,Unf,0.0,780,6.660575149839686,GasA,TA,Y,SBrkr,6.660575149839686,595,0.0,7.226936018493289,0,0,1,1,3,1,Gd,6,Typ,1,Gd,Detchd,1979.0,Unf,1,544,TA,TA,P,0.0,5.093750200806762,0.0,0.0,4.844187086458591,0.0,None,None,None,0.0,12,2007,WD,Normal,141000,7.6760099320288875,70,57,1.5,1,1,1,1,288
603,60,RL,4.394449154672439,9.21453157659465,Pave,None,IR1,Lvl,AllPub,Inside,Gtl,SawyerW,Norm,Norm,1Fam,2Story,8,5,1992,1992,Gable,CompShg,HdBoard,HdBoard,None,0.0,Gd,TA,PConc,Gd,TA,Mn,GLQ,6.672032945461067,Unf,0.0,119,6.812345094177479,GasA,Ex,Y,SBrkr,6.833031732786201,988,0.0,7.557994958530806,1,0,2,1,3,1,Gd,8,Typ,1,TA,Attchd,1992.0,Fin,2,506,TA,TA,Y,4.795790545596741,5.017279836814924,0.0,0.0,0.0,0.0,None,None,None,0.0,2,2006,WD,Abnorml,220000,7.945909598613133,14,14,3.5,1,1,1,1,270
604,160,FV,3.4339872044851463,8.065579427282092,Pave,Pave,Reg,Lvl,AllPub,Inside,Gtl,Somerst,Norm,Norm,TwnhsE,2Story,7,5,2004,2005,Gable,CompShg,MetalSd,MetalSd,None,0.0,Gd,TA,PConc,Gd,TA,No,Unf,0.0,Unf,0.0,600,6.398594934535208,GasA,Ex,Y,SBrkr,6.398594934535208,600,0.0,7.0909098220799835,0,0,2,1,2,1,Gd,4,Typ,0,None,Detchd,2004.0,RFn,2,480,TA,TA,Y,0.0,5.153291594497779,0.0,0.0,0.0,0.0,None,None,None,0.0,6,2010,WD,Normal,151000,7.496097345175956,6,5,2.5,1,1,0,1,172
605,20,RL,4.48863636973214,9.457512901089753,Pave,None,IR1,Lvl,AllPub,Inside,Gtl,CollgCr,Norm,Norm,1Fam,1Story,7,5,2002,2002,Gable,CompShg,VinylSd,VinylSd,BrkFace,4.605170185988092,Gd,TA,PConc,Gd,TA,Mn,GLQ,6.827629234502852,Unf,0.0,572,7.3098814858247865,GasA,Ex,Y,SBrkr,7.3098814858247865,0,0.0,7.3098814858247865,1,0,2,0,3,1,Gd,6,Typ,1,TA,Attchd,2002.0,RFn,2,530,TA,TA,Y,5.262690188904886,3.6109179126442243,0.0,0.0,0.0,0.0,None,None,None,0.0,9,2008,WD,Normal,221000,8.002694162283937,6,6,3.0,1,1,1,0,228
606,60,RL,4.454347296253507,9.517898598432753,Pave,None,Reg,Lvl,AllPub,Inside,Gtl,NAmes,Norm,Norm,1Fam,2Story,7,6,1965,1990,Gable,CompShg,HdBoard,HdBoard,BrkFace,5.176149732573829,TA,TA,CBlock,TA,TA,No,BLQ,6.12029741895095,Unf,0.0,314,6.645090969505644,GasA,TA,Y,SBrkr,7.079184394609668,800,0.0,7.594381242551817,0,0,2,1,3,1,TA,7,Typ,3,Fa,Attchd,1965.0,Unf,2,486,TA,TA,Y,0.0,3.7612001156935624,0.0,0.0,5.247024072160486,0.0,None,None,None,0.0,10,2009,WD,Normal,205000,7.9211727215870145,44,19,2.5,1,1,1,1,231
607,20,RL,4.418840607796598,9.430679995957659,Pave,None,IR2,Low,AllPub,Corner,Mod,CollgCr,Norm,Norm,1Fam,1Story,5,5,1996,1996,Gable,CompShg,VinylSd,VinylSd,None,0.0,TA,Gd,PConc,Gd,TA,No,GLQ,6.597145701886651,Unf,0.0,308,6.947937068614969,GasA,Gd,Y,SBrkr,6.947937068614969,0,0.0,6.947937068614969,1,0,1,0,3,1,Gd,6,Typ,0,None,Detchd,2000.0,Unf,2,576,TA,TA,Y,5.1298987149230735,0.0,0.0,0.0,0.0,0.0,None,GdPrv,None,0.0,11,2009,WD,Normal,152000,7.640603826393634,13,13,2.0,1,1,0,0,168
608,20,RL,4.3694478524670215,8.962007209588313,Pave,None,Reg,Bnk,AllPub,Inside,Mod,Edwards,Norm,Norm,1Fam,2Story,5,8,1948,2002,Gable,CompShg,MetalSd,MetalSd,None,0.0,TA,Gd,CBlock,TA,Gd,No,GLQ,6.403574197934815,Unf,0.0,293,6.799055862058796,GasA,Ex,Y,SBrkr,7.014814351275545,896,0.0,7.605392364814935,1,0,3,0,3,1,Ex,8,Typ,0,None,Attchd,1948.0,Unf,1,230,TA,TA,Y,4.6443908991413725,0.0,0.0,0.0,0.0,0.0,None,None,None,0.0,8,2006,WD,Normal,225000,7.974188669286011,58,4,4.0,1,1,0,1,103
609,70,RL,4.3694478524670215,9.4066470133368,Pave,None,Reg,HLS,AllPub,Inside,Mod,Crawfor,Norm,Norm,1Fam,2Story,8,6,1934,1998,Gable,CompShg,BrkFace,Wd Sdng,None,0.0,TA,TA,PConc,Gd,TA,Mn,BLQ,6.061456918928017,Unf,0.0,537,6.873163834212518,GasA,TA,Y,SBrkr,7.57095858316901,1254,0.0,8.069342366811636,0,0,2,1,4,1,TA,10,Typ,2,Gd,Basment,1934.0,Unf,2,380,TA,TA,Y,0.0,0.0,0.0,0.0,0.0,0.0,None,None,None,0.0,9,2007,WD,Alloca,359100,8.333270353255308,73,9,2.5,1,1,1,1,0
610,20,RL,4.127134385045092,8.980172205725008,Pave,None,Reg,Lvl,AllPub,Inside,Gtl,Sawyer,Feedr,Norm,1Fam,1Story,4,5,1961,1961,Gable,CompShg,VinylSd,VinylSd,BrkCmn,5.262690188904886,TA,Fa,CBlock,TA,TA,Mn,Rec,6.806829360392176,Unf,0.0,126,6.937314081223682,GasA,Gd,Y,SBrkr,6.937314081223682,0,0.0,6.937314081223682,1,0,1,0,3,1,TA,5,Typ,0,None,Attchd,1961.0,Unf,1,261,TA,TA,Y,4.174387269895637,0.0,3.6888794541139363,0.0,0.0,0.0,None,None,None,0.0,4,2007,WD,Normal,118500,7.629975707027789,46,46,2.0,1,1,0,0,103
611,60,RL,4.2626798770413155,9.310276200588783,Pave,None,Reg,Lvl,AllPub,Inside,Gtl,CollgCr,PosN,Norm,1Fam,2Story,9,5,2000,2000,Hip,CompShg,VinylSd,VinylSd,BrkFace,5.3230099791384085,Gd,TA,PConc,Ex,TA,Mn,GLQ,6.807934943699926,Unf,0.0,536,7.273092595999522,GasA,Ex,Y,SBrkr,7.29776828253138,677,0.0,7.675081857716334,1,0,2,1,3,1,Ex,8,Typ,2,Ex,Attchd,2000.0,Fin,3,736,TA,TA,Y,5.537334267018537,4.962844630259907,0.0,0.0,0.0,0.0,None,None,None,0.0,5,2009,WD,Normal,313000,8.187021067343505,9,9,3.5,1,1,1,1,395
612,80,RL,4.394449154672439,9.249176395761381,Pave,None,IR1,Lvl,AllPub,FR2,Gtl,NWAmes,Norm,Norm,1Fam,SLvl,6,6,1978,1978,Gable,CompShg,HdBoard,HdBoard,BrkFace,5.455321115357702,TA,TA,CBlock,Gd,TA,Av,ALQ,6.406879986069314,Unf,0.0,427,6.940222469119639,GasA,TA,Y,SBrkr,6.940222469119639,0,0.0,6.940222469119639,0,1,2,0,3,1,TA,6,Typ,1,TA,Attchd,1978.0,Unf,2,564,TA,TA,Y,0.0,0.0,0.0,0.0,0.0,0.0,None,MnPrv,Shed,6.2166061010848646,7,2007,WD,Normal,148000,7.632885505395133,29,29,2.5,1,1,1,0,0
613,60,RL,4.2626798770413155,9.383116515926606,Pave,None,Reg,Lvl,AllPub,Inside,Gtl,CollgCr,Norm,Norm,1Fam,2Story,8,5,2001,2001,Gable,CompShg,VinylSd,VinylSd,BrkFace,4.6913478822291435,Gd,TA,PConc,Gd,TA,Av,GLQ,6.898714534329988,Unf,0.0,309,7.170119543449628,GasA,Ex,Y,SBrkr,7.170119543449628,573,0.0,7.5352967024440884,1,0,2,1,3,1,Ex,7,Typ,1,TA,BuiltIn,2001.0,RFn,2,531,TA,TA,Y,5.081404364984463,4.812184355372417,0.0,0.0,0.0,0.0,None,None,None,0.0,11,2009,WD,Normal,261500,8.06211758275474,8,8,3.5,1,1,1,1,282
614,20,RL,4.2626798770413155,9.036344063928219,Pave,None,Reg,Lvl,AllPub,Inside,Gtl,Mitchel,Feedr,Norm,1Fam,1Story,5,5,2007,2007,Gable,CompShg,VinylSd,VinylSd,None,0.0,TA,TA,PConc,Gd,TA,No,ALQ,5.332718793265369,Unf,0.0,914,7.02197642307216,GasA,Ex,Y,SBrkr,7.02197642307216,0,0.0,7.02197642307216,0,0,1,0,3,1,TA,6,Typ,0,None,None,0.0,None,0,0,None,None,Y,0.0,3.4339872044851463,0.0,0.0,0.0,0.0,None,None,None,0.0,12,2007,New,Partial,147000,7.714677473800927,0,0,1.0,0,1,0,0,30
615,180,RM,3.091042453358316,7.307872780763706,Pave,None,Reg,Lvl,AllPub,Inside,Gtl,MeadowV,Norm,Norm,TwnhsE,SFoyer,4,6,1972,1972,Gable,CompShg,CemntBd,CmentBd,None,0.0,TA,TA,CBlock,Gd,TA,Av,LwQ,5.017279836814924,GLQ,6.175867270105761,0,6.447305862541213,GasA,Ex,Y,SBrkr,6.447305862541213,0,0.0,6.447305862541213,1,0,1,0,1,1,TA,3,Typ,0,None,None,0.0,None,0,0,None,None,Y,4.574710978503383,3.2188758248682006,0.0,0.0,0.0,0.0,None,None,None,0.0,5,2010,WD,Normal,75500,7.13966033596492,38,38,2.0,0,1,0,0,120
616,85,RL,4.394449154672439,9.082620630373812,Pave,None,Reg,Lvl,AllPub,Inside,Gtl,NAmes,Feedr,Norm,1Fam,SFoyer,6,7,1963,1963,Gable,CompShg,MetalSd,MetalSd,BrkFace,5.056245805348308,TA,Gd,PConc,TA,TA,Gd,GLQ,6.638567789166521,Unf,0.0,173,6.842683282238422,GasA,Ex,Y,SBrkr,6.961296045910167,0,0.0,6.961296045910167,1,0,1,0,3,1,Gd,6,Typ,0,None,Attchd,1963.0,RFn,2,480,TA,TA,Y,4.795790545596741,0.0,0.0,0.0,0.0,0.0,None,MnPrv,None,0.0,5,2010,WD,Abnorml,137500,7.596392304064196,47,47,2.0,1,1,0,0,120
617,60,RL,4.189654742026425,8.969796305981806,Pave,None,IR1,Lvl,AllPub,Inside,Gtl,Gilbert,Norm,Norm,1Fam,2Story,6,5,2002,2003,Gable,CompShg,VinylSd,VinylSd,None,0.0,Gd,TA,PConc,Gd,TA,No,GLQ,6.126869184114185,Unf,0.0,326,6.664409020350408,GasA,Ex,Y,SBrkr,6.694562058521095,702,0.0,7.31986492980897,1,0,2,1,3,1,Gd,7,Typ,1,Gd,Attchd,2002.0,Fin,2,393,TA,TA,Y,4.61512051684126,4.330733340286331,0.0,0.0,0.0,0.0,None,None,None,0.0,6,2006,WD,Normal,183200,7.737616282857904,4,3,3.5,1,1,1,1,175
618,45,RL,4.0943445622221,8.885717651712119,Pave,None,Reg,HLS,AllPub,Corner,Mod,NAmes,Artery,Norm,1Fam,1.5Unf,6,6,1954,1954,Gable,CompShg,MetalSd,MetalSd,None,0.0,TA,TA,CBlock,TA,TA,No,Unf,0.0,Unf,0.0,832,6.725033642166843,GasA,Gd,Y,SBrkr,6.725033642166843,0,0.0,6.725033642166843,0,0,1,0,2,1,Gd,4,Typ,0,None,Detchd,1962.0,Unf,2,528,TA,TA,Y,0.0,0.0,0.0,0.0,0.0,0.0,None,None,None,0.0,6,2008,WD,Normal,105500,7.417580402414544,54,54,1.0,1,1,0,0,0
619,20,RL,4.51085950651685,9.36691667901828,Pave,None,Reg,Lvl,AllPub,Inside,Gtl,NridgHt,Norm,Norm,1Fam,1Story,9,5,2007,2007,Hip,CompShg,CemntBd,CmentBd,BrkFace,6.115892125483034,Ex,TA,PConc,Ex,TA,Av,GLQ,3.8918202981106265,Unf,0.0,1774,7.508238774678663,GasA,Ex,Y,SBrkr,7.511524648390866,0,0.0,7.511524648390866,0,0,2,0,3,1,Gd,9,Typ,1,Gd,Attchd,2007.0,Unf,3,774,TA,TA,Y,0.0,4.6913478822291435,0.0,0.0,5.564520407322694,0.0,None,None,None,0.0,7,2007,New,Partial,314813,8.202756381655638,0,0,2.0,1,1,1,0,368
620,60,RL,4.454347296253507,9.412872969386267,Pave,None,Reg,Lvl,AllPub,Inside,Gtl,Timber,Norm,Norm,1Fam,2Story,8,5,2003,2003,Hip,CompShg,VinylSd,VinylSd,Stone,5.424950017481403,Gd,TA,PConc,Gd,TA,Gd,GLQ,6.77078942390898,Unf,0.0,611,7.301822342137932,GasA,Ex,Y,SBrkr,7.301822342137932,780,0.0,7.724446645633537,1,0,2,1,4,1,Gd,10,Typ,2,Gd,Attchd,2003.0,Fin,3,749,TA,TA,Y,5.1298987149230735,0.0,0.0,0.0,0.0,0.0,None,None,None,0.0,8,2008,WD,Normal,305000,8.22817689595132,5,5,3.5,1,1,1,1,168
621,30,RL,3.828641396489095,9.017847259860732,Pave,Grvl,Reg,Lvl,AllPub,Inside,Gtl,Edwards,Norm,Norm,1Fam,1Story,3,3,1914,1950,Gable,CompShg,Stucco,Stucco,None,0.0,TA,TA,BrkTil,TA,TA,No,BLQ,3.7376696182833684,Unf,0.0,823,6.762729506931879,GasA,TA,N,FuseF,6.762729506931879,0,0.0,6.762729506931879,1,0,1,0,2,1,TA,5,Typ,0,None,None,0.0,None,0,0,None,None,N,0.0,0.0,4.61512051684126,0.0,0.0,0.0,None,None,None,0.0,9,2008,WD,Normal,67000,7.455298485683291,94,58,2.0,0,1,0,0,100
622,60,RL,4.51085950651685,9.287394001418473,Pave,None,Reg,Lvl,AllPub,Inside,Gtl,NWAmes,Norm,Norm,1Fam,2Story,6,7,1974,1997,Gable,CompShg,HdBoard,HdBoard,None,0.0,TA,TA,CBlock,TA,TA,No,ALQ,6.863803391452954,Rec,5.209486152841421,384,7.328437352895162,GasA,TA,Y,SBrkr,7.3453648404168685,1066,0.0,7.869019376499023,0,0,2,1,4,1,TA,9,Typ,1,TA,Attchd,1974.0,RFn,2,624,TA,TA,Y,3.6635616461296463,5.497168225293202,0.0,0.0,0.0,0.0,None,None,None,0.0,6,2008,WD,Normal,240000,8.327726166461412,34,11,2.5,1,1,1,1,281
623,20,RL,4.276666119016055,8.862908295118627,Pave,None,Reg,Lvl,AllPub,Inside,Gtl,Sawyer,Norm,Norm,1Fam,1Story,5,6,1977,1977,Gable,CompShg,Plywood,Plywood,BrkFace,5.0369526024136295,TA,TA,CBlock,TA,TA,No,BLQ,6.329720905522696,Unf,0.0,420,6.8885724595653635,GasA,TA,Y,SBrkr,6.8885724595653635,0,0.0,6.8885724595653635,0,0,1,0,3,1,TA,6,Typ,0,None,Detchd,1986.0,Unf,2,484,TA,TA,Y,5.262690188904886,0.0,0.0,0.0,0.0,0.0,None,None,None,0.0,7,2009,WD,Normal,135000,7.581209826196346,32,32,1.0,1,1,0,0,192
624,160,FV,4.310799125385514,7.658227526161352,Pave,None,Reg,Lvl,AllPub,Inside,Gtl,Somerst,Norm,Norm,TwnhsE,2Story,6,5,2000,2000,Gable,CompShg,MetalSd,MetalSd,BrkFace,6.2422232654551655,Gd,TA,PConc,Gd,TA,No,GLQ,6.042632833682381,Unf,0.0,336,6.6293632534374485,GasA,Ex,Y,SBrkr,6.6293632534374485,756,0.0,7.321849713788356,0,0,2,1,2,1,Gd,4,Typ,1,TA,Detchd,2000.0,Unf,2,440,TA,TA,Y,0.0,3.4965075614664802,0.0,0.0,0.0,0.0,None,None,None,0.0,6,2007,WD,Normal,168500,7.727094484779841,7,7,2.5,1,1,1,1,32
625,60,RL,4.394449154672439,9.249657234353133,Pave,None,Reg,Lvl,AllPub,Inside,Gtl,NWAmes,Norm,Norm,1Fam,2Story,6,5,1972,1972,Gable,CompShg,VinylSd,VinylSd,None,5.666426688112432,TA,TA,CBlock,TA,TA,No,Rec,5.5134287461649825,Unf,0.0,485,6.597145701886651,GasA,Gd,Y,SBrkr,6.920671504248683,778,0.0,7.490529402060711,1,0,1,2,4,1,TA,8,Min2,1,TA,Attchd,1972.0,RFn,2,484,TA,TA,Y,5.003946305945459,0.0,0.0,0.0,4.997212273764115,0.0,None,None,None,0.0,11,2006,WD,Normal,165150,7.833203948641057,34,34,3.0,1,1,1,1,295
626,20,RL,4.477336814478207,9.210440366976517,Pave,None,IR1,Lvl,AllPub,Corner,Gtl,NAmes,Norm,Norm,1Fam,1Story,6,6,1962,1962,Hip,CompShg,Wd Sdng,Wd Sdng,BrkFace,5.568344503761097,TA,TA,CBlock,TA,TA,No,Unf,0.0,Unf,0.0,1116,7.018401799069201,GasA,TA,Y,SBrkr,7.018401799069201,0,0.0,7.018401799069201,0,0,1,1,3,1,TA,5,Typ,0,None,Attchd,1962.0,Unf,2,440,TA,TA,Y,0.0,0.0,0.0,0.0,5.955837369464831,0.0,None,None,None,0.0,2,2010,WD,Normal,160000,7.711101251840158,48,48,1.5,1,1,0,0,385
627,20,RL,4.30406509320417,9.42084437974393,Pave,None,IR1,Lvl,AllPub,Inside,Gtl,NAmes,Norm,Norm,1Fam,1Story,5,5,1960,1978,Hip,CompShg,Wd Sdng,Wd Sdng,None,0.0,TA,TA,CBlock,TA,TA,No,Unf,0.0,Unf,0.0,978,6.88653164253051,GasA,TA,Y,SBrkr,7.260522598089852,0,0.0,7.260522598089852,0,0,1,0,3,1,TA,6,Min1,1,TA,Attchd,1960.0,RFn,1,286,TA,TA,Y,0.0,0.0,3.6109179126442243,0.0,0.0,0.0,None,GdWo,Shed,6.398594934535208,8,2007,WD,Normal,139900,7.783640596221253,47,29,1.0,1,1,1,0,36
628,80,RL,4.394449154672439,9.169622538697624,Pave,None,Reg,Lvl,AllPub,Inside,Gtl,NAmes,Norm,Norm,1Fam,SLvl,6,6,1955,1972,Gable,CompShg,AsbShng,AsbShng,BrkFace,5.10594547390058,TA,TA,CBlock,TA,TA,Av,BLQ,6.51471269087253,LwQ,4.890349128221754,350,7.053585727193677,GasA,Ex,Y,SBrkr,7.327123292259293,0,0.0,7.327123292259293,1,0,1,0,3,1,TA,7,Typ,2,Gd,Basment,1955.0,RFn,1,364,TA,TA,Y,0.0,0.0,5.247024072160486,0.0,0.0,0.0,None,None,None,0.0,3,2010,WD,Normal,153000,7.892452043520352,55,38,2.0,1,1,1,0,189
629,60,RL,4.2626798770413155,9.359363643368622,Pave,None,IR1,HLS,AllPub,Inside,Sev,NAmes,Norm,Norm,1Fam,2Story,5,5,1969,1969,Gable,CompShg,Plywood,Plywood,BrkFace,5.262690188904886,TA,TA,PConc,Gd,TA,Av,Rec,6.478509642208569,Unf,0.0,390,6.947937068614969,GasA,TA,Y,SBrkr,6.947937068614969,1040,0.0,7.640603826393634,0,1,1,2,5,1,Fa,9,Typ,2,TA,Attchd,1969.0,Unf,2,504,TA,TA,Y,5.817111159963204,0.0,0.0,0.0,0.0,0.0,None,None,None,0.0,9,2007,WD,Family,135000,8.045908742270779,38,38,2.5,1,1,1,1,335
630,80,RL,4.418840607796598,9.107310471656639,Pave,None,Reg,Lvl,AllPub,Corner,Gtl,NAmes,Feedr,Norm,1Fam,SLvl,6,5,1964,1964,Gable,WdShngl,Plywood,Wd Sdng,BrkFace,5.560681631015528,TA,TA,CBlock,TA,TA,Gd,GLQ,6.437751649736401,Rec,5.820082930352362,288,7.130098510125578,GasA,TA,Y,SBrkr,7.208600337960199,0,0.0,7.208600337960199,1,0,1,1,3,1,TA,6,Typ,0,None,Attchd,1964.0,RFn,2,520,TA,TA,Y,5.176149732573829,0.0,0.0,0.0,0.0,0.0,None,GdPrv,None,0.0,6,2008,WD,Normal,168500,7.8628820346414905,44,44,2.5,1,1,0,0,176
631,70,RM,3.9318256327243257,9.105090961257085,Pave,Grvl,Reg,Lvl,AllPub,Corner,Gtl,OldTown,Artery,Norm,1Fam,2Story,5,6,1880,1991,Gable,CompShg,VinylSd,VinylSd,None,0.0,TA,TA,BrkTil,Fa,Fa,No,Unf,0.0,Unf,0.0,636,6.456769655572163,GasA,TA,Y,FuseA,6.993932975223189,661,0.0,7.467942332285852,0,0,1,0,3,1,Ex,8,Typ,0,None,Detchd,1937.0,Unf,1,240,Fa,Po,N,0.0,0.0,5.683579767338681,0.0,0.0,0.0,None,MnPrv,None,0.0,6,2006,WD,Abnorml,124000,7.77779262633883,126,15,1.0,1,1,0,1,293
632,120,RL,3.5553480614894135,8.431853144249223,Pave,None,Reg,Lvl,AllPub,Inside,Gtl,NridgHt,Norm,Norm,Twnhs,1Story,8,5,2006,2006,Gable,CompShg,VinylSd,VinylSd,Stone,4.6913478822291435,Gd,TA,PConc,Gd,Gd,Mn,GLQ,3.2188758248682006,Unf,0.0,1530,7.349230824613334,GasA,Ex,Y,SBrkr,7.349230824613334,0,0.0,7.349230824613334,0,0,2,0,2,1,Gd,6,Typ,1,Gd,Attchd,2006.0,RFn,2,627,TA,TA,Y,5.056245805348308,4.30406509320417,0.0,0.0,0.0,0.0,None,None,None,0.0,8,2007,WD,Normal,209500,8.042056410058754,1,1,2.0,1,1,1,0,229
633,20,RL,4.454347296253507,9.38437770918244,Pave,None,Reg,Lvl,AllPub,Inside,Gtl,NWAmes,Norm,Norm,1Fam,1Story,7,5,1977,1977,Hip,CompShg,Plywood,Plywood,BrkFace,5.3471075307174685,TA,Gd,CBlock,TA,TA,No,ALQ,6.71295620067707,Unf,0.0,564,7.234898420314831,GasA,TA,Y,SBrkr,7.252762418053187,0,0.0,7.252762418053187,0,0,2,0,3,1,TA,6,Typ,1,TA,Attchd,1977.0,Fin,2,544,TA,TA,Y,5.262690188904886,0.0,0.0,0.0,0.0,0.0,None,None,None,0.0,4,2009,WD,Family,82500,7.936660155225426,32,32,2.0,1,1,1,0,192
634,20,RL,4.394449154672439,9.132486932771318,Pave,None,Reg,Lvl,AllPub,Corner,Gtl,NAmes,Norm,Norm,1Fam,1Story,5,7,1954,2005,Gable,CompShg,Wd Sdng,Wd Sdng,None,0.0,TA,TA,CBlock,TA,TA,No,BLQ,6.175867270105761,LwQ,6.150602768446279,108,6.963189985870238,GasA,TA,Y,SBrkr,6.963189985870238,0,0.0,6.963189985870238,0,1,1,0,3,1,TA,6,Typ,0,None,Attchd,1954.0,Unf,1,260,TA,TA,Y,5.968707559985366,0.0,0.0,0.0,0.0,0.0,None,None,None,0.0,7,2007,WD,Normal,139400,7.655864017616056,53,2,1.5,1,1,0,0,390
635,90,RL,4.174387269895637,8.850804195756417,Pave,None,Reg,Lvl,AllPub,Inside,Gtl,OldTown,Norm,Norm,Duplex,SFoyer,6,5,1980,1980,Gable,CompShg,Plywood,Plywood,None,0.0,TA,TA,CBlock,TA,TA,No,GLQ,6.963189985870238,Unf,0.0,0,6.963189985870238,GasA,Gd,Y,SBrkr,6.963189985870238,0,0.0,6.963189985870238,2,0,0,0,0,2,TA,4,Typ,0,None,Detchd,1980.0,Unf,2,576,TA,TA,Y,5.579729825986222,4.04305126783455,0.0,0.0,0.0,0.0,None,GdPrv,Shed,6.398594934535208,6,2010,WD,Normal,144000,7.655864017616056,30,30,2.0,1,1,0,0,320
636,190,RH,4.110873864173311,9.296242800976886,Pave,Pave,Reg,Bnk,AllPub,Inside,Gtl,SWISU,Feedr,Norm,2fmCon,2.5Fin,6,7,1914,1995,Hip,CompShg,VinylSd,VinylSd,None,0.0,Fa,TA,CBlock,TA,Fa,No,LwQ,5.54907608489522,Unf,0.0,1184,7.273092595999522,GasA,Ex,Y,FuseA,7.273092595999522,1440,6.246106765481563,8.130353547431238,0,0,2,0,8,2,Fa,14,Typ,0,None,None,0.0,None,0,0,None,None,N,0.0,4.709530201312334,0.0,0.0,0.0,0.0,None,None,None,0.0,3,2007,WD,Abnorml,200000,8.371242135931933,93,12,2.0,0,1,0,1,110
637,30,RM,3.9512437185814275,8.71948076085107,Pave,None,Reg,Lvl,AllPub,Inside,Gtl,BrkSide,Norm,Norm,1Fam,1Story,2,3,1936,1950,Gable,CompShg,AsbShng,AsbShng,None,0.0,Fa,Fa,BrkTil,TA,Fa,No,Unf,0.0,Unf,0.0,264,5.579729825986222,Grav,Fa,N,FuseA,6.68586094706836,0,0.0,6.68586094706836,0,0,1,0,1,1,Fa,4,Maj1,1,Po,None,0.0,None,0,0,None,None,N,0.0,0.0,0.0,0.0,0.0,0.0,None,None,None,0.0,1,2009,ConLw,Normal,60000,6.970730078143525,73,59,1.0,0,1,1,0,0
638,190,RM,3.9318256327243257,8.699681400989514,Pave,None,Reg,Lvl,AllPub,Inside,Gtl,OldTown,Norm,Norm,2fmCon,1.5Fin,5,4,1954,1954,Gable,CompShg,Wd Sdng,Wd Sdng,None,0.0,TA,TA,CBlock,TA,TA,No,Unf,0.0,Unf,0.0,811,6.699500340161678,GasA,TA,Y,FuseA,6.699500340161678,576,0.0,7.23561914106675,0,0,2,0,3,2,Gd,7,Typ,0,None,BuiltIn,1954.0,Unf,1,256,TA,TA,Y,0.0,0.0,0.0,0.0,0.0,0.0,None,None,None,0.0,11,2009,WD,Normal,93000,7.695757990554761,55,55,2.0,1,1,0,1,0
639,30,RL,4.219507705176107,9.080003870248179,Pave,None,Reg,Lvl,AllPub,Inside,Gtl,Edwards,Feedr,Norm,1Fam,1Story,5,7,1910,1950,Gable,CompShg,MetalSd,Wd Sdng,None,0.0,TA,TA,CBlock,Fa,TA,No,Unf,0.0,Unf,0.0,796,6.680854678790215,GasA,Gd,Y,FuseA,6.680854678790215,0,0.0,6.680854678790215,0,0,1,0,2,1,TA,4,Typ,0,None,None,0.0,None,0,0,None,None,P,5.796057750765372,0.0,5.10594547390058,0.0,0.0,0.0,None,MnPrv,None,0.0,5,2008,WD,Normal,85000,7.373374309910049,98,58,1.0,0,1,0,0,492
640,120,RL,3.9889840465642745,8.289790583181643,Pave,None,Reg,Lvl,AllPub,Inside,Gtl,Blmngtn,Norm,Norm,TwnhsE,1Story,8,5,2006,2006,Hip,CompShg,VinylSd,VinylSd,None,0.0,Gd,TA,PConc,Gd,Gd,Av,GLQ,7.051855622955894,Unf,0.0,366,7.327123292259293,GasA,Ex,Y,SBrkr,7.357556200910353,0,0.0,7.357556200910353,1,0,2,0,1,1,Ex,7,Typ,1,Gd,Attchd,2006.0,Fin,3,648,TA,TA,Y,5.746203190540153,0.0,0.0,0.0,0.0,0.0,None,None,None,0.0,10,2006,New,Partial,264561,8.035278911144667,0,0,3.0,1,1,1,0,312
641,120,RL,4.143134726391533,9.447623486844112,Pave,None,IR1,Lvl,AllPub,Inside,Gtl,NridgHt,Norm,Norm,TwnhsE,1Story,8,5,2003,2004,Hip,CompShg,MetalSd,MetalSd,BrkFace,6.159095388491933,Ex,TA,PConc,Ex,TA,Gd,GLQ,7.105786129481271,Unf,0.0,300,7.325807502595773,GasA,Ex,Y,SBrkr,7.325807502595773,0,0.0,7.325807502595773,0,0,1,1,1,1,Ex,6,Typ,1,Gd,Attchd,2003.0,RFn,2,588,TA,TA,Y,5.225746673713202,4.948759890378168,0.0,0.0,0.0,0.0,None,None,None,0.0,4,2008,WD,Normal,274000,8.01862546504575,5,4,1.5,1,1,1,0,325
642,60,FV,4.310799125385514,8.860924729719041,Pave,None,Reg,Lvl,AllPub,Inside,Gtl,Somerst,Norm,Norm,1Fam,2Story,7,5,2001,2001,Gable,CompShg,VinylSd,VinylSd,None,0.0,Gd,TA,PConc,Gd,TA,No,GLQ,6.6052979209482015,Unf,0.0,319,6.964135612418245,GasA,Ex,Y,SBrkr,6.964135612418245,872,0.0,7.5652752818989315,1,0,2,1,3,1,Gd,7,Typ,1,TA,Attchd,2001.0,Fin,2,650,TA,TA,Y,0.0,5.4638318050256105,0.0,0.0,0.0,0.0,None,None,None,0.0,5,2007,WD,Normal,226000,8.00202481821611,6,6,3.5,1,1,1,1,235
643,80,RL,4.330733340286331,9.536834420213353,Pave,None,Reg,Lvl,AllPub,Inside,Gtl,NAmes,Norm,Norm,1Fam,SLvl,8,7,1972,1995,Gable,CompShg,Plywood,Wd Sdng,None,0.0,Gd,TA,CBlock,Gd,TA,Gd,GLQ,7.252053951852814,Unf,0.0,542,7.577121930876679,GasA,Gd,Y,SBrkr,7.601402334583733,704,0.0,7.902857191280582,1,0,2,1,4,1,Ex,9,Typ,3,TA,Attchd,1972.0,Fin,2,538,TA,TA,Y,5.598421958998375,4.718498871295094,0.0,0.0,0.0,0.0,None,MnPrv,None,0.0,7,2009,WD,Normal,345000,8.446126742982377,37,14,3.5,1,1,1,1,380
644,60,RL,4.394449154672439,9.286745703178589,Pave,None,Reg,Lvl,AllPub,Inside,Gtl,NWAmes,RRAn,Norm,1Fam,2Story,5,5,1969,1969,Mansard,CompShg,WdShing,HdBoard,BrkFace,5.575949103146316,TA,TA,CBlock,TA,TA,No,Rec,6.202535517187923,BLQ,5.662960480135946,0,6.660575149839686,GasA,Ex,Y,SBrkr,6.660575149839686,840,0.0,7.390798521735676,0,0,2,1,4,1,TA,7,Min1,0,None,Attchd,1969.0,Fin,2,462,TA,TA,Y,5.342334251964811,0.0,0.0,0.0,0.0,0.0,None,GdWo,None,0.0,4,2007,WD,Normal,152000,7.783640596221253,38,38,2.5,1,1,0,1,208
645,20,FV,4.454347296253507,9.125653563808989,Pave,None,Reg,Lvl,AllPub,Inside,Gtl,Somerst,Norm,Norm,1Fam,1Story,9,5,2009,2009,Gable,CompShg,CemntBd,CmentBd,Stone,5.093750200806762,Ex,TA,PConc,Ex,TA,Mn,GLQ,7.022868086082641,Unf,0.0,645,7.4770384723196965,GasA,Ex,Y,SBrkr,7.4770384723196965,0,0.0,7.4770384723196965,1,0,2,1,2,1,Ex,7,Typ,1,Gd,Attchd,2009.0,Fin,3,478,TA,TA,Y,5.278114659230517,4.875197323201151,0.0,0.0,0.0,0.0,None,None,None,0.0,10,2009,New,Partial,370878,8.169902647359145,0,0,3.5,1,1,1,0,325
646,20,RL,4.30406509320417,9.262078567380597,Pave,None,IR1,Lvl,AllPub,Corner,Gtl,NAmes,Norm,Norm,1Fam,1Story,6,5,1971,1971,Hip,CompShg,Plywood,Plywood,None,0.0,TA,TA,CBlock,TA,TA,No,ALQ,5.645446897643238,LwQ,3.58351893845611,664,6.889591308354466,GasA,TA,Y,SBrkr,6.889591308354466,0,0.0,6.889591308354466,1,0,1,1,3,1,TA,5,Typ,0,None,Detchd,1979.0,Unf,2,576,TA,TA,Y,0.0,5.746203190540153,3.713572066704308,0.0,0.0,0.0,None,None,None,0.0,3,2007,WD,Normal,143250,7.5822291942764615,36,36,2.5,1,1,0,0,352
647,20,RL,4.110873864173311,8.881975184248867,Pave,None,Reg,Lvl,AllPub,Inside,Gtl,NAmes,Norm,Norm,1Fam,1Story,5,5,1950,1950,Hip,CompShg,MetalSd,MetalSd,None,0.0,TA,TA,CBlock,None,None,None,None,0.0,None,0.0,0,0.0,GasA,Gd,Y,SBrkr,6.955592608396297,0,0.0,6.955592608396297,0,0,1,0,3,1,TA,7,Min1,0,None,Detchd,1950.0,Unf,2,420,TA,TA,Y,0.0,3.332204510175204,0.0,0.0,0.0,0.0,None,None,None,0.0,7,2008,WD,Normal,98300,6.955592608396297,58,58,1.0,1,0,0,0,27
648,20,RL,4.454347296253507,9.254644297532707,Pave,None,IR1,Lvl,AllPub,Inside,Gtl,Edwards,Norm,Norm,1Fam,1Story,6,5,1953,1953,Hip,CompShg,Wd Sdng,Wd Sdng,Stone,5.37989735354046,TA,TA,CBlock,TA,TA,Mn,Rec,6.2166061010848646,Unf,0.0,594,6.9985096422506015,GasA,Ex,Y,SBrkr,6.9985096422506015,0,0.0,6.9985096422506015,0,0,1,0,3,1,TA,5,Typ,2,Gd,Attchd,1953.0,RFn,2,495,TA,TA,Y,0.0,0.0,0.0,0.0,5.662960480135946,0.0,None,None,None,0.0,6,2008,WD,Normal,155000,7.691200097522863,55,55,1.0,1,1,1,0,287
649,60,RL,4.2626798770413155,8.94910546953925,Pave,None,Reg,Lvl,AllPub,Inside,Gtl,NAmes,PosN,Norm,1Fam,2Story,6,5,1966,1966,Gable,CompShg,MetalSd,MetalSd,BrkFace,5.863631175598097,TA,TA,CBlock,TA,TA,No,Unf,0.0,Unf,0.0,756,6.6293632534374485,GasA,TA,Y,SBrkr,6.9584483932976555,788,0.0,7.517520850603031,0,0,1,1,4,1,TA,7,Typ,1,TA,Attchd,1966.0,Unf,2,442,TA,TA,Y,0.0,4.8283137373023015,5.37989735354046,0.0,0.0,0.0,None,None,None,0.0,6,2010,WD,Normal,155000,7.86172707782398,44,44,1.5,1,1,1,1,340
650,180,RM,3.091042453358316,7.5688956634069955,Pave,None,Reg,Lvl,AllPub,Inside,Gtl,MeadowV,Norm,Norm,Twnhs,SFoyer,4,6,1970,1970,Gable,CompShg,CemntBd,CmentBd,None,0.0,TA,TA,CBlock,Gd,TA,Av,BLQ,4.882801922586371,GLQ,6.214608098422191,0,6.447305862541213,GasA,Gd,Y,SBrkr,6.447305862541213,0,0.0,6.447305862541213,1,0,1,0,1,1,TA,3,Typ,0,None,None,0.0,None,0,0,None,None,Y,0.0,0.0,0.0,0.0,0.0,0.0,None,MnPrv,None,0.0,12,2007,WD,Normal,84500,7.13966033596492,37,37,2.0,0,1,0,0,0
651,60,FV,4.189654742026425,9.002824076547672,Pave,None,Reg,Lvl,AllPub,Inside,Gtl,Somerst,Norm,Norm,1Fam,2Story,7,6,2007,2007,Gable,CompShg,CemntBd,CmentBd,None,0.0,Gd,TA,PConc,Gd,TA,No,Unf,0.0,Unf,0.0,813,6.70196036600254,GasA,Ex,Y,SBrkr,6.71295620067707,843,0.0,7.418180822726788,0,0,2,1,3,1,Gd,7,Typ,0,None,Attchd,2007.0,RFn,2,562,TA,TA,Y,0.0,0.0,0.0,0.0,0.0,0.0,None,None,None,0.0,5,2008,WD,Normal,205950,7.8156105320351905,1,1,2.5,1,1,0,1,0
652,70,RL,4.110873864173311,9.114379980830272,Pave,None,Reg,Lvl,AllPub,Inside,Gtl,Edwards,Artery,Norm,1Fam,2Story,4,5,1940,1950,Gable,CompShg,MetalSd,MetalSd,None,0.0,TA,TA,CBlock,TA,TA,Mn,Unf,0.0,Unf,0.0,755,6.628041376179533,GasA,TA,Y,SBrkr,6.628041376179533,755,0.0,7.32052696227274,1,0,1,0,4,1,TA,7,Typ,1,Gd,Detchd,1940.0,Unf,1,296,Fa,Po,P,4.795790545596741,0.0,0.0,0.0,0.0,0.0,None,MnPrv,None,0.0,10,2009,WD,Normal,108000,7.725771441587952,69,59,2.0,1,1,1,1,120
653,60,RL,4.2626798770413155,9.076923258535832,Pave,None,Reg,Lvl,AllPub,Inside,Gtl,CollgCr,Norm,Norm,1Fam,2Story,7,5,1996,1996,Gable,CompShg,VinylSd,VinylSd,None,0.0,Gd,TA,PConc,Gd,TA,No,Unf,0.0,Unf,0.0,880,6.78105762593618,GasA,Ex,Y,SBrkr,6.813444599510896,807,0.0,7.448333860897476,0,0,2,1,2,1,Gd,7,Typ,1,TA,Attchd,1996.0,RFn,2,512,TA,TA,Y,0.0,4.795790545596741,0.0,0.0,0.0,0.0,None,None,None,0.0,7,2009,WD,Normal,191000,7.862112211662748,13,13,2.5,1,1,1,1,120
654,50,RM,4.110873864173311,9.241935933565934,Pave,Grvl,Reg,Lvl,AllPub,Inside,Gtl,IDOTRR,Norm,Norm,1Fam,1.5Fin,6,7,1906,1995,Gable,CompShg,MetalSd,MetalSd,None,0.0,TA,TA,CBlock,TA,TA,No,Unf,0.0,Unf,0.0,756,6.6293632534374485,GasA,Ex,Y,SBrkr,6.6293632534374485,713,0.0,7.293017679772782,0,0,1,0,3,1,TA,7,Typ,0,None,Detchd,1906.0,Unf,1,216,TA,TA,Y,4.060443010546419,0.0,5.480638923341991,0.0,0.0,0.0,None,MnPrv,None,0.0,6,2008,WD,Normal,135000,7.70796153183549,102,13,1.0,1,1,0,1,296
655,20,RL,4.5217885770490405,9.25320827220336,Pave,None,IR1,Lvl,AllPub,Inside,Gtl,NoRidge,Norm,Norm,1Fam,1Story,8,6,1995,1995,Hip,CompShg,MetalSd,MetalSd,BrkFace,6.493753839851686,Gd,Gd,PConc,Gd,TA,Gd,GLQ,7.436617265234227,Unf,0.0,413,7.6544432264701125,GasA,Ex,Y,SBrkr,7.656337166430183,0,0.0,7.656337166430183,1,0,2,1,2,1,Gd,7,Typ,1,TA,Attchd,1995.0,Fin,3,839,TA,TA,Y,5.4680601411351315,3.8501476017100584,0.0,0.0,0.0,0.0,None,None,None,0.0,8,2008,WD,Normal,350000,8.348301054933943,13,13,3.5,1,1,1,0,282
656,160,RM,3.091042453358316,7.427144133408616,Pave,None,Reg,Lvl,AllPub,Inside,Gtl,BrDale,Norm,Norm,Twnhs,2Story,6,5,1971,1971,Gable,CompShg,HdBoard,ImStucc,BrkFace,5.945420608606575,TA,TA,CBlock,TA,TA,No,Unf,0.0,Unf,0.0,525,6.26530121273771,GasA,TA,Y,SBrkr,6.26530121273771,567,0.0,6.996681488176539,0,0,1,1,3,1,TA,6,Typ,0,None,Detchd,1971.0,Unf,1,264,TA,TA,Y,0.0,0.0,0.0,0.0,0.0,0.0,None,None,None,0.0,3,2010,WD,Family,88000,7.388946097618437,39,39,1.5,1,1,0,1,0
657,20,RL,4.290459441148391,9.211140052146748,Pave,None,IR1,Lvl,AllPub,Inside,Gtl,NAmes,Norm,Norm,1Fam,1Story,5,7,1959,2006,Gable,CompShg,HdBoard,HdBoard,BrkFace,4.007333185232471,Gd,TA,CBlock,TA,TA,No,ALQ,6.693323668269949,Unf,0.0,247,6.960347729101308,GasA,Ex,Y,SBrkr,6.960347729101308,0,0.0,6.960347729101308,1,0,1,1,3,1,Gd,5,Typ,0,None,Attchd,1959.0,RFn,1,312,TA,TA,Y,0.0,0.0,0.0,0.0,0.0,0.0,None,MnPrv,None,0.0,8,2008,WD,Normal,145500,7.653020413804189,49,2,2.5,1,1,0,0,0
658,70,RL,4.110873864173311,8.881975184248867,Pave,None,Reg,HLS,AllPub,Inside,Mod,Crawfor,Norm,Norm,1Fam,2Story,7,6,1931,2000,Gable,CompShg,Stucco,Wd Shng,None,0.0,TA,Fa,BrkTil,Gd,TA,No,Unf,0.0,Unf,0.0,776,6.655440350367647,GasA,TA,Y,SBrkr,6.747586526829315,651,0.0,7.315218389752975,0,0,1,1,3,1,TA,6,Typ,1,Gd,Attchd,1931.0,RFn,1,270,TA,TA,P,0.0,0.0,4.727387818712341,0.0,0.0,0.0,None,MnPrv,None,0.0,2,2008,WD,Normal,149000,7.731492029245684,77,8,1.5,1,1,1,1,112
659,50,RL,4.3694478524670215,9.770184705221707,Pave,None,Reg,Lvl,AllPub,Inside,Gtl,NAmes,Artery,Norm,1Fam,1.5Fin,6,5,1948,1950,Gable,CompShg,VinylSd,VinylSd,None,0.0,TA,TA,CBlock,TA,TA,No,Unf,0.0,Unf,0.0,912,6.816735880594968,GasA,TA,Y,SBrkr,6.816735880594968,546,0.0,7.285506548522785,0,1,1,0,3,1,TA,6,Typ,1,Gd,Attchd,1948.0,Unf,1,330,TA,TA,Y,5.262690188904886,0.0,0.0,0.0,0.0,0.0,None,None,None,0.0,1,2010,WD,Abnorml,97500,7.771067086065406,62,60,1.5,1,1,1,1,192
660,20,RL,4.330733340286331,9.204121072162266,Pave,None,Reg,Lvl,AllPub,Corner,Gtl,Edwards,Norm,Norm,1Fam,1Story,5,7,1964,1999,Hip,CompShg,MetalSd,MetalSd,None,0.0,TA,Gd,PConc,TA,TA,No,BLQ,6.45833828334479,Unf,0.0,849,7.304515946460155,GasA,Ex,Y,SBrkr,7.304515946460155,0,0.0,7.304515946460155,1,0,1,0,3,1,TA,7,Typ,0,None,Detchd,1968.0,Fin,2,480,TA,TA,Y,0.0,0.0,0.0,0.0,0.0,0.0,None,MnPrv,None,0.0,3,2009,WD,Normal,167000,7.997326822998097,45,10,2.0,1,1,0,0,0
661,60,RL,4.394449154672439,9.42424134192346,Pave,None,Reg,Lvl,AllPub,CulDSac,Gtl,NWAmes,Norm,Norm,1Fam,2Story,7,7,1976,1976,Gable,CompShg,Plywood,Plywood,BrkFace,5.455321115357702,TA,TA,CBlock,Gd,TA,No,Unf,0.0,Unf,0.0,793,6.677083461247136,GasA,TA,Y,SBrkr,7.04141166379481,793,0.0,7.568379267836522,0,0,2,1,3,1,TA,7,Typ,1,TA,Attchd,1976.0,RFn,2,550,TA,TA,Y,0.0,4.736198448394496,5.53338948872752,0.0,0.0,0.0,None,None,None,0.0,11,2007,WD,Normal,197900,7.911690520708339,31,31,2.5,1,1,1,1,365
662,60,RL,3.970291913552122,10.749141204810842,Pave,None,IR2,Lvl,AllPub,CulDSac,Gtl,NoRidge,Norm,Norm,1Fam,2Story,8,7,1994,2005,Hip,CompShg,VinylSd,VinylSd,BrkFace,6.270988431858299,Gd,TA,PConc,Gd,Gd,No,GLQ,7.216709486709457,Rec,5.198497031265826,88,7.396335293800808,GasA,Ex,Y,SBrkr,7.430707082545968,762,0.0,7.803435056952168,1,0,2,1,4,1,Gd,8,Typ,1,TA,Attchd,1994.0,RFn,3,711,TA,TA,Y,6.249975242259483,4.343805421853684,0.0,0.0,0.0,0.0,None,None,None,0.0,7,2009,WD,Normal,402000,8.3133619511344,15,4,3.5,1,1,1,1,593
663,20,RL,4.795790545596741,9.514953305087944,Pave,None,Reg,Lvl,AllPub,Corner,Gtl,NAmes,Norm,Norm,1Fam,1Story,6,3,1968,1968,Hip,CompShg,Wd Sdng,Wd Sdng,BrkFace,5.37989735354046,TA,TA,CBlock,Fa,Fa,No,Unf,0.0,Unf,0.0,1392,7.239214973779806,GasA,Gd,Y,SBrkr,7.239214973779806,0,0.0,7.239214973779806,1,0,1,0,2,1,TA,5,Maj2,2,TA,Attchd,1968.0,RFn,2,576,TA,TA,Y,0.0,0.0,5.484796933490655,0.0,0.0,0.0,None,None,None,0.0,7,2009,WD,Normal,110000,7.932003152361385,41,41,2.0,1,1,1,0,240
664,85,RL,4.51085950651685,9.211639527707803,Pave,None,Reg,Lvl,AllPub,Inside,Gtl,Edwards,Norm,Norm,1Fam,SFoyer,4,5,1972,1972,Gable,CompShg,Plywood,Plywood,None,0.0,TA,TA,CBlock,Gd,TA,Av,BLQ,6.825460036255307,Rec,5.198497031265826,38,7.037905963447182,GasA,TA,Y,SBrkr,7.074963197966044,0,0.0,7.074963197966044,1,0,2,0,3,1,TA,6,Typ,0,None,Detchd,1974.0,RFn,2,588,TA,TA,Y,0.0,0.0,5.198497031265826,0.0,0.0,0.0,None,MnPrv,None,0.0,4,2008,WD,Normal,137500,7.749322464660356,36,36,3.0,1,1,0,0,180
665,20,RL,3.912023005428146,9.947360886980098,Pave,None,IR2,Lvl,AllPub,CulDSac,Gtl,Somerst,RRAn,Norm,1Fam,1Story,8,5,2005,2006,Gable,CompShg,VinylSd,VinylSd,None,0.0,Gd,TA,PConc,Ex,TA,Mn,GLQ,7.451241684987676,Unf,0.0,356,7.639161171659173,GasA,Ex,Y,SBrkr,7.6487397889562425,0,0.0,7.6487397889562425,1,0,1,1,1,1,Ex,8,Typ,1,Ex,Attchd,2005.0,Fin,3,1134,TA,TA,Y,5.262690188904886,5.5909869805108565,0.0,0.0,0.0,0.0,None,None,None,0.0,1,2006,New,Partial,423000,8.336869637284956,1,0,2.5,1,1,1,0,459
666,60,RL,4.672828834461906,9.323222529032856,Pave,None,IR1,Lvl,AllPub,Corner,Gtl,Gilbert,Norm,Norm,1Fam,2Story,8,5,2000,2000,Gable,CompShg,VinylSd,VinylSd,BrkFace,3.713572066704308,Gd,TA,PConc,Gd,TA,No,Unf,0.0,Unf,0.0,1406,7.249215057114389,GasA,Ex,Y,SBrkr,7.282761179605593,482,0.0,7.5688956634069955,0,0,2,1,3,1,Gd,7,Typ,1,TA,Attchd,2000.0,RFn,2,504,TA,TA,Y,5.241747015059643,4.8283137373023015,0.0,0.0,0.0,0.0,None,None,None,0.0,11,2006,WD,Normal,230500,8.114623886420098,6,6,2.5,1,1,1,1,312
667,60,RL,4.30406509320417,9.822873848541882,Pave,None,IR1,Lvl,AllPub,Inside,Gtl,NAmes,Norm,Norm,1Fam,2Story,6,5,1965,1979,Flat,Tar&Grv,Plywood,Plywood,BrkCmn,4.736198448394496,TA,Gd,CBlock,Gd,TA,No,LwQ,5.236441962829949,Rec,6.584791392385716,111,6.92951677076365,GasA,TA,Y,SBrkr,7.290292882446597,915,0.0,7.7752758464868625,0,0,2,1,3,1,TA,7,Sev,1,Po,CarPort,1965.0,Unf,2,596,TA,TA,Y,0.0,5.583496308781699,0.0,0.0,0.0,0.0,None,None,None,0.0,8,2007,WD,Abnorml,129000,8.132118772955806,42,28,2.5,1,1,1,1,265
668,20,RL,4.189654742026425,9.002824076547672,Pave,None,Reg,Lvl,AllPub,Inside,Gtl,SawyerW,Norm,Norm,1Fam,1Story,6,5,1994,1998,Gable,CompShg,HdBoard,HdBoard,BrkFace,5.556828061699537,TA,TA,PConc,Gd,TA,No,GLQ,7.037905963447182,Unf,0.0,270,7.25063551189868,GasA,Ex,Y,SBrkr,7.426549072397305,0,0.0,7.426549072397305,1,0,2,0,3,1,Gd,7,Typ,1,Fa,Attchd,1994.0,RFn,2,575,TA,TA,Y,5.41610040220442,3.7612001156935624,0.0,0.0,0.0,0.0,None,None,None,0.0,10,2008,WD,Normal,193500,8.035278911144667,14,10,3.0,1,1,1,0,266
669,20,RL,4.276666119016055,9.559305672844863,Pave,None,Reg,Bnk,AllPub,Corner,Mod,Sawyer,Norm,Norm,1Fam,1Story,5,6,1956,1987,Gable,CompShg,CemntBd,Wd Sdng,None,0.0,TA,TA,CBlock,TA,TA,No,Rec,6.8966943316227125,Unf,0.0,200,7.080867896690782,GasA,Gd,Y,SBrkr,7.271008538280992,0,0.0,7.271008538280992,1,0,1,1,3,1,TA,6,Min2,1,TA,Detchd,1999.0,Unf,2,576,TA,TA,Y,5.720311776607412,0.0,0.0,0.0,0.0,0.0,None,None,None,0.0,11,2006,WD,Normal,168000,7.873217054862741,50,19,2.5,1,1,1,0,304
670,30,RL,4.394449154672439,9.358846580275406,Pave,None,Reg,Lvl,AllPub,Inside,Gtl,Crawfor,Norm,Norm,1Fam,1Story,4,5,1922,1950,Gable,CompShg,MetalSd,MetalSd,None,0.0,TA,TA,BrkTil,Fa,TA,No,Unf,0.0,Unf,0.0,700,6.55250788703459,GasA,Ex,Y,SBrkr,7.074116816197362,0,0.0,7.074116816197362,0,0,1,0,2,1,Fa,5,Typ,1,Gd,Detchd,1922.0,Unf,1,252,TA,Fa,Y,0.0,0.0,4.219507705176107,0.0,0.0,0.0,None,None,None,0.0,7,2006,WD,Normal,137500,7.53955882930103,84,56,1.0,1,1,1,0,67
671,60,RL,4.174387269895637,9.063463176115423,Pave,None,Reg,Lvl,AllPub,FR2,Gtl,CollgCr,Norm,Norm,1Fam,2Story,6,5,2005,2005,Gable,CompShg,VinylSd,VinylSd,None,0.0,Gd,TA,PConc,Gd,TA,No,GLQ,5.267858159063328,Unf,0.0,545,6.6052979209482015,GasA,Ex,Y,SBrkr,6.6052979209482015,738,0.0,7.29776828253138,1,0,2,1,3,1,Gd,7,Typ,0,None,Attchd,2005.0,Fin,2,540,TA,TA,Y,4.61512051684126,3.58351893845611,0.0,0.0,0.0,0.0,None,None,None,0.0,2,2009,WD,Normal,173500,7.703007682479236,4,4,3.5,1,1,0,1,135
672,70,RH,4.007333185232471,8.799360083179907,Pave,None,Reg,Lvl,AllPub,Inside,Gtl,Edwards,Artery,Norm,1Fam,2Story,6,6,1925,1950,Gambrel,CompShg,Wd Sdng,Wd Sdng,None,0.0,TA,Gd,BrkTil,TA,TA,No,BLQ,6.313548046277095,Unf,0.0,121,6.511745329644728,GasA,TA,N,SBrkr,6.548219102762372,672,0.0,7.222566018822171,1,0,2,0,3,1,TA,6,Typ,0,None,Detchd,1930.0,Unf,1,300,TA,TA,Y,4.997212273764115,0.0,0.0,0.0,0.0,0.0,None,None,None,0.0,7,2009,WD,Normal,103600,7.621684998724611,84,59,3.0,1,1,0,1,147
673,20,RL,4.23410650459726,9.328212292571072,Pave,None,IR1,Lvl,AllPub,Inside,Gtl,Veenker,Norm,Norm,1Fam,1Story,6,6,1977,1977,Gable,CompShg,Plywood,Plywood,None,0.0,Gd,TA,CBlock,Gd,TA,No,ALQ,6.643789733147672,Unf,0.0,441,7.097548850614793,GasA,TA,Y,SBrkr,7.097548850614793,0,0.0,7.097548850614793,1,0,1,1,3,1,TA,6,Typ,1,TA,Attchd,1977.0,RFn,2,546,TA,TA,Y,5.293304824724492,3.7612001156935624,0.0,0.0,0.0,0.0,None,None,None,0.0,6,2006,WD,Normal,165000,7.790282380703483,29,29,2.5,1,1,1,0,240
674,20,RL,4.709530201312334,9.577965147101168,Pave,None,Reg,Lvl,AllPub,Inside,Gtl,Crawfor,Norm,Norm,1Fam,1Story,6,7,1957,2004,Hip,CompShg,CemntBd,CmentBd,BrkFace,4.672828834461906,TA,TA,PConc,TA,TA,No,GLQ,7.079184394609668,Unf,0.0,291,7.298445101508147,GasA,Ex,Y,SBrkr,7.517520850603031,0,0.0,7.517520850603031,1,0,2,0,3,1,Gd,7,Typ,2,TA,Attchd,1957.0,Fin,2,416,TA,TA,Y,0.0,4.477336814478207,0.0,0.0,5.303304908059076,0.0,None,None,None,0.0,6,2007,WD,Normal,257500,8.106816038947052,50,3,3.0,1,1,1,0,287
675,20,RL,4.394449154672439,9.127067452782361,Pave,None,Reg,Lvl,AllPub,Inside,Gtl,NAmes,Norm,Norm,1Fam,1Story,6,6,1965,1965,Gable,CompShg,HdBoard,HdBoard,None,0.0,TA,TA,CBlock,TA,TA,No,Rec,6.794586580876499,Unf,0.0,244,7.036148493750536,GasA,TA,Y,SBrkr,7.036148493750536,0,0.0,7.036148493750536,1,0,1,0,3,1,TA,5,Typ,1,Gd,Attchd,1965.0,RFn,1,384,TA,TA,Y,6.056784013228625,0.0,0.0,0.0,0.0,0.0,None,None,None,0.0,7,2008,WD,Normal,140000,7.728855823852543,43,43,2.0,1,1,1,0,426
676,160,RL,3.2188758248682006,7.736307096548285,Pave,None,Reg,Lvl,AllPub,Inside,Gtl,NPkVill,Norm,Norm,Twnhs,2Story,6,6,1978,1978,Gable,CompShg,Plywood,Brk Cmn,None,0.0,TA,TA,CBlock,TA,TA,No,ALQ,5.7430031878094825,Unf,0.0,544,6.752270376141742,GasA,TA,Y,SBrkr,6.752270376141742,586,0.0,7.273786317844895,0,0,2,1,3,1,TA,7,Typ,1,TA,Attchd,1978.0,Unf,2,440,TA,TA,Y,3.367295829986474,0.0,0.0,0.0,0.0,0.0,None,None,None,0.0,4,2009,WD,Normal,148500,7.739359202689098,31,31,2.5,1,1,1,1,28
677,70,RM,4.110873864173311,9.169622538697624,Pave,Grvl,Reg,Lvl,AllPub,Inside,Gtl,OldTown,Norm,Norm,1Fam,2Story,4,2,1900,1950,Gable,CompShg,AsbShng,Stucco,None,0.0,TA,TA,BrkTil,TA,Fa,No,Unf,0.0,Unf,0.0,1095,6.999422467507961,GasW,Fa,N,SBrkr,6.999422467507961,679,0.0,7.4815557019095165,1,0,2,0,4,2,TA,8,Min2,0,None,2Types,1920.0,Unf,3,779,Fa,Fa,N,0.0,0.0,4.51085950651685,0.0,0.0,0.0,None,None,None,0.0,5,2006,WD,Normal,87000,7.962067308753666,106,56,3.0,1,1,0,1,90
678,30,RL,3.970291913552122,9.107532151994501,Pave,None,Reg,Lvl,AllPub,Inside,Gtl,OldTown,Norm,Norm,1Fam,1Story,5,8,1924,2006,Gable,CompShg,VinylSd,VinylSd,None,0.0,Gd,TA,BrkTil,TA,TA,No,Unf,0.0,Unf,0.0,768,6.645090969505644,GasA,Ex,Y,SBrkr,6.675823221634848,0,0.0,6.675823221634848,0,0,1,0,2,1,Gd,5,Typ,0,None,Detchd,1924.0,Unf,1,240,Fa,Fa,N,5.75890177387728,0.0,4.795790545596741,0.0,0.0,0.0,None,None,None,0.0,5,2009,WD,Normal,109500,7.353081920515432,85,3,1.0,1,1,0,0,436
679,20,RL,4.394449154672439,9.379661116592885,Pave,None,IR1,Lvl,AllPub,Inside,Gtl,StoneBr,Norm,Norm,1Fam,1Story,8,5,2008,2008,Hip,CompShg,VinylSd,VinylSd,Stone,6.142037405587356,Gd,TA,PConc,Ex,TA,Mn,Unf,0.0,Unf,0.0,2046,7.624130585661289,GasA,Ex,Y,SBrkr,7.624130585661289,0,0.0,7.624130585661289,0,0,2,1,3,1,Gd,7,Typ,1,Gd,Attchd,2008.0,Fin,3,834,TA,TA,Y,5.777652323222656,4.418840607796598,0.0,0.0,0.0,0.0,None,None,None,0.0,7,2009,New,Partial,372500,8.317033476492403,1,1,2.5,1,1,1,0,404
680,20,RL,4.276666119016055,9.204925739274683,Pave,None,IR1,Lvl,AllPub,Inside,Gtl,Sawyer,Norm,Norm,1Fam,1Story,5,5,1961,1961,Hip,CompShg,Wd Sdng,Wd Sdng,BrkFace,4.060443010546419,TA,TA,CBlock,TA,TA,No,Rec,6.71901315438526,Unf,0.0,161,6.8966943316227125,GasA,TA,Y,SBrkr,6.8966943316227125,0,0.0,6.8966943316227125,1,0,1,0,3,1,TA,5,Typ,0,None,Detchd,1963.0,Unf,2,572,TA,TA,Y,0.0,0.0,0.0,0.0,0.0,0.0,None,None,None,0.0,10,2007,WD,Normal,128500,7.589335823170617,46,46,2.0,1,1,0,0,0
681,120,RL,3.9318256327243257,8.98882050177807,Pave,None,Reg,Lvl,AllPub,Inside,Gtl,SawyerW,Norm,Norm,TwnhsE,1Story,6,5,1980,1980,Gable,CompShg,Plywood,Plywood,None,0.0,TA,TA,CBlock,Gd,TA,No,BLQ,6.298949246855942,BLQ,4.787491742782046,261,6.828712071641684,GasA,TA,Y,SBrkr,6.828712071641684,0,0.0,6.828712071641684,0,0,2,0,2,1,TA,5,Typ,1,TA,Attchd,1980.0,RFn,1,264,TA,TA,Y,4.394449154672439,0.0,0.0,0.0,0.0,0.0,None,None,None,0.0,5,2010,WD,Normal,143000,7.52131798019924,30,30,2.0,1,1,1,0,80
682,50,RH,4.02535169073515,8.412054873292933,Pave,Pave,IR2,Bnk,AllPub,Inside,Gtl,SWISU,Norm,Norm,1Fam,1.5Fin,5,5,1932,2000,Gable,CompShg,VinylSd,Stucco,None,0.0,TA,TA,BrkTil,TA,TA,No,Rec,5.209486152841421,Unf,0.0,611,6.677083461247136,GasA,Ex,Y,SBrkr,6.744059186311348,672,0.0,7.327123292259293,0,0,1,0,3,1,TA,6,Typ,0,None,Detchd,1968.0,Unf,1,281,TA,TA,Y,0.0,0.0,4.04305126783455,0.0,0.0,0.0,None,None,None,0.0,7,2009,WD,Abnorml,159434,7.746732907753622,77,9,1.0,1,1,0,1,56
683,120,RL,4.394449154672439,7.968319500012717,Pave,None,Reg,HLS,AllPub,Inside,Gtl,ClearCr,Norm,Norm,1Fam,1Story,6,5,1996,1997,Gable,CompShg,Wd Sdng,Wd Sdng,None,0.0,TA,TA,PConc,Gd,TA,Mn,GLQ,6.911747300251674,Unf,0.0,288,7.163946684342547,GasA,Ex,Y,SBrkr,7.163946684342547,0,0.0,7.163946684342547,1,0,1,0,2,1,Gd,6,Typ,1,Gd,Attchd,1996.0,Unf,2,431,TA,TA,Y,5.730099782973574,0.0,0.0,0.0,0.0,0.0,None,None,None,0.0,11,2008,WD,Normal,173000,7.8567067930958405,12,11,2.0,1,1,1,0,307
684,20,RL,4.51085950651685,9.328034514792826,Pave,None,IR1,Lvl,AllPub,Corner,Gtl,CollgCr,Norm,Norm,1Fam,1Story,9,5,2002,2002,Hip,CompShg,VinylSd,VinylSd,Stone,5.375278407684165,Gd,TA,PConc,Gd,TA,Av,GLQ,6.966024187106113,Unf,0.0,567,7.394493107219038,GasA,Ex,Y,SBrkr,7.419979923661835,0,0.0,7.419979923661835,1,0,2,0,3,1,Gd,7,Typ,1,TA,Attchd,2002.0,Fin,3,702,TA,TA,Y,5.552959584921617,3.828641396489095,0.0,0.0,0.0,0.0,None,None,None,0.0,7,2007,WD,Normal,285000,8.100161446936607,5,5,3.0,1,1,1,0,302
685,60,RL,4.07753744390572,9.727406483331627,Pave,None,IR2,Lvl,AllPub,CulDSac,Gtl,NoRidge,Norm,Norm,1Fam,2Story,7,5,1998,1998,Gable,CompShg,VinylSd,VinylSd,BrkFace,3.4339872044851463,Gd,TA,PConc,Gd,TA,No,Unf,0.0,Unf,0.0,1195,7.086737934510577,GasA,Gd,Y,SBrkr,7.086737934510577,644,0.0,7.517520850603031,0,0,2,1,4,1,TA,7,Typ,0,None,Attchd,1998.0,Fin,2,486,TA,TA,Y,0.0,4.406719247264253,0.0,0.0,0.0,0.0,None,None,None,0.0,6,2010,WD,Normal,221000,8.017966703493599,12,12,2.5,1,1,0,1,81
686,160,RL,4.135166556742356,8.529714471969909,Pave,None,IR1,Lvl,AllPub,CulDSac,Gtl,StoneBr,Norm,Norm,TwnhsE,2Story,7,5,1984,1984,Gable,CompShg,HdBoard,HdBoard,None,0.0,Gd,TA,CBlock,Gd,TA,Mn,GLQ,6.720220155135295,LwQ,5.209486152841421,180,7.0825485693553,GasA,Gd,Y,SBrkr,7.0825485693553,900,0.0,7.645397699428633,1,0,2,0,3,1,Gd,6,Min1,1,TA,Attchd,1984.0,Fin,2,577,TA,TA,Y,5.393627546352362,0.0,0.0,0.0,0.0,0.0,None,None,None,0.0,9,2007,WD,Normal,207500,8.0959035329611,23,23,3.0,1,1,1,1,219
687,60,FV,4.442651256490317,9.23092700558457,Pave,None,Reg,Lvl,AllPub,Inside,Gtl,Somerst,Norm,Norm,1Fam,2Story,7,6,2007,2007,Gable,CompShg,VinylSd,VinylSd,None,0.0,Gd,TA,PConc,Gd,TA,No,Unf,0.0,Unf,0.0,874,6.774223886357614,GasA,Ex,Y,SBrkr,6.774223886357614,887,0.0,7.474204806496124,0,0,3,0,3,1,Gd,7,Typ,0,None,Attchd,2007.0,Fin,2,578,TA,TA,Y,4.976733742420574,4.663439094112067,0.0,0.0,0.0,0.0,None,None,None,0.0,8,2007,New,Partial,227875,7.877017895622398,0,0,3.0,1,1,0,1,249
688,160,FV,4.310799125385514,8.53817159780143,Pave,None,IR2,Lvl,AllPub,FR2,Gtl,Somerst,Norm,Norm,TwnhsE,2Story,7,5,2004,2004,Gable,CompShg,MetalSd,MetalSd,None,0.0,Gd,TA,PConc,Gd,TA,No,GLQ,5.480638923341991,Unf,0.0,312,6.313548046277095,GasA,Ex,Y,SBrkr,6.313548046277095,551,0.0,7.005789019253503,0,0,2,1,2,1,Gd,4,Typ,0,None,Detchd,2004.0,Unf,2,480,TA,TA,Y,0.0,4.110873864173311,0.0,0.0,0.0,0.0,None,None,None,0.0,3,2007,WD,Normal,148800,7.4109518755836366,3,3,2.5,1,1,0,1,60
689,20,RL,4.110873864173311,8.998384010052538,Pave,None,Reg,HLS,AllPub,Inside,Gtl,StoneBr,Norm,Norm,1Fam,1Story,8,6,2007,2007,Gable,CompShg,MetalSd,MetalSd,BrkFace,0.0,Gd,TA,PConc,Gd,TA,Av,GLQ,6.852242569051878,Unf,0.0,474,7.258412150595307,GasA,Ex,Y,SBrkr,7.258412150595307,0,0.0,7.258412150595307,1,0,2,0,2,1,Gd,7,Typ,1,Gd,Attchd,2007.0,RFn,2,567,TA,TA,Y,4.948759890378168,0.0,0.0,0.0,0.0,0.0,None,None,None,0.0,10,2007,New,Partial,392000,7.951207156472972,0,0,3.0,1,1,1,0,140
690,120,RL,4.127134385045092,8.933004591578547,Pave,None,IR1,Lvl,AllPub,Corner,Gtl,NridgHt,Norm,Norm,TwnhsE,1Story,6,5,2005,2006,Gable,CompShg,VinylSd,VinylSd,Stone,5.54907608489522,Gd,TA,PConc,Gd,TA,Av,ALQ,3.044522437723423,Unf,0.0,1342,7.217443431696533,GasA,Ex,Y,SBrkr,7.217443431696533,0,0.0,7.217443431696533,0,0,2,0,2,1,Gd,6,Typ,1,Gd,Attchd,2005.0,RFn,2,460,TA,TA,Y,5.262690188904886,3.367295829986474,0.0,0.0,0.0,0.0,None,None,None,0.0,6,2007,WD,Normal,194700,7.9102237070973445,2,1,2.0,1,1,1,0,220
691,120,RM,4.2626798770413155,8.395477432732141,Pave,None,Reg,Lvl,AllPub,Inside,Gtl,CollgCr,Norm,Norm,TwnhsE,1Story,6,5,2004,2004,Gable,CompShg,VinylSd,VinylSd,BrkFace,4.997212273764115,Gd,TA,PConc,Gd,TA,Gd,GLQ,6.548219102762372,Unf,0.0,151,6.744059186311348,GasA,Ex,Y,SBrkr,6.744059186311348,0,0.0,6.744059186311348,1,0,1,0,1,1,Gd,3,Typ,1,TA,Attchd,2004.0,RFn,2,420,TA,TA,Y,5.0106352940962555,0.0,0.0,0.0,0.0,0.0,None,None,None,0.0,5,2008,WD,Normal,141000,7.436617265234227,4,4,2.0,1,1,1,0,149
692,60,RL,4.653960350157523,9.977481232444454,Pave,None,IR1,Lvl,AllPub,Corner,Gtl,NoRidge,Norm,Norm,1Fam,2Story,10,6,1994,1995,Gable,WdShngl,HdBoard,HdBoard,BrkFace,7.065613363597717,Ex,TA,PConc,Ex,TA,Gd,GLQ,7.283448228756631,Unf,0.0,989,7.801800401908973,GasA,Ex,Y,SBrkr,7.801800401908973,1872,0.0,8.370315995555478,0,1,3,1,4,1,Ex,10,Typ,2,Ex,Attchd,1994.0,Fin,3,832,TA,TA,Y,5.948034989180646,3.9318256327243257,0.0,0.0,0.0,0.0,None,None,None,0.0,1,2007,WD,Normal,755000,8.818926087090677,13,12,4.0,1,1,1,1,432
693,60,RL,3.7612001156935624,10.172712841637342,Pave,None,IR1,Lvl,AllPub,Inside,Mod,Timber,Norm,Norm,1Fam,2Story,7,5,1989,1990,Hip,CompShg,MetalSd,MetalSd,BrkFace,5.683579767338681,Gd,TA,PConc,Gd,TA,Gd,GLQ,6.873163834212518,Unf,0.0,245,7.099201743553092,GasA,Ex,Y,SBrkr,7.122059881629142,1281,0.0,7.832014180505469,1,0,2,1,4,1,Gd,9,Typ,2,Gd,Attchd,1989.0,RFn,2,628,TA,TA,Y,5.771441123130016,3.332204510175204,0.0,0.0,0.0,0.0,None,None,None,0.0,4,2006,WD,Normal,335000,8.224163512637862,17,16,3.5,1,1,1,1,347
694,30,RL,4.110873864173311,8.594339400592892,Pave,None,Reg,Lvl,AllPub,Corner,Sev,OldTown,Norm,Norm,1Fam,1Story,5,6,1921,1968,Gable,CompShg,MetalSd,MetalSd,None,0.0,TA,TA,BrkTil,TA,TA,No,Unf,0.0,Unf,0.0,1073,6.97914527506881,GasA,Ex,Y,SBrkr,6.97914527506881,0,0.0,6.97914527506881,0,0,1,0,2,1,TA,4,Typ,0,None,Detchd,1968.0,Unf,1,326,TA,TA,Y,0.0,0.0,4.727387818712341,0.0,0.0,0.0,None,None,None,0.0,12,2006,WD,Abnorml,108480,7.671826797878781,85,38,1.0,1,1,0,0,112
695,50,RM,3.9512437185814275,8.71948076085107,Pave,None,Reg,Lvl,AllPub,Corner,Gtl,BrkSide,Norm,Norm,1Fam,1.5Fin,5,6,1936,1950,Gable,CompShg,Wd Sdng,Wd Sdng,None,0.0,TA,Fa,BrkTil,TA,TA,No,Unf,0.0,Unf,0.0,927,6.833031732786201,GasA,TA,Y,SBrkr,6.97354301952014,472,0.0,7.3395376954076745,0,0,1,1,3,1,TA,5,Typ,0,None,Detchd,1995.0,Unf,2,576,TA,TA,Y,4.727387818712341,0.0,0.0,0.0,0.0,0.0,None,MnPrv,None,0.0,4,2009,WD,Normal,141500,7.810758116529357,73,59,1.5,1,1,0,1,112
696,20,RL,4.007333185232471,9.533293058509884,Pave,None,IR1,Lvl,AllPub,Inside,Gtl,Timber,Norm,Norm,1Fam,1Story,6,6,1987,1987,Gable,CompShg,HdBoard,HdBoard,BrkFace,4.290459441148391,TA,TA,CBlock,Gd,Gd,No,GLQ,6.8885724595653635,LwQ,3.713572066704308,92,7.014814351275545,GasA,Gd,Y,SBrkr,7.037027614686276,0,0.0,7.037027614686276,1,0,2,0,2,1,Gd,5,Typ,1,TA,Attchd,1987.0,Unf,2,551,TA,TA,Y,4.836281906951478,0.0,0.0,0.0,0.0,0.0,None,None,None,0.0,7,2006,WD,Normal,176000,7.718685495198466,19,19,3.0,1,1,1,0,125
697,30,RM,3.9318256327243257,8.699681400989514,Pave,None,Reg,Lvl,AllPub,Inside,Gtl,BrkSide,Norm,Norm,1Fam,1Story,5,7,1921,1950,Gable,CompShg,Wd Sdng,Wd Shng,None,0.0,TA,TA,CBlock,TA,TA,No,LwQ,6.424869023905388,Unf,0.0,0,6.424869023905388,GasA,Gd,Y,SBrkr,6.424869023905388,0,0.0,6.424869023905388,0,0,1,0,2,1,TA,4,Typ,0,None,Detchd,1921.0,Unf,1,205,TA,TA,Y,0.0,0.0,4.867534450455582,0.0,0.0,0.0,None,None,None,0.0,6,2006,WD,Normal,89000,7.117205503164344,85,56,1.0,1,1,0,0,129
698,20,RL,4.060443010546419,8.76732914779405,Pave,None,IR1,Lvl,AllPub,Inside,Gtl,Edwards,Norm,Norm,1Fam,1Story,5,7,1952,1952,Gable,CompShg,Wd Sdng,Wd Sdng,None,0.0,TA,TA,PConc,Ex,Gd,Mn,LwQ,5.351858133476067,ALQ,6.313548046277095,219,6.8885724595653635,GasA,Fa,Y,FuseA,7.046647277848756,0,0.0,7.046647277848756,0,1,1,0,2,1,TA,6,Typ,0,None,Detchd,1952.0,Unf,1,308,TA,TA,Y,0.0,0.0,0.0,0.0,0.0,0.0,None,None,None,0.0,9,2006,WD,Normal,123500,7.663407664893479,54,54,1.5,1,1,0,0,0
699,20,RL,4.189654742026425,9.042040056544483,Pave,None,Reg,Lvl,AllPub,Inside,Gtl,Sawyer,RRAe,Norm,1Fam,1Story,5,8,1965,2009,Gable,CompShg,MetalSd,MetalSd,None,0.0,TA,Gd,CBlock,TA,TA,No,GLQ,6.317164686747284,BLQ,4.770684624465665,224,6.796823718274855,GasA,Ex,Y,SBrkr,6.796823718274855,0,0.0,6.796823718274855,1,0,1,0,3,1,TA,5,Typ,1,Gd,Detchd,1973.0,Unf,1,336,TA,TA,Y,6.0330862217988015,4.976733742420574,0.0,0.0,0.0,0.0,None,MnPrv,None,0.0,4,2010,WD,Normal,138500,7.489412083508719,45,1,2.0,1,1,1,0,560
700,120,FV,4.0943445622221,8.36240897761537,Pave,Pave,IR2,Lvl,AllPub,Inside,Gtl,Somerst,Norm,Norm,TwnhsE,1Story,7,5,2004,2004,Gable,CompShg,MetalSd,MetalSd,None,0.0,Gd,TA,PConc,Gd,TA,Mn,GLQ,2.833213344056216,Unf,0.0,1375,7.238496840894365,GasA,Ex,Y,SBrkr,7.238496840894365,0,0.0,7.238496840894365,0,0,2,0,2,1,Gd,5,Typ,0,None,Attchd,2004.0,RFn,2,530,TA,TA,Y,5.056245805348308,5.0689042022202315,0.0,0.0,0.0,0.0,None,None,None,0.0,7,2008,WD,Normal,196000,7.931284761525891,4,4,2.0,1,1,0,0,314
701,20,RL,4.454347296253507,9.570250078424845,Pave,None,Reg,Lvl,AllPub,Inside,Gtl,Timber,Norm,Norm,1Fam,1Story,8,5,2002,2002,Hip,CompShg,VinylSd,VinylSd,BrkFace,6.447305862541213,Gd,TA,PConc,Ex,TA,Gd,GLQ,7.150701457592526,Unf,0.0,526,7.496097345175956,GasA,Ex,Y,SBrkr,7.496097345175956,0,0.0,7.496097345175956,1,0,2,0,3,1,Gd,7,Typ,1,Gd,Attchd,2002.0,Fin,3,765,TA,TA,Y,5.602118820879701,4.3694478524670215,0.0,0.0,0.0,0.0,None,None,None,0.0,5,2006,WD,Normal,312500,8.188966863648876,4,4,3.0,1,1,1,0,348
702,20,RL,4.394449154672439,9.169622538697624,Pave,None,Reg,Lvl,AllPub,Inside,Gtl,NWAmes,Norm,Norm,1Fam,1Story,7,5,1969,1969,Hip,CompShg,HdBoard,HdBoard,BrkFace,5.1298987149230735,TA,TA,CBlock,TA,TA,No,Unf,0.0,Unf,0.0,1164,7.060476365999801,GasA,TA,Y,SBrkr,7.060476365999801,0,0.0,7.060476365999801,0,0,1,1,3,1,TA,6,Typ,0,None,Attchd,1969.0,Unf,2,528,TA,TA,Y,0.0,0.0,0.0,0.0,0.0,0.0,None,None,None,0.0,7,2006,COD,Normal,140000,7.753194269884341,37,37,1.5,1,1,0,0,0
703,60,RL,4.418840607796598,9.428591977209965,Pave,None,IR1,Lvl,AllPub,Inside,Gtl,StoneBr,Norm,Norm,1Fam,2Story,8,5,2006,2006,Hip,CompShg,VinylSd,VinylSd,BrkFace,6.1463292576688975,Ex,TA,PConc,Ex,Gd,No,Unf,0.0,Unf,0.0,1234,7.118826249062078,GasA,Ex,Y,SBrkr,7.142827401161621,1312,0.0,7.854381210652365,0,0,2,1,4,1,Ex,10,Typ,1,Gd,BuiltIn,2006.0,Fin,3,666,TA,TA,Y,5.783825182329737,4.61512051684126,0.0,0.0,0.0,0.0,None,None,None,0.0,7,2006,New,Partial,361919,8.24564690087386,0,0,2.5,1,1,1,1,424
704,190,RM,4.343805421853684,8.939974177289633,Pave,None,Reg,Lvl,AllPub,Inside,Gtl,OldTown,Feedr,Norm,2fmCon,2Story,5,9,1900,1996,Gable,CompShg,Wd Sdng,Wd Sdng,None,0.0,TA,Gd,BrkTil,Gd,TA,No,Unf,0.0,Unf,0.0,360,5.8888779583328805,GasA,Gd,Y,SBrkr,6.940222469119639,780,0.0,7.502738210754851,0,0,2,0,4,2,Gd,8,Typ,1,Po,Detchd,1999.0,Unf,2,672,TA,TA,N,5.84354441703136,0.0,3.713572066704308,0.0,0.0,0.0,None,MnPrv,None,0.0,5,2010,WD,Normal,140000,7.6838639802564295,110,14,2.0,1,1,1,1,384
705,20,RL,4.2626798770413155,9.036106025364846,Pave,None,Reg,Lvl,AllPub,Inside,Gtl,CollgCr,Norm,Norm,1Fam,1Story,7,5,2004,2005,Gable,CompShg,VinylSd,VinylSd,BrkFace,4.700480365792417,Gd,TA,PConc,Gd,TA,Av,GLQ,6.569481420414296,Unf,0.0,761,7.295735072749282,GasA,Ex,Y,SBrkr,7.3031700512368,0,0.0,7.3031700512368,1,0,2,0,3,1,Gd,7,Typ,0,None,Attchd,2004.0,RFn,2,606,TA,TA,Y,0.0,3.58351893845611,0.0,4.976733742420574,0.0,0.0,None,None,None,0.0,5,2010,WD,Normal,213000,7.992268643270745,6,5,3.0,1,1,0,0,179
706,190,RM,4.2626798770413155,8.630700432209832,Pave,None,Reg,Lvl,AllPub,Inside,Gtl,IDOTRR,Norm,Norm,2fmCon,2Story,4,5,1930,1950,Hip,CompShg,VinylSd,Wd Shng,None,0.0,Fa,Fa,Slab,None,None,None,None,0.0,None,0.0,0,0.0,GasA,Fa,N,SBrkr,5.921578419643816,720,0.0,6.996681488176539,0,0,2,0,3,2,Fa,7,Mod,0,None,None,0.0,None,0,0,None,None,N,0.0,0.0,0.0,0.0,0.0,0.0,None,None,Othr,8.160803920954665,7,2010,WD,Normal,55000,6.996681488176539,80,60,2.0,0,0,0,1,0
707,20,RL,4.394449154672439,11.65399090524883,Pave,None,IR2,Low,AllPub,CulDSac,Sev,ClearCr,Norm,Norm,1Fam,1Story,7,5,1971,2002,Gable,CompShg,Plywood,Plywood,Stone,5.863631175598097,TA,TA,CBlock,Gd,TA,Gd,GLQ,7.106606137727303,Unf,0.0,424,7.404887575616125,GasA,TA,Y,SBrkr,7.509335266016592,0,0.0,7.509335266016592,1,0,2,0,2,1,Gd,5,Typ,2,TA,Attchd,1971.0,Unf,2,739,TA,TA,Y,5.942799375126701,3.8918202981106265,0.0,0.0,0.0,0.0,None,None,None,0.0,6,2007,WD,Normal,302000,8.151333337900432,36,5,3.0,1,1,1,0,428
708,120,RL,3.8918202981106265,8.738895704934043,Pave,None,Reg,Lvl,AllPub,Inside,Gtl,NridgHt,Norm,Norm,TwnhsE,1Story,8,5,2006,2006,Hip,CompShg,MetalSd,MetalSd,BrkFace,5.176149732573829,Gd,TA,PConc,Gd,TA,No,GLQ,6.761572768804055,Unf,0.0,461,7.1891677384203225,GasA,Ex,Y,SBrkr,7.1891677384203225,0,0.0,7.1891677384203225,1,0,2,0,2,1,Gd,6,Typ,1,Gd,Attchd,2006.0,Fin,2,550,TA,TA,Y,5.262690188904886,3.6635616461296463,0.0,0.0,0.0,0.0,None,None,None,0.0,12,2009,WD,Normal,254000,7.88193748927207,3,3,3.0,1,1,1,0,230
709,60,RL,4.189654742026425,9.107088742165708,Pave,None,IR1,Lvl,AllPub,Inside,Gtl,Gilbert,Norm,Norm,1Fam,2Story,7,5,2007,2007,Hip,CompShg,VinylSd,VinylSd,None,0.0,Gd,TA,PConc,Gd,TA,Av,Unf,0.0,Unf,0.0,728,6.591673732008658,GasA,Ex,Y,SBrkr,6.591673732008658,728,0.0,7.284134806195205,0,0,2,1,3,1,Gd,8,Typ,1,Gd,Attchd,2007.0,Fin,2,400,TA,TA,Y,4.61512051684126,3.2188758248682006,0.0,0.0,0.0,0.0,None,None,None,0.0,7,2007,New,Partial,179540,7.68937110752969,0,0,2.5,1,1,1,1,124
710,20,RL,4.276666119016055,8.876684166614451,Pave,None,IR1,Lvl,AllPub,Inside,Gtl,Sawyer,Norm,Norm,1Fam,1Story,5,7,1966,1966,Gable,CompShg,HdBoard,HdBoard,BrkCmn,3.7376696182833684,TA,TA,PConc,TA,TA,No,Unf,0.0,Unf,0.0,876,6.776506992372183,GasA,TA,Y,SBrkr,6.807934943699926,0,0.0,6.807934943699926,0,0,1,0,3,1,TA,6,Typ,0,None,Attchd,1966.0,Unf,1,408,TA,TA,Y,0.0,0.0,0.0,0.0,0.0,0.0,None,MnPrv,None,0.0,12,2008,WD,Abnorml,109900,7.484930283289661,42,42,1.0,1,1,0,0,0
711,30,RL,4.04305126783455,8.326274787396764,Pave,None,IR1,Lvl,AllPub,Inside,Gtl,BrkSide,Norm,Norm,1Fam,1Story,3,6,1935,2003,Gable,CompShg,VinylSd,VinylSd,None,0.0,Gd,TA,CBlock,TA,TA,No,Unf,0.0,Unf,0.0,270,5.602118820879701,GasA,Gd,Y,SBrkr,6.593044534142437,0,0.0,6.593044534142437,0,0,1,0,2,1,TA,5,Maj2,0,None,None,0.0,None,0,0,None,None,N,0.0,0.0,0.0,0.0,0.0,0.0,None,None,None,0.0,7,2008,WD,Normal,52000,6.907755278982137,73,5,1.0,0,1,0,0,0
712,50,C (all),4.204692619390966,9.072571442231286,Pave,Pave,Reg,HLS,AllPub,Inside,Mod,IDOTRR,Norm,Norm,1Fam,1.5Fin,4,7,1900,1950,Gable,CompShg,MetalSd,MetalSd,None,0.0,TA,TA,Stone,TA,TA,Mn,Unf,0.0,Unf,0.0,859,6.756932389247553,GasA,Gd,Y,SBrkr,6.756932389247553,319,0.0,7.072421900537371,0,0,1,0,2,1,TA,7,Typ,0,None,Detchd,1964.0,RFn,1,384,TA,TA,N,4.23410650459726,0.0,4.59511985013459,0.0,0.0,0.0,None,None,None,0.0,1,2010,WD,Abnorml,102776,7.61972421378267,110,60,1.0,1,1,0,1,166
713,120,RL,3.713572066704308,8.449342524508063,Pave,None,IR1,HLS,AllPub,Inside,Gtl,StoneBr,Norm,Norm,TwnhsE,1Story,8,5,1988,1989,Gable,CompShg,HdBoard,HdBoard,None,0.0,Gd,TA,PConc,Gd,TA,Mn,GLQ,6.643789733147672,Unf,0.0,461,7.113956109566034,GasA,Gd,Y,SBrkr,7.113956109566034,0,0.0,7.113956109566034,1,0,2,0,2,1,Gd,5,Typ,1,Gd,Attchd,1988.0,Fin,2,472,TA,TA,Y,5.1298987149230735,4.795790545596741,0.0,0.0,0.0,0.0,None,None,None,0.0,10,2008,WD,Normal,189000,7.806696372521179,20,19,3.0,1,1,1,0,288
714,190,RL,4.110873864173311,9.197660318818809,Pave,None,Reg,Lvl,AllPub,Inside,Gtl,BrkSide,RRAn,Norm,2fmCon,1Story,4,5,1970,1970,Gable,CompShg,HdBoard,HdBoard,BrkFace,5.081404364984463,TA,TA,CBlock,TA,TA,Av,ALQ,6.672032945461067,Unf,0.0,171,6.8679744089702925,GasW,TA,N,SBrkr,6.8679744089702925,0,0.0,6.8679744089702925,1,0,1,0,3,1,TA,6,Typ,0,None,Detchd,1970.0,Unf,2,576,TA,TA,Y,0.0,5.666426688112432,0.0,0.0,0.0,0.0,None,None,None,0.0,5,2006,WD,Normal,129000,7.560601162768557,36,36,2.0,1,1,0,0,288
715,60,RL,4.276666119016055,9.511777409660299,Pave,None,IR1,Lvl,AllPub,CulDSac,Gtl,Sawyer,RRAe,Norm,1Fam,2Story,6,8,1976,2005,Gable,CompShg,HdBoard,Plywood,BrkFace,5.66988092298052,Gd,TA,CBlock,TA,TA,No,GLQ,6.280395838960195,Unf,0.0,192,6.587550014824796,GasA,Ex,Y,SBrkr,6.587550014824796,754,0.0,7.299797366758161,0,0,2,1,3,1,Gd,6,Typ,0,None,Attchd,1976.0,RFn,2,475,TA,TA,Y,0.0,3.8066624897703196,0.0,0.0,0.0,0.0,None,None,None,0.0,3,2010,WD,Normal,130500,7.6984827878809465,34,5,2.5,1,1,0,1,44
716,20,RL,4.3694478524670215,9.224341891611996,Pave,None,Reg,Lvl,AllPub,Inside,Gtl,NWAmes,Norm,Norm,1Fam,1Story,6,5,1974,1974,Hip,CompShg,HdBoard,HdBoard,BrkFace,5.1647859739235145,TA,TA,CBlock,Gd,TA,No,Unf,0.0,Unf,0.0,1064,6.970730078143525,GasA,TA,Y,SBrkr,7.208600337960199,0,0.0,7.208600337960199,0,0,2,0,3,1,TA,7,Typ,1,TA,Attchd,1974.0,RFn,2,478,TA,TA,Y,0.0,0.0,0.0,0.0,0.0,0.0,None,MnPrv,None,0.0,8,2009,WD,Normal,165000,7.789454566086673,35,35,2.0,1,1,1,0,0
717,70,RM,4.110873864173311,9.287394001418473,Pave,Grvl,Reg,Bnk,AllPub,Inside,Gtl,OldTown,Norm,Norm,1Fam,2Story,7,8,1890,1998,Gable,CompShg,Wd Sdng,VinylSd,None,0.0,TA,Gd,BrkTil,TA,TA,No,Unf,0.0,Unf,0.0,718,6.577861357721047,GasA,Ex,Y,SBrkr,7.3632795869630385,978,0.0,7.845807502637805,0,0,1,1,3,1,TA,8,Typ,0,None,Detchd,1996.0,Unf,2,704,TA,TA,P,0.0,3.8918202981106265,4.969813299576001,0.0,0.0,0.0,None,None,None,0.0,7,2007,WD,Normal,159500,8.09346227450118,117,9,1.5,1,1,0,1,191
718,20,RL,4.394449154672439,9.210440366976517,Pave,None,Reg,Lvl,AllPub,Inside,Gtl,NWAmes,Norm,Norm,1Fam,1Story,5,6,1973,2000,Gable,CompShg,HdBoard,HdBoard,None,0.0,TA,TA,CBlock,Gd,TA,No,BLQ,6.98933526597456,Unf,0.0,92,7.0707241072602764,GasA,Gd,Y,SBrkr,7.072421900537371,0,0.0,7.072421900537371,0,1,1,1,3,1,Gd,5,Typ,1,Fa,Attchd,1973.0,Unf,2,439,TA,TA,Y,5.41610040220442,0.0,0.0,0.0,0.0,0.0,None,MnPrv,None,0.0,11,2008,WD,Normal,157000,7.764296006450518,35,8,2.0,1,1,1,0,224
719,60,RL,4.574710978503383,9.26321741157695,Pave,None,Reg,Lvl,AllPub,Inside,Gtl,NoRidge,Norm,Norm,1Fam,2Story,7,5,1993,1994,Hip,CompShg,Wd Sdng,ImStucc,BrkFace,6.480044561926653,Gd,TA,PConc,Gd,TA,Gd,GLQ,7.068172000388042,Unf,0.0,138,7.179307969504034,GasA,Ex,Y,SBrkr,7.189922170745808,1093,0.0,7.791109510610028,1,0,2,1,3,1,Gd,9,Typ,1,TA,Attchd,1993.0,RFn,3,983,TA,TA,Y,5.5254529391317835,5.043425116919247,5.37989735354046,0.0,0.0,0.0,None,None,None,0.0,8,2008,WD,Normal,341000,8.224163512637862,15,14,3.5,1,1,1,1,620
720,20,RL,4.248495242049359,9.202409001649903,Pave,None,IR1,Lvl,AllPub,Inside,Gtl,CollgCr,Norm,Norm,1Fam,1Story,5,6,1969,1969,Gable,CompShg,HdBoard,Plywood,None,0.0,TA,TA,CBlock,Gd,TA,Gd,ALQ,6.261491684321042,Unf,0.0,448,6.879355804460439,GasA,TA,Y,SBrkr,6.879355804460439,0,0.0,6.879355804460439,0,0,1,1,3,1,TA,5,Typ,1,Po,Attchd,1969.0,Unf,1,300,TA,TA,Y,0.0,0.0,0.0,0.0,0.0,0.0,None,None,None,0.0,5,2006,WD,Normal,128500,7.57198844937744,37,37,1.5,1,1,1,0,0
721,120,RL,4.135166556742356,8.789355452209982,Pave,None,IR1,Low,AllPub,CulDSac,Mod,StoneBr,Norm,Norm,1Fam,1Story,8,5,1985,1985,Gable,CompShg,HdBoard,HdBoard,None,0.0,Gd,TA,PConc,Gd,TA,Gd,GLQ,7.046647277848756,Unf,0.0,594,7.463363045520021,GasA,TA,Y,SBrkr,7.463363045520021,0,0.0,7.463363045520021,1,0,2,0,2,1,Gd,5,Typ,1,TA,Attchd,1985.0,RFn,2,564,TA,TA,Y,4.74493212836325,3.367295829986474,5.459585514144159,0.0,0.0,0.0,None,None,None,0.0,12,2006,WD,Normal,275000,8.156223323194624,21,21,3.0,1,1,1,0,376
722,120,RM,4.2626798770413155,8.395477432732141,Pave,None,Reg,Lvl,AllPub,Inside,Gtl,CollgCr,Norm,Norm,TwnhsE,1Story,6,5,2004,2004,Gable,CompShg,VinylSd,VinylSd,BrkFace,5.135798437050262,Gd,TA,PConc,Gd,TA,Av,GLQ,6.4967749901858625,Unf,0.0,186,6.744059186311348,GasA,Ex,Y,SBrkr,6.744059186311348,0,0.0,6.744059186311348,1,0,1,0,1,1,Gd,3,Typ,0,None,Attchd,2004.0,RFn,2,420,TA,TA,Y,5.081404364984463,0.0,0.0,0.0,0.0,0.0,None,None,None,0.0,5,2010,WD,Normal,143000,7.436617265234227,6,6,2.0,1,1,0,0,160
723,20,RL,4.2626798770413155,9.002208578282412,Pave,None,Reg,Lvl,AllPub,Inside,Gtl,NAmes,Norm,Norm,1Fam,1Story,4,7,1970,1970,Gable,CompShg,MetalSd,MetalSd,None,0.0,TA,Gd,CBlock,TA,TA,No,ALQ,5.2574953720277815,Unf,0.0,673,6.762729506931879,GasA,Ex,Y,SBrkr,6.762729506931879,0,0.0,6.762729506931879,0,0,1,0,3,1,TA,5,Typ,0,None,Detchd,1994.0,Unf,2,463,TA,TA,Y,0.0,0.0,0.0,0.0,0.0,0.0,None,None,None,0.0,7,2009,WD,Normal,124500,7.455298485683291,39,39,1.0,1,1,0,0,0
724,50,RL,4.110873864173311,9.00859131751613,Pave,None,Reg,Lvl,AllPub,Inside,Gtl,Edwards,Norm,Norm,1Fam,1.5Fin,4,6,1954,1972,Gable,CompShg,MetalSd,MetalSd,None,0.0,TA,TA,PConc,TA,TA,No,Unf,0.0,Unf,0.0,941,6.848005274576363,GasA,Ex,Y,SBrkr,6.905753276311464,473,0.0,7.293697720601438,0,0,2,0,4,1,TA,7,Typ,0,None,Detchd,1958.0,Unf,1,548,TA,TA,Y,0.0,0.0,0.0,0.0,5.056245805348308,0.0,None,None,None,0.0,5,2008,WD,Normal,135000,7.788211557847076,54,36,2.0,1,1,0,1,156
725,20,RL,4.465908118654584,9.494541392591309,Pave,None,IR1,Lvl,AllPub,Inside,Gtl,Edwards,Norm,Norm,1Fam,1Story,9,5,2007,2008,Hip,CompShg,CemntBd,CmentBd,Stone,5.831882477283517,Ex,TA,PConc,Ex,TA,No,GLQ,7.118826249062078,Unf,0.0,464,7.4377951216719325,GasA,Ex,Y,SBrkr,7.4377951216719325,0,0.0,7.4377951216719325,1,0,2,0,3,1,Ex,8,Typ,1,Gd,Attchd,2007.0,Fin,3,768,TA,TA,Y,5.793013608384144,4.174387269895637,0.0,0.0,0.0,0.0,None,None,None,0.0,2,2009,WD,Normal,320000,8.130647968160584,2,1,3.0,1,1,1,0,391
726,20,RL,4.110873864173311,8.848078421168667,Pave,None,Reg,Lvl,AllPub,Inside,Gtl,NAmes,Norm,Norm,1Fam,1Story,4,6,1970,1970,Gable,CompShg,HdBoard,Plywood,None,0.0,TA,TA,CBlock,TA,TA,No,ALQ,5.929589143389895,BLQ,5.480638923341991,250,6.762729506931879,GasA,TA,Y,SBrkr,6.762729506931879,0,0.0,6.762729506931879,0,0,1,0,3,1,Gd,5,Typ,0,None,Detchd,1989.0,Unf,2,660,TA,TA,Y,4.574710978503383,0.0,0.0,0.0,0.0,0.0,None,None,Shed,6.2166061010848646,11,2009,WD,Normal,120500,7.455298485683291,39,39,1.0,1,1,0,0,96
727,20,RL,4.31748811353631,9.984883190740122,Pave,None,IR1,Lvl,AllPub,Corner,Gtl,Crawfor,Norm,Norm,1Fam,1Story,6,9,1988,2007,Hip,CompShg,Wd Sdng,Plywood,BrkFace,5.564520407322694,Gd,Gd,CBlock,Gd,TA,No,GLQ,6.695798917058491,Unf,0.0,72,6.78105762593618,GasA,Ex,Y,SBrkr,7.427144133408616,0,0.0,7.427144133408616,1,0,2,0,3,1,Gd,5,Typ,1,Gd,Attchd,1988.0,Fin,2,540,TA,TA,Y,5.680172609017068,3.8066624897703196,0.0,5.209486152841421,0.0,0.0,None,None,None,0.0,12,2009,WD,Normal,222000,7.848153086199526,21,2,3.0,1,1,1,0,518
728,20,RL,4.174387269895637,8.897682313454224,Pave,None,Reg,Lvl,AllPub,Inside,Gtl,CollgCr,Norm,Norm,1Fam,1Story,7,5,2007,2007,Gable,CompShg,VinylSd,VinylSd,Stone,4.418840607796598,Gd,TA,PConc,Gd,TA,Av,GLQ,6.586171654854675,Unf,0.0,508,7.117205503164344,GasA,Ex,Y,SBrkr,7.117205503164344,0,0.0,7.117205503164344,1,0,2,0,2,1,Gd,6,Typ,0,None,Attchd,2007.0,RFn,2,632,TA,TA,Y,4.890349128221754,0.0,0.0,0.0,0.0,0.0,None,None,None,0.0,2,2009,WD,Normal,194500,7.80994708647679,2,2,3.0,1,1,0,0,132
729,90,RL,4.454347296253507,9.348013177101256,Pave,None,Reg,Lvl,AllPub,Corner,Gtl,NAmes,Norm,Norm,Duplex,1Story,5,5,1958,1958,Gable,CompShg,VinylSd,VinylSd,BrkFace,4.564348191467836,TA,TA,CBlock,TA,TA,No,Unf,0.0,Unf,0.0,1584,7.368339686311381,GasA,TA,Y,SBrkr,7.482681828154651,0,0.0,7.482681828154651,1,0,2,0,4,2,TA,9,Typ,0,None,Detchd,1968.0,Unf,3,888,TA,TA,Y,0.0,3.258096538021482,0.0,0.0,0.0,0.0,None,None,None,0.0,7,2009,COD,Abnorml,110000,8.119993827725105,51,51,3.0,1,1,0,0,25
730,30,RM,3.970291913552122,8.738895704934043,Pave,Grvl,Reg,Lvl,AllPub,Inside,Gtl,IDOTRR,Norm,Norm,1Fam,1.5Fin,4,5,1925,1950,Gable,CompShg,MetalSd,MetalSd,None,0.0,TA,TA,CBlock,TA,TA,No,BLQ,5.030437921392435,Unf,0.0,628,6.660575149839686,GasA,TA,Y,FuseA,6.744059186311348,0,5.8888779583328805,7.097548850614793,0,0,1,0,2,1,TA,5,Typ,0,None,Detchd,1962.0,Unf,2,539,TA,TA,Y,0.0,3.1780538303479458,4.727387818712341,0.0,0.0,0.0,None,None,None,0.0,1,2009,WD,Normal,103000,7.395721608602045,84,59,1.0,1,1,0,0,135
731,120,RL,3.6888794541139363,8.592300663903043,Pave,None,IR1,Lvl,AllPub,Inside,Gtl,StoneBr,Norm,Norm,TwnhsE,1Story,8,5,1995,1996,Gable,CompShg,CemntBd,CmentBd,None,0.0,Gd,TA,PConc,Gd,TA,No,GLQ,7.074116816197362,Unf,0.0,415,7.3752557780097545,GasA,Ex,Y,SBrkr,7.388327859577107,0,0.0,7.388327859577107,1,0,2,0,2,1,Gd,5,Typ,1,TA,Attchd,1995.0,RFn,2,608,TA,TA,Y,5.472270673671475,5.030437921392435,0.0,0.0,0.0,0.0,None,None,None,0.0,3,2010,WD,Normal,236500,8.074649075066652,15,14,3.0,1,1,1,0,389
732,80,RL,4.30406509320417,9.16858043772795,Pave,None,IR1,Lvl,AllPub,Corner,Gtl,Timber,Norm,Norm,1Fam,SLvl,7,5,2003,2003,Gable,CompShg,VinylSd,VinylSd,BrkFace,6.093569770045136,Gd,TA,PConc,Ex,TA,Av,GLQ,6.668228248417403,Unf,0.0,82,6.767343125265392,GasA,Ex,Y,SBrkr,7.044905117129371,0,0.0,7.044905117129371,1,0,2,0,3,1,Gd,6,Typ,1,Gd,Attchd,2003.0,Fin,2,438,TA,TA,Y,5.081404364984463,3.1354942159291497,0.0,0.0,0.0,0.0,None,None,None,0.0,5,2007,WD,Normal,187500,7.608374474380783,4,4,3.0,1,1,1,0,182
733,60,RL,4.330733340286331,9.341807134718488,Pave,None,IR1,Lvl,AllPub,Inside,Gtl,CollgCr,Norm,Norm,1Fam,2Story,7,5,1998,1999,Gable,CompShg,VinylSd,VinylSd,BrkFace,5.313205979041787,Gd,TA,PConc,Gd,TA,Av,ALQ,5.53338948872752,Unf,0.0,901,7.050989447068045,GasA,Ex,Y,SBrkr,7.050989447068045,878,0.0,7.616775808698373,0,0,2,1,3,1,Gd,8,Typ,1,TA,Attchd,1998.0,Fin,2,541,TA,TA,Y,5.262690188904886,4.442651256490317,0.0,0.0,0.0,0.0,None,None,None,0.0,7,2008,WD,Normal,222500,8.066207568006265,10,9,2.5,1,1,1,1,276
734,20,RL,4.394449154672439,9.210440366976517,Pave,None,Reg,Lvl,AllPub,Corner,Gtl,Sawyer,Feedr,Norm,1Fam,1Story,5,6,1961,1983,Hip,CompShg,HdBoard,HdBoard,None,0.0,TA,TA,CBlock,TA,TA,No,BLQ,6.38856140554563,Unf,0.0,270,6.762729506931879,GasA,Ex,Y,SBrkr,7.0431599159883405,0,0.0,7.0431599159883405,1,0,1,0,3,1,TA,6,Typ,1,TA,Attchd,1961.0,RFn,1,264,TA,TA,Y,5.111987788356544,0.0,0.0,0.0,0.0,0.0,None,GdWo,Shed,5.993961427306569,3,2009,WD,Normal,131400,7.605392364814935,48,26,2.0,1,1,1,0,165
735,20,RL,4.276666119016055,9.102643796520809,Pave,None,IR1,Lvl,AllPub,Corner,Gtl,Sawyer,Norm,Norm,1Fam,1Story,5,5,1968,1968,Gable,CompShg,Plywood,Plywood,None,0.0,TA,TA,PConc,TA,TA,No,Unf,0.0,Unf,0.0,948,6.855408798609928,GasA,TA,Y,SBrkr,6.855408798609928,0,0.0,6.855408798609928,0,0,1,0,3,1,TA,6,Typ,0,None,Attchd,1968.0,Unf,1,300,TA,TA,Y,4.997212273764115,0.0,0.0,0.0,0.0,0.0,None,None,None,0.0,5,2007,WD,Family,108000,7.5480289699350145,39,39,1.0,1,1,0,0,147
736,75,RM,4.110873864173311,9.287394001418473,Pave,None,Reg,Lvl,AllPub,Inside,Gtl,OldTown,Norm,Norm,1Fam,2.5Unf,7,7,1914,1970,Gable,CompShg,Wd Sdng,Wd Sdng,None,0.0,TA,TA,BrkTil,Gd,TA,Mn,Rec,5.968707559985366,Unf,0.0,490,6.78105762593618,GasW,Fa,N,SBrkr,6.78105762593618,888,0.0,7.478169694159785,0,0,1,1,2,1,TA,6,Typ,2,TA,Detchd,1914.0,Unf,2,320,TA,TA,N,0.0,5.834810737062605,0.0,0.0,0.0,0.0,None,None,None,0.0,10,2006,WD,Normal,163000,7.88193748927207,92,36,1.5,1,1,1,1,341
737,90,RL,4.110873864173311,9.053101595549691,Pave,None,Reg,Lvl,AllPub,Inside,Gtl,NAmes,Norm,Norm,Duplex,1Story,3,4,1950,1950,Gable,CompShg,Stucco,Stone,None,0.0,TA,TA,CBlock,None,None,None,None,0.0,None,0.0,0,0.0,GasA,Gd,N,FuseF,6.947937068614969,0,0.0,6.947937068614969,0,0,2,0,2,2,TA,6,Typ,0,None,Detchd,1949.0,Unf,2,400,TA,TA,Y,0.0,0.0,0.0,0.0,0.0,0.0,None,None,None,0.0,7,2006,WD,Normal,93500,6.947937068614969,56,56,2.0,1,0,0,0,0
738,60,RL,4.290459441148391,9.25569607369698,Pave,None,IR1,HLS,AllPub,CulDSac,Gtl,Gilbert,Norm,Norm,1Fam,2Story,8,5,2005,2005,Gable,CompShg,VinylSd,VinylSd,None,0.0,Gd,TA,PConc,Gd,TA,No,Unf,0.0,Unf,0.0,893,6.795705775173514,GasA,Ex,Y,SBrkr,6.804614520062624,900,0.0,7.496652438168283,0,0,2,1,3,1,Gd,8,Typ,1,Gd,Attchd,2005.0,Fin,3,800,TA,TA,Y,0.0,4.762173934797756,0.0,0.0,0.0,0.0,None,None,None,0.0,6,2006,WD,Normal,239900,7.899153483343097,1,1,2.5,1,1,1,1,116
739,90,RL,4.110873864173311,9.287394001418473,Pave,None,Reg,Lvl,AllPub,Inside,Gtl,Edwards,Norm,Norm,Duplex,1Story,5,5,1987,1988,Gable,CompShg,Plywood,Plywood,None,0.0,TA,TA,CBlock,Gd,Gd,Gd,GLQ,7.0909098220799835,Unf,0.0,0,7.0909098220799835,GasA,TA,Y,SBrkr,7.0909098220799835,0,0.0,7.0909098220799835,3,0,3,0,3,1,TA,5,Typ,0,None,None,0.0,None,0,0,None,None,Y,4.795790545596741,0.0,0.0,0.0,0.0,0.0,None,None,None,0.0,3,2009,WD,Alloca,179000,7.783640596221253,22,21,6.0,0,1,0,0,120
740,60,RL,4.189654742026425,9.139273923542323,Pave,None,IR1,Lvl,AllPub,Inside,Gtl,CollgCr,Norm,Norm,1Fam,2Story,7,5,2004,2004,Gable,CompShg,VinylSd,VinylSd,None,0.0,Gd,TA,PConc,Gd,TA,No,Unf,0.0,Unf,0.0,864,6.762729506931879,GasA,Ex,Y,SBrkr,6.762729506931879,864,0.0,7.455298485683291,0,0,2,1,3,1,Gd,7,Typ,0,None,Attchd,2004.0,RFn,2,572,TA,TA,Y,5.236441962829949,4.04305126783455,0.0,0.0,0.0,0.0,None,None,None,0.0,4,2009,WD,Normal,190000,7.860570785538664,5,5,2.5,1,1,0,1,243
741,70,RM,4.110873864173311,9.169622538697624,Pave,Grvl,Reg,Lvl,AllPub,Inside,Gtl,OldTown,Norm,Norm,1Fam,2Story,5,7,1910,2002,Gable,CompShg,Wd Sdng,Wd Shng,None,0.0,TA,Gd,BrkTil,Fa,Fa,No,Unf,0.0,Unf,0.0,264,5.579729825986222,GasA,Ex,Y,SBrkr,6.645090969505644,664,0.0,7.267525427828172,0,0,2,0,2,1,TA,7,Typ,0,None,Detchd,1910.0,Unf,2,360,TA,Gd,Y,5.602118820879701,0.0,4.727387818712341,0.0,0.0,0.0,None,GdPrv,None,0.0,5,2007,WD,Abnorml,132000,7.436617265234227,97,5,2.0,1,1,0,1,382
742,20,RL,4.189654742026425,8.820108644508608,Pave,None,IR1,Lvl,AllPub,Inside,Gtl,Sawyer,Feedr,Norm,1Fam,1Story,6,8,1961,1996,Hip,CompShg,HdBoard,HdBoard,None,0.0,TA,Gd,CBlock,TA,TA,Mn,GLQ,6.725033642166843,Unf,0.0,80,6.816735880594968,GasA,Gd,Y,SBrkr,6.816735880594968,0,0.0,6.816735880594968,1,1,1,0,3,1,Gd,5,Typ,0,None,Detchd,1962.0,Unf,1,288,TA,TA,Y,5.1298987149230735,0.0,0.0,0.0,0.0,0.0,None,GdPrv,None,0.0,5,2008,WD,Normal,142000,7.509335266016592,47,12,2.5,1,1,0,0,168
743,20,RL,4.189654742026425,9.042040056544483,Pave,None,Reg,Lvl,AllPub,Inside,Gtl,SawyerW,Norm,Norm,1Fam,1Story,7,5,2000,2001,Gable,CompShg,VinylSd,VinylSd,BrkFace,4.6913478822291435,TA,TA,PConc,Gd,TA,No,Unf,0.0,Unf,0.0,1349,7.2078598714324755,GasA,Ex,Y,SBrkr,7.2078598714324755,0,0.0,7.2078598714324755,0,0,2,0,3,1,TA,6,Typ,0,None,Attchd,2000.0,Unf,2,539,TA,TA,Y,4.795790545596741,4.02535169073515,0.0,0.0,0.0,0.0,None,GdPrv,None,0.0,12,2007,WD,Normal,179000,7.900636613018005,7,6,2.0,1,1,0,0,175
744,80,RL,4.2626798770413155,9.46397433028839,Pave,None,IR1,Lvl,AllPub,Inside,Gtl,Sawyer,Norm,Norm,1Fam,SLvl,5,6,1963,1999,Gable,CompShg,HdBoard,HdBoard,None,0.0,TA,TA,CBlock,Gd,TA,Av,ALQ,6.09807428216624,Unf,0.0,76,6.255750041753367,GasA,Ex,Y,SBrkr,7.289610521451167,0,0.0,7.289610521451167,0,1,2,0,3,1,TA,6,Min2,1,TA,Attchd,1997.0,RFn,2,480,TA,TA,Y,5.713732805509369,0.0,0.0,0.0,4.61512051684126,0.0,None,None,None,0.0,10,2009,WD,Normal,175000,7.59337419312129,46,10,2.5,1,1,1,0,402
745,120,RL,3.7376696182833684,8.593413217327646,Pave,None,IR1,HLS,AllPub,Inside,Gtl,StoneBr,Norm,Norm,TwnhsE,1Story,8,5,1993,1993,Gable,CompShg,HdBoard,HdBoard,None,0.0,Gd,TA,PConc,Gd,TA,No,GLQ,6.598509028614515,Unf,0.0,604,7.198931240688173,GasA,Gd,Y,SBrkr,7.198931240688173,0,0.0,7.198931240688173,1,0,2,0,2,1,Gd,5,Typ,1,TA,Attchd,1993.0,RFn,2,462,TA,TA,Y,4.574710978503383,0.0,4.2626798770413155,5.1298987149230735,0.0,0.0,None,None,None,0.0,10,2008,WD,Normal,180000,7.891704659330107,15,15,3.0,1,1,1,0,334
746,60,RL,4.394449154672439,9.100971834920818,Pave,None,IR1,Lvl,AllPub,Inside,Gtl,NWAmes,Norm,Norm,1Fam,2Story,8,9,1976,1996,Hip,CompShg,VinylSd,VinylSd,BrkFace,5.66988092298052,Ex,Gd,CBlock,TA,Gd,No,GLQ,6.3561076606958915,ALQ,4.394449154672439,487,7.04141166379481,GasA,Ex,Y,SBrkr,7.069874128458572,1540,0.0,7.906915488678587,0,1,3,1,4,1,Gd,11,Typ,2,TA,BuiltIn,1994.0,Fin,2,831,TA,TA,Y,0.0,5.3230099791384085,0.0,0.0,0.0,0.0,None,None,None,0.0,7,2008,WD,Normal,299800,8.257904193465674,32,12,4.0,1,1,1,1,204
747,60,RL,4.189654742026425,9.082052351674651,Pave,None,IR1,Lvl,AllPub,Inside,Gtl,Gilbert,Norm,Norm,1Fam,2Story,7,5,2000,2000,Gable,CompShg,VinylSd,VinylSd,None,0.0,Gd,TA,PConc,Gd,TA,No,GLQ,5.707110264748875,Unf,0.0,652,6.859614903654202,GasA,Ex,Y,SBrkr,6.8885724595653635,1276,0.0,7.721791776817535,0,0,2,1,4,1,Gd,8,Typ,1,TA,BuiltIn,2000.0,Fin,2,554,TA,TA,Y,5.41610040220442,4.007333185232471,0.0,0.0,0.0,0.0,None,None,None,0.0,4,2009,WD,Normal,236000,8.073714641109857,9,9,2.5,1,1,1,1,278
748,70,RM,4.189654742026425,9.367429587218957,Pave,Pave,IR1,Lvl,AllPub,Corner,Gtl,OldTown,Norm,Norm,1Fam,2Story,7,7,1880,2003,Mansard,CompShg,Stucco,Stucco,None,0.0,Gd,TA,Stone,TA,Fa,No,Unf,0.0,Unf,0.0,1240,7.123672785204607,GasW,TA,N,SBrkr,7.186144304522325,1320,0.0,7.878912912297133,0,0,1,1,4,1,Gd,8,Typ,1,Gd,Detchd,1950.0,Unf,4,864,TA,TA,N,5.204006687076795,0.0,5.958424693029782,0.0,0.0,0.0,None,None,None,0.0,5,2009,WD,Normal,265979,8.263848131368906,129,6,1.5,1,1,1,1,567
749,20,RL,4.0943445622221,9.268043082104471,Pave,None,IR1,Lvl,AllPub,Inside,Gtl,NoRidge,Norm,Norm,1Fam,1Story,7,5,1996,1996,Hip,CompShg,VinylSd,VinylSd,BrkFace,5.82600010738045,Gd,TA,PConc,Gd,TA,No,GLQ,6.824373670043086,Unf,0.0,801,7.450660796211539,GasA,Ex,Y,SBrkr,7.450660796211539,0,0.0,7.450660796211539,1,0,2,0,3,1,Gd,7,Typ,1,TA,Attchd,1996.0,Fin,2,527,TA,TA,Y,5.484796933490655,4.04305126783455,5.043425116919247,0.0,0.0,0.0,None,None,None,0.0,3,2010,WD,Normal,260400,8.14351740579748,14,14,3.0,1,1,1,0,450
750,50,RL,3.9318256327243257,9.036701015565063,Pave,None,Reg,Lvl,AllPub,Inside,Gtl,Edwards,Norm,Norm,1Fam,1.5Fin,4,3,1945,1950,Gable,CompShg,WdShing,Wd Shng,None,0.0,TA,TA,Slab,None,None,None,None,0.0,None,0.0,0,0.0,Wall,TA,N,FuseF,6.9930151229329605,441,0.0,7.333023014386481,0,0,2,0,4,1,TA,9,Mod,0,None,Detchd,1945.0,Unf,1,240,TA,TA,N,4.532599493153256,0.0,5.225746673713202,0.0,0.0,0.0,None,None,None,0.0,4,2009,WD,Normal,98000,7.333023014386481,64,59,2.0,1,0,0,1,277
751,50,RM,4.02535169073515,9.082620630373812,Pave,Grvl,Reg,Lvl,AllPub,Corner,Gtl,OldTown,Norm,Norm,1Fam,1.5Fin,4,7,1910,2004,Gable,CompShg,Wd Sdng,Wd Sdng,None,0.0,TA,TA,BrkTil,TA,Fa,No,Unf,0.0,Unf,0.0,576,6.3578422665081,GasA,Gd,Y,SBrkr,6.675823221634848,348,0.0,7.039660349862076,0,0,1,0,3,1,TA,7,Min2,0,None,None,0.0,None,0,0,None,None,N,0.0,5.081404364984463,0.0,0.0,0.0,0.0,None,None,None,0.0,6,2010,WD,Normal,96500,7.448333860897476,100,6,1.0,0,1,0,1,160
752,60,RL,4.189654742026425,8.955577146281511,Pave,None,Reg,Lvl,AllPub,Inside,Gtl,Gilbert,RRAn,Norm,1Fam,2Story,7,5,2003,2003,Gable,CompShg,VinylSd,VinylSd,None,0.0,Gd,TA,PConc,Gd,TA,No,Unf,0.0,Unf,0.0,660,6.493753839851686,GasA,Ex,Y,SBrkr,6.493753839851686,660,0.0,7.186144304522325,0,0,2,1,3,1,Gd,6,Typ,0,None,Attchd,2003.0,Fin,2,400,TA,TA,Y,0.0,3.8918202981106265,0.0,0.0,0.0,0.0,None,None,None,0.0,8,2007,WD,Normal,162000,7.591357046698551,4,4,2.5,1,1,0,1,48
753,20,RL,4.382026634673881,9.13097243659261,Pave,None,IR1,Lvl,AllPub,Inside,Gtl,CollgCr,Norm,Norm,1Fam,1Story,6,5,1997,1997,Gable,CompShg,VinylSd,VinylSd,None,0.0,TA,Gd,PConc,Gd,TA,Gd,GLQ,7.0909098220799835,Unf,0.0,279,7.299797366758161,GasA,Ex,Y,SBrkr,7.3098814858247865,0,0.0,7.3098814858247865,1,0,2,0,3,1,Gd,6,Typ,0,None,Attchd,1997.0,RFn,2,576,TA,TA,Y,5.1298987149230735,3.332204510175204,0.0,0.0,0.0,0.0,None,None,None,0.0,7,2006,WD,Normal,217000,7.9976631270201,9,9,3.0,1,1,0,0,195
754,60,RL,4.394449154672439,9.234154550075438,Pave,None,Reg,Lvl,AllPub,Inside,Gtl,NridgHt,Norm,Norm,1Fam,2Story,8,5,2005,2005,Gable,CompShg,VinylSd,VinylSd,BrkFace,5.187385805840755,Gd,TA,PConc,Gd,TA,Mn,Unf,0.0,Unf,0.0,1030,6.93828448401696,GasA,Gd,Y,SBrkr,6.946013991099227,1060,0.0,7.649216319820633,0,0,2,1,3,1,Ex,8,Typ,1,Gd,Attchd,2005.0,RFn,3,878,TA,TA,Y,5.262690188904886,3.970291913552122,0.0,0.0,0.0,0.0,None,None,None,0.0,3,2006,WD,Normal,275500,8.048468743668883,1,1,2.5,1,1,1,1,244
755,20,RL,4.127134385045092,8.97853441008332,Pave,None,Reg,Lvl,AllPub,Inside,Gtl,NAmes,Norm,Norm,1Fam,1Story,6,8,1969,2005,Gable,CompShg,Plywood,Plywood,None,0.0,TA,TA,CBlock,TA,TA,No,GLQ,6.0867747269123065,LwQ,6.159095388491933,115,6.934397209928558,GasA,Gd,Y,SBrkr,6.934397209928558,0,0.0,6.934397209928558,1,0,1,0,3,1,Gd,5,Typ,0,None,Detchd,1969.0,RFn,2,440,TA,TA,Y,5.147494476813453,3.8918202981106265,0.0,0.0,0.0,0.0,None,None,None,0.0,7,2009,WD,Normal,156000,7.627057417018934,40,4,2.0,1,1,0,0,219
756,160,FV,3.5553480614894135,8.080546965824498,Pave,Pave,Reg,Lvl,AllPub,Inside,Gtl,Somerst,Norm,Norm,TwnhsE,2Story,6,5,1999,1999,Gable,CompShg,MetalSd,MetalSd,BrkFace,6.796823718274855,TA,TA,PConc,Gd,TA,No,GLQ,5.945420608606575,Unf,0.0,348,6.593044534142437,GasA,Gd,Y,SBrkr,6.610696044717759,729,0.0,7.294377299288821,0,0,2,1,3,1,TA,6,Typ,0,None,Detchd,1999.0,Unf,2,440,TA,TA,Y,0.0,3.2188758248682006,0.0,0.0,0.0,0.0,None,None,None,0.0,3,2009,WD,Normal,172500,7.696667081526462,10,10,2.5,1,1,0,1,24
757,60,RL,4.23410650459726,9.284519770150434,Pave,None,IR1,Lvl,AllPub,Inside,Gtl,CollgCr,Norm,Norm,1Fam,2Story,8,5,2007,2007,Gable,CompShg,VinylSd,VinylSd,None,0.0,Gd,TA,PConc,Gd,TA,Av,GLQ,3.044522437723423,Unf,0.0,846,6.7650389767805414,GasA,Ex,Y,SBrkr,6.7650389767805414,902,0.0,7.478169694159785,0,0,2,1,3,1,Gd,7,Typ,0,None,Attchd,2007.0,RFn,2,578,TA,TA,Y,4.976733742420574,4.663439094112067,0.0,0.0,0.0,0.0,None,None,None,0.0,4,2009,WD,Normal,212000,7.876638460975463,2,2,2.5,1,1,0,1,249
758,60,RL,4.276666119016055,9.360224821513475,Pave,None,IR1,Lvl,AllPub,CulDSac,Gtl,Sawyer,Norm,Norm,1Fam,2Story,6,5,1978,1978,Hip,CompShg,HdBoard,HdBoard,BrkCmn,5.796057750765372,TA,TA,CBlock,TA,TA,Mn,Rec,6.0844994130751715,Unf,0.0,234,6.511745329644728,GasA,TA,Y,SBrkr,6.511745329644728,714,0.0,7.234898420314831,0,0,2,1,3,1,TA,6,Typ,1,TA,Attchd,1978.0,Fin,2,440,TA,TA,Y,5.817111159963204,0.0,0.0,0.0,0.0,0.0,None,GdPrv,None,0.0,4,2010,WD,Abnorml,158900,7.629975707027789,32,32,2.5,1,1,1,1,335
759,160,FV,3.2188758248682006,7.732369222284388,Pave,Pave,Reg,Lvl,AllPub,Inside,Gtl,Somerst,Norm,Norm,Twnhs,2Story,7,5,1999,1999,Gable,CompShg,MetalSd,MetalSd,BrkFace,5.8888779583328805,TA,TA,PConc,Gd,TA,No,ALQ,6.309918278226516,Unf,0.0,195,6.61338421837956,GasA,Gd,Y,SBrkr,6.630683385642372,744,0.0,7.31455283232408,0,0,2,1,3,1,TA,6,Typ,0,None,Detchd,1999.0,Unf,2,440,TA,TA,Y,0.0,0.0,0.0,0.0,0.0,0.0,None,None,None,0.0,8,2008,WD,Normal,179400,7.716906135298388,9,9,2.5,1,1,0,1,0
760,60,RL,4.189654742026425,9.413934064045677,Pave,None,IR1,Lvl,AllPub,Inside,Gtl,NoRidge,Norm,Norm,1Fam,2Story,8,5,1995,1995,Gable,CompShg,VinylSd,VinylSd,BrkFace,6.2422232654551655,Gd,TA,PConc,Gd,TA,Av,LwQ,4.04305126783455,ALQ,4.174387269895637,1198,7.1846291527173145,GasA,Ex,Y,SBrkr,7.192182058713246,1203,0.0,7.836764783264067,0,0,2,1,4,1,Gd,9,Typ,1,TA,Attchd,1995.0,RFn,3,752,TA,TA,Y,5.407171771460119,4.59511985013459,0.0,0.0,0.0,0.0,None,None,None,0.0,11,2007,WD,Normal,290000,8.25582842728183,12,12,2.5,1,1,1,1,320
761,20,RL,4.2626798770413155,9.116139576577355,Pave,None,Reg,Lvl,AllPub,Inside,Gtl,NAmes,Norm,Norm,1Fam,1Story,6,6,1959,1959,Hip,CompShg,Wd Sdng,Wd Sdng,None,0.0,TA,TA,CBlock,TA,TA,No,Rec,6.418364935936212,Unf,0.0,252,6.762729506931879,GasA,Ex,Y,SBrkr,6.762729506931879,0,0.0,6.762729506931879,0,0,1,0,2,1,TA,5,Typ,0,None,Detchd,2008.0,Unf,1,300,Ex,Ex,Y,0.0,0.0,0.0,0.0,0.0,0.0,None,None,Shed,6.111467339502679,10,2009,WD,Normal,127500,7.455298485683291,50,50,1.0,1,1,0,0,0
762,30,RM,4.110873864173311,8.841014310483892,Pave,None,Reg,Lvl,AllPub,FR2,Gtl,BrkSide,Feedr,Norm,1Fam,1Story,5,5,1924,1950,Gable,CompShg,Wd Sdng,Wd Sdng,None,0.0,TA,TA,PConc,TA,TA,Mn,LwQ,6.0063531596017325,Unf,0.0,740,7.044032897274685,GasA,TA,Y,SBrkr,7.171656822768514,0,0.0,7.171656822768514,0,0,1,0,2,1,Fa,5,Min1,0,None,Detchd,1965.0,Unf,2,440,TA,TA,Y,0.0,0.0,0.0,0.0,0.0,0.0,None,None,None,0.0,10,2009,WD,Normal,100000,7.802618063442671,85,59,1.0,1,1,0,0,0
763,60,FV,4.290459441148391,9.0642735958414,Pave,None,Reg,Lvl,AllPub,Inside,Gtl,Somerst,Norm,Norm,1Fam,2Story,7,5,2009,2009,Gable,CompShg,VinylSd,VinylSd,None,0.0,TA,TA,PConc,Gd,TA,Mn,GLQ,3.2188758248682006,Unf,0.0,732,6.6293632534374485,GasA,Ex,Y,SBrkr,6.639875833826536,783,0.0,7.344719054149673,0,0,2,1,3,1,Gd,7,Typ,0,None,Attchd,2009.0,Unf,2,614,TA,TA,Y,5.135798437050262,3.828641396489095,0.0,0.0,0.0,0.0,None,None,None,0.0,6,2010,Con,Normal,215200,7.742402021815782,1,1,2.5,1,1,0,1,214
764,60,RL,4.418840607796598,9.151757414543885,Pave,None,Reg,Lvl,AllPub,Inside,Gtl,NoRidge,Norm,Norm,1Fam,2Story,8,5,1999,1999,Gable,CompShg,VinylSd,VinylSd,BrkFace,6.513230110912307,Gd,TA,PConc,Gd,TA,Mn,GLQ,7.059617628291383,Unf,0.0,89,7.133295954896068,GasA,Ex,Y,SBrkr,7.1459844677143876,1097,0.0,7.768956044538332,1,0,2,1,3,1,Gd,8,Typ,1,Gd,Attchd,1999.0,RFn,3,856,TA,TA,Y,0.0,4.859812404361672,0.0,0.0,5.198497031265826,0.0,None,None,None,0.0,7,2009,WD,Normal,337000,8.193676665955241,10,10,3.5,1,1,1,1,308
765,120,RL,3.4339872044851463,9.164296433474776,Pave,None,IR1,Lvl,AllPub,CulDSac,Gtl,Veenker,Norm,Norm,TwnhsE,1Story,8,5,1995,1996,Hip,CompShg,BrkFace,BrkFace,None,0.0,Gd,Gd,PConc,Gd,Gd,Av,LwQ,6.082218910376446,GLQ,6.964135612418245,0,7.3098814858247865,GasA,Ex,Y,SBrkr,7.3098814858247865,0,0.0,7.3098814858247865,1,0,1,1,2,1,Ex,6,Typ,1,Gd,Attchd,1995.0,Fin,2,481,TA,TA,Y,0.0,3.4339872044851463,0.0,0.0,5.37989735354046,0.0,None,None,None,0.0,4,2006,WD,Normal,270000,8.002694162283937,11,10,2.5,1,1,1,0,246
766,20,RL,4.330733340286331,9.58795455192857,Pave,None,IR1,Lvl,AllPub,Inside,Gtl,Somerst,Norm,Norm,1Fam,1Story,9,5,2008,2008,Gable,CompShg,VinylSd,VinylSd,Stone,5.652489180268651,Gd,TA,PConc,Gd,TA,No,Unf,0.0,Unf,0.0,1498,7.312553498102598,GasA,Ex,Y,SBrkr,7.317876198626496,0,0.0,7.317876198626496,0,0,2,0,2,1,Ex,6,Typ,1,Gd,Attchd,2008.0,Fin,2,592,TA,TA,Y,0.0,5.1647859739235145,0.0,0.0,0.0,0.0,None,None,None,0.0,8,2008,New,Partial,264132,8.008032846969307,0,0,2.0,1,1,1,0,174
767,60,RL,4.394449154672439,9.25167423546916,Pave,None,Reg,Lvl,AllPub,Inside,Gtl,NWAmes,Norm,Norm,1Fam,2Story,7,5,1988,1988,Gable,CompShg,HdBoard,HdBoard,BrkFace,3.7612001156935624,TA,TA,CBlock,Gd,TA,No,GLQ,5.978885764901122,Unf,0.0,586,6.8885724595653635,GasA,TA,Y,SBrkr,6.8885724595653635,734,0.0,7.44716835960004,0,0,2,1,3,1,TA,7,Typ,1,TA,Attchd,1988.0,Unf,2,496,TA,TA,Y,5.43372200355424,4.204692619390966,5.056245805348308,0.0,0.0,0.0,None,MnPrv,Shed,6.2166061010848646,3,2010,WD,Normal,196500,7.899153483343097,22,22,2.5,1,1,1,1,450
768,50,RL,4.330733340286331,9.434203664214742,Pave,None,IR1,Lvl,AllPub,Inside,Gtl,Mitchel,Norm,Norm,1Fam,1.5Fin,6,7,1940,1985,Gable,CompShg,VinylSd,VinylSd,None,0.0,TA,TA,CBlock,Gd,TA,Mn,ALQ,6.493753839851686,Unf,0.0,323,6.891625897052253,GasA,Ex,Y,SBrkr,6.891625897052253,767,0.0,7.467942332285852,1,0,2,0,4,1,TA,7,Mod,0,None,Attchd,1989.0,Unf,1,423,TA,TA,Y,5.5053315359323625,0.0,5.056245805348308,0.0,0.0,0.0,None,None,Shed,7.170888478512505,7,2008,WD,Normal,160000,7.913521017283895,68,23,3.0,1,1,0,1,401
769,20,RL,4.2626798770413155,9.116139576577355,Pave,None,Reg,Lvl,AllPub,Inside,Gtl,CollgCr,Norm,Norm,1Fam,1Story,7,5,2004,2005,Hip,CompShg,VinylSd,VinylSd,None,0.0,Gd,TA,PConc,Gd,TA,No,GLQ,3.2188758248682006,Unf,0.0,1836,7.528869256642251,GasA,Ex,Y,SBrkr,7.515889085215125,0,0.0,7.515889085215125,0,0,2,0,3,1,Gd,8,Typ,1,Gd,Attchd,2004.0,Fin,2,484,TA,TA,Y,4.795790545596741,3.5263605246161616,0.0,0.0,0.0,0.0,None,None,None,0.0,10,2006,WD,Normal,216837,8.215276958936633,2,1,2.0,1,1,1,0,153
770,60,RL,3.871201010907891,10.887530386461101,Pave,None,IR2,HLS,AllPub,CulDSac,Mod,StoneBr,Norm,Norm,1Fam,2Story,8,5,2003,2003,Hip,CompShg,CemntBd,Wd Shng,BrkFace,6.403574197934815,Ex,TA,PConc,Gd,TA,Gd,ALQ,7.256297239690681,Unf,0.0,234,7.409136443920128,GasA,Ex,Y,SBrkr,7.43307534889858,1589,0.0,8.09559870137819,1,0,3,1,4,1,Ex,12,Mod,1,Gd,BuiltIn,2003.0,Fin,3,841,TA,TA,Y,6.222576268071369,3.6109179126442243,0.0,0.0,5.351858133476067,0.0,None,None,None,0.0,6,2010,WD,Normal,538000,8.503094267036737,7,7,4.5,1,1,1,1,749
771,85,RL,4.276666119016055,8.889170455363413,Pave,None,IR1,Lvl,AllPub,CulDSac,Gtl,Sawyer,Norm,Norm,1Fam,SFoyer,5,5,1982,1982,Hip,CompShg,Wd Sdng,Wd Sdng,None,0.0,TA,TA,CBlock,Gd,TA,Av,GLQ,6.530877627725885,Unf,0.0,173,6.755768921984255,GasA,TA,Y,SBrkr,6.755768921984255,0,0.0,6.755768921984255,1,0,1,0,2,1,TA,5,Typ,0,None,Detchd,1983.0,Unf,2,576,TA,TA,Y,4.795790545596741,0.0,0.0,0.0,0.0,0.0,None,None,None,0.0,4,2009,WD,Normal,134900,7.448333860897476,27,27,2.0,1,1,0,0,120
772,20,RL,4.219507705176107,9.09133158539398,Pave,None,Reg,Lvl,AllPub,Inside,Gtl,Edwards,Norm,Norm,1Fam,1Story,4,5,1951,1951,Gable,CompShg,Wd Sdng,Wd Sdng,None,0.0,TA,TA,CBlock,Fa,Fa,No,LwQ,6.729824070489475,Unf,0.0,0,6.729824070489475,GasA,TA,Y,FuseF,7.107425474110705,0,0.0,7.107425474110705,0,0,1,0,2,1,TA,6,Typ,0,None,Detchd,1951.0,Unf,2,396,TA,TA,Y,0.0,0.0,0.0,0.0,0.0,0.0,None,None,None,0.0,4,2006,COD,Normal,102000,7.6290038896529575,55,55,1.0,1,1,0,0,0
773,80,RL,4.553876891600541,8.964439833539357,Pave,None,Reg,Lvl,AllPub,Inside,Gtl,Edwards,Norm,Norm,1Fam,SLvl,6,5,1976,1976,Gable,CompShg,Plywood,Plywood,None,0.0,TA,TA,CBlock,TA,TA,Av,ALQ,6.0473721790462776,BLQ,4.852030263919617,480,6.937314081223682,GasA,TA,Y,SBrkr,7.0192966537150445,0,0.0,7.0192966537150445,1,0,1,0,3,1,TA,6,Typ,1,TA,Detchd,1976.0,Unf,2,672,TA,TA,Y,4.976733742420574,0.0,0.0,0.0,0.0,0.0,None,MnPrv,None,0.0,3,2010,WD,Abnorml,107000,7.671826797878781,34,34,2.0,1,1,1,0,144
774,20,RL,4.2626798770413155,9.225327501784431,Pave,None,Reg,Lvl,AllPub,Inside,Gtl,NAmes,Feedr,Norm,1Fam,1Story,5,5,1958,1958,Gable,CompShg,Wd Sdng,Wd Sdng,None,0.6931471805599453,TA,TA,CBlock,TA,TA,No,Rec,6.124683390894205,Unf,0.0,456,6.816735880594968,GasA,Ex,Y,FuseA,6.816735880594968,0,0.0,6.816735880594968,0,0,1,0,2,1,TA,5,Typ,0,None,Attchd,1958.0,RFn,1,275,TA,TA,Y,0.0,0.0,0.0,0.0,0.0,0.0,None,None,None,0.0,7,2007,COD,Normal,114500,7.509335266016592,49,49,1.0,1,1,0,0,0
775,20,RL,4.709530201312334,9.562896846651167,Pave,None,Reg,Lvl,AllPub,Corner,Gtl,NridgHt,Norm,Norm,1Fam,1Story,8,5,2006,2006,Hip,CompShg,VinylSd,VinylSd,BrkFace,5.929589143389895,Gd,TA,PConc,Gd,TA,Av,Unf,0.0,Unf,0.0,1935,7.568379267836522,GasA,Gd,Y,SBrkr,7.587817219993427,0,0.0,7.587817219993427,0,0,2,0,3,1,Gd,9,Typ,1,Gd,Attchd,2006.0,Fin,3,895,TA,TA,Y,5.755742213586912,3.828641396489095,0.0,0.0,0.0,0.0,None,None,None,0.0,7,2007,New,Partial,395000,8.271036865792954,1,1,2.0,1,1,1,0,360
776,120,RM,3.4965075614664802,8.412054873292933,Pave,None,Reg,Lvl,AllPub,FR2,Gtl,Mitchel,Norm,Norm,TwnhsE,1Story,6,5,1998,1998,Hip,CompShg,VinylSd,VinylSd,BrkFace,5.771441123130016,TA,TA,PConc,Ex,TA,No,GLQ,6.7650389767805414,Unf,0.0,338,7.094234845924755,GasA,Ex,Y,SBrkr,7.094234845924755,0,0.0,7.094234845924755,1,0,2,0,2,1,TA,5,Typ,0,None,Attchd,1998.0,Fin,2,412,TA,TA,Y,0.0,5.5134287461649825,0.0,0.0,0.0,0.0,None,None,None,0.0,6,2009,WD,Normal,162000,7.786967002614872,11,11,3.0,1,1,0,0,247
777,20,RL,4.465908118654584,9.324650718153594,Pave,None,IR1,Lvl,AllPub,Inside,Gtl,CollgCr,Norm,Norm,1Fam,1Story,7,5,2005,2006,Gable,CompShg,VinylSd,VinylSd,BrkFace,5.484796933490655,Gd,TA,PConc,Gd,TA,Av,GLQ,3.044522437723423,Unf,0.0,1594,7.387090235656757,GasA,Ex,Y,SBrkr,7.387090235656757,0,0.0,7.387090235656757,0,0,2,0,3,1,Gd,7,Typ,0,None,Attchd,2005.0,RFn,3,865,TA,TA,Y,4.976733742420574,4.0943445622221,0.0,0.0,0.0,0.0,None,None,None,0.0,7,2006,New,Partial,221500,8.079927770758275,1,0,2.0,1,1,0,0,203
778,20,RL,4.61512051684126,9.499346567390095,Pave,None,IR1,Lvl,AllPub,Inside,Gtl,Sawyer,Norm,Norm,1Fam,1Story,5,5,1974,1974,Hip,CompShg,HdBoard,Plywood,None,0.0,TA,TA,CBlock,TA,TA,No,ALQ,6.637258031284457,Unf,0.0,102,6.762729506931879,GasA,TA,Y,SBrkr,6.796823718274855,0,0.0,6.796823718274855,1,0,1,0,3,1,TA,5,Typ,1,Fa,Attchd,1974.0,Unf,2,440,TA,TA,Y,5.488937726156687,0.0,0.0,0.0,0.0,0.0,None,MnPrv,None,0.0,6,2006,WD,Normal,142500,7.472500744737558,32,32,2.0,1,1,1,0,241
779,90,RH,4.110873864173311,9.036106025364846,Pave,None,Reg,Lvl,AllPub,Inside,Gtl,SawyerW,Feedr,Norm,Duplex,1Story,5,5,1977,1977,Gable,CompShg,Plywood,Plywood,BrkFace,5.771441123130016,TA,TA,Slab,None,None,None,None,0.0,None,0.0,0,0.0,GasA,TA,Y,SBrkr,7.611347717403621,0,0.0,7.611347717403621,0,0,2,0,4,2,TA,10,Typ,2,TA,Detchd,1977.0,Unf,2,630,TA,TA,Y,0.0,0.0,0.0,0.0,0.0,0.0,None,None,None,0.0,10,2007,WD,Normal,144000,7.611347717403621,30,30,2.0,1,0,1,0,0
780,90,RL,4.3694478524670215,9.262078567380597,Pave,None,Reg,Lvl,AllPub,Inside,Gtl,Mitchel,Norm,Norm,Duplex,SFoyer,6,5,1977,1977,Gable,CompShg,Plywood,ImStucc,BrkFace,4.51085950651685,TA,TA,CBlock,Gd,TA,Gd,GLQ,6.883462586413092,Unf,0.0,0,6.883462586413092,GasA,TA,Y,SBrkr,6.912742820493176,0,0.0,6.912742820493176,1,0,1,0,2,1,TA,4,Typ,0,None,Attchd,1977.0,Unf,2,504,TA,TA,Y,0.0,0.0,0.0,0.0,0.0,0.0,None,None,None,0.0,5,2006,WD,Normal,135000,7.590852123688581,29,29,2.0,1,1,0,0,0
781,20,RL,4.1588830833596715,8.971575439759016,Pave,None,Reg,Lvl,AllPub,Inside,Gtl,Gilbert,Norm,Norm,1Fam,1Story,7,5,1995,1996,Gable,CompShg,HdBoard,HdBoard,BrkFace,3.6635616461296463,TA,TA,PConc,Gd,Gd,No,Unf,0.0,Unf,0.0,1237,7.121252453244542,GasA,Gd,Y,SBrkr,7.134093721192866,0,0.0,7.134093721192866,0,0,2,0,3,1,TA,6,Typ,1,TA,Attchd,1995.0,Fin,2,402,TA,TA,Y,5.3981627015177525,3.091042453358316,0.0,0.0,0.0,0.0,None,None,None,0.0,6,2007,WD,Normal,176000,7.820439515262181,12,11,2.0,1,1,1,0,241
782,60,RL,4.189654742026425,8.875426919818963,Pave,None,Reg,Lvl,AllPub,Inside,Gtl,SawyerW,Norm,Norm,1Fam,2Story,6,5,1992,1992,Gable,CompShg,VinylSd,VinylSd,None,0.0,Gd,Gd,PConc,Gd,TA,No,ALQ,5.961005339623274,Unf,0.0,374,6.635946555686647,GasA,Ex,Y,SBrkr,6.698268054115413,793,0.0,7.38025578842646,0,0,2,1,3,1,Gd,7,Typ,0,None,Attchd,1992.0,RFn,2,484,TA,TA,Y,0.0,4.8283137373023015,0.0,0.0,0.0,0.0,None,None,None,0.0,7,2006,WD,Normal,175900,7.768533300926033,14,14,2.5,1,1,0,1,124
783,20,RL,4.219507705176107,9.698061122027077,Pave,None,IR2,Lvl,AllPub,Inside,Gtl,CollgCr,Norm,Norm,1Fam,1Story,7,5,2001,2002,Gable,CompShg,VinylSd,VinylSd,None,0.0,Gd,TA,PConc,Gd,TA,No,Unf,0.0,Unf,0.0,1413,7.254177846456518,GasA,Ex,Y,SBrkr,7.266128779556451,0,0.0,7.266128779556451,0,0,2,0,3,1,Gd,6,Typ,0,None,Attchd,2001.0,RFn,2,605,TA,TA,Y,0.0,3.5263605246161616,0.0,0.0,0.0,0.0,None,None,None,0.0,6,2009,WD,Normal,187100,7.952966790923131,8,7,2.0,1,1,0,0,33
784,85,RL,4.30406509320417,9.116249448576587,Pave,None,IR1,Lvl,AllPub,Corner,Gtl,Mitchel,Norm,Norm,1Fam,SFoyer,5,6,1978,1978,Gable,CompShg,Plywood,Plywood,BrkFace,4.653960350157523,TA,Gd,PConc,Gd,TA,Av,GLQ,7.001245622069476,Unf,0.0,0,7.001245622069476,GasA,Ex,Y,SBrkr,7.01301578963963,0,0.0,7.01301578963963,1,0,1,0,1,1,Gd,4,Typ,1,TA,Attchd,1978.0,Fin,2,602,TA,TA,Y,5.717027701406222,3.4339872044851463,0.0,0.0,0.0,0.0,None,None,None,0.0,7,2009,WD,Normal,165500,7.699842407396986,31,31,2.0,1,1,1,0,333
785,75,RM,3.58351893845611,8.748463629942055,Pave,Grvl,Reg,Lvl,AllPub,Inside,Gtl,OldTown,Norm,Norm,1Fam,2.5Unf,6,6,1914,2001,Gable,CompShg,Wd Sdng,Wd Shng,None,0.0,TA,TA,CBlock,TA,TA,No,Unf,0.0,Unf,0.0,742,6.610696044717759,GasA,Ex,Y,SBrkr,6.610696044717759,742,0.0,7.3031700512368,0,0,2,0,3,1,TA,9,Typ,1,Gd,None,0.0,None,0,0,None,None,Y,0.0,5.676753802268282,4.90527477843843,0.0,0.0,0.0,None,None,None,0.0,6,2008,WD,Normal,128000,7.708410667257367,94,7,2.0,0,1,1,1,425
786,20,RL,4.394449154672439,9.189218875354072,Pave,None,Reg,Lvl,AllPub,Inside,Gtl,NWAmes,Feedr,Norm,1Fam,1Story,6,5,1967,1967,Gable,CompShg,BrkFace,Wd Sdng,None,0.0,TA,TA,CBlock,TA,TA,No,Rec,5.529429087511423,LwQ,6.447305862541213,491,7.224753405767971,GasA,TA,Y,SBrkr,7.202661196523238,0,0.0,7.202661196523238,0,0,2,0,3,1,TA,7,Typ,1,Gd,Attchd,1967.0,Unf,2,457,TA,TA,Y,0.0,0.0,0.0,0.0,5.288267030694535,0.0,None,None,None,0.0,9,2009,WD,Normal,161500,7.906547232368036,42,42,2.0,1,1,1,0,197
787,50,RM,4.110873864173311,9.287394001418473,Pave,None,Reg,Lvl,AllPub,Inside,Gtl,OldTown,Artery,Norm,1Fam,1.5Fin,5,6,1915,1950,Gable,CompShg,MetalSd,MetalSd,None,0.0,TA,Gd,PConc,Fa,TA,No,LwQ,6.532334292222349,Unf,0.0,0,6.532334292222349,GasA,TA,Y,SBrkr,6.874198495453294,686,0.0,7.410347097821024,1,0,2,0,4,1,TA,7,Typ,0,None,Detchd,1961.0,Unf,1,416,TA,TA,Y,0.0,0.0,5.2832037287379885,0.0,0.0,0.0,None,None,Shed,7.0909098220799835,6,2010,WD,Normal,139000,7.757478766584179,95,60,3.0,1,1,0,1,196
788,60,RL,4.343805421853684,9.224539091375995,Pave,None,IR1,Lvl,AllPub,Inside,Gtl,SawyerW,Norm,Norm,1Fam,2Story,7,5,2004,2004,Gable,CompShg,VinylSd,VinylSd,None,0.0,Gd,TA,PConc,Gd,TA,No,GLQ,6.48768401848461,Unf,0.0,300,6.863803391452954,GasA,Ex,Y,SBrkr,6.863803391452954,1128,0.0,7.642524134232902,1,0,2,1,4,1,Gd,8,Typ,0,None,BuiltIn,2004.0,RFn,2,618,TA,TA,Y,0.0,3.828641396489095,0.0,0.0,0.0,0.0,None,None,None,0.0,1,2010,WD,Normal,233000,8.019941687677365,6,6,3.5,1,1,0,1,45
789,20,RM,3.9318256327243257,8.699681400989514,Pave,None,Reg,Lvl,AllPub,Corner,Gtl,OldTown,Norm,Norm,1Fam,1Story,4,7,1954,2000,Gable,CompShg,MetalSd,MetalSd,None,0.0,TA,TA,CBlock,TA,TA,No,Unf,0.0,Unf,0.0,901,6.804614520062624,GasA,Ex,Y,SBrkr,6.804614520062624,0,0.0,6.804614520062624,0,0,1,0,2,1,TA,4,Typ,0,None,Detchd,1954.0,Unf,1,281,Fa,TA,Y,0.0,0.0,0.0,0.0,0.0,0.0,None,None,None,0.0,8,2008,WD,Normal,107900,7.497207223203318,54,8,1.0,1,1,0,0,0
790,60,RL,4.394449154672439,9.40968291310444,Pave,None,IR1,Low,AllPub,Inside,Gtl,ClearCr,Norm,Norm,1Fam,2Story,6,8,1966,2007,Gable,CompShg,HdBoard,HdBoard,BrkFace,5.062595033026967,TA,TA,CBlock,TA,Fa,Gd,LwQ,6.343880434126331,Unf,0.0,264,6.725033642166843,GasA,Gd,Y,SBrkr,6.884486652042782,1111,0.0,7.643961949002529,0,0,2,1,5,1,Gd,9,Typ,0,None,Attchd,1966.0,Fin,2,444,TA,TA,Y,4.897839799950911,5.1298987149230735,0.0,0.0,0.0,0.0,None,None,None,0.0,7,2007,WD,Normal,187500,7.979338895262328,41,0,2.5,1,1,0,1,301
791,120,RL,3.784189633918261,8.065579427282092,Pave,None,Reg,Lvl,AllPub,Inside,Gtl,Blmngtn,Norm,Norm,TwnhsE,1Story,7,5,2005,2006,Gable,CompShg,VinylSd,VinylSd,BrkFace,2.4849066497880004,Gd,TA,PConc,Gd,TA,No,GLQ,2.833213344056216,Unf,0.0,1129,7.044032897274685,GasA,Ex,Y,SBrkr,7.044032897274685,0,0.0,7.044032897274685,0,0,2,0,2,1,Gd,5,Typ,1,Gd,Attchd,2005.0,Fin,2,397,TA,TA,Y,4.61512051684126,2.833213344056216,0.0,0.0,0.0,0.0,None,None,None,0.0,9,2009,WD,Normal,160200,7.736743682453495,4,3,2.0,1,1,1,0,116
792,80,RL,4.30406509320417,9.335562336729565,Pave,None,IR1,Lvl,AllPub,Corner,Gtl,Mitchel,Norm,Norm,1Fam,SLvl,6,5,1976,1976,Gable,CompShg,HdBoard,HdBoard,None,0.0,TA,TA,PConc,Gd,TA,Av,ALQ,6.29156913955832,Unf,0.0,490,6.937314081223682,GasA,TA,Y,SBrkr,6.968850378341948,0,0.0,6.968850378341948,1,0,1,0,3,1,TA,5,Typ,2,TA,Attchd,1976.0,RFn,2,539,TA,TA,Y,4.795790545596741,0.0,0.0,0.0,0.0,0.0,None,None,None,0.0,5,2007,WD,Normal,146800,7.645875825184813,31,31,2.0,1,1,1,0,120
793,60,RL,4.532599493153256,9.202409001649903,Pave,None,IR1,Lvl,AllPub,CulDSac,Gtl,NoRidge,Norm,Norm,1Fam,2Story,7,5,1996,1997,Gable,CompShg,MetalSd,MetalSd,None,0.0,Gd,TA,PConc,Gd,TA,Av,GLQ,6.760414691083428,Unf,0.0,255,7.0192966537150445,GasA,Ex,Y,SBrkr,7.028201432058005,886,0.0,7.607878073278507,1,0,2,1,3,1,TA,8,Typ,1,TA,Attchd,1997.0,Unf,2,455,TA,TA,Y,5.198497031265826,4.875197323201151,0.0,0.0,0.0,0.0,None,None,None,0.0,6,2007,WD,Normal,269790,8.049107721326406,11,10,3.5,1,1,1,1,310
794,20,RL,4.343805421853684,9.122492281402987,Pave,None,Reg,Lvl,AllPub,Inside,Gtl,Somerst,Norm,Norm,1Fam,1Story,8,5,2007,2007,Gable,CompShg,CemntBd,CmentBd,Stone,4.948759890378168,Gd,TA,PConc,Gd,TA,Av,Unf,0.0,Unf,0.0,1496,7.311218384419629,GasA,Ex,Y,SBrkr,7.311218384419629,0,0.0,7.311218384419629,0,0,2,0,3,1,Gd,7,Typ,0,None,Attchd,2007.0,Fin,2,474,TA,TA,Y,5.1298987149230735,4.875197323201151,0.0,0.0,0.0,0.0,None,None,None,0.0,6,2007,New,Partial,225000,8.0040315078527,0,0,2.0,1,1,0,0,298
795,60,RL,4.189654742026425,9.290352309945568,Pave,None,IR1,Lvl,AllPub,Corner,Gtl,Gilbert,Norm,Norm,1Fam,2Story,7,5,1994,1996,Gable,CompShg,MetalSd,MetalSd,None,0.0,Gd,TA,PConc,Gd,TA,No,Unf,0.0,Unf,0.0,712,6.569481420414296,GasA,Ex,Y,SBrkr,6.99117688712121,809,0.0,7.547501682814967,0,0,2,1,3,1,Gd,7,Typ,1,TA,Attchd,1994.0,Fin,2,409,TA,TA,Y,4.969813299576001,3.8501476017100584,0.0,0.0,0.0,0.0,None,None,Shed,6.2166061010848646,10,2008,WD,Normal,194500,7.866338923046544,14,12,2.5,1,1,1,1,189
796,60,RL,4.2626798770413155,9.036106025364846,Pave,None,Reg,Lvl,AllPub,Inside,Gtl,SawyerW,Norm,Norm,1Fam,2Story,6,6,1980,1981,Gable,CompShg,HdBoard,HdBoard,BrkFace,4.875197323201151,TA,TA,CBlock,Gd,TA,No,Unf,0.0,Unf,0.0,650,6.478509642208569,GasA,TA,Y,SBrkr,6.790097235513905,676,0.0,7.355641102974253,0,0,2,1,3,1,TA,7,Typ,1,TA,Attchd,1980.0,Unf,2,476,TA,TA,Y,0.0,3.9318256327243257,0.0,0.0,5.3230099791384085,0.0,None,MnPrv,None,0.0,4,2010,WD,Normal,171000,7.703007682479236,30,29,2.5,1,1,1,1,254
797,20,RL,4.276666119016055,9.011645501064283,Pave,None,Reg,Lvl,AllPub,Inside,Gtl,Sawyer,Norm,Norm,1Fam,1Story,6,5,1977,1977,Gable,CompShg,Plywood,Plywood,BrkFace,5.003946305945459,TA,TA,CBlock,TA,TA,No,Unf,0.0,Unf,0.0,660,6.493753839851686,GasA,Ex,Y,SBrkr,7.1592919047975645,0,0.0,7.1592919047975645,0,0,1,1,3,1,TA,7,Typ,1,TA,Attchd,1977.0,RFn,2,528,TA,TA,Y,4.9344739331306915,0.0,0.0,0.0,0.0,0.0,None,MnPrv,None,0.0,4,2007,WD,Normal,143500,7.57353126274595,30,30,1.5,1,1,1,0,138
798,20,RL,4.060443010546419,8.946114375560743,Pave,None,Reg,Lvl,AllPub,Inside,Gtl,NAmes,Norm,Norm,1Fam,1Story,5,5,1953,1953,Gable,CompShg,VinylSd,VinylSd,None,0.0,TA,TA,CBlock,TA,TA,No,BLQ,6.3473892096560105,Unf,0.0,203,6.651571873589727,GasA,Gd,Y,SBrkr,6.651571873589727,0,0.0,6.651571873589727,0,0,1,0,2,1,TA,4,Typ,0,None,Attchd,1953.0,Unf,1,240,TA,TA,Y,0.0,0.0,0.0,0.0,0.0,0.0,None,None,None,0.0,4,2008,WD,Abnorml,110000,7.344072850573066,55,55,1.0,1,1,0,0,0
799,60,RL,4.653960350157523,9.511851382364405,Pave,None,Reg,Lvl,AllPub,Inside,Gtl,NridgHt,Norm,Norm,1Fam,2Story,9,5,2008,2009,Hip,CompShg,VinylSd,VinylSd,Stone,6.7580945044277305,Ex,TA,PConc,Ex,TA,No,Unf,0.0,Unf,0.0,1926,7.563719668414366,GasA,Ex,Y,SBrkr,7.584264818389059,1174,0.0,8.052296499538647,0,0,3,1,4,1,Ex,11,Typ,2,Gd,BuiltIn,2009.0,Fin,3,820,TA,TA,Y,4.976733742420574,4.3694478524670215,0.0,0.0,0.0,0.0,None,None,None,0.0,7,2009,New,Partial,485000,8.53050420547591,1,0,3.5,1,1,1,1,222
800,50,RL,4.110873864173311,8.881975184248867,Pave,None,Reg,Lvl,AllPub,Corner,Gtl,SWISU,Feedr,Norm,1Fam,1.5Fin,5,7,1937,1950,Gable,CompShg,Wd Sdng,Wd Sdng,BrkFace,5.53338948872752,TA,TA,BrkTil,Gd,TA,No,ALQ,6.345636360828596,Unf,0.0,162,6.595780513961311,GasA,Ex,Y,SBrkr,6.889591308354466,787,0.0,7.478169694159785,1,0,1,1,3,1,Gd,7,Typ,2,TA,Detchd,1939.0,Unf,1,240,TA,TA,Y,0.0,0.0,5.579729825986222,0.0,0.0,0.0,None,MnPrv,None,0.0,6,2007,WD,Normal,175000,7.824046010856292,70,57,2.5,1,1,1,1,264
801,60,RL,4.382026634673881,9.457122321855792,Pave,None,IR1,HLS,AllPub,Inside,Mod,ClearCr,Feedr,Norm,1Fam,2Story,6,5,1997,1997,Gable,CompShg,VinylSd,VinylSd,None,0.0,TA,TA,PConc,Gd,TA,Gd,GLQ,6.137727054086234,Unf,0.0,154,6.424869023905388,GasA,Gd,Y,SBrkr,6.424869023905388,1072,0.0,7.4318919168078,1,0,2,1,4,1,Gd,8,Typ,0,None,Attchd,1997.0,RFn,2,603,TA,TA,Y,6.0014148779611505,4.74493212836325,5.225746673713202,0.0,0.0,0.0,None,None,Shed,5.993961427306569,5,2008,WD,Normal,200000,7.742835955430749,11,11,3.5,1,1,0,1,702
802,30,RM,3.713572066704308,8.476579508530941,Pave,None,Reg,Lvl,AllPub,Inside,Gtl,IDOTRR,Norm,Norm,1Fam,1Story,4,7,1916,1990,Gable,CompShg,MetalSd,MetalSd,None,0.0,TA,TA,CBlock,TA,TA,No,LwQ,5.288267030694535,Unf,0.0,999,7.087573705557973,GasA,Ex,Y,FuseA,7.087573705557973,0,0.0,7.087573705557973,1,0,1,0,2,1,TA,5,Typ,0,None,Detchd,1957.0,Unf,2,440,TA,TA,Y,0.0,0.0,0.0,0.0,0.0,0.0,None,None,None,0.0,7,2007,WD,Normal,109900,7.780303087908373,91,17,2.0,1,1,0,0,0
803,60,RL,4.1588830833596715,9.011889433252344,Pave,None,Reg,Lvl,AllPub,Inside,Gtl,CollgCr,Norm,Norm,1Fam,2Story,7,5,2005,2005,Gable,CompShg,WdShing,Wd Shng,None,0.0,Gd,TA,PConc,Gd,TA,Av,GLQ,6.47543271670409,Unf,0.0,80,6.591673732008658,GasA,Ex,Y,SBrkr,6.591673732008658,728,0.0,7.284134806195205,1,0,2,1,3,1,Gd,7,Typ,1,Gd,Attchd,2005.0,Fin,2,410,TA,TA,Y,3.6109179126442243,2.9444389791664403,0.0,0.0,0.0,0.0,None,None,None,0.0,10,2008,WD,Normal,189000,7.68937110752969,3,3,3.5,1,1,1,1,54
804,60,RL,4.68213122712422,9.539068413863964,Pave,None,Reg,Lvl,AllPub,Inside,Gtl,NridgHt,Norm,Norm,1Fam,2Story,9,5,2008,2009,Hip,CompShg,VinylSd,VinylSd,Stone,6.052089168924417,Ex,TA,PConc,Ex,TA,Gd,Unf,0.0,Unf,0.0,1734,7.45876269238096,GasA,Ex,Y,SBrkr,7.45876269238096,1088,0.0,7.945555428253489,0,0,3,1,4,1,Ex,12,Typ,1,Gd,BuiltIn,2009.0,RFn,3,1020,TA,TA,Y,3.970291913552122,5.14166355650266,0.0,0.0,5.262690188904886,0.0,None,None,None,0.0,1,2009,New,Partial,582933,8.424419791263883,1,0,3.5,1,1,1,1,414
805,20,RL,4.330733340286331,9.105090961257085,Pave,None,Reg,Lvl,AllPub,Inside,Gtl,NAmes,Norm,Norm,1Fam,1Story,5,5,1954,1954,Gable,CompShg,Wd Sdng,Wd Sdng,None,0.0,TA,TA,CBlock,TA,TA,No,LwQ,6.70073110954781,Unf,0.0,124,6.842683282238422,GasA,TA,Y,SBrkr,7.029087564149662,0,0.0,7.029087564149662,0,0,1,0,2,1,TA,5,Min1,0,None,Attchd,1954.0,Unf,1,286,TA,TA,Y,0.0,0.0,0.0,0.0,0.0,0.0,None,GdWo,None,0.0,6,2006,WD,Family,118000,7.632885505395133,52,52,1.0,1,1,0,0,0
806,20,RL,4.5217885770490405,9.41531995266272,Pave,None,IR1,Lvl,AllPub,FR2,Gtl,Somerst,Norm,Norm,1Fam,1Story,7,5,2008,2008,Gable,CompShg,VinylSd,VinylSd,Stone,5.54907608489522,Gd,TA,PConc,Gd,TA,No,Unf,0.0,Unf,0.0,1417,7.257002707092073,GasA,Ex,Y,SBrkr,7.264730177929867,0,0.0,7.264730177929867,0,0,2,0,3,1,Ex,6,Typ,0,None,Attchd,2008.0,RFn,2,554,TA,TA,Y,0.0,4.110873864173311,0.0,0.0,0.0,0.0,None,None,None,0.0,7,2008,New,Partial,227680,7.953669778649798,0,0,2.0,1,1,0,0,60
807,80,RL,4.330733340286331,9.18512512283512,Pave,None,Reg,Lvl,AllPub,Inside,Gtl,NAmes,Norm,Norm,1Fam,SLvl,5,5,1967,1967,Gable,CompShg,VinylSd,VinylSd,None,0.0,TA,TA,PConc,TA,TA,Av,ALQ,5.993961427306569,Rec,6.175867270105761,100,6.8885724595653635,GasA,Gd,Y,SBrkr,6.8885724595653635,0,0.0,6.8885724595653635,0,0,2,0,3,1,TA,6,Typ,0,None,Attchd,1967.0,Fin,1,384,TA,TA,Y,4.23410650459726,0.0,0.0,0.0,0.0,0.0,None,None,None,0.0,10,2006,WD,Normal,135500,7.581209826196346,39,39,2.0,1,1,0,0,68
808,70,RL,4.976733742420574,9.970445020661009,Pave,None,Reg,Lvl,AllPub,Inside,Gtl,BrkSide,Norm,Norm,1Fam,2Story,5,6,1923,2004,Gable,CompShg,Wd Sdng,Wd Sdng,None,0.0,TA,TA,CBlock,TA,TA,Gd,GLQ,7.177782416195197,Unf,0.0,15,7.1891677384203225,GasA,Ex,Y,SBrkr,6.9782137426306985,504,0.0,7.3632795869630385,2,0,1,1,3,1,Gd,6,Typ,1,TA,Attchd,1923.0,RFn,2,528,TA,TA,Y,0.0,5.746203190540153,0.0,0.0,0.0,0.0,None,None,None,0.0,5,2009,WD,Normal,223500,7.972810784121404,86,5,3.5,1,1,1,1,312
809,80,RL,4.454347296253507,9.503084610020228,Pave,None,Reg,Lvl,AllPub,Inside,Gtl,NAmes,Norm,Norm,1Fam,SLvl,5,5,1966,1966,Gable,CompShg,VinylSd,VinylSd,BrkFace,6.954638864880987,TA,TA,CBlock,TA,TA,Av,ALQ,6.248042874508429,BLQ,4.859812404361672,380,6.932447891572509,GasA,TA,Y,SBrkr,6.99117688712121,0,0.0,6.99117688712121,1,0,1,0,3,1,TA,6,Typ,1,Gd,Attchd,1966.0,RFn,2,484,TA,TA,Y,0.0,0.0,0.0,0.0,0.0,0.0,None,GdWo,None,0.0,6,2006,WD,Normal,159950,7.65491704784832,40,40,2.0,1,1,1,0,0
810,75,RM,4.51085950651685,8.999742789830492,Pave,None,Reg,Lvl,AllPub,Corner,Gtl,OldTown,Norm,Norm,1Fam,2.5Unf,5,5,1898,1965,Hip,CompShg,AsbShng,AsbShng,None,0.0,TA,TA,PConc,TA,TA,No,Unf,0.0,Unf,0.0,849,6.745236349484363,GasA,TA,N,FuseA,6.98100574072173,1063,0.0,7.668093709082406,0,0,2,0,2,3,TA,11,Typ,0,None,Detchd,1910.0,Unf,2,360,Fa,Po,N,3.713572066704308,5.056245805348308,0.0,0.0,0.0,0.0,None,MnPrv,None,0.0,11,2009,WD,Normal,106000,8.002359546252707,111,44,2.0,1,1,0,1,196
811,20,RL,4.3694478524670215,9.224341891611996,Pave,None,Reg,Lvl,AllPub,Inside,Gtl,NWAmes,Norm,Norm,1Fam,1Story,6,6,1974,1999,Hip,CompShg,HdBoard,HdBoard,BrkFace,4.605170185988092,TA,TA,CBlock,TA,TA,No,ALQ,6.498282149476434,LwQ,5.934894195619588,0,6.947937068614969,GasA,Fa,Y,SBrkr,7.177782416195197,0,0.0,7.177782416195197,1,0,1,1,3,1,Gd,5,Typ,1,Fa,Attchd,1974.0,RFn,2,484,TA,TA,Y,5.583496308781699,0.0,0.0,0.0,0.0,6.47543271670409,Fa,GdPrv,None,0.0,1,2006,WD,Normal,181000,7.762170607138205,32,7,2.5,1,1,1,0,265
812,120,RM,4.2626798770413155,8.398184404834035,Pave,None,Reg,Lvl,AllPub,Inside,Gtl,CollgCr,Norm,Norm,TwnhsE,1Story,6,5,2004,2004,Gable,CompShg,VinylSd,VinylSd,BrkFace,5.135798437050262,Gd,TA,PConc,Gd,TA,Gd,GLQ,6.4967749901858625,Unf,0.0,186,6.744059186311348,GasA,Ex,Y,SBrkr,6.744059186311348,0,0.0,6.744059186311348,1,0,1,0,1,1,Gd,4,Typ,1,Gd,Attchd,2004.0,Fin,2,420,TA,TA,Y,4.948759890378168,0.0,0.0,0.0,0.0,0.0,None,None,None,0.0,6,2008,ConLD,Normal,144500,7.436617265234227,4,4,2.0,1,1,1,0,140
813,20,C (all),4.204692619390966,9.072571442231286,Grvl,None,Reg,Bnk,AllPub,Inside,Mod,IDOTRR,Norm,Norm,1Fam,1Story,5,5,1952,1952,Hip,CompShg,Wd Sdng,Wd Sdng,None,0.0,Fa,TA,CBlock,TA,TA,Av,Unf,0.0,Unf,0.0,540,6.293419278846481,GasA,TA,N,FuseA,6.951772164398911,0,0.0,6.951772164398911,0,0,1,0,2,1,Fa,4,Typ,0,None,Basment,1952.0,Unf,2,504,TA,TA,N,0.0,0.0,0.0,0.0,0.0,0.0,None,None,Shed,4.007333185232471,6,2010,WD,Alloca,55993,7.368339686311381,58,58,1.0,1,1,0,0,0
814,20,RL,4.330733340286331,9.18512512283512,Pave,None,Reg,Lvl,AllPub,Inside,Gtl,NAmes,Norm,Norm,1Fam,1Story,6,6,1958,1958,Gable,CompShg,MetalSd,MetalSd,BrkFace,5.497168225293202,TA,TA,CBlock,TA,TA,No,Rec,6.411818267709897,Unf,0.0,834,7.274479558773871,GasA,Gd,Y,SBrkr,7.274479558773871,0,0.0,7.274479558773871,0,0,1,1,4,1,TA,7,Typ,0,None,Attchd,1958.0,RFn,1,301,TA,TA,Y,0.0,0.0,5.62040086571715,0.0,0.0,0.0,None,None,Shed,6.2166061010848646,4,2007,COD,Normal,157900,7.9672801789422,49,49,1.5,1,1,0,0,275
815,50,RL,3.828641396489095,9.017847259860732,Pave,Grvl,Reg,Lvl,AllPub,Inside,Gtl,Edwards,Norm,Norm,1Fam,1.5Fin,5,7,1918,1950,Gable,CompShg,Stucco,Stucco,None,0.0,TA,TA,BrkTil,TA,TA,No,Unf,0.0,Unf,0.0,686,6.532334292222349,GasW,Gd,Y,SBrkr,6.532334292222349,564,0.0,7.1316985104669115,0,1,1,1,3,1,Fa,7,Typ,0,None,Detchd,1955.0,Unf,1,280,TA,TA,P,5.337538079701318,0.0,4.574710978503383,0.0,0.0,0.0,None,None,None,0.0,7,2006,WD,Normal,116000,7.5688956634069955,88,56,2.0,1,1,0,1,303
816,20,RL,3.8918202981106265,9.4040963063958,Pave,None,IR2,Lvl,AllPub,CulDSac,Gtl,CollgCr,Norm,Norm,1Fam,1Story,7,5,1998,1998,Gable,CompShg,VinylSd,VinylSd,BrkFace,6.093569770045136,TA,TA,PConc,Gd,TA,No,Unf,0.0,Unf,0.0,1649,7.408530566894626,GasA,Ex,Y,SBrkr,7.415776975415394,0,0.0,7.415776975415394,0,0,2,0,3,1,Gd,6,Typ,0,None,Attchd,1998.0,RFn,2,598,TA,TA,Y,0.0,3.5553480614894135,0.0,0.0,0.0,0.0,None,None,None,0.0,5,2010,WD,Normal,224900,8.105005537547246,12,12,2.0,1,1,0,0,34
817,20,RL,4.30406509320417,9.343646739284408,Pave,None,IR1,Lvl,AllPub,Corner,Gtl,NAmes,Norm,Norm,1Fam,1Story,5,6,1954,1954,Gable,CompShg,BrkFace,BrkFace,None,0.0,TA,TA,CBlock,TA,TA,No,BLQ,6.18826412308259,Unf,0.0,522,6.9167150203536085,GasA,Gd,Y,SBrkr,6.9167150203536085,0,0.0,6.9167150203536085,0,0,1,0,2,1,TA,4,Typ,1,Gd,Attchd,1954.0,RFn,1,275,TA,TA,Y,0.0,0.0,4.795790545596741,0.0,0.0,0.0,None,None,None,0.0,7,2006,WD,Normal,137000,7.6093665379542115,52,52,1.0,1,1,1,0,120
818,20,RL,4.30406509320417,9.492959650085501,Pave,None,IR1,Lvl,AllPub,CulDSac,Gtl,Mitchel,Norm,Norm,1Fam,1Story,8,5,2002,2002,Hip,CompShg,CemntBd,CmentBd,BrkFace,5.003946305945459,Gd,TA,PConc,Gd,TA,No,GLQ,7.105786129481271,Unf,0.0,350,7.358193752733032,GasA,Ex,Y,SBrkr,7.432483807917119,0,0.0,7.432483807917119,1,0,2,0,3,1,Gd,7,Typ,2,Gd,Attchd,2002.0,RFn,3,857,TA,TA,Y,5.017279836814924,4.0943445622221,0.0,0.0,0.0,0.0,None,None,None,0.0,7,2008,WD,Normal,271000,8.08886878916199,6,6,3.0,1,1,1,0,209
819,80,RL,4.394449154672439,9.084436955087027,Pave,None,Reg,Lvl,AllPub,Inside,Gtl,ClearCr,Norm,Norm,1Fam,SLvl,6,7,1971,1971,Gable,CompShg,HdBoard,HdBoard,BrkFace,4.394449154672439,TA,TA,CBlock,TA,TA,Av,GLQ,6.22455842927536,Unf,0.0,506,6.918695219020472,GasA,Gd,Y,SBrkr,6.959398512133975,0,0.0,6.959398512133975,1,0,1,0,3,1,TA,6,Typ,0,None,Attchd,1971.0,Unf,2,440,TA,TA,Y,0.0,0.0,0.0,0.0,0.0,0.0,None,MnPrv,None,0.0,6,2010,WD,Normal,155000,7.631916513071252,39,39,2.0,1,1,0,0,0
820,120,RL,3.8066624897703196,8.759668671029939,Pave,None,IR1,Lvl,AllPub,Inside,Gtl,NridgHt,Norm,Norm,TwnhsE,1Story,7,5,2009,2010,Gable,CompShg,VinylSd,VinylSd,Stone,4.859812404361672,Gd,TA,PConc,Gd,TA,Mn,GLQ,6.598509028614515,Unf,0.0,625,7.214504414151143,GasA,Ex,Y,SBrkr,7.214504414151143,0,0.0,7.214504414151143,1,0,2,0,2,1,Gd,6,Typ,1,Gd,Attchd,2010.0,RFn,2,484,TA,TA,Y,5.262690188904886,3.58351893845611,0.0,0.0,0.0,0.0,None,None,None,0.0,6,2010,New,Partial,224000,7.907283609426348,1,0,3.0,1,1,1,0,227
821,60,RL,4.290459441148391,8.885579291282982,Pave,None,IR1,Lvl,AllPub,CulDSac,Gtl,CollgCr,Norm,Norm,1Fam,2Story,7,5,2003,2003,Gable,CompShg,VinylSd,VinylSd,None,0.0,Gd,TA,PConc,Gd,TA,No,Unf,0.0,Unf,0.0,798,6.683360945766275,GasA,Ex,Y,SBrkr,6.683360945766275,842,0.0,7.403061091090091,0,0,2,1,3,1,Gd,6,Typ,0,None,Attchd,2003.0,RFn,2,595,TA,TA,Y,0.0,3.828641396489095,0.0,0.0,0.0,0.0,None,None,None,0.0,6,2008,WD,Normal,183000,7.79934339821592,5,5,2.5,1,1,0,1,45
822,20,RM,4.110873864173311,8.699681400989514,Pave,Pave,Reg,Bnk,AllPub,Inside,Mod,OldTown,Norm,Norm,2fmCon,1Story,4,4,1953,1953,Gable,CompShg,MetalSd,MetalSd,None,0.0,Fa,TA,CBlock,Fa,TA,No,Unf,0.0,Unf,0.0,936,6.842683282238422,GasA,TA,N,SBrkr,6.842683282238422,0,0.0,6.842683282238422,0,0,1,0,2,1,TA,4,Min2,0,None,Detchd,1974.0,Unf,2,576,TA,TA,Y,0.0,3.4965075614664802,4.727387818712341,0.0,0.0,0.0,None,None,None,0.0,2,2009,WD,Normal,93000,7.5352967024440884,56,56,1.0,1,1,0,0,144
823,60,RL,4.189654742026425,9.42504844446929,Pave,None,IR1,Lvl,AllPub,Corner,Gtl,Gilbert,Norm,Norm,1Fam,2Story,7,5,2003,2003,Gable,CompShg,VinylSd,VinylSd,None,0.0,Gd,TA,PConc,Gd,TA,Gd,Unf,0.0,Unf,0.0,847,6.742880635791903,GasA,Ex,Y,SBrkr,6.742880635791903,886,0.0,7.458186157340487,0,0,2,1,3,1,Gd,7,Typ,1,Gd,BuiltIn,2003.0,Fin,2,433,TA,TA,Y,4.61512051684126,3.8918202981106265,0.0,0.0,0.0,0.0,None,None,None,0.0,10,2007,WD,Family,225000,7.855932199718614,4,4,2.5,1,1,1,1,148
824,50,RL,4.110873864173311,9.200391041122515,Pave,None,Reg,Lvl,AllPub,Inside,Gtl,SWISU,Norm,Norm,1Fam,1.5Fin,6,7,1940,1950,Gable,CompShg,VinylSd,VinylSd,None,0.0,TA,TA,BrkTil,TA,TA,No,Unf,0.0,Unf,0.0,778,6.658011045870748,GasA,TA,Y,SBrkr,6.851184927493743,545,0.0,7.306531398939505,0,0,2,0,3,1,TA,7,Typ,1,Gd,Detchd,1940.0,Unf,1,240,TA,TA,Y,5.817111159963204,0.0,0.0,0.0,0.0,0.0,None,GdWo,None,0.0,7,2009,WD,Normal,139500,7.7266536648476425,69,59,2.0,1,1,1,1,335
825,20,FV,4.406719247264253,9.325185763645223,Pave,None,Reg,Lvl,AllPub,Inside,Gtl,Somerst,Norm,Norm,1Fam,1Story,8,5,2006,2006,Gable,CompShg,VinylSd,VinylSd,None,0.0,Gd,TA,PConc,Gd,Gd,No,Unf,0.0,Unf,0.0,1489,7.306531398939505,GasA,Ex,Y,SBrkr,7.306531398939505,0,0.0,7.306531398939505,0,0,2,0,3,1,Gd,7,Typ,1,Gd,Attchd,2006.0,RFn,2,776,TA,TA,Y,0.0,4.948759890378168,0.0,0.0,0.0,0.0,None,None,None,0.0,6,2006,New,Partial,232600,7.999342952713282,0,0,2.0,1,1,1,0,140
826,20,RL,4.74493212836325,9.602652693506046,Pave,None,Reg,Lvl,AllPub,Inside,Gtl,NridgHt,PosN,PosN,1Fam,1Story,10,5,2007,2008,Hip,CompShg,CemntBd,CmentBd,BrkFace,6.705639094860003,Ex,TA,PConc,Ex,TA,Av,GLQ,7.400620577371135,Unf,0.0,442,7.639642287858013,GasA,Ex,Y,SBrkr,7.642524134232902,0,0.0,7.642524134232902,1,0,2,0,2,1,Ex,7,Typ,1,Gd,Attchd,2007.0,Fin,3,1220,TA,TA,Y,5.241747015059643,3.828641396489095,0.0,0.0,0.0,0.0,None,None,None,0.0,6,2008,New,Partial,385000,8.333991247194975,1,0,3.0,1,1,1,0,233
827,45,RM,3.9318256327243257,8.721113147762688,Pave,None,Reg,Lvl,AllPub,Inside,Gtl,BrkSide,Norm,Norm,1Fam,1.5Unf,5,6,1924,1950,Gable,CompShg,MetalSd,MetalSd,None,0.0,TA,TA,BrkTil,TA,TA,No,ALQ,6.665683717782408,Unf,0.0,0,6.665683717782408,GasA,Gd,Y,SBrkr,6.665683717782408,0,0.0,6.665683717782408,1,0,1,0,2,1,Gd,5,Typ,0,None,None,0.0,None,0,0,None,None,Y,0.0,0.0,4.762173934797756,0.0,0.0,0.0,None,None,None,0.0,5,2008,WD,Normal,109500,7.358193752733032,84,58,2.0,0,1,0,0,116
828,20,RL,4.189654742026425,9.051344640485725,Pave,None,IR1,Lvl,AllPub,Inside,Gtl,SawyerW,Norm,Norm,1Fam,1Story,7,5,2001,2001,Gable,CompShg,VinylSd,VinylSd,None,0.0,Gd,TA,PConc,Gd,TA,No,GLQ,3.044522437723423,Unf,0.0,1434,7.282761179605593,GasA,Ex,Y,SBrkr,7.268920128193722,0,0.0,7.268920128193722,0,0,2,0,3,1,Gd,6,Typ,1,TA,Attchd,2001.0,RFn,2,527,TA,TA,Y,5.673323267171493,3.6888794541139363,0.0,0.0,0.0,0.0,None,None,None,0.0,4,2009,WD,Normal,189000,7.968665700466235,8,8,2.0,1,1,1,0,329
829,60,RL,4.394449154672439,10.264617557935098,Pave,None,IR2,Low,AllPub,CulDSac,Sev,ClearCr,Norm,Norm,1Fam,2Story,5,5,1967,1967,Flat,Tar&Grv,Plywood,Plywood,None,0.0,TA,TA,PConc,TA,Gd,Gd,LwQ,5.521460917862246,ALQ,6.639875833826536,0,6.921658184151129,GasA,TA,Y,SBrkr,7.057036981697891,966,0.0,7.6624678152002375,0,1,2,1,3,1,TA,7,Min2,0,None,Attchd,1967.0,Fin,2,538,TA,TA,Y,6.18826412308259,0.0,0.0,0.0,5.420534999272286,0.0,None,None,None,0.0,6,2009,WD,Abnorml,185000,8.0519780789023,42,42,3.0,1,1,0,1,711
830,160,FV,3.2188758248682006,7.841885928984623,Pave,Pave,Reg,Lvl,AllPub,Inside,Gtl,Somerst,Norm,Norm,Twnhs,2Story,7,5,2005,2005,Gable,CompShg,MetalSd,MetalSd,None,0.0,Gd,TA,PConc,Gd,TA,No,Unf,0.0,Unf,0.0,600,6.398594934535208,GasA,Ex,Y,SBrkr,6.255750041753367,623,4.394449154672439,7.1098794630722715,0,0,2,1,2,1,Gd,4,Typ,0,None,Detchd,2005.0,RFn,2,480,TA,TA,Y,0.0,5.117993812416755,0.0,0.0,0.0,0.0,None,None,None,0.0,7,2006,WD,Normal,147400,7.463936604468925,1,1,2.5,1,1,0,1,166
831,20,RL,4.394449154672439,9.38437770918244,Pave,None,IR1,Lvl,AllPub,Corner,Gtl,NAmes,Norm,Norm,1Fam,1Story,6,5,1957,1957,Gable,CompShg,HdBoard,HdBoard,BrkFace,5.961005339623274,TA,TA,CBlock,TA,TA,No,Rec,6.947937068614969,Unf,0.0,352,7.239214973779806,GasA,TA,Y,FuseA,7.239214973779806,0,0.0,7.239214973779806,1,0,1,1,3,1,TA,6,Typ,2,Gd,Attchd,1957.0,RFn,2,458,TA,TA,Y,0.0,0.0,0.0,0.0,5.262690188904886,0.0,None,None,None,0.0,6,2008,WD,Normal,166000,7.932003152361385,51,51,2.5,1,1,1,0,192
832,160,FV,3.4339872044851463,8.064950891749143,Pave,Pave,Reg,Lvl,AllPub,Inside,Gtl,Somerst,Norm,Norm,TwnhsE,2Story,7,5,2005,2005,Gable,CompShg,MetalSd,MetalSd,None,0.0,TA,TA,PConc,Gd,TA,No,Unf,0.0,Unf,0.0,600,6.398594934535208,GasA,Ex,Y,SBrkr,6.255750041753367,600,4.394449154672439,7.0909098220799835,0,0,2,1,2,1,Gd,4,Typ,0,None,Detchd,2005.0,RFn,2,480,TA,TA,Y,0.0,5.117993812416755,0.0,0.0,0.0,0.0,None,None,None,0.0,6,2006,WD,Normal,151000,7.450660796211539,1,1,2.5,1,1,0,1,166
833,60,RL,3.8066624897703196,9.164191715950203,Pave,None,IR1,Lvl,AllPub,CulDSac,Gtl,CollgCr,Norm,Norm,1Fam,2Story,7,6,2003,2003,Gable,CompShg,VinylSd,VinylSd,BrkFace,5.4116460518550396,Gd,TA,PConc,Gd,TA,No,GLQ,6.182084906716632,Unf,0.0,458,6.848005274576363,GasA,Ex,Y,SBrkr,6.848005274576363,888,0.0,7.512071245835466,1,0,2,1,3,1,Gd,7,Typ,1,TA,Attchd,2003.0,RFn,2,613,TA,TA,Y,5.262690188904886,3.6888794541139363,0.0,0.0,0.0,0.0,None,None,None,0.0,1,2010,WD,Normal,237000,7.9269635448629785,7,7,3.5,1,1,1,1,231
834,20,RL,4.61512051684126,9.210840247017833,Pave,None,Reg,Lvl,AllPub,Inside,Gtl,NAmes,Norm,Norm,1Fam,1Story,6,6,1964,1964,Gable,CompShg,HdBoard,Plywood,BrkFace,5.198497031265826,TA,TA,CBlock,TA,TA,No,Rec,5.2832037287379885,BLQ,5.846438775057725,975,7.324489979348532,GasA,TA,Y,SBrkr,7.324489979348532,0,0.0,7.324489979348532,0,0,1,1,3,1,TA,6,Typ,0,None,Attchd,1964.0,RFn,2,472,TA,TA,Y,0.0,0.0,0.0,0.0,5.030437921392435,0.0,None,None,None,0.0,2,2009,WD,Normal,167000,8.017307507688582,45,45,1.5,1,1,0,0,152
835,20,RL,4.330733340286331,8.971575439759016,Pave,None,Reg,Lvl,AllPub,Inside,Gtl,NAmes,Norm,Norm,1Fam,1Story,5,6,1961,1961,Gable,CompShg,VinylSd,VinylSd,BrkFace,4.919980925828125,TA,TA,CBlock,TA,TA,No,Rec,6.35088571671474,Unf,0.0,572,7.0431599159883405,GasA,Gd,Y,SBrkr,7.0431599159883405,0,0.0,7.0431599159883405,1,0,1,0,3,1,TA,6,Typ,0,None,Attchd,1961.0,Unf,2,456,TA,TA,Y,0.0,0.0,0.0,0.0,0.0,0.0,None,GdWo,None,0.0,9,2008,WD,Normal,139950,7.735870319952567,47,47,2.0,1,1,0,0,0
836,20,RL,4.110873864173311,9.169622538697624,Pave,None,Reg,Lvl,AllPub,Inside,Gtl,Sawyer,Norm,Norm,1Fam,1Story,4,7,1950,1995,Gable,CompShg,VinylSd,HdBoard,None,0.0,TA,TA,CBlock,Gd,TA,No,BLQ,6.093569770045136,Unf,0.0,625,6.97354301952014,GasA,TA,Y,SBrkr,6.97354301952014,0,0.0,6.97354301952014,0,0,2,0,2,1,Gd,4,Min2,0,None,Attchd,1996.0,Unf,2,436,TA,TA,Y,5.673323267171493,0.0,0.0,0.0,0.0,0.0,None,None,None,0.0,2,2010,WD,Normal,128000,7.666221925662725,60,15,2.0,1,1,0,0,290
837,30,RM,4.51085950651685,8.999742789830492,Pave,Pave,Reg,Lvl,AllPub,Inside,Gtl,OldTown,Norm,Norm,1Fam,1Story,5,6,1948,1973,Gable,CompShg,VinylSd,VinylSd,None,0.0,TA,TA,BrkTil,TA,TA,No,Rec,5.82600010738045,Unf,0.0,1221,7.352441100243583,GasA,Gd,Y,SBrkr,7.352441100243583,0,0.0,7.352441100243583,1,0,1,0,2,1,TA,5,Min2,0,None,Detchd,1948.0,Unf,2,812,TA,TA,Y,0.0,4.762173934797756,5.442417710521793,0.0,0.0,0.0,None,GdWo,None,0.0,6,2007,COD,Normal,153500,8.045267716607803,59,34,2.0,1,1,0,0,346
838,160,RM,3.091042453358316,7.427144133408616,Pave,None,Reg,Lvl,AllPub,Inside,Gtl,BrDale,Norm,Norm,Twnhs,2Story,6,5,1973,1973,Gable,CompShg,HdBoard,HdBoard,BrkFace,5.0689042022202315,TA,TA,CBlock,TA,TA,No,BLQ,5.802118375377063,Unf,0.0,153,6.182084906716632,GasA,TA,Y,SBrkr,6.182084906716632,504,0.0,6.895682697747868,1,0,1,1,2,1,TA,5,Typ,0,None,Detchd,1973.0,Unf,1,264,TA,TA,Y,0.0,0.0,0.0,0.0,0.0,0.0,None,None,None,0.0,11,2008,WD,Normal,100000,7.293697720601438,35,35,2.5,1,1,0,1,0
839,20,RL,4.330733340286331,9.161780181360806,Pave,None,Reg,Lvl,AllPub,Inside,Gtl,CollgCr,Norm,Norm,1Fam,1Story,5,6,1995,2006,Gable,CompShg,VinylSd,VinylSd,None,0.0,TA,TA,PConc,Gd,TA,No,Unf,0.0,Unf,0.0,1099,7.003065458786462,GasA,Ex,Y,SBrkr,7.003065458786462,0,0.0,7.003065458786462,0,0,1,1,3,1,Gd,6,Typ,0,None,Attchd,1999.0,Unf,1,352,TA,TA,Y,5.631211781821365,0.0,0.0,0.0,0.0,0.0,None,None,None,0.0,6,2008,WD,Normal,144000,7.695757990554761,13,2,1.5,1,1,0,0,278
840,50,RL,4.2626798770413155,9.373139262281274,Pave,None,Reg,Lvl,AllPub,Inside,Gtl,Edwards,Norm,Norm,1Fam,1.5Fin,5,6,1946,1995,Gable,CompShg,MetalSd,MetalSd,None,0.0,TA,TA,CBlock,TA,TA,No,BLQ,5.8664680569332965,Unf,0.0,416,6.645090969505644,GasA,Ex,Y,SBrkr,6.645090969505644,432,0.0,7.0909098220799835,0,0,1,0,3,1,TA,6,Typ,0,None,Detchd,1946.0,Unf,1,240,TA,TA,Y,0.0,0.0,0.0,0.0,0.0,0.0,None,None,None,0.0,5,2008,WD,Normal,130500,7.585281078639126,62,13,1.0,1,1,0,1,0
841,70,RH,4.110873864173311,9.405578154036684,Pave,None,IR1,Lvl,AllPub,Inside,Gtl,SWISU,Norm,Norm,1Fam,2Story,6,8,1925,1950,Gable,CompShg,Wd Sdng,Wd Sdng,None,0.0,TA,TA,BrkTil,TA,TA,No,BLQ,5.056245805348308,Unf,0.0,516,6.511745329644728,GasA,TA,N,SBrkr,6.698268054115413,672,0.0,7.301822342137932,0,0,2,0,4,1,Fa,7,Typ,0,None,Detchd,1934.0,Unf,1,400,TA,TA,P,0.0,0.0,5.541263545158426,0.0,0.0,0.0,None,None,None,0.0,3,2008,WD,Normal,140000,7.675546002537848,83,58,2.0,1,1,0,1,254
842,70,RM,4.110873864173311,9.25349564229011,Pave,Grvl,Reg,Lvl,AllPub,Inside,Gtl,OldTown,Norm,Norm,1Fam,2Story,5,8,1904,2002,Gable,CompShg,MetalSd,MetalSd,None,0.0,TA,TA,PConc,TA,TA,No,Unf,0.0,Unf,0.0,650,6.478509642208569,GasA,Gd,Y,SBrkr,6.8658910748834385,581,0.0,7.3395376954076745,0,0,2,0,3,1,Gd,8,Typ,1,Po,Detchd,1983.0,Unf,2,686,Gd,TA,P,4.2626798770413155,4.3694478524670215,4.23410650459726,0.0,0.0,0.0,None,None,None,0.0,6,2008,WD,Normal,157500,7.691656822810547,104,6,2.0,1,1,1,1,216
843,80,RL,4.418840607796598,9.107310471656639,Pave,None,Reg,Lvl,AllPub,Inside,Gtl,NAmes,Norm,Norm,1Fam,SLvl,6,7,1966,1966,Gable,CompShg,HdBoard,HdBoard,BrkFace,5.214935757608986,TA,TA,CBlock,TA,TA,Gd,Rec,5.746203190540153,ALQ,6.29156913955832,276,7.028201432058005,GasA,TA,Y,SBrkr,7.061334366910438,0,0.0,7.061334366910438,1,0,1,1,3,1,TA,6,Typ,0,None,Attchd,1966.0,RFn,2,490,Gd,Gd,Y,0.0,4.867534450455582,0.0,0.0,0.0,0.0,None,GdPrv,None,0.0,5,2008,WD,Normal,174900,7.737616282857904,42,42,2.5,1,1,0,0,129
844,90,RL,4.394449154672439,8.987321812850125,Pave,None,Reg,Lvl,AllPub,Corner,Gtl,NAmes,Artery,Norm,Duplex,1Story,5,4,1961,1961,Gable,CompShg,BrkFace,BrkFace,None,0.0,TA,TA,CBlock,TA,TA,No,Unf,0.0,Unf,0.0,1800,7.496097345175956,GasA,Ex,N,SBrkr,7.496097345175956,0,0.0,7.496097345175956,0,0,2,0,6,2,TA,10,Typ,0,None,None,0.0,None,0,0,None,None,Y,0.0,0.0,0.0,0.0,0.0,0.0,None,None,None,0.0,7,2007,WD,Normal,141000,8.188966863648876,46,46,2.0,0,1,0,0,0
845,50,RM,4.61512051684126,9.446676517076376,Pave,Grvl,IR1,Lvl,AllPub,Inside,Gtl,OldTown,Artery,Norm,1Fam,1.5Fin,5,8,1915,1950,Gable,CompShg,Wd Sdng,Wd Sdng,None,0.0,TA,TA,BrkTil,TA,TA,Mn,Unf,0.0,Unf,0.0,876,6.776506992372183,GasA,Gd,Y,SBrkr,6.776506992372183,540,0.0,7.256297239690681,0,0,1,1,4,1,TA,7,Typ,1,Gd,Detchd,1949.0,Unf,3,720,TA,TA,Y,6.037870919922137,0.0,5.272999558563747,0.0,0.0,0.0,None,None,None,0.0,6,2008,WD,Normal,153900,7.737616282857904,93,58,1.5,1,1,1,1,612
846,85,RL,4.276666119016055,9.720045368073471,Pave,None,IR1,Lvl,AllPub,CulDSac,Gtl,Sawyer,RRAe,Norm,1Fam,SFoyer,5,5,1975,1981,Gable,CompShg,HdBoard,HdBoard,None,0.0,TA,TA,CBlock,Gd,TA,Gd,ALQ,7.237778191923443,Unf,0.0,0,7.237778191923443,GasA,TA,Y,SBrkr,7.43955930913332,0,0.0,7.43955930913332,1,0,2,0,3,1,TA,6,Min2,2,TA,Basment,1975.0,Fin,2,611,TA,TA,Y,0.0,0.0,0.0,0.0,0.0,0.0,None,None,None,0.0,1,2007,WD,Normal,171000,8.036573409707312,32,26,3.0,1,1,1,0,0
847,60,RL,4.330733340286331,9.139703292376742,Pave,None,Reg,Lvl,AllPub,Inside,Gtl,SawyerW,Norm,Norm,1Fam,2Story,7,5,1993,1993,Gable,CompShg,HdBoard,HdBoard,BrkFace,4.927253685157205,Gd,TA,PConc,Gd,TA,No,ALQ,6.2422232654551655,Unf,0.0,227,6.608000625296087,GasA,Ex,Y,SBrkr,6.914730892718563,769,0.0,7.4821189235521155,1,0,2,1,3,1,Gd,7,Typ,1,TA,Attchd,1993.0,Unf,2,425,TA,TA,Y,5.459585514144159,4.290459441148391,5.262690188904886,0.0,0.0,0.0,None,None,None,0.0,7,2009,WD,Normal,213000,7.830425617820331,16,16,3.5,1,1,1,1,498
848,20,RL,3.6109179126442243,9.650142492488797,Pave,None,IR1,Lvl,AllPub,CulDSac,Gtl,CollgCr,Norm,Norm,1Fam,1Story,5,6,1972,1972,Gable,CompShg,HdBoard,Plywood,None,0.0,TA,TA,CBlock,TA,TA,Av,BLQ,6.133398042996649,Unf,0.0,404,6.762729506931879,GasA,Ex,Y,SBrkr,6.762729506931879,0,0.0,6.762729506931879,1,0,1,0,3,1,TA,5,Typ,1,Fa,Attchd,1972.0,Unf,1,338,TA,TA,Y,0.0,0.0,0.0,0.0,0.0,0.0,None,None,None,0.0,8,2009,WD,Normal,133500,7.455298485683291,37,37,2.0,1,1,1,0,0
849,50,RL,4.330733340286331,10.727684925086583,Pave,None,IR2,Bnk,AllPub,Inside,Gtl,ClearCr,Norm,Norm,1Fam,1.5Fin,6,8,1908,1997,Gable,CompShg,Wd Sdng,Wd Sdng,None,0.0,TA,TA,BrkTil,TA,TA,No,Unf,0.0,Unf,0.0,907,6.811244378601294,GasA,TA,Y,SBrkr,7.176254532017144,1051,0.0,7.765993079407675,0,0,3,0,5,1,TA,10,Typ,1,Gd,Detchd,1908.0,Unf,2,360,Fa,TA,Y,6.18826412308259,3.713572066704308,0.0,0.0,5.170483995038151,0.0,None,None,None,0.0,9,2008,WD,Normal,240000,8.09132127353041,100,11,3.0,1,1,1,1,701
850,80,RL,4.394449154672439,9.169622538697624,Pave,None,Reg,Lvl,AllPub,FR2,Gtl,Veenker,Feedr,Norm,1Fam,SLvl,6,7,1976,1994,Hip,CompShg,Plywood,Plywood,BrkFace,5.8888779583328805,Gd,Gd,CBlock,TA,TA,No,Unf,0.0,Unf,0.0,528,6.270988431858299,GasA,Ex,Y,SBrkr,6.9985096422506015,761,0.0,7.526178913346146,0,0,2,1,3,1,TA,7,Typ,1,TA,Attchd,1976.0,RFn,2,512,TA,TA,Y,4.736198448394496,4.61512051684126,0.0,0.0,0.0,0.0,None,None,None,0.0,8,2007,WD,Normal,187000,7.776535028185241,31,13,2.5,1,1,1,1,213
851,120,RM,3.6109179126442243,8.397508348470257,Pave,None,Reg,Lvl,AllPub,Inside,Gtl,CollgCr,Norm,Norm,TwnhsE,1Story,6,5,2003,2003,Gable,CompShg,VinylSd,VinylSd,BrkFace,5.14166355650266,Gd,TA,PConc,Gd,TA,Av,GLQ,6.492239835020471,Unf,0.0,189,6.744059186311348,GasA,Ex,Y,SBrkr,6.744059186311348,0,0.0,6.744059186311348,1,0,1,0,1,1,Gd,3,Typ,0,None,Attchd,2003.0,Fin,2,420,TA,TA,Y,4.948759890378168,0.0,0.0,0.0,0.0,0.0,None,None,None,0.0,11,2007,WD,Normal,131500,7.436617265234227,4,4,2.0,1,1,0,0,140
852,120,RL,3.784189633918261,8.069968149059841,Pave,None,Reg,Lvl,AllPub,Inside,Gtl,Blmngtn,Norm,Norm,TwnhsE,1Story,8,5,2003,2003,Gable,CompShg,VinylSd,VinylSd,BrkFace,3.713572066704308,Gd,TA,PConc,Gd,TA,Gd,Unf,0.0,Unf,0.0,1273,7.149916836132109,GasA,Ex,Y,SBrkr,7.284134806195205,0,0.0,7.284134806195205,0,0,2,0,2,1,Gd,7,Typ,1,TA,Attchd,2003.0,Fin,2,400,TA,TA,Y,4.969813299576001,3.044522437723423,0.0,0.0,0.0,0.0,None,None,None,0.0,5,2006,WD,Normal,215000,7.912056888179006,3,3,2.0,1,1,1,0,163
853,75,RL,3.9889840465642745,8.871926251117628,Pave,None,Reg,Lvl,AllPub,Inside,Gtl,Crawfor,Norm,Norm,1Fam,2.5Unf,7,5,1941,1950,Gable,CompShg,MetalSd,MetalSd,None,0.0,TA,Gd,CBlock,TA,TA,No,Rec,5.8998973535824915,Unf,0.0,554,6.823286122355687,GasA,Gd,Y,SBrkr,6.823286122355687,728,0.0,7.4067107301776405,0,0,2,0,4,1,TA,7,Typ,2,Gd,Detchd,1941.0,Unf,1,240,TA,TA,Y,0.0,0.0,0.0,0.0,4.844187086458591,0.0,None,MnPrv,None,0.0,8,2007,WD,Normal,164000,7.84971375760487,66,57,2.0,1,1,1,1,126
854,80,RL,4.30406509320417,9.400630098419315,Pave,None,IR1,Lvl,AllPub,Corner,Gtl,NAmes,Norm,Norm,1Fam,SLvl,6,6,1964,1964,Gable,CompShg,MetalSd,HdBoard,BrkFace,4.7535901911063645,TA,Gd,CBlock,TA,TA,Gd,Rec,6.336825731146441,Unf,0.0,563,7.028201432058005,GasA,TA,Y,SBrkr,7.27655640271871,0,0.0,7.27655640271871,0,0,1,1,3,1,TA,7,Typ,1,Fa,Attchd,1964.0,RFn,2,645,TA,TA,Y,5.198497031265826,0.0,0.0,0.0,0.0,0.0,None,MnPrv,None,0.0,8,2009,WD,Normal,158000,7.8528278122817445,45,45,1.5,1,1,1,0,180
855,20,RL,4.634728988229636,9.793728488543389,Pave,None,Reg,Lvl,AllPub,Inside,Gtl,Sawyer,Norm,Norm,1Fam,1Story,5,4,1955,1974,Hip,CompShg,Wd Sdng,Plywood,None,0.0,TA,TA,CBlock,TA,TA,Mn,ALQ,5.726847747587197,Rec,6.990256500493881,372,7.475339236566737,GasA,TA,Y,SBrkr,7.484368643286131,0,0.0,7.484368643286131,1,0,1,1,3,1,TA,6,Typ,1,Gd,Attchd,1955.0,Unf,2,454,TA,TA,Y,0.0,6.037870919922137,0.0,0.0,5.746203190540153,0.0,None,None,None,0.0,7,2006,WD,Abnorml,170000,8.172729104865471,51,32,2.5,1,1,1,0,730
856,20,RL,4.276666119016055,8.838986793496787,Pave,None,IR1,Lvl,AllPub,Corner,Gtl,Sawyer,Norm,Norm,1Fam,1Story,5,8,1962,2010,Gable,CompShg,HdBoard,HdBoard,None,0.0,TA,Gd,CBlock,TA,TA,No,ALQ,6.492239835020471,Unf,0.0,381,6.947937068614969,GasA,Ex,Y,SBrkr,6.947937068614969,0,0.0,6.947937068614969,1,0,1,1,3,1,TA,6,Typ,0,None,Detchd,1962.0,Unf,1,260,TA,TA,Y,0.0,4.653960350157523,0.0,0.0,0.0,0.0,None,None,None,0.0,4,2010,WD,Normal,127000,7.640603826393634,48,0,2.5,1,1,0,0,104
857,80,RL,4.2626798770413155,9.30301070681749,Pave,None,IR1,Low,AllPub,Inside,Mod,CollgCr,Norm,Norm,1Fam,SLvl,6,6,1978,1978,Gable,CompShg,Plywood,HdBoard,None,0.0,TA,TA,CBlock,Gd,Gd,Gd,GLQ,6.226536669287466,LwQ,6.077642243349034,0,6.846943139585379,GasA,TA,Y,SBrkr,6.934397209928558,0,0.0,6.934397209928558,1,0,1,0,3,1,TA,5,Typ,0,None,Detchd,1981.0,Unf,2,576,TA,Fa,Y,0.0,0.0,3.5553480614894135,0.0,0.0,0.0,None,MnPrv,None,0.0,10,2008,WD,Normal,147000,7.584264818389059,30,30,2.0,1,1,0,0,34
858,60,RL,4.189654742026425,9.002824076547672,Pave,None,Reg,Lvl,AllPub,Inside,Gtl,Gilbert,Norm,Norm,1Fam,2Story,6,5,1994,1995,Gable,CompShg,HdBoard,HdBoard,None,0.0,TA,TA,PConc,Gd,TA,No,Unf,0.0,Unf,0.0,702,6.555356891810665,GasA,Gd,Y,SBrkr,6.555356891810665,779,0.0,7.301147805856032,0,0,2,1,3,1,TA,6,Typ,1,TA,Attchd,1994.0,Fin,2,343,TA,TA,Y,0.0,3.6109179126442243,0.0,0.0,0.0,0.0,None,None,None,0.0,3,2009,WD,Normal,174000,7.688913336864796,15,14,2.5,1,1,1,1,36
859,20,RL,4.394449154672439,9.249657234353133,Pave,None,Reg,Lvl,AllPub,Inside,Gtl,NWAmes,Norm,Norm,1Fam,1Story,7,5,1976,1976,Gable,CompShg,HdBoard,HdBoard,BrkFace,5.247024072160486,TA,TA,CBlock,Gd,TA,No,Unf,0.0,Unf,0.0,1090,6.994849985833071,GasA,TA,Y,SBrkr,7.223295679562314,0,0.0,7.223295679562314,0,0,2,0,3,1,TA,6,Typ,1,TA,Attchd,1976.0,RFn,2,479,TA,TA,Y,0.0,0.0,0.0,0.0,0.0,0.0,None,MnPrv,None,0.0,6,2009,WD,Family,152000,7.8083230503910555,33,33,2.0,1,1,1,0,0
860,60,RL,4.394449154672439,9.308374112247549,Pave,None,IR1,Lvl,AllPub,Corner,Gtl,NWAmes,PosA,Norm,1Fam,2Story,6,7,1968,1984,Gable,CompShg,HdBoard,HdBoard,BrkFace,5.3981627015177525,TA,TA,CBlock,TA,TA,Mn,BLQ,6.429719478039138,Unf,0.0,435,6.961296045910167,GasA,TA,Y,SBrkr,7.321849713788356,1142,0.0,7.884199933676039,1,0,2,1,4,1,Gd,9,Typ,1,Gd,Attchd,1968.0,Unf,2,619,TA,TA,Y,0.0,4.189654742026425,0.0,0.0,5.407171771460119,0.0,None,None,None,0.0,8,2006,WD,Normal,250000,8.21851757748959,38,22,3.5,1,1,1,1,287
861,50,RL,4.02535169073515,8.941545475242885,Pave,None,Reg,Lvl,AllPub,Corner,Gtl,Crawfor,Norm,Norm,1Fam,1.5Fin,7,8,1918,1998,Gable,CompShg,Wd Sdng,Wd Sdng,None,0.0,Gd,TA,BrkTil,TA,TA,No,Unf,0.0,Unf,0.0,912,6.816735880594968,GasA,Gd,Y,SBrkr,6.816735880594968,514,0.0,7.2633296174768365,0,0,1,1,3,1,Gd,7,Typ,1,Gd,Detchd,1925.0,Unf,1,216,TA,TA,Y,0.0,5.484796933490655,0.0,0.0,0.0,0.0,None,GdPrv,None,0.0,6,2007,WD,Normal,189950,7.757478766584179,89,9,1.5,1,1,1,1,240
862,190,RL,4.330733340286331,9.360999248261296,Pave,None,Reg,Lvl,AllPub,Inside,Gtl,Sawyer,Norm,Norm,2fmCon,1Story,5,4,1965,1965,Hip,CompShg,Plywood,HdBoard,None,0.0,TA,TA,PConc,TA,TA,Mn,BLQ,6.7357800142423265,Unf,0.0,198,6.946975992135418,GasA,Ex,Y,SBrkr,6.946975992135418,0,0.0,6.946975992135418,1,0,1,1,3,1,TA,6,Typ,0,None,Attchd,1965.0,Unf,2,504,TA,TA,Y,0.0,0.0,0.0,0.0,0.0,0.0,None,None,None,0.0,4,2010,WD,Normal,131500,7.639642287858013,45,45,2.5,1,1,0,0,0
863,20,RL,4.406719247264253,9.177093778182547,Pave,None,Reg,Lvl,AllPub,Corner,Gtl,SawyerW,Norm,Norm,1Fam,1Story,6,5,1984,1985,Hip,CompShg,HdBoard,Plywood,None,0.0,TA,TA,PConc,Gd,TA,No,GLQ,5.82600010738045,Unf,0.0,702,6.947937068614969,GasA,TA,Y,SBrkr,7.001245622069476,0,0.0,7.001245622069476,0,0,2,0,3,1,TA,6,Typ,0,None,Attchd,1986.0,Unf,2,480,TA,TA,Y,0.0,0.0,0.0,0.0,0.0,0.0,None,GdPrv,None,0.0,5,2010,WD,Normal,152000,7.6676260915849905,26,25,2.0,1,1,0,0,0
864,20,RL,4.2626798770413155,8.978660489639687,Pave,None,Reg,Lvl,AllPub,Inside,Gtl,NAmes,Norm,Norm,1Fam,1Story,5,5,1959,1959,Hip,CompShg,BrkFace,Plywood,None,0.0,TA,TA,CBlock,TA,TA,No,BLQ,7.046647277848756,Unf,0.0,0,7.046647277848756,GasA,TA,Y,SBrkr,7.046647277848756,0,0.0,7.046647277848756,1,0,1,0,3,1,TA,6,Typ,0,None,Attchd,1959.0,Unf,1,672,TA,TA,Y,0.0,0.0,0.0,0.0,0.0,0.0,None,GdPrv,None,0.0,7,2009,WD,Normal,132500,7.739359202689098,50,50,2.0,1,1,0,0,0
865,20,FV,4.290459441148391,9.0642735958414,Pave,None,Reg,Lvl,AllPub,Inside,Gtl,Somerst,Norm,Norm,1Fam,1Story,7,5,2007,2008,Gable,CompShg,VinylSd,VinylSd,None,0.0,Gd,TA,PConc,Ex,TA,No,Unf,0.0,Unf,0.0,1372,7.224753405767971,GasA,Ex,Y,SBrkr,7.224753405767971,0,0.0,7.224753405767971,0,0,2,0,3,1,Gd,6,Typ,0,None,Attchd,2008.0,Fin,2,529,TA,TA,Y,0.0,4.948759890378168,0.0,0.0,0.0,0.0,None,None,None,0.0,5,2008,New,Partial,250580,7.917536353943631,1,0,2.0,1,1,0,0,140
866,20,RL,4.30406509320417,9.076923258535832,Pave,None,IR1,Lvl,AllPub,Inside,Gtl,NAmes,Norm,Norm,1Fam,1Story,5,6,1970,1970,Gable,CompShg,MetalSd,MetalSd,BrkFace,4.343805421853684,TA,TA,CBlock,TA,TA,No,BLQ,6.720220155135295,Unf,0.0,174,6.910750787961936,GasA,TA,Y,SBrkr,6.910750787961936,0,0.0,6.910750787961936,1,0,1,0,3,1,TA,5,Typ,0,None,Detchd,1973.0,Unf,2,902,TA,TA,Y,0.0,0.0,0.0,0.0,0.0,0.0,None,MnPrv,None,0.0,8,2009,WD,Normal,148500,7.60339933974067,39,39,2.0,1,1,0,0,0
867,20,RL,4.219507705176107,9.273972232220956,Pave,None,IR1,HLS,AllPub,Inside,Gtl,Timber,Norm,Norm,1Fam,1Story,8,5,2006,2007,Gable,CompShg,VinylSd,VinylSd,Stone,5.616771097666572,Gd,TA,PConc,Gd,TA,Av,Unf,0.0,Unf,0.0,1638,7.40184157874383,GasA,Ex,Y,SBrkr,7.4067107301776405,0,0.0,7.4067107301776405,0,0,2,0,3,1,Gd,6,Typ,1,Gd,Attchd,2007.0,RFn,3,870,TA,TA,Y,5.262690188904886,4.394449154672439,0.0,0.0,0.0,0.0,None,None,None,0.0,11,2007,New,Partial,248900,8.09712193091871,1,0,2.0,1,1,1,0,272
868,20,RL,4.454347296253507,8.849513965486398,Pave,None,Reg,Lvl,AllPub,Corner,Gtl,Sawyer,Feedr,Norm,1Fam,1Story,4,5,1961,1961,Gable,CompShg,VinylSd,VinylSd,None,0.0,TA,TA,CBlock,TA,TA,No,ALQ,6.838405200847344,Unf,0.0,108,6.947937068614969,GasA,TA,Y,SBrkr,7.02197642307216,0,0.0,7.02197642307216,1,0,1,1,3,1,Fa,5,Typ,0,None,Attchd,1961.0,RFn,2,544,TA,TA,Y,5.1298987149230735,0.0,0.0,0.0,0.0,0.0,None,None,Shed,5.993961427306569,5,2007,WD,Normal,129000,7.6783263565068856,46,46,2.5,1,1,0,0,168
869,60,RL,4.189654742026425,9.599879329534089,Pave,None,IR2,Lvl,AllPub,Corner,Gtl,Gilbert,Feedr,Norm,1Fam,2Story,5,6,1948,1950,Gable,CompShg,Plywood,Plywood,None,0.0,TA,TA,Slab,None,None,None,None,0.0,None,0.0,0,0.0,GasA,Gd,Y,SBrkr,7.344719054149673,720,3.9889840465642745,7.749753406274437,0,0,2,0,2,1,TA,7,Typ,1,TA,Attchd,1979.0,Unf,2,672,TA,TA,P,4.795790545596741,4.976733742420574,0.0,0.0,0.0,0.0,None,None,None,0.0,5,2006,WD,Normal,169000,7.7266536648476425,58,56,2.0,1,0,1,1,264
870,60,RL,4.394449154672439,9.204221690968005,Pave,None,Reg,Lvl,AllPub,Inside,Gtl,SawyerW,Norm,Norm,1Fam,2Story,7,5,1993,1994,Gable,CompShg,MetalSd,MetalSd,BrkFace,5.5093883366279774,Gd,TA,PConc,Gd,TA,No,GLQ,6.621405651764134,Unf,0.0,300,6.957497370876951,GasA,Ex,Y,SBrkr,6.968850378341948,887,0.0,7.575584651557793,1,0,2,1,3,1,Gd,8,Typ,1,TA,Attchd,1993.0,Fin,2,574,TA,TA,Y,5.056245805348308,4.51085950651685,0.0,0.0,0.0,0.0,None,GdPrv,None,0.0,6,2010,WD,Normal,236000,8.006367567650246,17,16,3.5,1,1,1,1,246
871,20,RL,4.110873864173311,8.79497643168877,Pave,None,Reg,Lvl,AllPub,Inside,Gtl,NAmes,PosN,Norm,1Fam,1Story,5,5,1962,1962,Hip,CompShg,MetalSd,MetalSd,None,0.0,TA,TA,CBlock,TA,TA,No,Unf,0.0,Unf,0.0,894,6.796823718274855,GasA,Gd,N,SBrkr,6.796823718274855,0,0.0,6.796823718274855,0,0,1,0,2,1,TA,5,Typ,0,None,Detchd,1962.0,Unf,1,308,TA,TA,Y,0.0,0.0,0.0,0.0,0.0,0.0,None,None,None,0.0,8,2009,WD,Normal,109500,7.489412083508719,47,47,1.0,1,1,0,0,0
872,60,RL,4.2626798770413155,9.076923258535832,Pave,None,Reg,Lvl,AllPub,Inside,Gtl,CollgCr,Norm,Norm,1Fam,2Story,6,5,1998,1998,Gable,CompShg,VinylSd,VinylSd,BrkFace,4.762173934797756,TA,TA,PConc,Gd,TA,No,GLQ,6.226536669287466,Unf,0.0,299,6.690842277418564,GasA,Ex,Y,SBrkr,6.690842277418564,878,0.0,7.428333194190806,0,0,2,1,3,1,Gd,7,Typ,0,None,Attchd,1998.0,RFn,2,523,TA,TA,Y,0.0,4.356708826689592,0.0,0.0,0.0,0.0,None,None,None,0.0,6,2010,WD,Normal,200500,7.818832443803404,12,12,2.5,1,1,0,1,77
873,20,RL,4.31748811353631,9.09301972939964,Pave,None,Reg,Lvl,AllPub,Corner,Gtl,NAmes,Norm,Norm,1Fam,1Story,5,7,1953,1996,Gable,CompShg,WdShing,Wd Shng,None,0.0,Gd,TA,Stone,TA,TA,Av,Unf,0.0,Unf,0.0,105,4.663439094112067,GasA,Gd,Y,SBrkr,6.814542897259958,0,0.0,6.814542897259958,0,0,1,0,3,1,Gd,5,Typ,0,None,Attchd,1953.0,Unf,2,414,TA,TA,Y,5.2832037287379885,0.0,5.017279836814924,0.0,0.0,0.0,None,GdWo,None,0.0,10,2008,WD,Normal,116000,6.923628628138427,55,12,1.0,1,1,0,0,346
874,40,RL,4.110873864173311,9.404672841436273,Pave,None,Reg,Lvl,AllPub,Inside,Gtl,NAmes,Norm,Norm,1Fam,1Story,5,7,1949,1950,Gable,CompShg,HdBoard,HdBoard,None,0.0,Gd,TA,CBlock,TA,TA,No,Rec,5.929589143389895,Unf,0.0,457,6.725033642166843,GasA,Gd,Y,SBrkr,6.9440872082295275,0,5.4510384535657,7.1459844677143876,0,0,1,0,3,1,TA,6,Typ,1,Gd,Attchd,1949.0,Unf,1,288,TA,TA,Y,0.0,3.367295829986474,0.0,0.0,0.0,0.0,None,None,Othr,0.0,9,2009,WD,Normal,133000,7.533158807455563,60,59,1.0,1,1,1,0,28
875,50,RM,3.970291913552122,8.651898894268529,Pave,None,Reg,Lvl,AllPub,Inside,Gtl,OldTown,Artery,Norm,1Fam,1.5Fin,5,6,1941,1950,Gable,CompShg,Wd Sdng,Wd Sdng,None,0.0,TA,TA,CBlock,TA,TA,No,Unf,0.0,Unf,0.0,676,6.517671272912275,GasA,Ex,Y,SBrkr,6.517671272912275,455,0.0,7.0317412587631285,0,0,1,1,3,1,TA,5,Typ,0,None,Detchd,1941.0,Unf,1,200,TA,TA,Y,3.295836866004329,0.0,0.0,0.0,0.0,0.0,None,None,None,0.0,8,2009,WD,Abnorml,66500,7.4999765409521215,68,59,1.5,1,1,0,1,26
876,60,FV,4.330733340286331,9.105090961257085,Pave,None,Reg,Lvl,AllPub,Inside,Gtl,Somerst,Norm,Norm,1Fam,2Story,8,5,2007,2007,Gable,CompShg,CemntBd,CmentBd,None,0.0,Gd,TA,PConc,Gd,TA,Av,GLQ,4.174387269895637,Unf,0.0,1120,7.077498053569231,GasA,Ex,Y,SBrkr,7.077498053569231,1426,0.0,7.8674885686991285,0,0,2,1,4,1,Ex,11,Typ,1,Gd,BuiltIn,2007.0,Fin,2,550,TA,TA,Y,5.342334251964811,5.8998973535824915,0.0,0.0,0.0,0.0,None,None,None,0.0,8,2007,New,Partial,303477,8.24143968982973,0,0,2.5,1,1,1,1,572
877,20,RL,4.553876891600541,10.138045708665592,Pave,None,Reg,HLS,AllPub,Inside,Mod,Mitchel,Norm,Norm,1Fam,1Story,4,5,1963,1963,Gable,CompShg,HdBoard,Plywood,None,0.0,TA,TA,PConc,TA,TA,Gd,ALQ,6.452048954437226,Unf,0.0,431,6.970730078143525,GasA,Gd,Y,SBrkr,6.947937068614969,0,0.0,6.947937068614969,1,0,1,0,3,1,TA,5,Typ,0,None,Attchd,1963.0,Unf,2,648,TA,TA,Y,0.0,0.0,0.0,0.0,0.0,0.0,None,None,None,0.0,1,2007,WD,Normal,132250,7.652070746116482,44,44,2.0,1,1,0,0,0
878,60,RL,4.31748811353631,9.086476384753796,Pave,None,Reg,Lvl,AllPub,Inside,Gtl,NridgHt,Norm,Norm,1Fam,2Story,9,5,2004,2005,Hip,CompShg,VinylSd,VinylSd,Stone,5.37989735354046,Gd,TA,PConc,Ex,TA,No,GLQ,7.065613363597717,Unf,0.0,292,7.288244401020124,GasA,Ex,Y,SBrkr,7.288244401020124,762,0.0,7.707512194600341,1,0,2,1,4,1,Ex,10,Typ,1,Gd,Attchd,2004.0,Fin,3,738,TA,TA,Y,5.220355825078324,0.0,0.0,0.0,0.0,0.0,None,None,None,0.0,6,2009,WD,Normal,350000,8.212568398234145,5,4,3.5,1,1,1,1,184
879,85,RL,4.48863636973214,9.37441309371334,Pave,None,IR1,Lvl,AllPub,Inside,Gtl,Sawyer,Norm,Norm,1Fam,SFoyer,5,7,1961,1995,Gable,CompShg,HdBoard,HdBoard,None,0.0,TA,TA,CBlock,TA,TA,Av,ALQ,6.802394763324311,Unf,0.0,210,7.01211529430638,GasA,TA,Y,SBrkr,7.052721049232323,0,0.0,7.052721049232323,1,0,1,0,3,1,Gd,6,Min2,0,None,Detchd,1987.0,Unf,2,576,TA,TA,Y,5.262690188904886,0.0,0.0,0.0,0.0,0.0,None,MnPrv,Shed,5.993961427306569,6,2010,WD,Normal,148000,7.725330037917135,49,15,2.0,1,1,0,0,192
880,20,RL,4.2626798770413155,8.853808274977197,Pave,None,IR1,Lvl,AllPub,CulDSac,Gtl,CollgCr,Norm,Norm,1Fam,1Story,5,8,1978,2005,Gable,CompShg,VinylSd,VinylSd,BrkFace,4.51085950651685,Gd,Gd,CBlock,TA,TA,No,ALQ,6.472346294500901,Unf,0.0,218,6.762729506931879,GasA,Ex,Y,SBrkr,6.762729506931879,0,0.0,6.762729506931879,1,0,1,0,3,1,TA,6,Typ,0,None,Attchd,1978.0,Unf,1,336,TA,TA,Y,0.0,0.0,0.0,0.0,0.0,0.0,None,GdWo,None,0.0,7,2009,WD,Normal,136500,7.455298485683291,31,4,2.0,1,1,0,0,0
881,20,RL,4.110873864173311,8.857230494201946,Pave,None,Reg,Lvl,AllPub,Inside,Gtl,Edwards,Norm,Norm,1Fam,1Story,5,5,2005,2006,Gable,CompShg,VinylSd,VinylSd,None,0.0,TA,TA,PConc,Ex,Gd,No,ALQ,6.8885724595653635,Unf,0.0,110,6.994849985833071,GasA,Gd,Y,SBrkr,6.994849985833071,0,0.0,6.994849985833071,1,0,1,1,2,1,TA,5,Typ,0,None,Attchd,2005.0,Fin,2,450,TA,TA,Y,0.0,3.912023005428146,0.0,0.0,0.0,0.0,None,None,None,0.0,6,2007,WD,Normal,157000,7.687538766201629,2,1,2.5,1,1,0,0,49
882,50,RL,3.8066624897703196,9.529448434427817,Pave,None,IR1,Lvl,AllPub,CulDSac,Gtl,Timber,Norm,Norm,1Fam,1.5Fin,7,5,1990,1991,Gable,CompShg,HdBoard,HdBoard,BrkFace,4.770684624465665,Gd,Gd,CBlock,Gd,TA,Mn,LwQ,6.805722553416985,Unf,0.0,254,7.053585727193677,GasA,Ex,Y,SBrkr,7.080026499922591,530,0.0,7.4489161025442,0,0,2,1,3,1,Gd,7,Typ,1,TA,Attchd,1990.0,RFn,2,400,TA,TA,Y,5.1298987149230735,3.6109179126442243,0.0,0.0,0.0,0.0,None,None,None,0.0,4,2007,WD,Normal,187500,7.96346006663897,17,16,2.5,1,1,1,1,204
883,60,RL,4.189654742026425,9.173365135851288,Pave,None,IR1,Lvl,AllPub,Corner,Gtl,Gilbert,Norm,Norm,1Fam,2Story,6,5,1992,1993,Gable,CompShg,VinylSd,VinylSd,None,0.0,TA,TA,PConc,Gd,TA,No,Unf,0.0,Unf,0.0,808,6.695798917058491,GasA,Gd,Y,SBrkr,6.695798917058491,785,0.0,7.374001859350161,0,0,2,1,3,1,TA,7,Typ,1,TA,BuiltIn,1993.0,RFn,2,389,TA,TA,Y,5.8377304471659395,3.713572066704308,0.0,0.0,0.0,0.0,None,MnPrv,None,0.0,12,2009,WD,Normal,178000,7.784057002639929,17,16,2.5,1,1,1,1,382
884,75,RL,4.110873864173311,8.733110697638708,Pave,None,Reg,Bnk,AllPub,Inside,Gtl,SWISU,Norm,Norm,1Fam,2.5Fin,4,5,1912,1950,Gable,CompShg,Wd Sdng,Wd Sdng,None,0.0,Gd,TA,PConc,TA,Fa,No,Unf,0.0,Unf,0.0,795,6.679599185844383,GasA,TA,N,SBrkr,6.86171134048073,795,6.1779441140506,7.7102051944325325,1,0,1,0,5,1,TA,10,Typ,0,None,Detchd,1997.0,Unf,1,440,TA,Gd,Y,0.0,5.241747015059643,0.0,0.0,0.0,0.0,None,None,None,0.0,3,2006,WD,Normal,118500,7.841885928984623,94,56,2.0,1,1,0,1,188
885,20,RL,4.189654742026425,8.875007486048396,Pave,None,Reg,Lvl,AllPub,Inside,Gtl,NAmes,Norm,Norm,1Fam,1Story,5,5,1967,1967,Gable,CompShg,HdBoard,HdBoard,BrkFace,4.110873864173311,TA,TA,CBlock,TA,TA,No,BLQ,6.07073772800249,Unf,0.0,460,6.794586580876499,GasA,TA,Y,SBrkr,6.794586580876499,0,0.0,6.794586580876499,0,0,1,0,3,1,TA,5,Typ,0,None,Attchd,1967.0,RFn,1,288,TA,TA,Y,0.0,0.0,0.0,0.0,0.0,0.0,None,GdWo,None,0.0,7,2009,WD,Normal,100000,7.487173694213739,42,42,1.0,1,1,0,0,0
886,120,FV,3.9318256327243257,8.540909718033554,Pave,None,IR1,Lvl,AllPub,CulDSac,Gtl,Somerst,Norm,Norm,TwnhsE,1Story,9,5,1999,2000,Gable,CompShg,MetalSd,MetalSd,BrkFace,4.110873864173311,Gd,TA,PConc,Ex,TA,Av,GLQ,7.122059881629142,Unf,0.0,460,7.4377951216719325,GasA,Ex,Y,SBrkr,7.444248649496705,0,0.0,7.444248649496705,1,0,2,0,2,1,Gd,5,Typ,1,TA,Attchd,1999.0,Fin,2,506,TA,TA,Y,4.584967478670572,4.189654742026425,0.0,0.0,0.0,0.0,None,None,None,0.0,1,2008,CWD,Abnorml,328900,8.133880887949207,9,8,3.0,1,1,1,0,162
887,90,RL,4.2626798770413155,9.035272443893536,Pave,None,Reg,Lvl,AllPub,Corner,Gtl,NAmes,Norm,Norm,Duplex,1Story,5,5,1959,2005,Gable,CompShg,MetalSd,MetalSd,BrkFace,4.812184355372417,TA,TA,CBlock,TA,TA,No,LwQ,6.270988431858299,Unf,0.0,1098,7.394493107219038,GasA,Ex,Y,SBrkr,7.44600149832412,0,0.0,7.44600149832412,0,0,2,0,4,2,TA,8,Typ,0,None,Attchd,2005.0,Fin,2,588,TA,TA,Y,5.60947179518496,4.007333185232471,0.0,0.0,0.0,0.0,None,None,None,0.0,6,2006,WD,Family,145000,8.113426639943654,47,1,2.0,1,1,0,0,326
888,50,RL,4.0943445622221,9.709113657218,Pave,None,IR1,Lvl,AllPub,Inside,Gtl,Edwards,Norm,Norm,1Fam,1.5Fin,5,7,1955,1955,Gable,CompShg,MetalSd,MetalSd,None,0.0,TA,Gd,PConc,TA,TA,No,Unf,0.0,Unf,0.0,816,6.705639094860003,GasA,TA,Y,SBrkr,6.771935555839602,521,0.0,7.2399325913204695,0,0,1,1,3,1,TA,8,Typ,0,None,Attchd,1955.0,Unf,1,300,TA,TA,Y,4.804021044733257,0.0,0.0,0.0,5.583496308781699,0.0,None,None,None,0.0,4,2008,WD,Normal,135500,7.700747794511798,53,53,1.5,1,1,0,1,386
889,20,RL,4.564348191467836,9.671933733861948,Pave,None,IR1,Lvl,AllPub,Inside,Mod,NAmes,Norm,Norm,1Fam,1Story,8,6,1970,1970,Flat,Tar&Grv,Wd Sdng,Wd Sdng,None,0.0,Gd,Gd,PConc,TA,Gd,Gd,ALQ,5.863631175598097,Rec,6.714170529909472,1043,7.704361167910313,GasA,Ex,Y,SBrkr,7.704361167910313,0,0.0,7.704361167910313,1,0,2,0,4,1,Gd,8,Typ,1,TA,Attchd,1970.0,Unf,2,621,TA,TA,Y,4.406719247264253,5.337538079701318,0.0,0.0,5.41610040220442,0.0,None,None,None,0.0,10,2007,WD,Normal,268000,8.39728289474368,37,37,3.0,1,1,1,0,512
890,20,RL,4.859812404361672,9.405989388981,Pave,None,Reg,Lvl,AllPub,Inside,Gtl,NAmes,Feedr,Norm,1Fam,1Story,6,4,1953,1953,Hip,CompShg,Wd Sdng,Wd Sdng,BrkFace,4.51085950651685,TA,TA,CBlock,TA,TA,No,BLQ,6.932447891572509,Unf,0.0,481,7.317212408359839,GasA,Ex,Y,SBrkr,7.317212408359839,0,0.0,7.317212408359839,1,0,1,0,2,1,TA,6,Typ,1,TA,Attchd,1953.0,RFn,2,505,TA,TA,Y,0.0,0.0,0.0,5.093750200806762,0.0,0.0,None,None,None,0.0,2,2009,WD,Normal,149500,8.010027528481734,56,56,2.0,1,1,1,0,162
891,50,RL,4.110873864173311,8.99528899055931,Pave,None,Reg,Lvl,AllPub,Corner,Gtl,NAmes,Artery,Norm,1Fam,1.5Fin,5,7,1949,2006,Gable,CompShg,MetalSd,MetalSd,None,0.0,TA,Gd,CBlock,TA,TA,Mn,Unf,0.0,Unf,0.0,672,6.511745329644728,GasA,Ex,Y,SBrkr,6.511745329644728,252,0.0,6.829793737512425,0,0,1,0,3,1,TA,6,Typ,1,Po,Detchd,2003.0,Unf,2,576,TA,TA,Y,0.0,0.0,0.0,0.0,0.0,0.0,None,MnPrv,Shed,7.601402334583733,7,2007,WD,Normal,122900,7.3758821482150125,58,1,1.0,1,1,1,1,0
892,60,RL,4.2626798770413155,9.32232887392423,Pave,None,Reg,Lvl,AllPub,Inside,Gtl,Sawyer,Norm,Norm,1Fam,2Story,6,5,1978,1978,Hip,CompShg,HdBoard,HdBoard,BrkFace,4.532599493153256,TA,TA,CBlock,TA,TA,No,LwQ,5.424950017481403,Rec,6.2166061010848646,192,6.823286122355687,GasA,Gd,Y,SBrkr,6.823286122355687,765,0.0,7.428927194802272,0,0,2,1,3,1,TA,7,Typ,1,TA,Attchd,1978.0,RFn,2,440,TA,TA,Y,5.497168225293202,0.0,0.0,0.0,0.0,0.0,None,None,None,0.0,7,2009,WD,Normal,172500,7.86403565907245,31,31,2.5,1,1,1,1,243
893,20,RL,4.2626798770413155,9.037771106624906,Pave,None,Reg,Lvl,AllPub,Inside,Gtl,Sawyer,Norm,Norm,1Fam,1Story,6,8,1963,2003,Hip,CompShg,HdBoard,HdBoard,None,0.0,TA,TA,CBlock,TA,TA,No,GLQ,6.498282149476434,Unf,0.0,396,6.966024187106113,GasA,TA,Y,SBrkr,6.974478911025045,0,0.0,6.974478911025045,0,1,1,0,3,1,TA,6,Typ,0,None,Attchd,1963.0,RFn,1,264,TA,TA,Y,5.262690188904886,0.0,0.0,0.0,0.0,0.0,None,MnPrv,None,0.0,2,2006,WD,Normal,154500,7.662937850461535,43,3,1.5,1,1,0,0,192
894,20,RL,4.276666119016055,9.494390858193913,Pave,None,Reg,Lvl,AllPub,Inside,Gtl,Sawyer,PosN,Norm,1Fam,1Story,5,5,1954,1954,Gable,CompShg,Wd Sdng,Plywood,None,0.0,TA,TA,PConc,Gd,TA,Mn,BLQ,6.970730078143525,Unf,0.0,319,7.232733136177615,GasA,TA,Y,SBrkr,7.232733136177615,0,0.0,7.232733136177615,1,0,1,0,3,1,TA,6,Typ,1,Gd,Attchd,1954.0,Unf,1,354,TA,TA,Y,6.238324625039508,4.762173934797756,0.0,0.0,0.0,0.0,None,GdPrv,None,0.0,6,2008,WD,Normal,165000,7.925518979786926,54,54,2.0,1,1,1,0,627
895,90,RL,4.174387269895637,8.856376036730422,Pave,None,Reg,Bnk,AllPub,Inside,Gtl,SawyerW,Norm,Norm,Duplex,1Story,5,5,1979,1979,Gable,CompShg,Plywood,Plywood,None,0.0,TA,TA,Slab,None,None,None,None,0.0,None,0.0,0,0.0,GasA,TA,Y,SBrkr,7.336936913707618,0,0.0,7.336936913707618,0,0,2,0,4,2,TA,8,Typ,0,None,Attchd,1979.0,Unf,2,400,TA,TA,Y,0.0,0.0,0.0,0.0,0.0,0.0,None,None,None,0.0,6,2009,WD,Alloca,118858,7.336936913707618,30,30,2.0,1,0,0,0,0
896,60,RL,4.276666119016055,8.86177531100083,Pave,None,Reg,Lvl,AllPub,Inside,Gtl,NAmes,Norm,Norm,1Fam,2Story,6,5,1963,1963,Hip,CompShg,HdBoard,HdBoard,BrkFace,6.030685260261263,TA,TA,CBlock,TA,TA,No,BLQ,5.993961427306569,Unf,0.0,380,6.660575149839686,GasA,TA,Y,SBrkr,6.891625897052253,813,0.0,7.493873886783559,1,0,1,1,4,1,TA,8,Typ,1,TA,Attchd,1963.0,RFn,2,483,TA,TA,Y,0.0,3.9318256327243257,0.0,0.0,0.0,0.0,None,None,None,0.0,10,2008,WD,Normal,140000,7.854381210652365,45,45,2.5,1,1,1,1,50
897,30,RM,3.9318256327243257,9.078635880978755,Pave,Grvl,Reg,Lvl,AllPub,Inside,Gtl,IDOTRR,Norm,Norm,1Fam,1Story,4,6,1936,1950,Gable,CompShg,Wd Sdng,Wd Sdng,None,0.0,TA,TA,BrkTil,TA,TA,No,ALQ,5.655991810819852,Unf,0.0,666,6.858565034791365,GasA,Ex,N,SBrkr,6.858565034791365,0,0.0,6.858565034791365,0,0,1,0,2,1,TA,6,Typ,0,None,Detchd,1936.0,Unf,1,327,TA,TA,Y,0.0,3.367295829986474,0.0,0.0,0.0,0.0,None,None,None,0.0,4,2006,WD,Abnorml,106500,7.551186867296149,70,56,1.0,1,1,0,0,28
898,90,RL,4.174387269895637,8.856376036730422,Pave,None,Reg,Lvl,AllPub,Inside,Gtl,SawyerW,Feedr,Norm,Duplex,2Story,5,5,1979,1979,Gable,CompShg,Plywood,Plywood,None,0.0,TA,TA,Slab,None,None,None,None,0.0,None,0.0,0,0.0,GasA,TA,Y,SBrkr,7.02197642307216,1120,0.0,7.714677473800927,0,0,2,0,6,2,TA,12,Typ,0,None,Detchd,1979.0,Unf,2,528,TA,TA,Y,5.043425116919247,0.0,0.0,0.0,0.0,0.0,None,None,None,0.0,6,2009,WD,Alloca,142953,7.714677473800927,30,30,2.0,1,0,0,1,154
899,20,RL,4.61512051684126,9.466531777336593,Pave,None,IR1,Lvl,AllPub,Inside,Gtl,NridgHt,Norm,Norm,1Fam,1Story,9,5,2009,2010,Hip,CompShg,VinylSd,VinylSd,Stone,6.634633357861686,Ex,TA,PConc,Ex,TA,Gd,GLQ,7.691200097522863,Unf,0.0,142,7.754052639035757,GasA,Ex,Y,SBrkr,7.768533300926033,0,0.0,7.768533300926033,1,0,2,1,2,1,Ex,11,Typ,2,Gd,Attchd,2009.0,Fin,3,820,TA,TA,Y,0.0,4.219507705176107,0.0,0.0,0.0,0.0,None,None,None,0.0,3,2010,New,Partial,611657,8.454253391642363,1,0,3.5,1,1,1,0,67
900,20,RL,4.189654742026425,8.852807917623322,Pave,None,Reg,Lvl,AllPub,Inside,Gtl,Sawyer,Feedr,Norm,1Fam,1Story,5,7,1961,1994,Gable,CompShg,HdBoard,Plywood,None,0.0,TA,TA,CBlock,TA,TA,No,BLQ,6.144185634125646,Unf,0.0,447,6.816735880594968,GasA,TA,Y,SBrkr,7.1204443723924875,0,0.0,7.1204443723924875,0,0,1,0,3,1,TA,6,Typ,1,TA,Attchd,1961.0,Unf,1,288,TA,TA,Y,0.0,0.0,0.0,0.0,0.0,0.0,None,None,None,0.0,6,2006,WD,Normal,135000,7.67275789664251,45,12,1.0,1,1,1,0,0
901,20,RL,4.30406509320417,8.901230352110781,Pave,None,IR1,Lvl,AllPub,Inside,Gtl,NAmes,Norm,Norm,1Fam,1Story,4,6,1971,1971,Gable,CompShg,HdBoard,HdBoard,None,0.0,TA,TA,CBlock,TA,TA,No,ALQ,5.777652323222656,Unf,0.0,536,6.755768921984255,GasA,TA,Y,SBrkr,6.755768921984255,0,0.0,6.755768921984255,0,0,1,0,2,1,TA,4,Typ,0,None,Detchd,1979.0,Unf,1,684,TA,TA,Y,0.0,0.0,0.0,0.0,0.0,0.0,None,None,None,0.0,6,2007,WD,Normal,110000,7.448333860897476,36,36,1.0,1,1,0,0,0
902,20,RL,4.174387269895637,9.072571442231286,Pave,None,IR1,Lvl,AllPub,Inside,Gtl,NAmes,Norm,Norm,1Fam,1Story,5,7,1957,2000,Hip,CompShg,MetalSd,MetalSd,None,0.0,TA,Gd,CBlock,TA,TA,Mn,BLQ,6.7580945044277305,Unf,0.0,132,6.900730664045173,GasA,TA,Y,SBrkr,7.175489713624222,0,0.0,7.175489713624222,1,0,1,0,2,1,TA,5,Typ,0,None,Detchd,1968.0,Unf,1,756,TA,TA,Y,0.0,0.0,0.0,0.0,0.0,0.0,None,None,None,0.0,5,2009,WD,Normal,153000,7.740229524763182,52,9,2.0,1,1,0,0,0
903,60,RL,4.1588830833596715,8.971575439759016,Pave,None,Reg,Lvl,AllPub,Inside,Gtl,Gilbert,Norm,Norm,1Fam,2Story,7,5,2003,2003,Gable,CompShg,VinylSd,VinylSd,None,0.0,Gd,TA,PConc,Gd,TA,No,Unf,0.0,Unf,0.0,783,6.664409020350408,GasA,Ex,Y,SBrkr,6.694562058521095,702,0.0,7.31986492980897,0,0,2,1,3,1,Gd,8,Typ,1,Gd,Attchd,2003.0,Fin,2,393,TA,TA,Y,0.0,4.330733340286331,0.0,0.0,0.0,0.0,None,None,None,0.0,7,2006,WD,Normal,180000,7.737616282857904,3,3,2.5,1,1,1,1,75
904,20,RL,3.9318256327243257,9.60642831827175,Pave,None,IR1,HLS,AllPub,CulDSac,Gtl,Gilbert,Norm,Norm,1Fam,1Story,7,5,2006,2006,Hip,CompShg,VinylSd,VinylSd,BrkFace,3.332204510175204,Gd,TA,PConc,Gd,TA,No,Unf,0.0,Unf,0.0,1670,7.421177528595393,GasA,Ex,Y,SBrkr,7.421177528595393,0,0.0,7.421177528595393,0,0,2,0,3,1,Gd,7,Typ,1,Gd,Attchd,2006.0,RFn,3,690,TA,TA,Y,4.976733742420574,4.110873864173311,0.0,0.0,0.0,0.0,None,None,None,0.0,8,2006,New,Partial,240000,8.114025442356757,0,0,2.0,1,1,1,0,204
905,20,RL,4.276666119016055,8.728102205062104,Pave,None,IR1,Lvl,AllPub,Inside,Gtl,Sawyer,Norm,Norm,1Fam,1Story,5,6,1967,1967,Gable,CompShg,HdBoard,Wd Sdng,BrkFace,4.330733340286331,TA,TA,CBlock,TA,TA,No,GLQ,6.396929655216146,Unf,0.0,277,6.776506992372183,GasA,TA,Y,SBrkr,6.805722553416985,0,0.0,6.805722553416985,0,0,1,0,3,1,TA,6,Typ,0,None,Attchd,1967.0,Unf,1,288,TA,TA,Y,0.0,0.0,0.0,0.0,0.0,0.0,None,MnPrv,None,0.0,8,2007,WD,Normal,125500,7.483806687665835,40,40,1.0,1,1,0,0,0
906,20,RL,4.394449154672439,9.202409001649903,Pave,None,Reg,Lvl,AllPub,Inside,Gtl,NAmes,Norm,Norm,1Fam,1Story,5,5,1954,1954,Gable,CompShg,HdBoard,HdBoard,Stone,4.709530201312334,TA,TA,CBlock,TA,TA,No,Rec,5.872117789475416,LwQ,5.673323267171493,412,6.963189985870238,GasA,TA,Y,SBrkr,6.96979066990159,0,0.0,6.96979066990159,1,0,1,0,3,1,TA,6,Typ,0,None,Attchd,1954.0,RFn,1,280,TA,TA,Y,0.0,0.0,5.10594547390058,0.0,0.0,0.0,None,MnPrv,None,0.0,2,2010,WD,Normal,128000,7.659171367666058,56,56,2.0,1,1,0,0,164
907,20,RL,4.762173934797756,9.510593101601815,Pave,None,IR1,Lvl,AllPub,Corner,Gtl,Somerst,Norm,Norm,1Fam,1Story,8,5,2006,2006,Gable,CompShg,VinylSd,VinylSd,Stone,5.342334251964811,Gd,TA,PConc,Gd,TA,No,GLQ,4.1588830833596715,Unf,0.0,1560,7.392647520721623,GasA,Ex,Y,SBrkr,7.400620577371135,0,0.0,7.400620577371135,1,0,2,0,3,1,Gd,8,Typ,1,Gd,Attchd,2006.0,RFn,3,865,TA,TA,Y,0.0,4.110873864173311,0.0,0.0,0.0,0.0,None,None,None,0.0,6,2007,WD,Normal,255000,8.089482474360754,1,1,3.0,1,1,1,0,60
908,50,RL,4.465908118654584,9.350189267092581,Pave,None,IR1,Lvl,AllPub,Inside,Gtl,Crawfor,Norm,Norm,1Fam,1.5Fin,7,7,1936,1987,Gable,CompShg,BrkFace,BrkFace,None,0.0,Gd,TA,CBlock,Gd,TA,No,Rec,5.4116460518550396,Unf,0.0,794,6.925595197110468,GasA,Gd,Y,SBrkr,6.928537818164665,1037,0.0,7.629489916393995,0,0,1,1,3,1,Gd,6,Typ,1,Gd,Attchd,1936.0,Fin,1,180,Fa,TA,Y,0.0,0.0,0.0,0.0,5.777652323222656,0.0,None,None,None,0.0,6,2006,WD,Normal,250000,8.031060180240619,70,19,1.5,1,1,1,1,322
909,20,RL,4.30406509320417,9.092232283495854,Pave,None,IR1,Low,AllPub,Inside,Mod,Mitchel,Norm,Norm,1Fam,1Story,5,5,1983,1983,Gable,CompShg,HdBoard,HdBoard,None,0.0,TA,TA,CBlock,Gd,TA,Av,BLQ,5.71042701737487,ALQ,5.783825182329737,239,6.762729506931879,GasA,TA,Y,SBrkr,6.805722553416985,0,0.0,6.805722553416985,1,0,1,0,2,1,TA,5,Typ,0,None,Attchd,1983.0,Unf,2,484,TA,TA,Y,5.10594547390058,0.0,0.0,0.0,0.0,0.0,None,MnPrv,None,0.0,6,2006,WD,Normal,131000,7.4770384723196965,23,23,2.0,1,1,0,0,164
910,60,RL,5.0106352940962555,9.440658127038393,Pave,None,IR2,Lvl,AllPub,Inside,Gtl,Gilbert,Norm,Norm,1Fam,2Story,6,5,2005,2005,Gable,CompShg,VinylSd,VinylSd,None,0.0,Gd,TA,PConc,Gd,TA,No,Unf,0.0,Unf,0.0,742,6.610696044717759,GasA,Ex,Y,SBrkr,6.610696044717759,742,0.0,7.3031700512368,0,0,2,1,3,1,Gd,8,Typ,1,Gd,Attchd,2005.0,Fin,2,390,TA,TA,Y,3.6109179126442243,3.2188758248682006,0.0,0.0,0.0,0.0,None,None,None,0.0,6,2009,WD,Normal,174000,7.708410667257367,4,4,2.5,1,1,1,1,60
911,90,RL,4.394449154672439,9.358846580275406,Pave,None,Reg,Lvl,AllPub,Corner,Gtl,NAmes,Feedr,Norm,Duplex,2Story,5,5,1960,1960,Gable,CompShg,MetalSd,MetalSd,BrkFace,5.8916442118257715,TA,TA,CBlock,TA,TA,No,Rec,6.095824562432225,Unf,0.0,662,7.00850518208228,GasA,TA,Y,FuseA,7.00850518208228,1169,0.0,7.729735331385051,0,0,2,0,5,2,TA,12,Typ,0,None,Detchd,1960.0,Unf,2,480,TA,TA,Y,0.0,0.0,0.0,0.0,0.0,0.0,None,None,None,0.0,1,2010,WD,Normal,154300,8.125630988477065,50,50,2.0,1,1,0,1,0
912,20,RL,4.2626798770413155,9.13637085177601,Pave,None,IR1,Lvl,AllPub,CulDSac,Mod,CollgCr,Norm,Norm,1Fam,1Story,5,7,1977,1989,Gable,CompShg,HdBoard,Plywood,None,0.0,TA,TA,CBlock,Gd,Gd,Av,ALQ,5.2832037287379885,Unf,0.0,1072,7.1459844677143876,GasA,TA,Y,SBrkr,7.1459844677143876,0,0.0,7.1459844677143876,0,0,1,1,3,1,Gd,5,Typ,0,None,Detchd,1978.0,Unf,1,252,TA,TA,Y,5.159055299214529,0.0,0.0,0.0,0.0,0.0,None,None,None,0.0,10,2009,WD,Normal,143500,7.838737559599282,32,20,1.5,1,1,0,0,173
913,30,RM,3.9512437185814275,8.71948076085107,Pave,None,Reg,Lvl,AllPub,Inside,Gtl,BrkSide,Norm,Norm,1Fam,1Story,5,7,1925,1950,Gable,CompShg,MetalSd,MetalSd,None,0.0,TA,TA,BrkTil,TA,TA,No,Rec,6.194405391104672,Unf,0.0,279,6.645090969505644,GasA,TA,N,SBrkr,6.923628628138427,0,0.0,6.923628628138427,0,0,1,0,3,1,TA,6,Min1,0,None,Detchd,1925.0,Unf,1,450,TA,TA,Y,0.0,0.0,4.727387818712341,0.0,4.795790545596741,0.0,None,MnPrv,Shed,6.431331081933479,7,2006,WD,Abnorml,88000,7.486613313139955,81,56,1.0,1,1,0,0,232
914,90,RH,4.418840607796598,8.74369111054302,Pave,None,Reg,HLS,AllPub,Inside,Gtl,Crawfor,Norm,Norm,Duplex,2Story,5,6,1949,1950,Gable,CompShg,MetalSd,MetalSd,None,0.0,TA,TA,CBlock,TA,TA,No,BLQ,5.652489180268651,Unf,0.0,717,6.90975328164481,GasA,TA,N,FuseA,6.90975328164481,1001,0.0,7.602401335665818,0,0,2,0,4,2,TA,8,Typ,0,None,2Types,1949.0,Unf,3,871,TA,TA,Y,0.0,0.0,0.0,0.0,0.0,0.0,None,None,None,0.0,8,2007,WD,Normal,145000,8.007700012884026,58,57,2.0,1,1,0,1,0
915,160,FV,3.4339872044851463,8.006700845440367,Pave,Pave,Reg,Lvl,AllPub,Inside,Gtl,Somerst,Norm,Norm,TwnhsE,2Story,6,5,2009,2009,Gable,CompShg,VinylSd,VinylSd,Stone,4.343805421853684,Gd,TA,PConc,Gd,TA,Av,GLQ,5.68697535633982,Unf,0.0,318,6.418364935936212,GasA,Ex,Y,SBrkr,6.418364935936212,612,0.0,7.110696122978827,0,0,2,1,2,1,Gd,4,Typ,0,None,Detchd,2009.0,RFn,2,528,TA,TA,Y,0.0,5.459585514144159,0.0,0.0,0.0,0.0,None,None,None,0.0,6,2009,New,Partial,173733,7.515889085215125,0,0,2.5,1,1,0,1,234
916,160,RM,3.091042453358316,7.601901959875166,Pave,None,Reg,Lvl,AllPub,Inside,Gtl,MeadowV,Norm,Norm,Twnhs,2Story,4,5,1970,1970,Gable,CompShg,CemntBd,CmentBd,BrkFace,4.394449154672439,TA,TA,CBlock,TA,TA,No,Unf,0.0,Unf,0.0,546,6.304448802421981,GasA,Fa,Y,SBrkr,6.304448802421981,546,0.0,6.996681488176539,0,0,1,1,3,1,TA,6,Typ,0,None,Attchd,1970.0,Unf,1,286,TA,TA,Y,0.0,0.0,0.0,0.0,0.0,0.0,None,None,None,0.0,1,2007,WD,Normal,75000,7.40184157874383,37,37,1.5,1,1,0,1,0
917,20,C (all),3.9318256327243257,9.105090961257085,Pave,None,Reg,Lvl,AllPub,Inside,Gtl,IDOTRR,Norm,Norm,1Fam,1Story,2,3,1949,1950,Gable,CompShg,AsbShng,AsbShng,None,0.0,TA,TA,CBlock,TA,TA,Av,BLQ,3.9318256327243257,Unf,0.0,430,6.175867270105761,GasA,TA,N,FuseA,6.175867270105761,0,0.0,6.175867270105761,1,0,0,0,1,1,TA,4,Typ,0,None,Detchd,1958.0,Unf,1,308,TA,TA,Y,0.0,0.0,0.0,0.0,0.0,0.0,None,None,None,0.0,10,2006,WD,Abnorml,35311,6.8679744089702925,57,56,1.0,1,1,0,0,0
918,20,RL,4.197201947661808,9.749228533507058,Pave,None,Reg,Lvl,AllPub,Inside,Gtl,Edwards,Norm,Norm,1Fam,1Story,4,6,1956,1956,Gable,CompShg,VinylSd,VinylSd,None,0.0,TA,TA,CBlock,TA,TA,No,ALQ,6.966024187106113,Unf,0.0,75,7.034387929915503,GasA,Ex,Y,FuseA,7.114769448366463,0,0.0,7.114769448366463,0,0,1,0,3,1,TA,6,Typ,0,None,Attchd,1956.0,RFn,1,284,TA,TA,Y,0.0,0.0,0.0,0.0,0.0,0.0,None,None,None,0.0,4,2009,WD,Normal,135000,7.768110378525988,53,53,1.0,1,1,0,0,0
919,60,RL,4.6443908991413725,9.482350275033667,Pave,None,IR1,Lvl,AllPub,Corner,Gtl,SawyerW,Norm,Norm,1Fam,2Story,7,5,1991,1991,Gable,CompShg,HdBoard,HdBoard,None,0.0,Gd,TA,PConc,Ex,TA,Mn,BLQ,3.8918202981106265,GLQ,6.453624998892692,422,7.007600613951853,GasA,Ex,Y,SBrkr,6.816735880594968,1215,0.0,7.662937850461535,1,0,2,1,4,1,Gd,8,Typ,1,TA,Attchd,1991.0,RFn,3,833,TA,TA,Y,4.290459441148391,5.262690188904886,5.41610040220442,0.0,0.0,0.0,None,GdPrv,None,0.0,11,2007,WD,Normal,238000,8.080856419640986,16,16,3.5,1,1,1,1,488
920,20,RL,4.477336814478207,9.308374112247549,Pave,None,IR1,Lvl,AllPub,Corner,Gtl,NAmes,Norm,Norm,1Fam,1Story,6,8,1958,2002,Hip,CompShg,MetalSd,MetalSd,None,0.0,Ex,TA,CBlock,Gd,TA,No,ALQ,6.270988431858299,BLQ,6.021023349349527,245,7.077498053569231,GasA,Ex,Y,SBrkr,7.254884810077338,0,0.0,7.254884810077338,1,0,1,0,3,1,TA,6,Min1,1,TA,Attchd,1990.0,Unf,2,601,TA,TA,Y,0.0,3.9512437185814275,0.0,0.0,5.25227342804663,0.0,None,None,None,0.0,5,2008,WD,Normal,176500,7.8628820346414905,50,6,2.0,1,1,1,0,241
921,60,RL,4.2626798770413155,9.043458999670106,Pave,None,IR1,Lvl,AllPub,Inside,Gtl,SawyerW,Norm,Norm,1Fam,2Story,6,5,1994,1994,Gable,CompShg,HdBoard,HdBoard,BrkFace,4.663439094112067,Gd,Gd,PConc,Gd,Gd,No,GLQ,6.703188113240863,Unf,0.0,114,6.834108738813838,GasA,Ex,Y,SBrkr,6.842683282238422,785,0.0,7.451241684987676,0,1,2,1,3,1,Gd,7,Typ,0,None,Attchd,1994.0,RFn,2,471,TA,TA,Y,5.707110264748875,4.477336814478207,0.0,0.0,0.0,0.0,None,None,None,0.0,7,2007,WD,Normal,201000,7.882314918980268,13,13,3.0,1,1,0,1,387
922,90,RL,4.219507705176107,9.080003870248179,Pave,None,Reg,Lvl,AllPub,Inside,Gtl,Edwards,Feedr,Norm,Duplex,1.5Fin,5,7,1900,2003,Gable,CompShg,MetalSd,MetalSd,None,0.0,TA,TA,CBlock,TA,TA,No,ALQ,6.98933526597456,Unf,0.0,188,7.149131598557407,GasA,Gd,Y,SBrkr,7.149131598557407,928,0.0,7.696667081526462,2,0,2,2,4,2,TA,9,Typ,0,None,None,0.0,None,0,0,None,None,N,0.0,4.2626798770413155,0.0,0.0,0.0,0.0,None,GdPrv,None,0.0,9,2008,WD,Normal,145900,8.152774052744075,108,5,5.0,0,1,0,1,70
923,20,RL,4.189654742026425,9.233861567017529,Pave,None,Reg,Lvl,AllPub,Inside,Gtl,Gilbert,RRAn,Norm,1Fam,1Story,6,5,2005,2006,Gable,CompShg,VinylSd,VinylSd,None,0.0,Gd,TA,PConc,Gd,TA,No,GLQ,3.367295829986474,Unf,0.0,1288,7.183111701743281,GasA,Ex,Y,SBrkr,7.183111701743281,0,0.0,7.183111701743281,0,0,2,0,3,1,Gd,6,Typ,1,Gd,Attchd,2005.0,Fin,2,397,TA,TA,Y,4.61512051684126,0.0,0.0,3.1780538303479458,0.0,0.0,None,None,None,0.0,10,2006,New,Partial,169990,7.87587915949631,1,0,2.0,1,1,1,0,123
924,120,RL,3.9318256327243257,8.98882050177807,Pave,None,Reg,Lvl,AllPub,Inside,Gtl,SawyerW,Norm,Norm,TwnhsE,1Story,6,5,1993,1994,Gable,CompShg,Plywood,Plywood,None,0.0,Gd,TA,PConc,Gd,TA,No,LwQ,5.111987788356544,GLQ,6.7357800142423265,598,7.380879035564116,GasA,Ex,Y,SBrkr,7.388946097618437,0,0.0,7.388946097618437,1,0,2,0,2,1,Gd,5,Typ,1,Fa,Attchd,1993.0,RFn,2,533,TA,TA,Y,0.0,4.248495242049359,0.0,0.0,0.0,0.0,None,None,None,0.0,7,2008,WD,Normal,193000,8.07775756373692,15,14,3.0,1,1,1,0,69
925,20,RL,4.382026634673881,9.234154550075438,Pave,None,Reg,Lvl,AllPub,Inside,Gtl,NWAmes,Norm,Norm,1Fam,1Story,6,6,1980,1980,Gable,CompShg,Plywood,Plywood,BrkFace,5.062595033026967,TA,Gd,CBlock,Gd,TA,No,BLQ,6.439350371100098,LwQ,6.967909201801884,0,7.430707082545968,GasA,TA,Y,SBrkr,7.430707082545968,0,0.0,7.430707082545968,1,0,2,0,3,1,TA,7,Typ,1,TA,Attchd,1980.0,Unf,2,612,TA,TA,Y,5.953243334287785,4.882801922586371,0.0,0.0,0.0,0.0,None,None,None,0.0,5,2006,WD,Normal,207500,8.12355783506165,26,26,3.0,1,1,1,0,515
926,20,RL,4.394449154672439,9.655795128300506,Pave,None,IR1,Lvl,AllPub,Corner,Gtl,NWAmes,Norm,Norm,1Fam,1Story,5,6,1977,1977,Gable,CompShg,VinylSd,VinylSd,None,0.0,TA,TA,PConc,Gd,TA,Av,ALQ,6.643789733147672,LwQ,4.543294782270004,266,7.027314514039777,GasA,TA,Y,SBrkr,7.027314514039777,0,0.0,7.027314514039777,0,1,2,0,3,1,Ex,6,Typ,0,None,Attchd,1977.0,RFn,2,540,TA,TA,Y,5.198497031265826,0.0,0.0,0.0,0.0,0.0,None,None,None,0.0,3,2008,WD,Abnorml,175000,7.720017940432244,31,31,2.5,1,1,0,0,180
927,60,RL,4.543294782270004,9.392661928770137,Pave,None,Reg,Lvl,AllPub,Inside,Gtl,NridgHt,Norm,Norm,1Fam,2Story,8,5,2003,2004,Hip,CompShg,VinylSd,VinylSd,BrkFace,5.831882477283517,Gd,TA,PConc,Gd,TA,No,Unf,0.0,Unf,0.0,1181,7.074963197966044,GasA,Ex,Y,SBrkr,7.118826249062078,1140,0.0,7.772752716468742,0,0,2,1,4,1,Ex,10,Typ,1,Gd,BuiltIn,2003.0,Fin,3,656,TA,TA,Y,4.653960350157523,4.61512051684126,0.0,0.0,0.0,0.0,None,None,None,0.0,5,2007,WD,Normal,285000,8.176391596633795,4,3,2.5,1,1,1,1,204
928,60,RL,4.394449154672439,9.200391041122515,Pave,None,Reg,Lvl,AllPub,Inside,Gtl,NWAmes,Feedr,Norm,1Fam,2Story,7,5,1968,1968,Gable,CompShg,MetalSd,MetalSd,BrkFace,5.8377304471659395,TA,TA,CBlock,TA,TA,No,BLQ,6.315358001522335,Unf,0.0,280,6.725033642166843,GasA,Gd,Y,SBrkr,7.002155954403621,880,0.0,7.590346945602565,0,0,2,1,4,1,TA,9,Typ,1,Gd,Attchd,1968.0,RFn,2,486,TA,TA,Y,0.0,3.784189633918261,0.0,0.0,0.0,0.0,None,GdPrv,None,0.0,4,2008,WD,Normal,176000,7.941295570906532,40,40,2.5,1,1,1,1,43
929,20,RL,4.2626798770413155,9.379154445411636,Pave,None,Reg,Lvl,AllPub,Inside,Gtl,CollgCr,Norm,Norm,1Fam,1Story,8,5,2001,2001,Hip,CompShg,VinylSd,VinylSd,None,0.0,Gd,TA,PConc,Gd,TA,Av,Unf,0.0,Unf,0.0,1753,7.469654172932128,GasA,Ex,Y,SBrkr,7.489412083508719,0,0.0,7.489412083508719,0,0,2,0,3,1,Ex,7,Typ,1,TA,Attchd,2001.0,RFn,2,522,TA,TA,Y,5.313205979041787,5.0238805208462765,0.0,0.0,0.0,0.0,None,None,None,0.0,6,2009,WD,Normal,236500,8.17244681834278,8,8,2.0,1,1,1,0,353
930,60,RL,4.189654742026425,9.47324295306374,Pave,None,IR1,Lvl,AllPub,Corner,Gtl,Gilbert,Norm,Norm,1Fam,2Story,7,5,1997,1997,Gable,CompShg,HdBoard,HdBoard,BrkFace,5.655991810819852,TA,TA,PConc,Gd,TA,No,Unf,0.0,Unf,0.0,964,6.872128101338986,GasA,Gd,Y,SBrkr,6.901737206656574,1243,0.0,7.71289096149013,0,0,2,1,4,1,Gd,8,Typ,1,TA,BuiltIn,1997.0,Fin,2,642,TA,TA,Y,0.0,0.0,0.0,0.0,0.0,0.0,None,None,None,0.0,11,2006,WD,Normal,222000,8.071218539969863,9,9,2.5,1,1,1,1,0
931,20,RL,4.30406509320417,9.096723645189215,Pave,None,IR1,HLS,AllPub,Inside,Gtl,Timber,Norm,Norm,1Fam,1Story,8,5,2007,2007,Gable,CompShg,VinylSd,VinylSd,None,0.0,Gd,TA,PConc,Gd,TA,Av,GLQ,2.833213344056216,Unf,0.0,1450,7.2909747781429814,GasA,Ex,Y,SBrkr,7.2909747781429814,0,0.0,7.2909747781429814,0,0,2,0,3,1,Gd,7,Typ,0,None,Attchd,2007.0,Fin,3,610,TA,TA,Y,4.61512051684126,2.9444389791664403,0.0,0.0,0.0,0.0,None,None,None,0.0,7,2009,WD,Normal,201000,7.983781068977451,2,2,2.0,1,1,0,0,118
932,20,RL,4.2626798770413155,9.116139576577355,Pave,None,Reg,Lvl,AllPub,Inside,Gtl,NAmes,Norm,Norm,1Fam,1Story,5,6,1965,1965,Gable,CompShg,VinylSd,VinylSd,None,0.0,TA,TA,CBlock,TA,TA,No,BLQ,5.82600010738045,Rec,6.1463292576688975,121,6.8308742346461795,GasA,Ex,Y,SBrkr,6.8308742346461795,0,0.0,6.8308742346461795,0,1,1,0,2,1,TA,5,Typ,0,None,Detchd,1965.0,Unf,1,429,TA,TA,Y,0.0,0.0,0.0,0.0,0.0,0.0,None,GdWo,None,0.0,7,2009,WD,Normal,117500,7.523481312573497,44,44,1.5,1,1,0,0,0
933,20,RL,4.442651256490317,9.364862411412354,Pave,None,IR1,Lvl,AllPub,Corner,Gtl,Somerst,RRNn,Norm,1Fam,1Story,9,5,2006,2006,Hip,CompShg,VinylSd,ImStucc,Stone,5.713732805509369,Ex,TA,PConc,Ex,Gd,No,Unf,0.0,Unf,0.0,1905,7.552762084214147,GasA,Ex,Y,SBrkr,7.552762084214147,0,0.0,7.552762084214147,0,0,2,0,3,1,Ex,8,Typ,1,Gd,Attchd,2006.0,Fin,3,788,TA,TA,Y,0.0,5.2574953720277815,0.0,0.0,0.0,0.0,None,None,None,0.0,3,2007,WD,Normal,320000,8.24564690087386,1,1,2.0,1,1,1,0,191
934,20,RL,4.1588830833596715,9.046408680293819,Pave,None,Reg,Lvl,AllPub,FR2,Gtl,CollgCr,Norm,Norm,1Fam,1Story,7,5,2004,2004,Gable,CompShg,VinylSd,VinylSd,BrkFace,5.351858133476067,Gd,TA,PConc,Gd,TA,Av,GLQ,3.044522437723423,Unf,0.0,1480,7.313886831633462,GasA,Ex,Y,SBrkr,7.313886831633462,0,0.0,7.313886831633462,0,0,2,0,3,1,Gd,6,Typ,0,None,Attchd,2004.0,RFn,2,570,TA,TA,Y,5.262690188904886,3.6109179126442243,0.0,0.0,0.0,0.0,None,None,None,0.0,8,2009,WD,Normal,190000,8.006700845440367,5,5,2.0,1,1,0,0,228
935,20,RL,5.749392985908253,10.227417172661774,Pave,None,IR2,HLS,AllPub,Inside,Mod,NAmes,PosA,Norm,1Fam,1Story,7,7,1960,2007,Flat,Tar&Grv,Wd Sdng,Wd Sdng,None,0.0,TA,TA,CBlock,Gd,TA,Gd,GLQ,6.054439346269371,Unf,0.0,160,6.373319789577012,GasA,Ex,Y,SBrkr,7.635303886259415,0,0.0,7.635303886259415,1,0,2,0,4,1,Gd,9,Typ,1,Gd,Attchd,1960.0,RFn,2,505,TA,TA,Y,0.0,0.0,0.0,0.0,0.0,0.0,None,None,None,0.0,11,2008,WD,Normal,242000,7.884199933676039,48,1,3.0,1,1,1,0,0
936,30,RL,3.970291913552122,8.67008593751938,Pave,None,IR1,Lvl,AllPub,Inside,Gtl,BrkSide,Norm,Norm,1Fam,1Story,4,5,1926,1953,Gable,CompShg,MetalSd,MetalSd,BrkFace,4.6913478822291435,TA,Gd,PConc,Fa,TA,Mn,Unf,0.0,Unf,0.0,600,6.398594934535208,GasA,Gd,Y,SBrkr,6.617402977974478,0,0.0,6.617402977974478,0,0,1,0,1,1,TA,5,Typ,0,None,Detchd,1953.0,Unf,2,528,TA,TA,Y,0.0,0.0,3.4965075614664802,0.0,0.0,0.0,None,None,None,0.0,6,2006,WD,Normal,79900,7.206377291472252,80,53,1.0,1,1,0,0,32
937,20,RL,4.219507705176107,9.218705288307811,Pave,None,Reg,Lvl,AllPub,Inside,Gtl,SawyerW,Norm,Norm,1Fam,1Story,7,5,2003,2003,Gable,CompShg,VinylSd,VinylSd,None,0.0,Gd,TA,PConc,Gd,TA,No,GLQ,6.726233402358747,Unf,0.0,343,7.0707241072602764,GasA,Ex,Y,SBrkr,7.0909098220799835,0,0.0,7.0909098220799835,1,0,2,0,2,1,Gd,5,Typ,0,None,Attchd,2003.0,RFn,2,555,TA,TA,Y,0.0,3.7376696182833684,0.0,0.0,0.0,0.0,None,None,None,0.0,8,2009,WD,Normal,184900,7.773594467360194,6,6,3.0,1,1,0,0,41
938,60,RL,4.330733340286331,9.177403871729918,Pave,None,Reg,Lvl,AllPub,Inside,Gtl,Somerst,Norm,Norm,1Fam,2Story,7,5,2005,2005,Gable,CompShg,VinylSd,VinylSd,None,0.0,Gd,TA,PConc,Gd,TA,Mn,GLQ,5.834810737062605,Unf,0.0,772,7.01571242048723,GasA,Ex,Y,SBrkr,7.01571242048723,858,0.0,7.586803535162581,0,0,2,1,3,1,Gd,8,Typ,1,Gd,Attchd,2005.0,RFn,2,689,TA,TA,Y,0.0,3.8918202981106265,0.0,0.0,0.0,0.0,None,None,None,0.0,2,2009,WD,Normal,253000,8.034306936339489,4,4,2.5,1,1,1,1,48
939,60,RL,4.30406509320417,9.078065332666364,Pave,None,Reg,Lvl,AllPub,Inside,Gtl,CollgCr,Norm,Norm,1Fam,2Story,7,5,2006,2006,Gable,CompShg,VinylSd,VinylSd,None,0.0,Gd,TA,PConc,Gd,Gd,Mn,GLQ,6.142037405587356,Unf,0.0,927,7.238496840894365,GasA,Ex,Y,SBrkr,7.238496840894365,571,0.0,7.5822291942764615,0,0,2,1,3,1,Gd,7,Typ,0,None,Attchd,2006.0,RFn,3,868,TA,TA,Y,0.0,4.51085950651685,0.0,0.0,0.0,0.0,None,None,None,0.0,8,2006,New,Partial,239799,8.117908942383155,0,0,2.5,1,1,0,1,90
940,70,RL,4.394449154672439,10.089593605747774,Pave,None,Reg,Lvl,AllPub,Inside,Gtl,ClearCr,Norm,Norm,1Fam,2Story,7,7,1940,1950,Gable,CompShg,MetalSd,MetalSd,None,0.0,TA,Gd,CBlock,TA,TA,Mn,Unf,0.0,Unf,0.0,1032,6.940222469119639,GasA,Ex,Y,SBrkr,7.0967213784947605,1196,0.0,7.784889295655098,0,0,2,0,4,1,TA,10,Typ,2,TA,Attchd,1940.0,Unf,1,349,TA,TA,Y,4.04305126783455,0.0,5.765191102784844,0.0,0.0,0.0,None,None,None,0.0,6,2010,COD,Normal,244400,8.142063283104147,70,60,2.0,1,1,1,1,374
941,90,RL,4.02535169073515,9.444700778495557,Pave,None,IR1,Lvl,AllPub,Inside,Gtl,Mitchel,Norm,Norm,Duplex,1Story,6,5,1976,1976,Gable,CompShg,Plywood,Plywood,None,0.0,TA,TA,CBlock,TA,TA,Gd,Rec,6.842683282238422,LwQ,5.983936280687191,396,7.455298485683291,GasA,TA,Y,SBrkr,7.455298485683291,0,0.0,7.455298485683291,0,0,2,0,4,2,TA,8,Typ,0,None,Attchd,1976.0,Unf,2,574,TA,TA,Y,3.713572066704308,0.0,0.0,0.0,0.0,0.0,None,None,None,0.0,7,2006,WD,Normal,150900,8.148156439921625,30,30,2.0,1,1,0,0,40
942,60,RL,4.189654742026425,9.077494458642754,Pave,None,IR1,Lvl,AllPub,FR2,Gtl,Gilbert,RRNn,Norm,1Fam,2Story,7,5,1999,1999,Gable,CompShg,VinylSd,VinylSd,BrkFace,5.700443573390687,Gd,TA,PConc,Gd,TA,No,ALQ,6.650279048587422,Unf,0.0,220,6.900730664045173,GasA,Ex,Y,SBrkr,6.930494765951626,1038,0.0,7.630946580890459,1,0,2,1,3,1,Gd,8,Typ,1,TA,BuiltIn,1999.0,RFn,2,390,TA,TA,Y,0.0,0.0,0.0,5.1298987149230735,0.0,0.0,None,GdPrv,None,0.0,6,2009,WD,Normal,214000,8.023879992734878,10,10,3.5,1,1,1,1,168
943,90,RL,3.7612001156935624,8.950532836290382,Pave,None,IR1,Lvl,AllPub,Inside,Gtl,Edwards,Norm,Norm,Duplex,1Story,4,3,1977,1977,Gable,CompShg,MetalSd,MetalSd,None,0.0,TA,TA,PConc,Gd,TA,Gd,GLQ,7.273092595999522,Unf,0.0,0,7.273092595999522,GasA,TA,Y,SBrkr,7.273092595999522,0,0.0,7.273092595999522,2,0,2,0,4,2,TA,8,Typ,0,None,None,0.0,None,0,0,None,None,N,5.7745515455444085,0.0,0.0,0.0,0.0,0.0,None,None,None,0.0,8,2007,Oth,Abnorml,150000,7.9658927350845286,30,30,4.0,0,1,0,0,321
944,90,RL,4.61512051684126,10.12667110305036,Pave,None,Reg,Low,AllPub,Inside,Gtl,Mitchel,Norm,Norm,Duplex,1Story,5,4,1967,1967,Gable,CompShg,HdBoard,Plywood,None,0.0,TA,TA,CBlock,TA,TA,Av,Unf,0.0,Unf,0.0,1632,7.398174092970465,GasA,TA,Y,SBrkr,7.398174092970465,0,0.0,7.398174092970465,0,0,2,0,4,2,TA,8,Typ,0,None,Attchd,1967.0,Unf,2,576,TA,TA,P,0.0,0.0,0.0,0.0,0.0,0.0,None,None,None,0.0,6,2007,WD,Normal,143000,8.09101504171053,40,40,2.0,1,1,0,0,0
945,20,RL,4.454347296253507,9.573315428463395,Pave,None,IR1,Lvl,NoSeWa,CulDSac,Gtl,Timber,Norm,Norm,1Fam,SLvl,6,6,1958,1958,Gable,CompShg,HdBoard,HdBoard,BrkFace,6.295266001439646,TA,TA,CBlock,TA,TA,No,GLQ,4.718498871295094,Rec,5.872117789475416,354,6.709304340258298,GasA,Gd,Y,FuseA,7.20414929203594,0,0.0,7.20414929203594,0,1,1,0,3,1,Gd,7,Typ,1,Gd,Basment,1958.0,RFn,2,525,TA,TA,Y,0.0,4.77912349311153,0.0,0.0,5.455321115357702,0.0,None,None,None,0.0,1,2009,COD,Abnorml,137500,7.679713639966372,51,51,1.5,1,1,1,0,351
946,50,RM,4.59511985013459,9.084890521258767,Pave,None,Reg,Lvl,AllPub,Corner,Gtl,OldTown,Norm,Norm,1Fam,1.5Fin,5,6,1890,1996,Hip,CompShg,VinylSd,VinylSd,None,0.0,TA,TA,BrkTil,TA,TA,No,LwQ,6.9930151229329605,Unf,0.0,0,6.9930151229329605,GasA,TA,Y,SBrkr,7.080867896690782,561,4.795790545596741,7.533693709848633,0,0,1,0,2,1,TA,7,Typ,0,None,Detchd,1963.0,Unf,2,456,TA,TA,Y,3.8918202981106265,0.0,5.501258210544727,0.0,0.0,0.0,None,MnWw,None,0.0,9,2009,WD,Normal,124900,7.950854857719988,119,13,1.0,1,1,0,1,292
947,80,RL,4.2626798770413155,9.007489523929735,Pave,None,Reg,Lvl,AllPub,Inside,Gtl,NAmes,Norm,Norm,1Fam,SLvl,5,6,1959,1959,Gable,CompShg,HdBoard,HdBoard,BrkFace,4.859812404361672,TA,Gd,CBlock,TA,TA,Av,ALQ,6.618738983517219,BLQ,5.68697535633982,102,7.0431599159883405,GasA,TA,Y,SBrkr,7.0431599159883405,0,0.0,7.0431599159883405,1,0,1,0,3,1,TA,6,Typ,1,TA,Attchd,1959.0,RFn,1,796,TA,TA,Y,4.465908118654584,0.0,0.0,0.0,0.0,0.0,None,None,None,0.0,3,2006,WD,Normal,143000,7.735870319952567,47,47,2.0,1,1,1,0,86
948,20,RL,4.454347296253507,9.584452402426324,Pave,None,Reg,Lvl,AllPub,Inside,Gtl,Timber,Norm,Norm,1Fam,1Story,8,5,2002,2003,Hip,CompShg,VinylSd,VinylSd,BrkFace,5.4680601411351315,Gd,TA,PConc,Gd,TA,Av,GLQ,7.170888478512505,Unf,0.0,316,7.388327859577107,GasA,Ex,Y,SBrkr,7.396335293800808,0,0.0,7.396335293800808,1,0,2,0,3,1,Gd,9,Typ,1,Gd,Attchd,2002.0,Fin,3,808,TA,TA,Y,0.0,5.53338948872752,0.0,0.0,0.0,0.0,None,None,None,0.0,11,2007,WD,Normal,270000,8.085178748074537,5,4,3.0,1,1,1,0,252
949,60,RL,4.189654742026425,9.547312483639047,Pave,None,IR1,Lvl,AllPub,Inside,Gtl,CollgCr,Norm,Norm,1Fam,2Story,7,5,2002,2002,Gable,CompShg,VinylSd,VinylSd,BrkFace,4.976733742420574,Gd,TA,PConc,Gd,TA,No,Unf,0.0,Unf,0.0,936,6.842683282238422,GasA,Ex,Y,SBrkr,6.842683282238422,840,0.0,7.482681828154651,0,0,2,1,3,1,Gd,7,Typ,1,TA,Attchd,2002.0,RFn,2,474,TA,TA,Y,4.976733742420574,4.574710978503383,0.0,0.0,0.0,0.0,None,None,None,0.0,2,2006,WD,Normal,192500,7.905810312658931,4,4,2.5,1,1,1,1,240
950,20,RL,4.3694478524670215,9.144307401371744,Pave,None,Reg,Lvl,AllPub,Inside,Gtl,NWAmes,Norm,Norm,1Fam,1Story,6,7,1972,2006,Hip,CompShg,Plywood,Plywood,None,0.0,TA,TA,CBlock,TA,TA,No,ALQ,6.890609120147166,Unf,0.0,179,7.057897937411856,GasA,TA,Y,SBrkr,7.231287004327616,0,0.0,7.231287004327616,1,0,1,1,3,1,Gd,5,Typ,1,TA,Attchd,1972.0,RFn,2,676,TA,TA,Y,0.0,0.0,0.0,0.0,0.0,0.0,None,None,None,0.0,3,2010,WD,Normal,197500,7.841099765422119,38,4,2.5,1,1,1,0,0
951,20,RL,4.110873864173311,8.881975184248867,Pave,None,Reg,Lvl,AllPub,Inside,Gtl,NAmes,Norm,Norm,1Fam,1Story,5,8,1950,2002,Gable,CompShg,VinylSd,VinylSd,None,0.0,TA,TA,CBlock,TA,TA,No,ALQ,5.988961416889864,BLQ,5.0106352940962555,317,6.762729506931879,GasA,Gd,Y,SBrkr,6.762729506931879,0,0.0,6.762729506931879,1,0,1,0,3,1,Gd,5,Typ,0,None,Detchd,1980.0,RFn,2,720,TA,TA,Y,5.272999558563747,0.0,0.0,0.0,0.0,0.0,None,None,None,0.0,7,2007,WD,Normal,129000,7.455298485683291,57,5,2.0,1,1,0,0,194
952,20,RH,4.110873864173311,8.962007209588313,Pave,None,Reg,Lvl,AllPub,Corner,Gtl,SawyerW,Norm,Norm,1Fam,1Story,5,5,1965,1965,Gable,CompShg,VinylSd,VinylSd,None,0.0,TA,TA,CBlock,TA,TA,No,BLQ,6.464588303689961,Unf,0.0,187,6.720220155135295,GasA,Gd,Y,SBrkr,6.873163834212518,0,0.0,6.873163834212518,1,0,1,0,3,1,TA,6,Typ,0,None,Detchd,1979.0,Unf,1,300,TA,TA,Y,6.045005314036012,0.0,0.0,0.0,0.0,0.0,None,MnPrv,None,0.0,7,2006,WD,Abnorml,119900,7.492203042618741,41,41,2.0,1,1,0,0,421
953,85,RL,4.110873864173311,8.881975184248867,Pave,None,Reg,Lvl,AllPub,Inside,Gtl,CollgCr,Norm,Norm,1Fam,SFoyer,5,8,1972,2003,Gable,CompShg,WdShing,HdBoard,None,0.0,TA,Gd,CBlock,Gd,TA,Av,GLQ,6.493753839851686,Unf,0.0,108,6.645090969505644,GasA,Gd,Y,SBrkr,6.645090969505644,0,0.0,6.645090969505644,0,1,1,0,2,1,TA,5,Typ,0,None,Detchd,1974.0,Fin,1,396,TA,TA,Y,5.262690188904886,0.0,0.0,0.0,0.0,0.0,None,MnPrv,None,0.0,4,2009,WD,Normal,133900,7.337587743538596,37,6,1.5,1,1,0,0,192
954,60,RL,4.30406509320417,9.312535884290853,Pave,None,IR1,Lvl,AllPub,Inside,Mod,Mitchel,Norm,Norm,1Fam,2Story,5,4,1969,1969,Gable,CompShg,HdBoard,HdBoard,BrkFace,5.4510384535657,TA,TA,CBlock,TA,TA,Av,ALQ,6.333279628139691,LwQ,5.267858159063328,29,6.665683717782408,GasA,Ex,Y,SBrkr,7.063903961472068,800,0.0,7.585281078639126,0,1,2,1,4,1,TA,7,Min2,1,Po,Attchd,1969.0,RFn,2,530,TA,TA,Y,5.723585101952381,5.247024072160486,0.0,0.0,0.0,0.0,None,MnPrv,Shed,5.993961427306569,9,2008,WD,Normal,172000,7.920446505142607,39,39,3.0,1,1,1,1,494
955,90,RL,3.58351893845611,9.148571345578551,Pave,None,IR1,Lvl,AllPub,CulDSac,Gtl,Edwards,Norm,Norm,Duplex,SFoyer,6,5,1975,1975,Flat,Tar&Grv,WdShing,Plywood,BrkFace,5.5254529391317835,TA,TA,CBlock,Gd,Gd,Gd,GLQ,6.852242569051878,Unf,0.0,0,6.852242569051878,GasA,TA,Y,SBrkr,6.8885724595653635,0,0.0,6.8885724595653635,0,2,2,0,4,0,TA,4,Typ,0,None,None,0.0,None,0,0,None,None,Y,0.0,0.0,0.0,0.0,0.0,0.0,None,None,None,0.0,10,2006,WD,AdjLand,127500,7.563200592358071,31,31,3.0,0,1,0,0,0
956,90,RH,4.418840607796598,8.873047798971067,Pave,None,IR1,HLS,AllPub,Inside,Gtl,Crawfor,Norm,Norm,Duplex,2Story,6,6,1946,1950,Gable,CompShg,MetalSd,MetalSd,BrkFace,6.049733455231958,TA,TA,CBlock,Gd,TA,No,Rec,6.184148890937483,Unf,0.0,495,6.887552571664617,GasA,TA,N,FuseF,6.887552571664617,979,0.0,7.580189417944541,0,0,2,0,4,2,TA,8,Typ,0,None,Attchd,1946.0,Unf,2,492,TA,TA,Y,0.0,0.0,0.0,0.0,0.0,0.0,None,None,None,0.0,8,2007,WD,Normal,145000,7.9854843567338225,61,57,2.0,1,1,0,1,0
957,160,RM,3.2188758248682006,7.170888478512505,Pave,None,Reg,Lvl,AllPub,Inside,Gtl,Blueste,Norm,Norm,TwnhsE,2Story,6,6,1980,1980,Gable,CompShg,MetalSd,MetalSd,None,0.0,TA,TA,CBlock,Gd,TA,No,ALQ,5.655991810819852,Unf,0.0,276,6.331501849893691,GasA,TA,Y,SBrkr,6.331501849893691,668,0.0,7.114769448366463,0,0,1,1,2,1,TA,5,Typ,1,TA,Attchd,1980.0,Fin,2,462,TA,TA,Y,5.017279836814924,0.0,0.0,0.0,0.0,0.0,None,GdPrv,None,0.0,5,2009,WD,Normal,124000,7.490529402060711,29,29,1.5,1,1,1,1,150
958,20,RL,4.2626798770413155,8.912069097970134,Pave,None,Reg,Lvl,AllPub,Inside,Gtl,Sawyer,Norm,Norm,1Fam,1Story,5,5,1962,1962,Hip,CompShg,MetalSd,MetalSd,None,0.0,TA,TA,CBlock,TA,TA,No,Rec,6.035481432524756,Unf,0.0,640,6.964135612418245,GasA,TA,Y,SBrkr,6.964135612418245,0,0.0,6.964135612418245,0,0,1,0,3,1,TA,6,Typ,0,None,Detchd,1977.0,Fin,2,576,TA,TA,Y,0.0,0.0,0.0,0.0,0.0,0.0,None,None,None,0.0,4,2007,WD,Normal,132000,7.656810091480378,45,45,1.0,1,1,0,0,0
959,20,RL,4.189654742026425,9.042040056544483,Pave,None,Reg,Lvl,AllPub,Inside,Gtl,CollgCr,Norm,Norm,1Fam,1Story,7,5,2003,2003,Gable,CompShg,VinylSd,VinylSd,None,0.0,Gd,TA,PConc,Gd,TA,Mn,GLQ,6.551080335043404,Unf,0.0,638,7.198931240688173,GasA,Ex,Y,SBrkr,7.198931240688173,0,0.0,7.198931240688173,1,0,2,0,3,1,Gd,6,Typ,0,None,Attchd,2003.0,RFn,2,531,TA,TA,Y,0.0,3.6888794541139363,0.0,0.0,0.0,0.0,None,None,None,0.0,10,2007,WD,Normal,185000,7.891704659330107,4,4,3.0,1,1,0,0,39
960,160,FV,3.2188758248682006,7.8528278122817445,Pave,None,Reg,Lvl,AllPub,FR2,Gtl,Somerst,Norm,Norm,Twnhs,2Story,7,5,1999,1999,Hip,CompShg,MetalSd,MetalSd,None,0.0,Gd,TA,PConc,Gd,TA,No,ALQ,6.405228458030842,Unf,0.0,92,6.546785410760524,GasA,Ex,Y,SBrkr,6.546785410760524,720,0.0,7.256297239690681,1,0,2,1,3,1,Gd,6,Typ,0,None,Detchd,1999.0,Unf,2,484,TA,TA,Y,0.0,3.8066624897703196,0.0,0.0,0.0,0.0,None,None,None,0.0,5,2010,WD,Normal,155000,7.655864017616056,11,11,3.5,1,1,0,1,44
961,20,RL,3.9318256327243257,8.882946799288174,Pave,None,IR1,Lvl,AllPub,Inside,Gtl,BrkSide,Norm,Norm,1Fam,1Story,5,7,1958,2008,Gable,CompShg,Wd Sdng,Plywood,None,0.0,TA,Gd,CBlock,TA,TA,Gd,BLQ,6.546785410760524,Unf,0.0,162,6.755768921984255,GasA,Gd,Y,SBrkr,6.755768921984255,0,0.0,6.755768921984255,1,0,1,0,2,1,TA,4,Typ,0,None,None,0.0,None,0,0,None,None,Y,4.770684624465665,0.0,0.0,0.0,0.0,0.0,None,None,None,0.0,2,2010,WD,Normal,116500,7.448333860897476,52,2,2.0,0,1,0,0,117
962,60,RL,4.394449154672439,9.411483683010726,Pave,None,IR1,Lvl,AllPub,Corner,Gtl,NWAmes,PosN,Norm,1Fam,2Story,6,7,1977,1995,Gable,CompShg,HdBoard,HdBoard,BrkFace,6.052089168924417,TA,Gd,CBlock,Gd,Gd,No,ALQ,6.799055862058796,Unf,0.0,434,7.193685818395112,GasA,TA,Y,SBrkr,7.341483852363161,1330,0.0,7.96311205897929,1,0,2,1,4,1,TA,11,Typ,1,TA,Attchd,1977.0,Fin,2,619,TA,TA,Y,6.311734809152915,5.645446897643238,0.0,0.0,0.0,0.0,None,None,None,0.0,7,2008,WD,Normal,272000,8.343553835005117,31,13,3.5,1,1,1,1,832
963,160,RL,3.2188758248682006,7.744569809354496,Pave,None,Reg,Lvl,AllPub,Corner,Gtl,NPkVill,Norm,Norm,TwnhsE,2Story,6,6,1976,1976,Gable,CompShg,Plywood,Brk Cmn,None,0.0,TA,TA,CBlock,Gd,TA,No,ALQ,6.322565239927284,Unf,0.0,248,6.690842277418564,GasA,TA,Y,SBrkr,6.690842277418564,744,0.0,7.3453648404168685,1,0,2,1,3,1,Gd,7,Typ,1,TA,Detchd,1976.0,Unf,2,440,TA,TA,Y,3.8918202981106265,0.0,0.0,0.0,0.0,0.0,None,None,None,0.0,7,2007,WD,Normal,155000,7.763446388727362,31,31,3.5,1,1,1,1,48
964,20,RL,4.812184355372417,9.386308454797962,Pave,None,IR1,Lvl,AllPub,Corner,Gtl,CollgCr,Norm,Norm,1Fam,1Story,9,5,2007,2007,Gable,CompShg,VinylSd,VinylSd,None,0.0,Gd,TA,PConc,Ex,TA,No,Unf,0.0,Unf,0.0,1800,7.496097345175956,GasA,Ex,Y,SBrkr,7.496097345175956,0,0.0,7.496097345175956,0,0,2,0,2,1,Ex,7,Typ,0,None,Attchd,2007.0,Fin,2,702,TA,TA,Y,5.666426688112432,4.919980925828125,0.0,0.0,0.0,0.0,None,None,None,0.0,5,2009,WD,Normal,239000,8.188966863648876,2,2,2.0,1,1,0,0,424
965,60,RL,4.394449154672439,9.334061298965942,Pave,None,Reg,Lvl,AllPub,Corner,Gtl,Timber,Norm,Norm,1Fam,2Story,7,5,2002,2003,Gable,CompShg,VinylSd,VinylSd,BrkFace,3.8066624897703196,Gd,TA,PConc,Gd,TA,No,GLQ,6.437751649736401,Unf,0.0,193,6.706862336602747,GasA,Ex,Y,SBrkr,6.715383386334681,1070,0.0,7.546974117516527,1,0,2,1,4,1,Gd,8,Typ,1,Gd,BuiltIn,2002.0,Fin,2,510,TA,TA,Y,0.0,3.713572066704308,0.0,0.0,0.0,0.0,None,None,None,0.0,2,2010,WD,Normal,214900,7.905441649060286,8,7,3.5,1,1,1,1,40
966,60,RL,4.189654742026425,9.233861567017529,Pave,None,Reg,Lvl,AllPub,Inside,Gtl,Gilbert,RRAn,Norm,1Fam,2Story,6,5,2005,2007,Gable,CompShg,VinylSd,VinylSd,None,0.0,Gd,TA,PConc,Gd,TA,No,Unf,0.0,Unf,0.0,783,6.664409020350408,GasA,Ex,Y,SBrkr,6.664409020350408,701,0.0,7.3031700512368,0,0,2,1,3,1,Gd,8,Typ,1,Gd,Attchd,2005.0,Fin,2,393,TA,TA,Y,0.0,4.290459441148391,0.0,0.0,0.0,0.0,None,None,None,0.0,7,2007,New,Partial,178900,7.7266536648476425,2,0,2.5,1,1,1,1,72
967,50,RL,4.875197323201151,9.169622538697624,Pave,None,IR1,HLS,AllPub,Inside,Gtl,Crawfor,Norm,Norm,1Fam,1.5Fin,5,7,1940,1950,Gable,CompShg,MetalSd,MetalSd,None,0.0,Gd,Gd,BrkTil,TA,Fa,No,Rec,6.061456918928017,Unf,0.0,300,6.591673732008658,GasA,Ex,Y,SBrkr,6.884486652042782,332,0.0,7.1770187659099,1,0,1,1,2,1,TA,7,Min2,2,TA,Detchd,1940.0,Unf,1,256,TA,TA,Y,0.0,4.2626798770413155,0.0,0.0,0.0,0.0,None,None,None,0.0,6,2009,WD,Normal,160000,7.619233416226805,69,59,2.5,1,1,1,1,70
968,20,RL,4.30406509320417,8.908018322784887,Pave,None,IR1,Lvl,AllPub,Inside,Gtl,NAmes,Norm,Norm,1Fam,1Story,5,7,1955,1955,Hip,CompShg,Wd Sdng,Wd Sdng,BrkFace,5.0238805208462765,TA,TA,CBlock,TA,TA,No,ALQ,6.805722553416985,Unf,0.0,196,7.002155954403621,GasA,TA,Y,SBrkr,7.002155954403621,0,0.0,7.002155954403621,1,0,1,0,3,1,TA,6,Typ,0,None,Attchd,1955.0,Unf,1,260,TA,TA,Y,0.0,0.0,0.0,0.0,0.0,0.0,None,None,None,0.0,7,2008,WD,Normal,135000,7.69484807238461,53,53,2.0,1,1,0,0,0
969,50,RM,3.9318256327243257,8.68710472813351,Pave,None,Reg,Lvl,AllPub,Inside,Gtl,OldTown,Norm,Norm,1Fam,1.5Fin,3,6,1910,1950,Gable,CompShg,VinylSd,VinylSd,None,0.0,TA,TA,BrkTil,TA,TA,No,Unf,0.0,Unf,0.0,600,6.398594934535208,Grav,Fa,N,SBrkr,6.398594934535208,368,0.0,6.876264611890766,0,0,1,0,2,1,TA,6,Typ,0,None,None,0.0,None,0,0,None,None,Y,0.0,0.0,0.0,0.0,0.0,0.0,None,GdWo,None,0.0,5,2009,WD,Abnorml,37900,7.358193752733032,99,59,1.0,0,1,0,1,0
970,190,RL,4.330733340286331,9.247925132303454,Pave,None,Reg,Lvl,AllPub,Inside,Gtl,NAmes,Norm,Norm,2fmCon,SLvl,6,5,1958,1958,Hip,CompShg,HdBoard,HdBoard,BrkFace,4.663439094112067,TA,Fa,CBlock,TA,TA,Gd,ALQ,6.2422232654551655,Unf,0.0,75,6.3784261836515865,GasA,TA,Y,SBrkr,6.999422467507961,0,0.0,6.999422467507961,1,0,1,0,2,1,TA,6,Typ,0,None,Attchd,1958.0,RFn,1,264,TA,TA,Y,0.0,0.0,0.0,0.0,0.0,0.0,None,None,None,0.0,3,2006,ConLD,Normal,140000,7.428927194802272,48,48,2.0,1,1,0,0,0
971,50,RL,4.110873864173311,9.287394001418473,Pave,None,Reg,Lvl,AllPub,Inside,Gtl,NAmes,Norm,Norm,1Fam,1.5Fin,4,4,1949,1950,Gable,CompShg,AsbShng,AsbShng,None,0.0,TA,TA,CBlock,TA,TA,No,Unf,0.0,Unf,0.0,720,6.580639137284949,GasA,TA,N,FuseA,6.580639137284949,472,0.0,7.084226422097916,0,0,1,1,4,1,TA,6,Typ,0,None,None,0.0,None,0,0,None,None,Y,0.0,0.0,0.0,0.0,0.0,0.0,None,None,None,0.0,12,2006,WD,Abnorml,135000,7.556427969440253,57,56,1.5,0,1,0,1,0
972,160,RL,3.6109179126442243,7.727094484779841,Pave,None,Reg,Lvl,AllPub,Inside,Gtl,NridgHt,Norm,Norm,Twnhs,2Story,7,5,2003,2004,Gable,CompShg,VinylSd,Wd Shng,Stone,4.672828834461906,Gd,TA,PConc,Gd,TA,No,GLQ,6.342121418721152,Unf,0.0,197,6.639875833826536,GasA,Ex,Y,SBrkr,6.639875833826536,862,0.0,7.394493107219038,0,0,2,0,2,1,Gd,6,Typ,0,None,BuiltIn,2003.0,RFn,2,474,TA,TA,Y,0.0,3.332204510175204,0.0,0.0,0.0,0.0,None,None,None,0.0,7,2009,WD,Normal,173000,7.779466967458324,6,5,2.0,1,1,0,1,27
973,120,RL,4.02535169073515,8.973731569708402,Pave,None,Reg,Lvl,AllPub,Inside,Gtl,SawyerW,Norm,Norm,TwnhsE,1Story,6,5,1979,1979,Gable,CompShg,Plywood,Plywood,None,0.0,TA,TA,CBlock,Gd,TA,No,Unf,0.0,Unf,0.0,918,6.823286122355687,GasA,TA,Y,SBrkr,6.823286122355687,0,0.0,6.823286122355687,0,0,2,0,2,1,TA,5,Typ,1,TA,Attchd,1979.0,Unf,1,264,TA,TA,Y,3.367295829986474,0.0,0.0,0.0,0.0,0.0,None,None,None,0.0,4,2010,WD,Normal,99500,7.515889085215125,31,31,2.0,1,1,1,0,28
974,20,FV,4.564348191467836,9.36220272128543,Pave,None,Reg,Lvl,AllPub,Corner,Gtl,Somerst,Norm,Norm,1Fam,1Story,7,5,2007,2008,Gable,CompShg,CemntBd,CmentBd,None,0.0,Gd,TA,PConc,Gd,TA,No,Unf,0.0,Unf,0.0,1428,7.264730177929867,GasA,Ex,Y,SBrkr,7.264730177929867,0,0.0,7.264730177929867,0,0,2,0,3,1,Gd,6,Typ,0,None,Attchd,2007.0,Fin,2,480,TA,TA,Y,0.0,4.795790545596741,0.0,0.0,0.0,0.0,None,None,None,0.0,12,2008,New,Partial,182000,7.957527402230773,1,0,2.0,1,1,0,0,120
975,70,RL,4.110873864173311,9.342683558963897,Pave,None,IR1,Lvl,AllPub,Corner,Gtl,BrkSide,RRAn,Feedr,1Fam,2Story,7,8,1910,1993,Gable,CompShg,HdBoard,HdBoard,None,0.0,TA,Gd,BrkTil,Gd,TA,No,Unf,0.0,Unf,0.0,728,6.591673732008658,GasA,TA,N,SBrkr,7.036148493750536,883,0.0,7.61085279039525,0,0,1,0,3,1,Gd,8,Typ,0,None,Detchd,1997.0,Unf,2,532,TA,TA,Y,6.234410725718371,4.912654885736052,0.0,0.0,0.0,0.0,None,GdPrv,None,0.0,10,2009,WD,Normal,167500,7.91862865334224,99,16,1.0,1,1,0,1,644
976,160,FV,4.310799125385514,7.883069351305753,Pave,None,Reg,Lvl,AllPub,FR2,Gtl,Somerst,Norm,Norm,Twnhs,2Story,7,5,2000,2000,Gable,CompShg,MetalSd,MetalSd,None,0.0,Gd,TA,PConc,Gd,TA,No,GLQ,6.464588303689961,Unf,0.0,32,6.513230110912307,GasA,Ex,Y,SBrkr,6.513230110912307,709,0.0,7.232010331664759,1,0,2,1,3,1,Gd,6,Typ,0,None,Detchd,2000.0,Unf,2,490,TA,TA,Y,5.0369526024136295,3.9318256327243257,0.0,0.0,0.0,0.0,None,None,None,0.0,4,2006,WD,Normal,165000,7.628517626575055,6,6,3.5,1,1,0,1,203
977,30,RL,3.9512437185814275,8.682877107057168,Pave,None,IR1,Bnk,AllPub,Inside,Gtl,BrkSide,Norm,Norm,1Fam,1Story,4,7,1923,1958,Gable,CompShg,Wd Sdng,Wd Sdng,None,0.0,TA,TA,PConc,Gd,TA,No,Unf,0.0,Unf,0.0,440,6.089044875446846,GasA,TA,Y,FuseA,6.76849321164863,0,0.0,6.76849321164863,0,0,1,0,2,1,Fa,4,Typ,0,None,None,0.0,None,0,0,None,None,Y,0.0,0.0,0.0,0.0,0.0,0.0,None,None,None,0.0,8,2006,WD,Normal,85500,7.177782416195197,83,48,1.0,0,1,0,0,0
978,120,FV,3.58351893845611,8.360539381370861,Pave,Pave,IR1,Lvl,AllPub,Inside,Gtl,Somerst,Norm,Norm,TwnhsE,1Story,7,5,2006,2007,Gable,CompShg,VinylSd,VinylSd,None,0.0,Gd,TA,PConc,Gd,TA,No,GLQ,7.009408932708637,Unf,0.0,135,7.124478262493424,GasA,Ex,Y,SBrkr,7.124478262493424,0,0.0,7.124478262493424,1,0,1,1,1,1,Gd,4,Typ,0,None,Attchd,2007.0,Fin,2,569,TA,TA,Y,0.0,4.762173934797756,0.0,0.0,0.0,0.0,None,None,None,0.0,11,2007,New,Partial,199900,7.817222785508166,1,0,2.5,1,1,0,0,116
979,20,RL,4.23410650459726,9.153875834995056,Pave,None,Reg,Bnk,AllPub,Inside,Mod,Edwards,Norm,Norm,1Fam,1Story,4,5,1954,1954,Gable,CompShg,MetalSd,MetalSd,None,0.0,TA,TA,CBlock,TA,TA,No,LwQ,6.315358001522335,Unf,0.0,342,6.796823718274855,GasA,Ex,Y,SBrkr,6.796823718274855,0,0.0,6.796823718274855,0,0,1,0,3,1,TA,5,Typ,0,None,Detchd,1999.0,Unf,2,400,TA,TA,Y,0.0,0.0,0.0,0.0,0.0,0.0,None,None,None,0.0,5,2007,WD,Abnorml,110000,7.489412083508719,53,53,1.0,1,1,0,0,0
980,20,RL,4.394449154672439,9.084436955087027,Pave,None,Reg,Lvl,AllPub,Corner,Gtl,Sawyer,Feedr,Norm,1Fam,1Story,5,6,1963,1963,Gable,CompShg,VinylSd,VinylSd,None,0.0,TA,TA,PConc,TA,TA,No,Rec,6.480044561926653,Unf,0.0,470,7.022868086082641,GasA,TA,Y,SBrkr,7.022868086082641,0,0.0,7.022868086082641,1,0,1,0,3,1,TA,5,Typ,0,None,Detchd,1963.0,Unf,2,480,TA,TA,Y,0.0,4.394449154672439,0.0,0.0,0.0,0.0,None,MnPrv,None,0.0,6,2009,WD,Normal,139000,7.715569534520208,46,46,2.0,1,1,0,0,80
981,85,RL,4.30406509320417,9.402859753746583,Pave,None,IR1,Lvl,AllPub,Corner,Gtl,NAmes,Norm,Norm,1Fam,SFoyer,7,9,1961,2007,Gable,CompShg,CemntBd,CmentBd,Stone,5.351858133476067,Ex,TA,CBlock,TA,TA,Av,ALQ,6.7661917146603505,Unf,0.0,77,6.851184927493743,GasA,Gd,Y,SBrkr,6.907755278982137,0,0.0,6.907755278982137,1,0,1,0,3,1,Ex,6,Typ,0,None,Attchd,1961.0,RFn,2,588,TA,TA,Y,4.976733742420574,4.343805421853684,0.0,0.0,0.0,0.0,None,None,None,0.0,7,2008,WD,Normal,178400,7.572502985020384,47,1,2.0,1,1,0,0,220
982,60,RL,4.59511985013459,9.40951904583656,Pave,None,IR1,Lvl,AllPub,Corner,Gtl,NoRidge,Norm,Norm,1Fam,2Story,8,5,1998,1999,Hip,CompShg,VinylSd,VinylSd,BrkFace,6.883462586413092,Gd,TA,PConc,Gd,TA,No,GLQ,6.75110146893676,Unf,0.0,371,7.111512116496157,GasA,Ex,Y,SBrkr,7.152268856032539,1336,0.0,7.868254265520613,1,0,2,1,4,1,Gd,8,Typ,1,TA,Attchd,1998.0,Fin,3,676,TA,TA,Y,5.5254529391317835,0.0,0.0,0.0,0.0,0.0,None,None,None,0.0,7,2009,WD,Normal,336000,8.252706676567644,11,10,3.5,1,1,1,1,250
983,20,RL,3.784189633918261,8.065579427282092,Pave,None,Reg,Lvl,AllPub,Inside,Gtl,Blmngtn,Norm,Norm,1Fam,1Story,7,5,2007,2007,Gable,CompShg,VinylSd,VinylSd,BrkFace,2.833213344056216,Gd,TA,PConc,Gd,TA,Av,Unf,0.0,Unf,0.0,1266,7.144407180321139,GasA,Ex,Y,SBrkr,7.144407180321139,0,0.0,7.144407180321139,0,0,2,0,2,1,Gd,6,Typ,1,Gd,Attchd,2007.0,Fin,2,388,TA,TA,Y,4.61512051684126,2.833213344056216,0.0,0.0,0.0,0.0,None,None,None,0.0,3,2008,WD,Normal,159895,7.837159650001675,1,1,2.0,1,1,1,0,116
984,60,RL,4.2626798770413155,9.328212292571072,Pave,None,Reg,Lvl,AllPub,Corner,Gtl,CollgCr,Norm,Norm,1Fam,2Story,8,5,2002,2002,Gable,CompShg,CemntBd,CmentBd,None,0.0,Gd,TA,PConc,Gd,TA,Mn,Unf,0.0,Unf,0.0,1128,7.029087564149662,GasA,Ex,Y,SBrkr,7.047517221357296,1141,0.0,7.736743682453495,0,0,2,1,4,1,Gd,9,Typ,1,Gd,Attchd,2002.0,Unf,2,779,TA,TA,Y,0.0,0.0,0.0,0.0,0.0,0.0,None,None,None,0.0,5,2008,WD,Normal,255900,8.137103389639302,6,6,2.5,1,1,1,1,0
985,90,RL,4.330733340286331,9.222861652529854,Pave,None,Reg,Lvl,AllPub,Inside,Gtl,Mitchel,Norm,Norm,Duplex,1.5Fin,5,5,1977,1977,Gable,CompShg,Plywood,Plywood,None,0.0,TA,TA,CBlock,None,None,None,None,0.0,None,0.0,0,0.0,GasA,TA,Y,SBrkr,7.172424577124845,432,0.0,7.45876269238096,0,0,2,0,4,2,Gd,8,Typ,0,None,Attchd,1977.0,Unf,2,539,TA,TA,Y,0.0,0.0,0.0,0.0,0.0,0.0,None,None,None,0.0,8,2009,COD,Normal,126000,7.45876269238096,32,32,2.0,1,0,0,1,0
986,190,RL,4.23410650459726,9.294773427951013,Pave,None,Reg,Lvl,AllPub,Inside,Gtl,Edwards,Norm,Norm,2fmCon,1Story,5,5,1950,1950,Gable,CompShg,MetalSd,MetalSd,None,0.0,TA,TA,CBlock,TA,TA,No,ALQ,6.947937068614969,Unf,0.0,124,7.060476365999801,GasW,TA,N,SBrkr,7.060476365999801,0,0.0,7.060476365999801,1,0,1,0,3,1,TA,5,Typ,0,None,Detchd,1950.0,Unf,1,240,TA,TA,Y,0.0,3.8918202981106265,0.0,0.0,0.0,0.0,None,None,None,0.0,8,2008,ConLD,Normal,125000,7.753194269884341,58,58,2.0,1,1,0,0,48
987,50,RM,4.0943445622221,8.577535420422398,Pave,None,Reg,Lvl,AllPub,Corner,Gtl,OldTown,Feedr,Norm,1Fam,1.5Fin,6,8,1910,2003,Hip,CompShg,VinylSd,VinylSd,None,0.0,TA,Gd,CBlock,TA,Fa,No,Unf,0.0,Unf,0.0,485,6.186208623900494,GasA,Gd,Y,SBrkr,6.90975328164481,634,0.0,7.400009517162692,0,0,1,0,2,1,Gd,5,Typ,0,None,Attchd,1950.0,Unf,1,255,Fa,TA,Y,5.978885764901122,0.0,0.0,0.0,0.0,0.0,None,None,None,0.0,6,2006,WD,Normal,117000,7.659642954564682,96,3,1.0,1,1,0,1,394
988,20,RL,4.430816798843313,9.226213721132472,Pave,None,IR1,Lvl,AllPub,Inside,Gtl,NridgHt,Norm,Norm,1Fam,1Story,9,5,2009,2010,Hip,CompShg,VinylSd,VinylSd,Stone,6.111467339502679,Ex,TA,PConc,Ex,TA,Av,GLQ,7.4067107301776405,Unf,0.0,284,7.565793282428515,GasA,Ex,Y,SBrkr,7.57095858316901,0,0.0,7.57095858316901,1,0,2,1,3,1,Ex,8,Typ,1,Gd,Attchd,2010.0,Fin,3,606,TA,TA,Y,5.1298987149230735,4.564348191467836,0.0,0.0,0.0,0.0,None,None,None,0.0,4,2010,New,Partial,395192,8.261268150577648,1,0,3.5,1,1,1,0,263
989,60,RL,4.394449154672439,9.396570945266852,Pave,None,IR1,Lvl,AllPub,Inside,Gtl,NWAmes,Norm,Norm,1Fam,2Story,6,6,1976,1976,Gable,CompShg,Plywood,Plywood,BrkFace,5.700443573390687,TA,TA,CBlock,TA,TA,No,LwQ,5.056245805348308,Unf,0.0,692,6.744059186311348,GasA,TA,Y,SBrkr,7.020190708311925,912,0.0,7.616283561580385,0,0,2,1,4,1,Gd,8,Typ,1,TA,Attchd,1976.0,Fin,2,551,TA,TA,Y,0.0,5.41610040220442,0.0,0.0,0.0,0.0,None,None,None,0.0,6,2007,WD,Normal,195000,7.965198290612176,31,31,2.5,1,1,1,1,224
990,60,FV,4.189654742026425,9.002824076547672,Pave,None,Reg,Lvl,AllPub,Inside,Gtl,Somerst,Norm,Norm,1Fam,2Story,7,5,2006,2006,Gable,CompShg,VinylSd,VinylSd,None,0.0,Gd,TA,PConc,Gd,Gd,No,Unf,0.0,Unf,0.0,770,6.647688373563329,GasA,Ex,Y,SBrkr,6.658011045870748,798,0.0,7.3632795869630385,0,0,2,1,3,1,Gd,6,Typ,0,None,Attchd,2006.0,RFn,2,614,TA,TA,Y,0.0,3.9318256327243257,0.0,0.0,0.0,0.0,None,None,None,0.0,8,2006,New,Partial,197000,7.760893195851024,0,0,2.5,1,1,0,1,50
991,60,RL,4.418840607796598,9.154087430425385,Pave,None,Reg,Lvl,AllPub,Inside,Gtl,NoRidge,Norm,Norm,1Fam,2Story,8,5,1997,1998,Gable,CompShg,VinylSd,VinylSd,BrkFace,6.049733455231958,Gd,TA,PConc,Gd,TA,No,GLQ,6.980075940561763,Unf,0.0,322,7.242082359256962,GasA,Ex,Y,SBrkr,7.249925536717988,985,0.0,7.780303087908373,1,0,2,1,3,1,Gd,7,Typ,1,TA,Attchd,1997.0,Fin,3,870,TA,TA,Y,0.0,4.2626798770413155,0.0,0.0,0.0,0.0,None,None,None,0.0,6,2006,WD,Normal,348000,8.239857411018601,9,8,3.5,1,1,1,1,70
992,70,RM,4.804021044733257,9.779736745099953,Pave,Grvl,Reg,Lvl,AllPub,Corner,Gtl,OldTown,Artery,Norm,1Fam,2Story,8,9,1882,1986,Gable,CompShg,Wd Sdng,Wd Sdng,None,0.0,Gd,Gd,BrkTil,TA,TA,No,BLQ,5.37989735354046,Unf,0.0,700,6.821107472256465,GasA,Gd,Y,SBrkr,6.821107472256465,826,0.0,7.463363045520021,0,0,1,1,4,1,Gd,8,Typ,1,Gd,Attchd,1925.0,Unf,2,424,TA,TA,P,0.0,5.135798437050262,0.0,0.0,0.0,0.0,None,None,None,0.0,11,2009,WD,Normal,168000,7.88570539124302,127,23,1.5,1,1,1,1,169
993,60,RL,4.394449154672439,9.186150133174966,Pave,None,Reg,Lvl,AllPub,Inside,Mod,NAmes,Norm,Norm,1Fam,2Story,6,8,1964,1993,Hip,CompShg,Wd Sdng,Wd Sdng,BrkFace,5.831882477283517,TA,TA,CBlock,TA,TA,Gd,BLQ,6.285998094508865,Rec,4.770684624465665,169,6.71295620067707,GasA,Gd,Y,SBrkr,6.928537818164665,831,0.0,7.524021415206125,0,0,2,1,3,1,Gd,7,Typ,1,Fa,Attchd,1964.0,RFn,2,440,TA,TA,Y,5.480638923341991,3.7612001156935624,0.0,0.0,0.0,0.0,None,MnWw,None,0.0,7,2007,WD,Normal,187000,7.891330757661889,43,14,2.5,1,1,1,1,281
994,60,RL,4.23410650459726,9.087833697483386,Pave,None,Reg,Lvl,AllPub,Inside,Gtl,CollgCr,Norm,Norm,1Fam,2Story,6,5,2005,2006,Gable,CompShg,VinylSd,VinylSd,None,0.0,TA,TA,PConc,Gd,TA,No,Unf,0.0,Unf,0.0,750,6.621405651764134,GasA,Ex,Y,SBrkr,6.621405651764134,750,0.0,7.313886831633462,0,0,2,1,3,1,Gd,6,Typ,0,None,Attchd,2005.0,RFn,2,564,TA,TA,Y,0.0,3.58351893845611,0.0,0.0,0.0,0.0,None,None,None,0.0,8,2006,New,Partial,173900,7.719129840906732,1,0,2.5,1,1,0,1,35
995,20,RL,4.574710978503383,9.430037992886092,Pave,None,Reg,Lvl,AllPub,FR2,Gtl,NridgHt,Norm,Norm,1Fam,1Story,10,5,2006,2007,Hip,CompShg,CemntBd,CmentBd,Stone,5.442417710521793,Ex,TA,PConc,Ex,TA,Gd,GLQ,7.067319848653476,Unf,0.0,528,7.438971592395862,GasA,Ex,Y,SBrkr,7.449498005382849,0,0.0,7.449498005382849,1,0,2,0,3,1,Ex,7,Typ,1,Gd,Attchd,2008.0,Fin,3,786,TA,TA,Y,5.37989735354046,3.8918202981106265,0.0,0.0,0.0,0.0,None,None,None,0.0,7,2009,WD,Normal,337500,8.137103389639302,3,2,3.0,1,1,1,0,264
996,50,RL,3.9512437185814275,8.45807992692373,Pave,None,IR1,Lvl,AllPub,Inside,Mod,BrkSide,Feedr,Norm,1Fam,1.5Fin,4,7,1946,1950,Gable,CompShg,MetalSd,MetalSd,None,0.0,TA,TA,CBlock,TA,TA,No,ALQ,5.953243334287785,Unf,0.0,363,6.617402977974478,GasA,TA,Y,SBrkr,6.652863029353347,456,0.0,7.115582126184454,1,0,1,1,3,1,TA,5,Typ,0,None,Detchd,1946.0,Unf,1,305,TA,TA,Y,0.0,4.060443010546419,0.0,0.0,4.1588830833596715,0.0,None,MnPrv,None,0.0,8,2006,WD,Abnorml,121600,7.589841512182657,60,56,2.5,1,1,0,1,120
997,20,RL,4.30406509320417,9.274253697719836,Pave,None,IR1,Lvl,AllPub,Inside,Gtl,NAmes,Norm,Norm,1Fam,1Story,5,6,1961,1961,Hip,CompShg,Wd Sdng,Wd Sdng,None,0.0,TA,TA,CBlock,TA,TA,No,Rec,6.82001636467413,Unf,0.0,135,6.957497370876951,GasA,TA,Y,SBrkr,6.957497370876951,0,0.0,6.957497370876951,1,0,1,0,3,1,TA,6,Typ,0,None,Attchd,1961.0,Unf,1,368,TA,TA,Y,0.0,5.768320995793772,0.0,0.0,0.0,0.0,None,None,None,0.0,1,2006,COD,Normal,136500,7.650168700845001,45,45,2.0,1,1,0,0,319
998,20,RL,4.394449154672439,9.368881400104733,Pave,None,IR1,Lvl,AllPub,Inside,Gtl,NWAmes,PosA,Norm,1Fam,1Story,6,6,1970,1970,Hip,CompShg,HdBoard,HdBoard,BrkFace,6.349138991379798,TA,TA,CBlock,TA,TA,No,Unf,0.0,Unf,0.0,1442,7.274479558773871,GasA,TA,Y,SBrkr,7.274479558773871,0,0.0,7.274479558773871,0,0,2,0,2,1,TA,6,Typ,1,TA,Attchd,1970.0,RFn,2,615,TA,TA,Y,5.918893854273146,0.0,0.0,0.0,0.0,0.0,None,None,None,0.0,2,2009,WD,Normal,185000,7.9672801789422,39,39,2.0,1,1,1,0,371
999,30,RM,4.110873864173311,9.18881025342582,Pave,None,Reg,Lvl,AllPub,Inside,Gtl,IDOTRR,Norm,Norm,1Fam,1Story,3,4,1922,1950,Hip,CompShg,Wd Sdng,Wd Sdng,None,0.0,TA,TA,BrkTil,TA,Fa,No,Unf,0.0,Unf,0.0,1007,6.915723448631314,GasA,Fa,N,SBrkr,6.982862751468942,0,0.0,6.982862751468942,0,0,1,0,3,1,TA,6,Typ,1,Gd,Detchd,1922.0,Unf,1,210,TA,Fa,P,0.0,4.61512051684126,3.8918202981106265,0.0,0.0,0.0,None,None,None,0.0,5,2006,WD,Normal,91000,7.642524134232902,84,56,1.0,1,1,1,0,148
1000,20,RL,4.174387269895637,8.81922185757494,Pave,None,Reg,Lvl,AllPub,Inside,Gtl,CollgCr,Norm,Norm,1Fam,1Story,7,5,2006,2006,Gable,CompShg,VinylSd,VinylSd,Stone,3.2188758248682006,Gd,TA,PConc,Gd,TA,Av,GLQ,6.532334292222349,Unf,0.0,501,7.080026499922591,GasA,Ex,Y,SBrkr,7.097548850614793,0,0.0,7.097548850614793,1,0,2,0,2,1,Gd,6,Typ,0,None,Attchd,2006.0,RFn,2,632,TA,TA,Y,4.663439094112067,4.127134385045092,0.0,0.0,0.0,0.0,None,None,None,0.0,2,2010,WD,Normal,206000,7.78155595923534,4,4,3.0,1,1,0,0,166
1001,20,RL,4.31748811353631,9.230829038403499,Pave,None,Reg,Lvl,AllPub,Corner,Gtl,Edwards,Norm,Norm,1Fam,1Story,3,3,1952,1952,Flat,Tar&Grv,BrkComm,Brk Cmn,None,0.0,TA,TA,Slab,None,None,None,None,0.0,None,0.0,0,0.0,GasW,Fa,N,FuseF,6.851184927493743,0,0.0,6.851184927493743,0,0,1,0,2,1,Fa,4,Min1,0,None,Detchd,1956.0,Unf,2,528,TA,Fa,Y,0.0,0.0,0.0,0.0,0.0,0.0,None,None,None,0.0,7,2009,WD,Normal,82000,6.851184927493743,57,57,1.0,1,0,0,0,0
1002,30,RL,4.110873864173311,8.594339400592892,Pave,None,Reg,Lvl,AllPub,Corner,Gtl,OldTown,Norm,Norm,1Fam,1Story,5,6,1920,1950,Gable,CompShg,Wd Sdng,Wd Sdng,None,0.0,TA,TA,BrkTil,Fa,TA,No,Unf,0.0,Unf,0.0,691,6.539585955617669,GasA,Ex,Y,FuseA,6.539585955617669,0,0.0,6.539585955617669,0,0,1,0,2,1,Ex,4,Typ,0,None,Detchd,1920.0,Unf,1,216,Fa,TA,N,0.0,3.044522437723423,4.553876891600541,0.0,0.0,0.0,None,None,None,0.0,1,2007,WD,Abnorml,86000,7.232010331664759,87,57,1.0,1,1,0,0,114
1003,20,RL,4.330733340286331,9.38915578944085,Pave,None,IR1,Lvl,AllPub,Inside,Gtl,Somerst,RRAn,Norm,1Fam,1Story,8,5,2006,2006,Gable,CompShg,VinylSd,VinylSd,BrkFace,3.9889840465642745,Gd,TA,PConc,Gd,TA,No,GLQ,3.2188758248682006,Unf,0.0,1550,7.362010551259734,GasA,Ex,Y,SBrkr,7.362010551259734,0,0.0,7.362010551259734,0,0,2,0,3,1,Gd,7,Typ,1,Gd,Attchd,2006.0,RFn,3,824,TA,TA,Y,4.976733742420574,4.653960350157523,0.0,0.0,0.0,0.0,None,None,None,0.0,7,2008,WD,Normal,232000,8.054840221101024,2,2,2.0,1,1,1,0,248
1004,90,RL,4.394449154672439,9.350189267092581,Pave,None,IR1,Lvl,AllPub,Corner,Gtl,NWAmes,Feedr,RRAn,Duplex,1Story,5,6,1976,1976,Gable,CompShg,VinylSd,VinylSd,BrkFace,5.10594547390058,TA,TA,CBlock,TA,TA,No,Unf,0.0,Unf,0.0,1680,7.427144133408616,GasA,Fa,Y,SBrkr,7.427144133408616,0,0.0,7.427144133408616,0,0,2,0,4,2,TA,8,Typ,0,None,Detchd,1976.0,Unf,2,528,TA,TA,Y,0.0,0.0,0.0,0.0,0.0,0.0,None,None,None,0.0,6,2007,WD,Normal,136905,8.119993827725105,31,31,2.0,1,1,0,0,0
1005,120,RL,3.784189633918261,8.065579427282092,Pave,None,Reg,Lvl,AllPub,Inside,Gtl,Blmngtn,Norm,Norm,TwnhsE,1Story,7,5,2005,2006,Gable,CompShg,VinylSd,VinylSd,BrkFace,2.833213344056216,Gd,TA,PConc,Gd,TA,No,GLQ,2.833213344056216,Unf,0.0,1330,7.205635176410364,GasA,Ex,Y,SBrkr,7.316548177182976,0,0.0,7.316548177182976,0,0,2,0,1,1,Gd,7,Typ,1,Gd,Attchd,2005.0,Fin,2,457,TA,TA,Y,5.056245805348308,0.0,0.0,0.0,0.0,0.0,None,None,None,0.0,5,2009,WD,Normal,181000,7.955425088912672,4,3,2.0,1,1,1,0,156
1006,80,RL,4.189654742026425,9.034318927730707,Pave,None,Reg,Lvl,AllPub,Inside,Gtl,CollgCr,Norm,Norm,1Fam,SLvl,5,8,1977,1977,Gable,CompShg,HdBoard,HdBoard,BrkFace,5.3981627015177525,Gd,TA,CBlock,Gd,Gd,Av,GLQ,6.39024066706535,Unf,0.0,390,6.893656354602635,GasA,TA,Y,SBrkr,6.893656354602635,0,0.0,6.893656354602635,0,0,2,0,3,1,TA,6,Typ,0,None,Attchd,1977.0,Unf,1,328,TA,TA,Y,5.351858133476067,0.0,0.0,0.0,0.0,0.0,None,None,None,0.0,11,2008,WD,Normal,149900,7.58629630715272,31,31,2.0,1,1,0,0,210
1007,20,RL,4.30406509320417,9.405578154036684,Pave,None,IR3,Lvl,AllPub,Inside,Gtl,NAmes,PosN,Norm,1Fam,1Story,6,3,1970,1970,Gable,CompShg,Plywood,Plywood,None,0.0,TA,TA,CBlock,Gd,TA,No,LwQ,7.121252453244542,Unf,0.0,420,7.4133673356952405,GasA,Gd,Y,SBrkr,7.4133673356952405,0,0.0,7.4133673356952405,0,1,2,0,3,1,TA,7,Typ,1,TA,Attchd,1970.0,Unf,2,484,TA,TA,Y,0.0,0.0,0.0,0.0,4.997212273764115,0.0,None,None,None,0.0,3,2007,WD,Normal,163500,8.106212902619962,37,37,2.5,1,1,1,0,147
1008,160,RM,3.091042453358316,7.704361167910313,Pave,None,Reg,Lvl,AllPub,Inside,Gtl,MeadowV,Norm,Norm,TwnhsE,2Story,4,4,1970,1970,Gable,CompShg,CemntBd,CmentBd,None,0.0,TA,TA,CBlock,TA,TA,No,BLQ,5.6131281063880705,LwQ,5.6131281063880705,0,6.304448802421981,GasA,TA,Y,SBrkr,6.304448802421981,546,0.0,6.996681488176539,0,0,1,1,3,1,TA,6,Typ,0,None,Attchd,1970.0,RFn,1,286,TA,TA,Y,5.476463551931511,0.0,0.0,0.0,0.0,0.0,None,None,None,0.0,8,2009,WD,Normal,88000,7.40184157874383,39,39,1.5,1,1,0,1,238
1009,20,RL,3.784189633918261,9.402529747968487,Pave,None,IR1,Lvl,AllPub,CulDSac,Gtl,Mitchel,Norm,Norm,1Fam,1Story,7,5,2004,2005,Hip,CompShg,VinylSd,VinylSd,Stone,4.6913478822291435,Gd,TA,PConc,Ex,TA,Mn,Unf,0.0,Unf,0.0,1710,7.444833273892193,GasA,Ex,Y,SBrkr,7.444833273892193,0,0.0,7.444833273892193,0,0,2,0,3,1,Gd,7,Typ,1,Gd,Attchd,2004.0,Fin,2,550,TA,TA,Y,4.61512051684126,3.8918202981106265,0.0,0.0,5.198497031265826,0.0,None,None,None,0.0,4,2009,WD,Normal,240000,8.137688184977605,5,4,2.0,1,1,1,0,328
1010,50,RL,4.110873864173311,8.699681400989514,Pave,None,Reg,Lvl,AllPub,Inside,Gtl,SWISU,Norm,Norm,1Fam,1.5Fin,5,5,1926,1950,Gable,CompShg,Wd Sdng,Wd Sdng,None,0.0,TA,Fa,BrkTil,TA,TA,No,Unf,0.0,Unf,0.0,1008,6.9167150203536085,GasA,Ex,Y,SBrkr,6.9167150203536085,0,6.244166900663736,7.328437352895162,0,0,2,0,4,1,TA,7,Typ,0,None,None,0.0,None,0,0,None,None,P,0.0,0.0,4.9344739331306915,0.0,0.0,0.0,None,None,None,0.0,6,2006,WD,Normal,102000,7.6093665379542115,80,56,2.0,0,1,0,0,138
1011,50,RL,4.7535901911063645,9.965851836732678,Pave,None,Reg,Lvl,AllPub,Inside,Gtl,Sawyer,Norm,Norm,1Fam,1.5Fin,5,5,1948,1950,Gable,CompShg,Wd Sdng,Wd Sdng,None,0.0,TA,TA,CBlock,TA,TA,No,Unf,0.0,Unf,0.0,720,6.580639137284949,GasA,TA,Y,SBrkr,6.580639137284949,551,0.0,7.148345743900068,0,0,2,0,4,1,TA,7,Typ,1,Gd,Attchd,1948.0,Unf,1,312,TA,TA,Y,0.0,0.0,4.6913478822291435,0.0,0.0,0.0,None,None,None,0.0,8,2008,WD,Normal,135000,7.596894438144544,60,58,2.0,1,1,1,1,108
1012,90,RL,4.330733340286331,9.192787212728593,Pave,None,Reg,Lvl,AllPub,Inside,Gtl,Edwards,Norm,Norm,Duplex,1Story,5,5,1965,1965,Hip,CompShg,AsphShn,AsphShn,None,0.0,TA,TA,CBlock,None,None,None,None,0.0,None,0.0,0,0.0,GasA,TA,N,SBrkr,7.417580402414544,0,0.0,7.417580402414544,0,0,2,0,4,2,TA,8,Typ,0,None,None,0.0,None,0,0,None,None,Y,0.0,0.0,0.0,0.0,0.0,0.0,None,None,None,0.0,5,2010,WD,Normal,100000,7.417580402414544,45,45,2.0,0,0,0,0,0
1013,70,RL,4.02535169073515,9.267948684596496,Pave,None,Reg,Lvl,AllPub,Inside,Gtl,Crawfor,Norm,Norm,1Fam,2Story,6,7,1923,1996,Hip,CompShg,Wd Sdng,Wd Sdng,None,0.0,TA,Gd,PConc,TA,Fa,No,Unf,0.0,Unf,0.0,602,6.401917196727186,GasA,TA,Y,SBrkr,6.803505257608338,602,0.0,7.315218389752975,0,0,1,1,3,1,Gd,7,Typ,2,TA,Detchd,1923.0,Unf,1,180,TA,TA,Y,4.574710978503383,0.0,4.727387818712341,0.0,3.9889840465642745,0.0,None,None,None,0.0,8,2007,WD,Normal,165000,7.652070746116482,84,11,1.5,1,1,1,1,261
1014,30,RM,4.110873864173311,8.881975184248867,Pave,None,Reg,Lvl,AllPub,Inside,Gtl,OldTown,Norm,Norm,1Fam,1Story,5,4,1910,2006,Hip,CompShg,MetalSd,Stucco,None,0.0,TA,TA,BrkTil,TA,TA,No,ALQ,5.5134287461649825,Rec,6.144185634125646,310,6.930494765951626,GasW,TA,N,SBrkr,6.930494765951626,0,0.0,6.930494765951626,1,0,1,0,2,1,TA,4,Maj2,0,None,Detchd,1956.0,Unf,1,280,TA,TA,Y,0.0,3.4339872044851463,5.424950017481403,0.0,0.0,0.0,None,None,None,0.0,6,2009,WD,Normal,85000,7.623153068476902,99,3,2.0,1,1,0,0,256
1015,20,RL,4.110873864173311,9.36434818445553,Pave,None,Reg,Lvl,AllPub,Inside,Gtl,NAmes,Artery,Norm,1Fam,1Story,6,5,1948,1950,Gable,CompShg,MetalSd,MetalSd,BrkFace,5.332718793265369,TA,TA,CBlock,TA,Fa,No,BLQ,5.820082930352362,Unf,0.0,746,6.9874902470009905,GasA,TA,Y,SBrkr,6.9874902470009905,0,0.0,6.9874902470009905,0,0,1,0,2,1,TA,5,Typ,1,Gd,Detchd,1948.0,Unf,1,240,TA,TA,Y,0.0,4.875197323201151,0.0,0.0,0.0,0.0,None,None,None,0.0,11,2007,WD,Normal,119200,7.68017564043659,59,57,1.0,1,1,1,0,130
1016,60,RL,4.2626798770413155,9.036106025364846,Pave,None,Reg,Lvl,AllPub,Inside,Gtl,NWAmes,Norm,Norm,1Fam,2Story,8,6,2001,2001,Gable,CompShg,VinylSd,VinylSd,None,0.0,Gd,TA,PConc,Gd,TA,No,GLQ,6.467698726104354,Unf,0.0,167,6.698268054115413,GasA,Ex,Y,SBrkr,6.698268054115413,855,0.0,7.418180822726788,1,0,2,1,3,1,Gd,6,Typ,0,None,Attchd,2001.0,Fin,2,528,TA,TA,Y,0.0,3.828641396489095,0.0,0.0,0.0,0.0,None,None,None,0.0,11,2009,WD,Normal,227000,7.814399633804487,8,8,3.5,1,1,0,1,45
1017,20,RL,4.30406509320417,9.382948236582498,Pave,None,Reg,Lvl,AllPub,Inside,Gtl,CollgCr,Norm,Norm,1Fam,1Story,7,5,1996,1996,Hip,CompShg,VinylSd,VinylSd,BrkFace,5.2832037287379885,Gd,TA,PConc,Gd,TA,Gd,GLQ,6.53813982376767,Unf,0.0,814,7.316548177182976,GasA,Ex,Y,SBrkr,7.316548177182976,0,0.0,7.316548177182976,1,0,2,0,3,1,Gd,6,Typ,1,TA,Attchd,1996.0,Fin,2,478,TA,TA,Y,4.7535901911063645,4.204692619390966,0.0,0.0,0.0,0.0,None,None,None,0.0,6,2009,WD,Normal,203000,8.009363076630045,13,13,3.0,1,1,1,0,181
1018,120,RL,4.135166556742356,8.668196064952765,Pave,None,IR1,Lvl,AllPub,CulDSac,Gtl,StoneBr,Norm,Norm,TwnhsE,1Story,8,5,1984,1984,Gable,CompShg,HdBoard,HdBoard,None,0.0,Gd,TA,CBlock,Gd,TA,Av,GLQ,6.9440872082295275,Unf,0.0,184,7.107425474110705,GasA,Gd,Y,SBrkr,7.215975002651466,0,0.0,7.215975002651466,1,0,1,0,1,1,Gd,4,Typ,1,Ex,Attchd,1984.0,RFn,2,565,TA,TA,Y,4.1588830833596715,0.0,0.0,0.0,0.0,0.0,None,None,None,0.0,8,2009,COD,Abnorml,187500,7.855932199718614,25,25,2.0,1,1,1,0,63
1019,80,RL,4.189654742026425,9.285911558823257,Pave,None,IR1,Lvl,AllPub,FR2,Gtl,Gilbert,Norm,Norm,1Fam,SLvl,7,5,1991,1992,Gable,CompShg,HdBoard,HdBoard,BrkFace,4.343805421853684,Gd,TA,PConc,Gd,TA,No,Unf,0.0,Unf,0.0,384,5.953243334287785,GasA,Gd,Y,SBrkr,6.688354713946762,670,0.0,7.29505641646263,0,0,2,1,3,1,Gd,7,Typ,1,TA,Attchd,1991.0,RFn,2,402,TA,TA,Y,5.10594547390058,0.0,0.0,0.0,0.0,0.0,None,None,None,0.0,5,2007,WD,Normal,160000,7.526717561352706,16,15,2.5,1,1,1,1,164
1020,120,RL,3.784189633918261,8.01102337918644,Pave,None,Reg,Lvl,AllPub,Inside,Gtl,Blmngtn,Norm,Norm,TwnhsE,1Story,7,5,2005,2005,Gable,CompShg,VinylSd,VinylSd,BrkFace,4.983606621708336,Gd,TA,PConc,Gd,TA,Gd,GLQ,2.833213344056216,Unf,0.0,1346,7.217443431696533,GasA,Ex,Y,SBrkr,7.317876198626496,0,0.0,7.317876198626496,0,0,2,0,2,1,Gd,6,Typ,1,Gd,Attchd,2005.0,Fin,2,440,TA,TA,Y,4.962844630259907,3.044522437723423,0.0,0.0,0.0,0.0,None,None,None,0.0,4,2006,WD,Normal,213490,7.9617188159813645,1,1,2.0,1,1,1,0,162
1021,20,RL,4.110873864173311,8.857230494201946,Pave,None,Reg,Lvl,AllPub,Inside,Gtl,Edwards,Norm,Norm,1Fam,1Story,4,5,2005,2005,Gable,CompShg,VinylSd,VinylSd,None,0.0,TA,TA,PConc,Gd,TA,No,GLQ,6.932447891572509,Unf,0.0,108,7.0326242610280065,GasA,Ex,Y,SBrkr,7.0326242610280065,0,0.0,7.0326242610280065,1,0,1,1,2,1,Gd,5,Typ,0,None,Attchd,2005.0,Fin,2,451,TA,TA,Y,5.53338948872752,4.174387269895637,0.0,0.0,0.0,0.0,None,None,None,0.0,6,2008,WD,Normal,176000,7.725330037917135,3,3,2.5,1,1,0,0,316
1022,20,RL,4.174387269895637,8.91018077801329,Pave,None,Reg,Lvl,AllPub,Inside,Gtl,CollgCr,Norm,Norm,1Fam,1Story,7,5,2006,2006,Gable,CompShg,VinylSd,VinylSd,Stone,4.442651256490317,Gd,TA,PConc,Gd,TA,Av,GLQ,6.529418838262226,Unf,0.0,515,7.090076835776092,GasA,Ex,Y,SBrkr,7.107425474110705,0,0.0,7.107425474110705,1,0,2,0,2,1,Gd,6,Typ,0,None,Attchd,2006.0,RFn,2,632,TA,TA,Y,4.663439094112067,4.007333185232471,0.0,0.0,0.0,0.0,None,None,None,0.0,7,2006,New,Partial,194000,7.791522819150732,0,0,3.0,1,1,0,0,159
1023,50,RM,3.970291913552122,9.152711259139547,Pave,None,Reg,Lvl,AllPub,Inside,Gtl,OldTown,Norm,Norm,1Fam,1.5Fin,5,5,1930,1950,Gable,CompShg,Wd Sdng,Wd Sdng,None,0.0,TA,TA,CBlock,TA,TA,No,LwQ,5.783825182329737,Unf,0.0,588,6.816735880594968,GasA,Gd,Y,FuseA,6.816735880594968,336,0.0,7.130098510125578,0,0,1,0,2,1,TA,6,Typ,0,None,Detchd,1957.0,Unf,1,160,Fa,Fa,Y,0.0,0.0,5.262690188904886,0.0,0.0,0.0,None,None,None,0.0,3,2007,WD,Normal,87000,7.6783263565068856,77,57,1.0,1,1,0,1,192
1024,120,RL,3.784189633918261,8.065579427282092,Pave,None,Reg,Lvl,AllPub,Inside,Gtl,Blmngtn,Norm,Norm,TwnhsE,1Story,7,5,2005,2006,Gable,CompShg,VinylSd,VinylSd,BrkFace,2.70805020110221,Gd,TA,PConc,Gd,Gd,No,GLQ,2.833213344056216,Unf,0.0,1330,7.205635176410364,GasA,Ex,Y,SBrkr,7.316548177182976,0,0.0,7.316548177182976,0,0,2,0,2,1,Gd,7,Typ,1,Gd,Attchd,2005.0,Fin,2,437,TA,TA,Y,5.056245805348308,3.044522437723423,0.0,0.0,0.0,0.0,None,None,None,0.0,5,2008,WD,Normal,191000,7.955425088912672,3,2,2.0,1,1,1,0,176
1025,20,RL,4.454347296253507,9.648530784697051,Pave,None,IR1,Lvl,AllPub,Corner,Gtl,Timber,Norm,Norm,1Fam,1Story,8,6,1976,1976,Hip,WdShake,Stone,HdBoard,None,0.0,Gd,TA,CBlock,Gd,TA,Av,ALQ,7.061334366910438,LwQ,5.993961427306569,0,7.356279876550748,GasA,TA,Y,SBrkr,7.972121128921655,0,0.0,7.972121128921655,1,0,2,0,2,1,Gd,10,Typ,1,Gd,Attchd,1976.0,Fin,2,665,TA,TA,Y,0.0,4.290459441148391,5.1647859739235145,0.0,0.0,0.0,None,None,None,0.0,5,2008,COD,Abnorml,287000,8.403800504061147,32,32,3.0,1,1,1,0,246
1026,20,RL,4.2626798770413155,8.94910546953925,Pave,None,Reg,Lvl,AllPub,Corner,Gtl,CollgCr,Norm,Norm,1Fam,1Story,5,5,1972,1972,Gable,CompShg,VinylSd,VinylSd,None,0.0,TA,TA,CBlock,TA,TA,No,LwQ,4.9344739331306915,Rec,6.150602768446279,276,6.78332520060396,GasA,TA,Y,SBrkr,6.78332520060396,0,0.0,6.78332520060396,1,0,1,0,3,1,TA,5,Typ,0,None,Detchd,1980.0,Unf,2,461,TA,TA,Y,4.574710978503383,0.0,0.0,0.0,0.0,0.0,None,MnPrv,None,0.0,3,2007,WD,Normal,112500,7.475905969367397,35,35,2.0,1,1,0,0,96
1027,20,RL,4.30406509320417,9.137877200242468,Pave,None,Reg,Lvl,AllPub,Inside,Gtl,NAmes,Feedr,Norm,1Fam,1Story,5,5,1960,1960,Gable,CompShg,MetalSd,HdBoard,BrkFace,5.783825182329737,TA,TA,CBlock,TA,TA,No,Rec,6.548219102762372,Unf,0.0,571,7.1459844677143876,GasA,TA,Y,SBrkr,7.142827401161621,0,0.0,7.142827401161621,1,0,1,0,3,1,TA,6,Typ,2,Gd,Attchd,1960.0,Unf,2,461,TA,TA,Y,0.0,0.0,0.0,0.0,4.969813299576001,0.0,None,None,None,0.0,4,2010,WD,Normal,167500,7.837159650001675,50,50,2.0,1,1,1,0,143
1028,20,RL,4.276666119016055,9.161255164285691,Pave,None,IR1,HLS,AllPub,Inside,Gtl,Timber,Norm,Norm,1Fam,1Story,8,5,2007,2008,Gable,CompShg,VinylSd,VinylSd,Stone,5.82600010738045,Gd,TA,PConc,Gd,TA,Gd,GLQ,7.322510433997394,Unf,0.0,125,7.40184157874383,GasA,Ex,Y,SBrkr,7.4067107301776405,0,0.0,7.4067107301776405,1,0,2,0,3,1,Gd,7,Typ,1,Gd,Attchd,2008.0,RFn,3,800,TA,TA,Y,5.262690188904886,3.8066624897703196,0.0,0.0,0.0,0.0,None,None,None,0.0,4,2008,New,Partial,293077,8.09712193091871,1,0,3.0,1,1,1,0,236
1029,50,RL,4.382026634673881,9.158309963881798,Pave,None,Reg,Lvl,AllPub,Inside,Gtl,NAmes,Artery,Norm,1Fam,1.5Fin,5,5,1941,1950,Gable,CompShg,WdShing,Wd Shng,None,0.0,TA,TA,CBlock,TA,TA,No,Rec,5.910796644040527,BLQ,3.7376696182833684,359,6.645090969505644,GasA,TA,Y,SBrkr,6.876264611890766,408,0.0,7.227662498728654,1,0,1,0,3,1,TA,6,Typ,1,Gd,Attchd,1941.0,Unf,1,240,TA,TA,Y,0.0,0.0,0.0,0.0,0.0,0.0,None,None,None,0.0,4,2007,WD,Normal,105000,7.6708948313621175,66,57,2.0,1,1,1,1,0
1030,160,RM,3.091042453358316,7.427144133408616,Pave,None,Reg,Lvl,AllPub,Inside,Gtl,BrDale,Norm,Norm,Twnhs,2Story,6,7,1972,1972,Gable,CompShg,HdBoard,HdBoard,BrkFace,5.641907070938114,TA,TA,CBlock,TA,TA,No,BLQ,5.762051382780177,Unf,0.0,355,6.511745329644728,GasA,Gd,Y,SBrkr,6.511745329644728,546,0.0,7.105786129481271,0,1,1,1,3,1,TA,7,Typ,0,None,Detchd,1972.0,Unf,1,264,TA,TA,Y,0.0,3.367295829986474,0.0,0.0,0.0,0.0,None,None,None,0.0,5,2006,WD,Normal,118000,7.544861068658458,34,34,2.0,1,1,0,1,28
1031,190,RH,4.110873864173311,8.865452825753623,Pave,None,Reg,Lvl,AllPub,Inside,Gtl,SWISU,Norm,Norm,2fmCon,2Story,5,8,1916,1995,Gable,CompShg,VinylSd,VinylSd,None,0.0,TA,TA,PConc,TA,TA,Mn,Unf,0.0,Unf,0.0,686,6.532334292222349,GasA,Gd,Y,SBrkr,6.855408798609928,980,0.0,7.564757012905729,0,0,2,0,5,2,TA,10,Typ,0,None,None,0.0,None,0,0,None,None,N,0.0,0.0,5.43372200355424,0.0,0.0,0.0,None,None,None,0.0,7,2006,WD,Normal,160000,7.869019376499023,90,11,2.0,0,1,0,1,228
1032,75,RL,4.634728988229636,9.671807670199632,Pave,None,Reg,Lvl,AllPub,Corner,Gtl,SWISU,Norm,Norm,1Fam,2.5Fin,7,3,1920,1970,Gable,CompShg,Wd Sdng,Plywood,None,0.0,TA,TA,BrkTil,TA,TA,No,GLQ,6.261491684321042,Unf,0.0,301,6.715383386334681,GasA,Ex,Y,SBrkr,7.431299675155903,998,5.986452005284438,8.03365842788615,1,0,2,1,5,1,TA,12,Typ,2,TA,Basment,1970.0,Fin,2,672,TA,TA,Y,4.919980925828125,4.1588830833596715,0.0,0.0,0.0,0.0,None,None,None,0.0,8,2009,WD,Normal,197000,8.163371316459912,89,39,3.5,1,1,1,1,199
1033,60,RL,4.5217885770490405,9.584796293210003,Pave,None,IR1,Lvl,AllPub,Corner,Gtl,NoRidge,Norm,Norm,1Fam,2Story,8,7,1993,1993,Gable,CompShg,MetalSd,MetalSd,None,0.0,Gd,Gd,PConc,Gd,Gd,No,GLQ,6.920671504248683,Unf,0.0,326,7.199678345691172,GasA,Ex,Y,SBrkr,7.210079628170788,1168,0.0,7.83241092718792,1,0,2,1,5,1,Gd,10,Typ,1,TA,Attchd,1993.0,RFn,3,796,TA,TA,Y,5.3471075307174685,4.02535169073515,0.0,0.0,0.0,0.0,None,None,None,0.0,11,2006,WD,Abnorml,310000,8.258163361537619,13,13,3.5,1,1,1,1,264
1034,20,RL,4.2626798770413155,9.002824076547672,Pave,None,Reg,Lvl,AllPub,Inside,Gtl,CollgCr,Norm,Norm,1Fam,1Story,7,5,2002,2002,Gable,CompShg,VinylSd,VinylSd,Stone,5.69035945432406,Gd,TA,PConc,Gd,TA,No,GLQ,6.894670039433482,Unf,0.0,668,7.411556287811163,GasA,Ex,Y,SBrkr,7.411556287811163,0,0.0,7.411556287811163,1,0,2,0,3,1,Gd,6,Typ,0,None,Attchd,2002.0,Unf,3,900,TA,TA,Y,0.0,4.919980925828125,0.0,0.0,0.0,0.0,None,None,None,0.0,2,2006,WD,Normal,230000,8.104401307921613,4,4,3.0,1,1,0,0,136
1035,30,RL,3.9318256327243257,8.749256840105007,Pave,None,Reg,Bnk,AllPub,Inside,Gtl,Crawfor,Norm,Norm,1Fam,1Story,5,7,1938,1950,Gable,CompShg,MetalSd,MetalSd,None,0.0,TA,Gd,PConc,Fa,Fa,No,Unf,0.0,Unf,0.0,920,6.825460036255307,GasA,Ex,Y,SBrkr,6.86171134048073,0,0.0,6.86171134048073,0,0,1,0,2,1,Fa,5,Typ,1,Gd,Basment,1938.0,Unf,1,240,Fa,TA,Y,0.0,0.0,0.0,0.0,0.0,0.0,None,MnPrv,None,0.0,6,2007,WD,Normal,119750,7.536363938404511,69,57,1.0,1,1,1,0,0
1036,20,RL,4.197201947661808,9.350189267092581,Pave,None,IR1,Lvl,AllPub,CulDSac,Gtl,Edwards,Norm,Norm,1Fam,1Story,4,3,1957,1957,Gable,CompShg,Wd Sdng,Wd Sdng,None,0.0,TA,Gd,Slab,None,None,None,None,0.0,None,0.0,0,0.0,GasA,Ex,N,SBrkr,6.740519359606223,0,0.0,6.740519359606223,0,0,1,0,3,1,TA,5,Typ,0,None,Detchd,1957.0,Unf,1,290,TA,TA,N,5.231108616854587,0.0,0.0,0.0,0.0,0.0,None,None,None,0.0,1,2009,WD,Normal,84000,6.740519359606223,52,52,1.0,1,0,0,0,186
1037,20,RL,4.499809670330265,9.464905067965136,Pave,None,IR1,HLS,AllPub,Inside,Gtl,Timber,Norm,Norm,1Fam,1Story,9,5,2007,2008,Hip,CompShg,VinylSd,VinylSd,Stone,4.2626798770413155,Gd,TA,PConc,Ex,TA,Gd,GLQ,6.930494765951626,Unf,0.0,598,7.390798521735676,GasA,Ex,Y,SBrkr,7.390798521735676,0,0.0,7.390798521735676,1,0,2,0,2,1,Ex,6,Typ,1,Ex,Attchd,2008.0,Fin,3,912,TA,TA,Y,5.43372200355424,0.0,0.0,0.0,0.0,0.0,None,None,None,0.0,9,2009,WD,Normal,315500,8.083637203141548,2,1,3.0,1,1,1,0,228
1038,60,RL,4.2626798770413155,9.13140538388804,Pave,None,Reg,Lvl,AllPub,Inside,Gtl,CollgCr,Norm,Norm,1Fam,2Story,8,5,2001,2002,Gable,CompShg,VinylSd,VinylSd,BrkFace,5.983936280687191,Gd,TA,PConc,Gd,TA,No,Unf,0.0,Unf,0.0,1055,6.962243464266207,GasA,Ex,Y,SBrkr,6.962243464266207,1208,0.0,7.724888439323074,0,0,2,1,3,1,Gd,7,Typ,1,TA,BuiltIn,2001.0,Fin,2,905,TA,TA,Y,0.0,3.828641396489095,0.0,0.0,5.247024072160486,0.0,None,None,None,0.0,9,2008,WD,Normal,287000,8.107418811719974,7,6,2.5,1,1,1,1,234
1039,160,RM,3.091042453358316,7.335633981927201,Pave,None,Reg,Lvl,AllPub,Inside,Gtl,MeadowV,Norm,Norm,Twnhs,2Story,4,6,1970,2008,Gable,CompShg,CemntBd,CmentBd,None,0.0,TA,TA,CBlock,TA,TA,No,Unf,0.0,Unf,0.0,546,6.304448802421981,GasA,TA,Y,SBrkr,6.683360945766275,546,0.0,7.20414929203594,0,0,1,1,3,1,TA,6,Typ,1,TA,None,0.0,None,0,0,None,None,Y,0.0,0.0,0.0,0.0,0.0,0.0,None,None,None,0.0,5,2009,WD,Normal,97000,7.544861068658458,39,1,1.5,0,1,1,1,0
1040,180,RM,3.091042453358316,7.298445101508147,Pave,None,Reg,Lvl,AllPub,Inside,Gtl,MeadowV,Norm,Norm,TwnhsE,SFoyer,4,4,1970,1970,Gable,CompShg,CemntBd,CmentBd,None,0.0,TA,TA,CBlock,Gd,TA,Av,GLQ,6.234410725718371,Unf,0.0,121,6.447305862541213,GasA,TA,Y,SBrkr,6.447305862541213,0,0.0,6.447305862541213,1,0,1,0,1,1,TA,3,Typ,0,None,Attchd,1970.0,Unf,1,286,TA,TA,Y,0.0,0.0,0.0,0.0,0.0,0.0,None,None,None,0.0,4,2009,WD,Normal,80000,7.13966033596492,39,39,2.0,1,1,0,0,0
1041,20,RL,4.48863636973214,9.482350275033667,Pave,None,Reg,Lvl,AllPub,Corner,Gtl,Sawyer,Norm,Norm,1Fam,1Story,5,4,1957,2000,Gable,CompShg,Wd Sdng,Wd Sdng,BrkCmn,4.219507705176107,TA,TA,CBlock,TA,TA,No,Rec,5.1298987149230735,BLQ,6.52649485957079,284,7.034387929915503,GasA,Ex,Y,SBrkr,7.4977617006225685,0,0.0,7.4977617006225685,1,0,2,0,3,1,TA,8,Maj1,1,TA,Attchd,1957.0,RFn,2,484,TA,TA,Y,0.0,0.0,0.0,0.0,0.0,0.0,None,GdPrv,None,0.0,1,2006,WD,Normal,155000,7.9854843567338225,49,6,3.0,1,1,1,0,0
1042,60,RL,4.394449154672439,9.11943049661634,Pave,None,Reg,Lvl,AllPub,Inside,Gtl,NWAmes,Feedr,Norm,1Fam,2Story,6,8,1966,2000,Hip,CompShg,HdBoard,HdBoard,BrkFace,5.53338948872752,TA,TA,CBlock,TA,TA,No,GLQ,5.993961427306569,Rec,4.174387269895637,336,6.68586094706836,GasA,Gd,Y,SBrkr,6.68586094706836,832,0.0,7.398174092970465,0,1,1,1,4,1,Gd,7,Typ,0,None,Attchd,1966.0,Unf,2,484,TA,TA,Y,0.0,3.713572066704308,0.0,0.0,0.0,0.0,None,None,None,0.0,7,2008,WD,Normal,173000,7.796880342783522,42,8,2.0,1,1,0,1,40
1043,120,RL,3.5553480614894135,8.590815331286851,Pave,None,IR1,Lvl,AllPub,Inside,Gtl,NridgHt,Norm,Norm,Twnhs,1Story,6,5,2005,2005,Gable,CompShg,VinylSd,VinylSd,Stone,4.912654885736052,Gd,TA,PConc,Gd,TA,Av,ALQ,6.803505257608338,Unf,0.0,406,7.175489713624222,GasA,Ex,Y,SBrkr,7.175489713624222,0,0.0,7.175489713624222,1,0,2,0,1,1,Gd,5,Typ,1,Gd,Attchd,2005.0,RFn,2,624,TA,TA,Y,5.14166355650266,4.1588830833596715,0.0,0.0,0.0,0.0,None,None,None,0.0,8,2009,WD,Normal,196000,7.868254265520613,4,4,3.0,1,1,1,0,233
1044,60,RL,4.465908118654584,9.379238908437996,Pave,None,Reg,Lvl,AllPub,Inside,Gtl,SawyerW,Norm,Norm,1Fam,2Story,7,5,1990,1990,Hip,CompShg,HdBoard,HdBoard,BrkFace,4.605170185988092,TA,TA,PConc,Gd,TA,No,GLQ,6.990256500493881,Unf,0.0,390,7.297091005160418,GasA,Ex,Y,SBrkr,7.334981878871814,797,0.0,7.753623546559746,1,0,2,1,4,1,Gd,10,Typ,1,Ex,Attchd,1990.0,Unf,2,514,TA,TA,Y,5.262690188904886,4.804021044733257,0.0,0.0,0.0,0.0,None,None,None,0.0,5,2008,WD,Normal,262280,8.244071270295786,18,18,3.5,1,1,1,1,313
1045,20,RL,4.394449154672439,9.169622538697624,Pave,None,Reg,Lvl,AllPub,Inside,Gtl,NWAmes,PosN,Norm,1Fam,1Story,8,5,1981,1981,Hip,WdShngl,BrkFace,BrkFace,None,0.0,Gd,TA,PConc,Gd,TA,No,ALQ,7.007600613951853,Unf,0.0,1420,7.83399634170946,GasA,TA,Y,SBrkr,7.83399634170946,0,0.0,7.83399634170946,1,0,2,1,4,1,Gd,9,Typ,1,Gd,Attchd,1981.0,Fin,2,542,TA,TA,Y,6.163314804034641,4.795790545596741,0.0,0.0,0.0,0.0,None,MnPrv,None,0.0,7,2009,WD,Normal,278000,8.526945482858915,28,28,3.5,1,1,1,0,594
1046,20,RL,4.197201947661808,9.523763287920113,Pave,None,IR1,Lvl,AllPub,CulDSac,Gtl,Edwards,Norm,Norm,1Fam,1Story,3,5,1955,1955,Hip,CompShg,BrkFace,Wd Sdng,None,0.0,TA,TA,Slab,None,None,None,None,0.0,None,0.0,0,0.0,GasA,Ex,Y,FuseA,7.458186157340487,0,0.0,7.458186157340487,0,0,2,0,4,1,TA,8,Min2,1,Gd,Attchd,1955.0,Unf,2,452,TA,TA,Y,0.0,0.0,0.0,0.0,0.0,0.0,None,None,None,0.0,6,2009,WD,Normal,139600,7.458186157340487,54,54,2.0,1,0,1,0,0
1047,60,RL,4.454347296253507,9.683900170549684,Pave,None,IR1,Lvl,AllPub,Inside,Gtl,StoneBr,Norm,Norm,1Fam,2Story,9,5,2005,2006,Hip,CompShg,CemntBd,CmentBd,Stone,5.342334251964811,Gd,TA,PConc,Ex,TA,Av,GLQ,5.484796933490655,Unf,0.0,1752,7.597396320212795,GasA,Ex,Y,SBrkr,7.597396320212795,876,0.0,7.9617188159813645,0,0,3,1,4,1,Ex,11,Typ,1,Gd,BuiltIn,2005.0,Fin,3,716,TA,TA,Y,5.3706380281276624,4.6913478822291435,0.0,0.0,0.0,0.0,None,None,None,0.0,7,2006,New,Partial,556581,8.488999457045455,1,0,3.5,1,1,1,1,322
1048,20,RL,4.060443010546419,9.13194630454817,Pave,None,IR2,Lvl,AllPub,Inside,Gtl,CollgCr,Norm,Norm,1Fam,1Story,5,5,1994,1995,Gable,CompShg,VinylSd,VinylSd,None,0.0,TA,TA,PConc,Gd,TA,No,GLQ,6.532334292222349,Unf,0.0,304,6.898714534329988,GasA,Ex,Y,SBrkr,6.898714534329988,0,0.0,6.898714534329988,0,1,1,0,3,1,TA,5,Typ,0,None,Detchd,1996.0,Unf,2,672,TA,TA,Y,0.0,0.0,0.0,0.0,0.0,0.0,None,None,None,0.0,2,2008,WD,Normal,145000,7.591357046698551,14,13,1.5,1,1,0,0,0
1049,20,RL,4.61512051684126,9.987415012471414,Pave,None,Reg,Lvl,AllPub,Inside,Gtl,Mitchel,Norm,Norm,1Fam,1Story,5,4,1960,2006,Hip,CompShg,HdBoard,HdBoard,BrkFace,4.330733340286331,TA,Fa,Slab,None,None,None,None,0.0,None,0.0,0,0.0,GasA,TA,Y,SBrkr,7.4798641311650265,0,0.0,7.4798641311650265,0,0,1,0,3,1,TA,9,Min1,1,TA,Attchd,1960.0,Unf,2,336,TA,TA,Y,0.0,0.0,0.0,0.0,0.0,0.0,None,GdPrv,None,0.0,11,2009,WD,Normal,115000,7.4798641311650265,49,3,1.0,1,0,1,0,0
1050,20,RL,4.110873864173311,9.314790473332646,Pave,None,Reg,Low,AllPub,Inside,Gtl,Edwards,Norm,Norm,1Fam,1Story,4,7,1946,2006,Gable,CompShg,MetalSd,MetalSd,None,0.0,TA,TA,CBlock,None,None,None,None,0.0,None,0.0,0,0.0,GasA,Ex,Y,SBrkr,6.836259277277067,0,0.0,6.836259277277067,0,0,1,0,2,1,Gd,6,Typ,0,None,Detchd,1946.0,Unf,1,308,TA,TA,Y,0.0,0.0,0.0,0.0,0.0,0.0,None,None,None,0.0,4,2010,WD,Abnorml,84900,6.836259277277067,64,4,1.0,1,0,0,0,0
1051,20,RL,4.30406509320417,9.104312967330653,Pave,None,IR1,Lvl,AllPub,Inside,Gtl,Gilbert,Norm,Norm,1Fam,1Story,7,5,2007,2007,Gable,CompShg,VinylSd,VinylSd,None,0.0,Gd,TA,PConc,Gd,TA,Av,Unf,0.0,Unf,0.0,1302,7.172424577124845,GasA,Ex,Y,SBrkr,7.172424577124845,0,0.0,7.172424577124845,0,0,2,0,3,1,Gd,6,Typ,0,None,Attchd,2007.0,Fin,2,436,TA,TA,Y,0.0,3.1354942159291497,0.0,0.0,0.0,0.0,None,None,None,0.0,8,2007,New,Partial,176485,7.865187954187467,0,0,2.0,1,1,0,0,22
1052,20,RL,4.6443908991413725,9.321523900936798,Pave,None,IR1,Lvl,AllPub,Corner,Gtl,CollgCr,Norm,Norm,1Fam,1Story,7,5,2007,2007,Gable,CompShg,VinylSd,VinylSd,None,0.0,Gd,TA,PConc,Gd,TA,Av,Unf,0.0,Unf,0.0,1316,7.183111701743281,GasA,Ex,Y,SBrkr,7.183111701743281,0,0.0,7.183111701743281,0,0,2,0,3,1,Gd,6,Typ,1,Gd,Attchd,2007.0,Fin,2,440,TA,TA,Y,0.0,3.044522437723423,0.0,0.0,0.0,0.0,None,None,None,0.0,10,2007,New,Partial,200141,7.87587915949631,0,0,2.0,1,1,1,0,20
1053,60,RL,4.61512051684126,9.15915233520675,Pave,None,Reg,Lvl,AllPub,Corner,Gtl,NAmes,Artery,Norm,1Fam,2Story,6,6,1964,1978,Gable,CompShg,VinylSd,VinylSd,BrkCmn,5.60947179518496,TA,TA,CBlock,TA,TA,No,Rec,6.093569770045136,Unf,0.0,374,6.705639094860003,GasA,TA,Y,SBrkr,7.028201432058005,850,0.0,7.589841512182657,0,1,1,1,4,1,TA,9,Typ,1,TA,Attchd,1964.0,RFn,2,540,TA,TA,Y,0.0,3.970291913552122,0.0,0.0,0.0,0.0,None,GdPrv,None,0.0,6,2007,WD,Normal,165000,7.935229539816907,43,29,2.0,1,1,1,1,52
1054,20,RL,4.23410650459726,9.055205875026193,Pave,None,Reg,Lvl,AllPub,Inside,Mod,Edwards,Norm,Norm,1Fam,1Story,5,6,1957,2002,Hip,CompShg,HdBoard,HdBoard,Stone,4.983606621708336,TA,TA,CBlock,TA,TA,Av,Rec,5.950642552587727,Unf,0.0,833,7.104144092987527,GasA,Ex,Y,FuseA,7.3310603052186325,0,0.0,7.3310603052186325,0,0,1,0,4,1,TA,7,Min2,1,Gd,Basment,1957.0,Unf,1,364,TA,TA,Y,4.762173934797756,4.3694478524670215,0.0,0.0,0.0,0.0,None,None,None,0.0,5,2010,WD,Normal,144500,7.916807490937603,53,8,1.0,1,1,1,0,194
1055,60,RL,4.51085950651685,9.338557669776936,Pave,None,Reg,Lvl,AllPub,Corner,Gtl,CollgCr,Norm,Norm,1Fam,2Story,8,5,2002,2002,Gable,CompShg,VinylSd,VinylSd,BrkFace,5.351858133476067,Gd,TA,PConc,Gd,TA,Mn,GLQ,6.838405200847344,Unf,0.0,133,6.97166860472579,GasA,Ex,Y,SBrkr,6.9957661563048505,898,0.0,7.595889917718538,1,0,2,1,3,1,Gd,7,Typ,1,Gd,Attchd,2002.0,Fin,2,586,TA,TA,Y,5.298317366548036,4.110873864173311,0.0,0.0,0.0,0.0,None,None,None,0.0,11,2006,WD,Normal,255000,8.024534871605695,4,4,3.5,1,1,1,1,259
1056,20,RL,4.653960350157523,9.338029733117072,Pave,None,Reg,Lvl,AllPub,Inside,Gtl,NWAmes,Norm,Norm,1Fam,1Story,6,5,1976,1976,Gable,CompShg,Plywood,Plywood,BrkFace,5.081404364984463,TA,TA,CBlock,Gd,TA,No,ALQ,6.4692503167957724,Unf,0.0,549,7.085064293952548,GasA,TA,Y,SBrkr,7.329093736246592,0,0.0,7.329093736246592,0,1,2,0,3,1,TA,7,Typ,1,TA,Attchd,1976.0,Fin,2,478,TA,TA,Y,0.0,0.0,0.0,0.0,5.247024072160486,0.0,None,MnPrv,None,0.0,5,2008,COD,Abnorml,180000,7.907283609426348,32,32,2.5,1,1,1,0,189
1057,120,RL,3.784189633918261,8.86120833720818,Pave,None,IR1,Lvl,AllPub,Inside,Gtl,NridgHt,Norm,Norm,TwnhsE,1Story,7,5,2005,2005,Gable,CompShg,VinylSd,VinylSd,Stone,5.484796933490655,Gd,TA,PConc,Gd,TA,Av,GLQ,6.492239835020471,Unf,0.0,705,7.21890970761906,GasA,Ex,Y,SBrkr,7.21890970761906,0,0.0,7.21890970761906,1,0,2,0,2,1,Gd,6,Typ,1,Gd,Attchd,2005.0,RFn,2,484,TA,TA,Y,5.262690188904886,3.6109179126442243,0.0,0.0,0.0,0.0,None,None,None,0.0,6,2006,WD,Normal,185850,7.911690520708339,1,1,3.0,1,1,1,0,228
1058,60,RL,4.5217885770490405,10.307618437631156,Pave,None,IR2,Lvl,AllPub,FR2,Gtl,NoRidge,Norm,Norm,1Fam,2Story,7,6,1994,1994,Gable,CompShg,HdBoard,HdBoard,None,0.0,Gd,TA,PConc,Gd,TA,No,GLQ,6.39024066706535,Unf,0.0,378,6.881411303642535,GasA,Ex,Y,SBrkr,6.887552571664617,871,0.0,7.523481312573497,0,0,2,1,3,1,Gd,7,Typ,1,Gd,BuiltIn,1994.0,Fin,2,467,TA,TA,Y,5.1298987149230735,4.59511985013459,0.0,0.0,0.0,0.0,None,None,None,0.0,1,2009,WD,Normal,248000,7.945909598613133,15,15,2.5,1,1,1,1,266
1059,60,RL,4.574710978503383,9.333354147871328,Pave,None,IR1,Lvl,AllPub,Inside,Gtl,NridgHt,Norm,Norm,1Fam,2Story,9,5,2008,2008,Gable,CompShg,VinylSd,VinylSd,Stone,5.043425116919247,Ex,TA,PConc,Ex,TA,Av,GLQ,6.842683282238422,Unf,0.0,168,7.007600613951853,GasA,Ex,Y,SBrkr,7.030857476116121,1054,0.0,7.68937110752969,1,0,2,1,3,1,Ex,10,Typ,1,Gd,Attchd,2008.0,Fin,3,836,TA,TA,Y,0.0,4.634728988229636,0.0,0.0,0.0,0.0,None,None,None,0.0,7,2009,WD,Normal,335000,8.098338846189057,1,1,3.5,1,1,1,1,102
1060,50,RL,4.31748811353631,9.330431852234003,Pave,None,IR1,HLS,AllPub,Corner,Mod,Crawfor,Norm,Norm,1Fam,1.5Fin,6,7,1932,1950,Gable,CompShg,MetalSd,MetalSd,BrkFace,6.175867270105761,TA,TA,CBlock,TA,TA,Mn,Rec,5.697093486505405,LwQ,6.324358962381311,0,6.75110146893676,GasA,TA,Y,SBrkr,7.00033446027523,895,0.0,7.596894438144544,0,0,1,1,3,1,TA,7,Typ,1,Gd,Detchd,1977.0,Unf,2,432,TA,Fa,Y,0.0,0.0,2.995732273553991,0.0,0.0,0.0,None,None,None,0.0,3,2007,WD,Normal,220000,7.953669778649798,75,57,1.5,1,1,1,1,19
1061,120,RL,3.7376696182833684,8.501267040865978,Pave,None,Reg,Lvl,AllPub,Inside,Gtl,StoneBr,Norm,Norm,TwnhsE,1Story,8,5,2001,2001,Gable,CompShg,CemntBd,CmentBd,None,0.0,Gd,TA,PConc,Gd,TA,Mn,GLQ,6.424869023905388,Unf,0.0,722,7.199678345691172,GasA,Ex,Y,SBrkr,7.199678345691172,0,0.0,7.199678345691172,1,0,2,0,2,1,Gd,6,Typ,0,None,Attchd,2001.0,Fin,2,582,TA,TA,Y,0.0,0.0,5.14166355650266,0.0,0.0,0.0,None,None,None,0.0,4,2010,WD,Normal,213500,7.892452043520352,9,9,3.0,1,1,0,0,170
1062,30,C (all),4.795790545596741,9.798182590890704,Grvl,None,Reg,Low,AllPub,Inside,Gtl,IDOTRR,Norm,Norm,1Fam,1Story,3,4,1935,1950,Gable,CompShg,MetalSd,MetalSd,None,0.0,Fa,TA,CBlock,TA,TA,No,Unf,0.0,Unf,0.0,894,6.796823718274855,GasA,TA,Y,SBrkr,6.796823718274855,0,0.0,6.796823718274855,0,0,1,0,2,1,TA,6,Typ,0,None,Detchd,1994.0,RFn,3,1248,TA,TA,Y,0.0,3.044522437723423,0.0,0.0,0.0,0.0,None,None,Shed,6.329720905522696,8,2008,ConLD,Normal,81000,7.489412083508719,73,58,1.0,1,1,0,0,20
1063,190,RM,4.454347296253507,9.517898598432753,Pave,Grvl,Reg,Lvl,AllPub,Inside,Gtl,OldTown,Norm,Norm,2fmCon,2Story,5,5,1900,1950,Gable,CompShg,Wd Sdng,Wd Sdng,None,0.0,TA,TA,BrkTil,TA,TA,No,Unf,0.0,Unf,0.0,662,6.4967749901858625,GasA,TA,N,SBrkr,7.260522598089852,915,0.0,7.757051142032013,0,0,2,0,5,2,TA,10,Min2,0,None,Detchd,1945.0,Unf,2,560,TA,TA,Y,0.0,4.060443010546419,0.0,0.0,0.0,0.0,None,None,None,0.0,9,2007,WD,Normal,90000,8.006367567650246,107,57,2.0,1,1,0,1,57
1064,30,RM,3.9318256327243257,8.699681400989514,Pave,None,Reg,Lvl,AllPub,Inside,Gtl,OldTown,Artery,Norm,1Fam,1Story,6,6,1925,1980,Gable,CompShg,MetalSd,MetalSd,None,0.0,TA,Gd,BrkTil,TA,TA,No,BLQ,5.986452005284438,Unf,0.0,706,7.00669522683704,GasA,Gd,Y,SBrkr,7.00669522683704,0,0.0,7.00669522683704,0,0,1,0,2,1,Gd,5,Typ,1,Gd,Detchd,1976.0,Unf,2,440,TA,TA,Y,5.117993812416755,4.795790545596741,0.0,0.0,0.0,0.0,None,MnPrv,None,0.0,7,2006,WD,Normal,110500,7.699389406256737,81,26,1.0,1,1,1,0,286
1065,20,RL,4.30406509320417,9.305741456739435,Pave,None,IR1,Lvl,AllPub,CulDSac,Gtl,NAmes,Norm,Norm,1Fam,1Story,5,6,1966,1966,Gable,CompShg,Plywood,Plywood,BrkFace,5.303304908059076,TA,TA,CBlock,TA,TA,Mn,BLQ,6.608000625296087,Rec,5.442417710521793,184,7.051855622955894,GasA,Ex,Y,SBrkr,7.051855622955894,0,0.0,7.051855622955894,0,0,1,1,3,1,TA,6,Typ,1,Po,Attchd,1966.0,RFn,2,480,TA,TA,Y,0.0,4.07753744390572,0.0,0.0,0.0,0.0,None,MnPrv,None,0.0,11,2009,WD,Normal,154000,7.744569809354496,43,43,1.5,1,1,1,0,58
1066,60,RL,4.394449154672439,9.546884034617925,Pave,None,Reg,Lvl,AllPub,Inside,Mod,ClearCr,Norm,Norm,1Fam,2Story,7,5,1996,1997,Gable,CompShg,Wd Sdng,Wd Sdng,None,0.0,Gd,TA,PConc,Ex,TA,Gd,GLQ,7.091742115095153,Unf,0.0,105,7.175489713624222,GasA,Ex,Y,SBrkr,7.175489713624222,954,0.0,7.72356247227797,1,0,2,1,3,1,Gd,7,Typ,0,None,Attchd,1996.0,RFn,2,533,TA,TA,Y,5.6937321388027,3.8066624897703196,0.0,0.0,0.0,0.0,None,None,None,0.0,4,2010,WD,Normal,328000,8.17948018535889,14,13,3.5,1,1,0,1,340
1067,60,RL,4.0943445622221,8.966738978759576,Pave,None,IR1,Lvl,AllPub,Inside,Gtl,Gilbert,Norm,Norm,1Fam,2Story,6,7,1993,1994,Gable,CompShg,VinylSd,VinylSd,None,0.0,Gd,TA,PConc,Gd,TA,No,Unf,0.0,Unf,0.0,799,6.684611727667927,GasA,Gd,Y,SBrkr,6.684611727667927,772,0.0,7.360103972989152,0,0,2,1,3,1,TA,7,Typ,1,TA,Attchd,1993.0,RFn,2,380,TA,TA,Y,0.0,3.713572066704308,0.0,0.0,0.0,0.0,None,None,None,0.0,5,2009,WD,Normal,178000,7.771067086065406,16,15,2.5,1,1,1,1,40
1068,60,RL,4.394449154672439,9.186150133174966,Pave,None,Reg,Lvl,AllPub,Inside,Mod,NAmes,Norm,Norm,1Fam,2Story,6,6,1964,1964,Gable,CompShg,HdBoard,HdBoard,BrkFace,5.8888779583328805,TA,TA,CBlock,TA,TA,Gd,GLQ,6.51471269087253,LwQ,4.672828834461906,0,6.660575149839686,GasA,TA,Y,SBrkr,6.683360945766275,813,0.0,7.385230923066573,1,0,1,1,4,1,TA,7,Typ,0,None,Attchd,1964.0,RFn,2,442,TA,TA,Y,5.796057750765372,4.859812404361672,0.0,0.0,5.247024072160486,0.0,None,None,None,0.0,6,2008,WD,Normal,167900,7.779885115070522,44,44,2.5,1,1,0,1,645
1069,160,RM,3.7612001156935624,8.285261134068948,Pave,None,Reg,Lvl,AllPub,Inside,Gtl,MeadowV,Norm,Norm,TwnhsE,2Story,6,4,1973,1973,Gable,CompShg,CemntBd,CmentBd,None,0.0,TA,TA,CBlock,Gd,TA,No,ALQ,6.731018100482083,Unf,0.0,105,6.849066282633458,GasA,Gd,Y,SBrkr,7.163946684342547,1230,0.0,7.8328075165248645,1,0,2,1,5,1,TA,10,Maj1,1,Gd,Attchd,1973.0,Fin,2,576,TA,TA,Y,6.591673732008658,3.044522437723423,0.0,0.0,0.0,0.0,None,GdPrv,None,0.0,6,2006,WD,Normal,151400,8.150179269682326,33,33,3.5,1,1,1,1,748
1070,45,RL,4.110873864173311,9.169622538697624,Pave,None,Reg,Lvl,AllPub,Inside,Gtl,NAmes,Norm,Norm,1Fam,1.5Unf,5,7,1949,2003,Gable,CompShg,MetalSd,MetalSd,None,0.0,TA,TA,CBlock,TA,TA,No,ALQ,5.3981627015177525,Unf,0.0,625,6.740519359606223,GasA,TA,Y,SBrkr,6.795705775173514,0,0.0,6.795705775173514,0,1,1,0,2,1,Gd,4,Typ,0,None,Detchd,1985.0,Unf,2,576,TA,TA,Y,0.0,0.0,0.0,0.0,0.0,0.0,None,None,None,0.0,5,2007,WD,Normal,135000,7.461065514354283,58,4,1.5,1,1,0,0,0
1071,20,RL,4.290459441148391,9.225524507301223,Pave,None,Reg,Lvl,AllPub,Inside,Gtl,NAmes,Norm,Norm,1Fam,1Story,5,5,1956,1956,Hip,CompShg,MetalSd,MetalSd,BrkFace,4.795790545596741,TA,TA,CBlock,TA,TA,No,BLQ,6.375024819828097,Unf,0.0,462,6.955592608396297,GasA,TA,Y,SBrkr,6.955592608396297,0,0.0,6.955592608396297,1,0,1,0,3,1,TA,6,Typ,0,None,Attchd,1956.0,Unf,1,286,TA,TA,Y,0.0,3.044522437723423,0.0,0.0,5.262690188904886,0.0,None,None,None,0.0,6,2007,WD,Normal,135000,7.64826303090192,51,51,2.0,1,1,0,0,212
1072,60,RL,4.3694478524670215,9.367429587218957,Pave,None,Reg,Lvl,AllPub,Inside,Gtl,NWAmes,RRAn,Norm,1Fam,2Story,6,6,1968,1968,Gable,CompShg,MetalSd,MetalSd,None,0.0,TA,TA,CBlock,TA,TA,No,Rec,5.700443573390687,Unf,0.0,429,6.590301048196686,GasA,Ex,Y,SBrkr,6.721425700790643,727,0.0,7.350516171833998,0,0,1,1,4,1,TA,8,Typ,0,None,Attchd,1968.0,Unf,2,441,TA,TA,Y,0.0,0.0,0.0,0.0,0.0,0.0,None,None,None,0.0,5,2009,WD,Normal,154000,7.7336835707759,41,41,1.5,1,1,0,1,0
1073,50,RL,3.9318256327243257,8.934059722248843,Pave,None,Reg,Lvl,AllPub,Inside,Gtl,Edwards,Artery,Norm,1Fam,1.5Fin,5,3,1948,1950,Gable,CompShg,MetalSd,MetalSd,None,0.0,TA,TA,CBlock,Fa,Fa,Mn,Unf,0.0,Unf,0.0,810,6.698268054115413,GasA,Fa,Y,FuseA,6.910750787961936,454,0.0,7.284134806195205,1,1,1,0,4,1,TA,7,Typ,1,TA,Detchd,1954.0,Unf,1,280,TA,TA,P,0.0,0.0,0.0,0.0,0.0,0.0,None,None,None,0.0,8,2006,WD,Normal,91500,7.726212650507529,58,56,2.5,1,1,1,1,0
1074,60,RL,4.330733340286331,8.981052985901483,Pave,None,IR1,Bnk,AllPub,Corner,Gtl,Edwards,Norm,Norm,1Fam,2Story,6,6,1977,1977,Hip,CompShg,HdBoard,Plywood,BrkFace,4.948759890378168,TA,TA,CBlock,TA,TA,No,BLQ,6.284134161070802,Unf,0.0,155,6.53813982376767,GasA,TA,Y,SBrkr,6.54965074223381,728,0.0,7.2633296174768365,0,0,1,1,3,1,TA,6,Typ,0,None,Attchd,1977.0,Fin,2,440,TA,TA,Y,5.53338948872752,0.0,0.0,0.0,0.0,0.0,None,MnPrv,None,0.0,7,2009,WD,Normal,159500,7.6577552711348655,32,32,1.5,1,1,0,1,252
1075,20,RL,4.31748811353631,9.054504940418054,Pave,None,Reg,Lvl,AllPub,Inside,Gtl,CollgCr,Norm,Norm,1Fam,1Story,7,5,2006,2006,Gable,CompShg,VinylSd,VinylSd,None,0.0,Gd,TA,PConc,Gd,TA,Av,Unf,0.0,Unf,0.0,1240,7.123672785204607,GasA,Ex,Y,SBrkr,7.123672785204607,0,0.0,7.123672785204607,0,0,2,0,2,1,Gd,5,Typ,0,None,Attchd,2006.0,RFn,3,826,TA,TA,Y,4.948759890378168,4.543294782270004,0.0,0.0,0.0,0.0,None,None,None,0.0,5,2007,WD,Normal,194000,7.816416983691801,1,1,2.0,1,1,0,0,233
1076,70,RL,4.330733340286331,9.482350275033667,Pave,None,Reg,Lvl,AllPub,Inside,Gtl,Crawfor,Norm,Norm,1Fam,2Story,7,6,1940,1984,Gable,CompShg,Wd Sdng,Wd Sdng,None,0.0,TA,TA,CBlock,TA,TA,No,BLQ,6.018593214496234,Unf,0.0,390,6.68586094706836,GasA,TA,Y,SBrkr,6.8679744089702925,780,0.0,7.462214939768189,0,0,1,1,3,1,TA,6,Typ,2,Gd,Attchd,1940.0,Unf,1,240,TA,TA,Y,0.0,0.0,0.0,0.0,0.0,0.0,None,None,None,0.0,7,2007,CWD,Normal,219500,7.840312983320164,67,23,1.5,1,1,1,1,0
1077,50,RL,4.110873864173311,9.287394001418473,Pave,Grvl,Reg,Lvl,AllPub,Inside,Gtl,OldTown,Norm,Norm,1Fam,1.5Fin,5,8,1936,1989,Gable,CompShg,Wd Sdng,Wd Sdng,None,0.0,TA,TA,CBlock,Fa,TA,No,ALQ,6.440946540632921,Unf,0.0,170,6.680854678790215,GasA,Gd,Y,SBrkr,7.00033446027523,370,0.0,7.2909747781429814,0,1,2,0,3,1,Gd,7,Min1,1,TA,Attchd,1950.0,Unf,2,566,TA,TA,Y,6.07993319509559,3.091042453358316,0.0,0.0,0.0,0.0,None,None,Shed,6.2166061010848646,4,2006,WD,Normal,170000,7.724446645633537,70,17,2.5,1,1,1,1,457
1078,20,RL,4.30406509320417,9.672248823507559,Pave,None,IR1,Lvl,AllPub,Corner,Gtl,NAmes,Norm,Norm,1Fam,1Story,5,5,1969,1969,Gable,CompShg,VinylSd,Plywood,None,0.0,TA,TA,CBlock,TA,TA,Mn,BLQ,4.330733340286331,Rec,6.674561391814426,230,7.00033446027523,GasA,Ex,Y,SBrkr,7.00033446027523,0,0.0,7.00033446027523,1,0,1,0,3,1,TA,6,Typ,0,None,Attchd,1969.0,Fin,1,299,TA,TA,Y,5.484796933490655,3.4965075614664802,0.0,0.0,0.0,0.0,None,None,None,0.0,3,2006,WD,Abnorml,138800,7.693025748417888,37,37,2.0,1,1,0,0,272
1079,120,RM,3.6375861597263857,8.397508348470257,Pave,None,Reg,Lvl,AllPub,Inside,Gtl,CollgCr,Norm,Norm,TwnhsE,1Story,6,5,2004,2004,Gable,CompShg,VinylSd,VinylSd,BrkFace,5.135798437050262,Gd,TA,PConc,Gd,TA,Mn,GLQ,6.4967749901858625,Unf,0.0,186,6.744059186311348,GasA,Ex,Y,SBrkr,6.744059186311348,0,0.0,6.744059186311348,1,0,1,0,1,1,Gd,3,Typ,1,Gd,Attchd,2004.0,RFn,2,420,TA,TA,Y,4.948759890378168,0.0,0.0,0.0,0.0,0.0,None,None,None,0.0,5,2006,WD,Normal,155900,7.436617265234227,2,2,2.0,1,1,1,0,140
1080,20,RL,4.189654742026425,9.079776001955066,Pave,None,Reg,Lvl,AllPub,Inside,Gtl,CollgCr,Norm,Norm,1Fam,1Story,5,5,1994,1994,Gable,CompShg,VinylSd,VinylSd,None,0.0,TA,TA,PConc,Gd,TA,No,GLQ,6.206575926724928,Unf,0.0,495,6.898714534329988,GasA,Gd,Y,SBrkr,6.898714534329988,0,0.0,6.898714534329988,0,0,1,0,3,1,TA,5,Typ,0,None,Attchd,1996.0,Unf,1,299,TA,TA,Y,0.0,4.174387269895637,0.0,0.0,0.0,0.0,None,None,None,0.0,4,2007,WD,Normal,126000,7.591357046698551,13,13,1.0,1,1,0,0,64
1081,20,RL,4.394449154672439,9.309370895439137,Pave,None,Reg,Lvl,AllPub,Inside,Gtl,NWAmes,Norm,Norm,1Fam,1Story,6,7,1971,2004,Gable,CompShg,VinylSd,VinylSd,BrkFace,4.976733742420574,Gd,Gd,CBlock,TA,TA,No,ALQ,6.48768401848461,Unf,0.0,602,7.138073034044347,GasA,Ex,Y,SBrkr,7.138073034044347,0,0.0,7.138073034044347,0,1,2,0,3,1,Gd,5,Typ,0,None,Attchd,1971.0,RFn,2,528,TA,TA,Y,4.02535169073515,0.0,0.0,5.37989735354046,0.0,0.0,None,None,None,0.0,10,2008,COD,Abnorml,145000,7.830822995135316,37,4,2.5,1,1,0,0,271
1082,20,RL,4.330733340286331,8.922791623969637,Pave,None,Reg,Lvl,AllPub,Corner,Gtl,Sawyer,Feedr,Norm,1Fam,1Story,5,5,1963,1963,Gable,CompShg,HdBoard,HdBoard,None,0.0,TA,TA,CBlock,TA,TA,No,ALQ,6.715383386334681,Unf,0.0,216,6.947937068614969,GasA,Fa,Y,SBrkr,6.947937068614969,0,0.0,6.947937068614969,1,0,1,1,3,1,TA,5,Typ,0,None,Attchd,1963.0,Fin,1,308,TA,TA,Y,0.0,0.0,5.3981627015177525,0.0,0.0,0.0,None,MnPrv,None,0.0,6,2010,WD,Normal,133000,7.640603826393634,47,47,2.5,1,1,0,0,220
1083,20,RL,4.2626798770413155,9.07680897935166,Pave,None,Reg,Lvl,AllPub,Inside,Gtl,CollgCr,Norm,Norm,1Fam,1Story,7,5,2002,2002,Gable,CompShg,VinylSd,VinylSd,BrkFace,4.61512051684126,Gd,TA,PConc,Gd,TA,No,Unf,0.0,Unf,0.0,1459,7.286191714702382,GasA,Ex,Y,SBrkr,7.286191714702382,0,0.0,7.286191714702382,0,0,2,0,3,1,Gd,6,Typ,1,Gd,Attchd,2002.0,RFn,2,527,TA,TA,Y,5.262690188904886,3.6888794541139363,0.0,0.0,0.0,0.0,None,None,None,0.0,9,2007,WD,Normal,192000,7.978996370854115,5,5,2.0,1,1,1,0,231
1084,20,RL,4.394449154672439,9.082620630373812,Pave,None,Reg,Lvl,AllPub,Inside,Gtl,NAmes,Norm,Norm,1Fam,1Story,6,6,1964,1964,Hip,CompShg,HdBoard,HdBoard,BrkFace,6.054439346269371,TA,TA,CBlock,TA,TA,No,BLQ,6.317164686747284,Unf,0.0,698,7.132497551660044,GasA,TA,Y,SBrkr,7.132497551660044,0,0.0,7.132497551660044,1,0,1,0,3,1,TA,6,Typ,2,Gd,Attchd,1964.0,RFn,1,461,TA,TA,Y,0.0,4.762173934797756,0.0,0.0,0.0,0.0,None,MnPrv,Shed,6.55250788703459,3,2006,WD,Normal,160000,7.8252452914317745,42,42,2.0,1,1,1,0,116
1085,60,RL,4.189654742026425,9.475163150281881,Pave,None,IR2,Lvl,AllPub,Corner,Gtl,Gilbert,Norm,Norm,1Fam,2Story,6,5,1995,1996,Gable,CompShg,HdBoard,HdBoard,None,0.0,TA,TA,PConc,Gd,TA,No,ALQ,6.385194398997726,Unf,0.0,99,6.539585955617669,GasA,Gd,Y,SBrkr,6.539585955617669,807,0.0,7.312553498102598,0,0,2,1,3,1,TA,6,Typ,1,TA,Attchd,1995.0,Fin,2,409,TA,TA,Y,5.755742213586912,3.8066624897703196,0.0,0.0,0.0,0.0,None,None,None,0.0,7,2006,WD,Normal,187500,7.691656822810547,11,10,2.5,1,1,1,1,359
1086,85,RL,4.30406509320417,9.112727543109182,Pave,None,Reg,Lvl,AllPub,Inside,Gtl,SawyerW,Norm,Norm,1Fam,SFoyer,6,6,1992,1992,Gable,CompShg,HdBoard,HdBoard,None,0.0,TA,TA,PConc,Gd,TA,Av,GLQ,6.617402977974478,Unf,0.0,189,6.842683282238422,GasA,Ex,Y,SBrkr,6.904750769961838,0,0.0,6.904750769961838,1,0,1,0,2,1,Gd,5,Typ,0,None,Attchd,1992.0,Unf,2,564,TA,TA,Y,4.795790545596741,0.0,0.0,0.0,0.0,0.0,None,None,None,0.0,4,2010,WD,Normal,147000,7.566828479208331,18,18,2.0,1,1,0,0,120
1087,160,RM,3.091042453358316,7.5883236773352225,Pave,None,Reg,Lvl,AllPub,Inside,Gtl,MeadowV,Norm,Norm,TwnhsE,2Story,4,5,1973,1973,Gable,CompShg,CemntBd,CmentBd,None,0.0,TA,TA,CBlock,TA,TA,No,BLQ,5.814130531825066,Unf,0.0,212,6.304448802421981,GasA,TA,Y,SBrkr,6.304448802421981,546,0.0,6.996681488176539,0,0,1,1,3,1,TA,6,Typ,0,None,Attchd,1973.0,RFn,1,286,TA,TA,Y,4.795790545596741,4.574710978503383,0.0,0.0,0.0,0.0,None,None,None,0.0,5,2010,WD,Normal,83500,7.40184157874383,37,37,1.5,1,1,0,1,216
1088,60,FV,4.454347296253507,9.266248003914479,Pave,None,Reg,Lvl,AllPub,Inside,Gtl,Somerst,Norm,Norm,1Fam,2Story,8,5,2005,2006,Gable,CompShg,VinylSd,VinylSd,None,0.0,Gd,TA,PConc,Gd,TA,Mn,Unf,0.0,Unf,0.0,1082,6.9874902470009905,GasA,Ex,Y,SBrkr,6.9874902470009905,871,0.0,7.577633832602728,0,0,2,1,3,1,Gd,9,Typ,1,Gd,Attchd,2005.0,RFn,3,1043,TA,TA,Y,5.081404364984463,3.9318256327243257,0.0,0.0,0.0,0.0,None,None,None,0.0,5,2009,WD,Normal,252000,8.01829613851552,4,3,2.5,1,1,1,1,210
1089,160,RM,3.2188758248682006,7.833203948641057,Pave,None,Reg,Lvl,AllPub,Inside,Gtl,Edwards,Norm,Norm,Twnhs,2Story,7,5,2004,2004,Gable,CompShg,VinylSd,VinylSd,Stone,3.9318256327243257,Gd,TA,PConc,Gd,TA,No,Unf,0.0,Unf,0.0,970,6.878326468291325,GasA,Ex,Y,SBrkr,6.878326468291325,739,0.0,7.444248649496705,0,0,2,0,3,1,Gd,7,Maj1,0,None,Detchd,2004.0,Unf,2,380,TA,TA,Y,0.0,3.713572066704308,0.0,0.0,0.0,0.0,None,None,None,0.0,4,2006,WD,Normal,137500,7.893572073504902,2,2,2.0,1,1,0,1,40
1090,120,FV,3.6375861597263857,8.106816038947052,Pave,Pave,IR1,Lvl,AllPub,Inside,Gtl,Somerst,Norm,Norm,TwnhsE,1Story,8,5,2005,2005,Gable,CompShg,MetalSd,MetalSd,None,0.0,Gd,TA,PConc,Gd,TA,No,GLQ,6.946975992135418,Unf,0.0,208,7.129297548929373,GasA,Ex,Y,SBrkr,7.129297548929373,0,0.0,7.129297548929373,1,0,1,1,1,1,Gd,4,Typ,1,Gd,Attchd,2005.0,Fin,2,550,TA,TA,Y,0.0,4.442651256490317,0.0,0.0,0.0,0.0,None,None,None,0.0,4,2006,WD,Normal,197000,7.822044008185619,1,1,2.5,1,1,1,0,84
1091,90,RL,4.110873864173311,9.053101595549691,Pave,None,Reg,Lvl,AllPub,Corner,Gtl,NAmes,Norm,Norm,Duplex,1Story,3,4,1950,1950,Gable,CompShg,BrkFace,BrkFace,None,0.0,TA,TA,Slab,None,None,None,None,0.0,None,0.0,0,0.0,Wall,Fa,N,FuseA,6.947937068614969,0,0.0,6.947937068614969,0,0,2,0,2,2,TA,6,Typ,0,None,Detchd,1987.0,Unf,2,400,TA,TA,Y,0.0,0.0,0.0,0.0,0.0,0.0,None,None,None,0.0,6,2009,WD,Normal,92900,6.947937068614969,59,59,2.0,1,0,0,0,0
1092,160,FV,3.2188758248682006,7.6783263565068856,Pave,Pave,Reg,Lvl,AllPub,Inside,Gtl,Somerst,Norm,Norm,Twnhs,2Story,7,5,1999,2000,Gable,CompShg,MetalSd,MetalSd,BrkFace,5.3612921657094255,Gd,TA,PConc,Gd,TA,No,BLQ,6.236369590203704,Unf,0.0,90,6.398594934535208,GasA,Ex,Y,SBrkr,6.437751649736401,628,0.0,7.133295954896068,1,0,2,1,2,1,Gd,4,Typ,0,None,Detchd,1999.0,Unf,2,462,TA,TA,Y,0.0,3.8918202981106265,0.0,0.0,0.0,0.0,None,None,None,0.0,3,2008,WD,Normal,160000,7.52456122628536,9,8,3.5,1,1,0,1,48
1093,50,RL,4.110873864173311,9.036106025364846,Pave,None,Reg,Bnk,AllPub,Inside,Gtl,SWISU,Norm,Norm,1Fam,1.5Fin,6,5,1925,1950,Gable,CompShg,MetalSd,MetalSd,None,0.0,TA,TA,PConc,TA,TA,No,Rec,6.049733455231958,Unf,0.0,758,7.074963197966044,GasA,Fa,Y,SBrkr,7.237778191923443,304,0.0,7.43543801981455,0,0,2,0,4,1,TA,7,Typ,1,Gd,Detchd,1925.0,Unf,2,576,TA,TA,Y,5.8377304471659395,0.0,4.859812404361672,0.0,0.0,0.0,None,None,None,0.0,6,2008,WD,Normal,136500,7.964155718840937,83,58,2.0,1,1,1,1,470
1094,20,RL,4.276666119016055,9.130322663990151,Pave,None,Reg,Lvl,AllPub,Corner,Gtl,NAmes,Feedr,Norm,1Fam,1Story,5,8,1965,1998,Hip,CompShg,MetalSd,MetalSd,BrkFace,5.117993812416755,TA,TA,CBlock,TA,TA,Mn,GLQ,6.495265555937008,Unf,0.0,203,6.762729506931879,GasA,Gd,Y,SBrkr,7.0909098220799835,0,0.0,7.0909098220799835,1,0,1,1,1,1,Gd,6,Typ,0,None,Detchd,1977.0,Unf,2,884,TA,TA,Y,0.0,4.174387269895637,0.0,0.0,0.0,0.0,None,MnPrv,None,0.0,10,2006,WD,Normal,146000,7.632885505395133,41,8,2.5,1,1,0,0,64
1095,20,RL,4.31748811353631,8.677439540558334,Pave,None,Reg,Lvl,AllPub,Inside,Gtl,NAmes,Norm,Norm,1Fam,1Story,5,7,1956,2000,Gable,CompShg,MetalSd,MetalSd,None,0.0,TA,TA,CBlock,TA,TA,No,BLQ,5.517452896464707,Rec,5.484796933490655,448,6.842683282238422,GasA,Ex,Y,SBrkr,6.842683282238422,0,0.0,6.842683282238422,1,0,1,0,2,1,TA,4,Typ,0,None,Attchd,1956.0,Fin,1,308,TA,TA,Y,0.0,0.0,4.394449154672439,0.0,5.081404364984463,0.0,None,None,None,0.0,5,2010,WD,Normal,129000,7.5352967024440884,54,10,2.0,1,1,0,0,240
1096,20,RL,4.3694478524670215,9.139703292376742,Pave,None,IR1,Lvl,AllPub,Inside,Gtl,CollgCr,Norm,Norm,1Fam,1Story,6,5,2006,2006,Gable,CompShg,VinylSd,VinylSd,None,0.0,Gd,TA,PConc,Gd,TA,No,GLQ,3.2188758248682006,Unf,0.0,1290,7.181591944611865,GasA,Gd,Y,SBrkr,7.181591944611865,0,0.0,7.181591944611865,0,0,2,0,3,1,Gd,6,Typ,1,Gd,Attchd,2006.0,RFn,2,440,TA,TA,Y,0.0,3.1354942159291497,0.0,0.0,0.0,0.0,None,None,None,0.0,3,2007,WD,Normal,176432,7.874358824729881,1,1,2.0,1,1,1,0,22
1097,70,RM,4.110873864173311,8.836809882398365,Pave,None,Reg,Lvl,AllPub,Inside,Gtl,IDOTRR,Norm,Norm,1Fam,2Story,6,7,1914,2006,Gable,CompShg,Wd Sdng,Wd Sdng,None,0.0,TA,TA,PConc,TA,TA,No,Unf,0.0,Unf,0.0,684,6.529418838262226,GasA,TA,Y,SBrkr,6.651571873589727,582,0.0,7.212294468500341,0,0,1,1,3,1,Gd,7,Typ,0,None,None,0.0,None,0,0,None,None,Y,4.919980925828125,0.0,4.7535901911063645,0.0,0.0,0.0,None,None,None,0.0,3,2007,WD,Normal,127000,7.620705086838262,93,1,1.5,0,1,0,1,251
1098,120,RL,4.135166556742356,8.215276958936633,Pave,None,Reg,Lvl,AllPub,Inside,Gtl,StoneBr,Norm,Norm,TwnhsE,1Story,8,5,1986,1986,Gable,CompShg,HdBoard,HdBoard,None,0.0,Gd,TA,CBlock,Gd,TA,No,Unf,0.0,Unf,0.0,1074,6.980075940561763,GasA,Ex,Y,SBrkr,6.9930151229329605,0,0.0,6.9930151229329605,0,0,1,1,2,1,Gd,5,Typ,0,None,Attchd,1987.0,RFn,2,461,TA,TA,Y,0.0,4.31748811353631,4.927253685157205,0.0,0.0,0.0,None,None,None,0.0,10,2007,WD,Normal,170000,7.679251425953058,21,21,1.5,1,1,0,0,211
1099,50,RM,3.9318256327243257,8.699681400989514,Pave,None,Reg,Lvl,AllPub,Inside,Gtl,BrkSide,Norm,Norm,1Fam,1.5Fin,4,6,1936,1950,Gable,CompShg,MetalSd,MetalSd,None,0.0,TA,TA,BrkTil,TA,TA,No,BLQ,6.511745329644728,Unf,0.0,0,6.511745329644728,GasA,TA,Y,SBrkr,6.630683385642372,567,0.0,7.1891677384203225,0,0,1,0,3,1,TA,6,Typ,0,None,Detchd,1936.0,Unf,1,240,TA,TA,Y,0.0,0.0,0.0,0.0,0.0,0.0,None,None,None,0.0,7,2009,WD,Normal,128000,7.599401333415815,73,59,1.0,1,1,0,1,0
1100,20,RL,4.418840607796598,9.382695764458287,Pave,None,IR1,Lvl,AllPub,Inside,Gtl,NWAmes,RRAn,Norm,1Fam,1Story,7,5,1978,1978,Gable,CompShg,Plywood,Plywood,BrkFace,5.332718793265369,TA,TA,CBlock,Gd,TA,No,ALQ,6.558197802812269,Unf,0.0,567,7.148345743900068,GasA,TA,Y,SBrkr,7.379008127628304,0,0.0,7.379008127628304,0,0,2,0,3,1,TA,7,Typ,1,TA,Attchd,1978.0,RFn,2,478,TA,TA,Y,0.0,0.0,0.0,0.0,0.0,0.0,None,None,None,0.0,4,2009,COD,Abnorml,157000,7.96311205897929,31,31,2.0,1,1,1,0,0
1101,30,RL,4.110873864173311,9.036106025364846,Pave,None,Reg,Bnk,AllPub,Inside,Gtl,SWISU,Norm,Norm,1Fam,1Story,2,5,1920,1950,Gable,CompShg,Wd Sdng,Wd Sdng,None,0.0,TA,TA,CBlock,TA,Fa,No,Rec,5.673323267171493,Unf,0.0,0,5.673323267171493,GasA,TA,N,FuseF,6.0844994130751715,0,0.0,6.0844994130751715,0,0,1,0,1,1,Fa,3,Typ,0,None,Detchd,1930.0,Unf,1,246,TA,TA,N,0.0,0.0,0.0,0.0,0.0,0.0,None,None,None,0.0,1,2009,WD,Normal,60000,6.591673732008658,89,59,1.0,1,1,0,0,0
1102,20,RL,4.127134385045092,9.18594521514146,Pave,None,IR1,Lvl,AllPub,Inside,Gtl,NAmes,Norm,Norm,1Fam,1Story,5,5,1971,1971,Gable,CompShg,HdBoard,MetalSd,None,0.0,TA,TA,CBlock,TA,TA,No,BLQ,6.023447592961033,LwQ,5.662960480135946,251,6.85751406254539,GasA,TA,Y,SBrkr,6.85751406254539,0,0.0,6.85751406254539,0,0,1,0,3,1,TA,5,Typ,0,None,Detchd,1981.0,Unf,1,280,TA,TA,Y,0.0,0.0,0.0,0.0,0.0,0.0,None,None,None,0.0,7,2007,WD,Normal,119500,7.550135342488429,36,36,1.0,1,1,0,0,0
1103,20,RL,4.2626798770413155,8.853808274977197,Pave,None,Reg,Lvl,AllPub,Inside,Gtl,NAmes,Norm,Norm,1Fam,1Story,5,7,1960,2002,Gable,CompShg,Wd Sdng,Wd Sdng,BrkFace,3.828641396489095,TA,TA,CBlock,TA,TA,No,Rec,6.3784261836515865,Unf,0.0,422,6.918695219020472,GasA,Ex,Y,SBrkr,7.034387929915503,0,0.0,7.034387929915503,0,0,1,0,2,1,TA,6,Typ,0,None,Attchd,1960.0,RFn,1,254,TA,TA,Y,0.0,2.833213344056216,0.0,0.0,0.0,0.0,None,MnWw,None,0.0,4,2007,WD,Family,135000,7.6708948313621175,47,5,1.0,1,1,0,0,16
1104,20,RL,4.382026634673881,9.09504174761272,Pave,None,Reg,Lvl,AllPub,Corner,Gtl,NAmes,Norm,Norm,1Fam,1Story,6,6,1959,1959,Hip,CompShg,BrkFace,BrkFace,None,0.0,TA,TA,CBlock,TA,TA,Mn,ALQ,6.486160788944089,Unf,0.0,0,6.486160788944089,GasA,Ex,Y,SBrkr,7.085901464365611,0,0.0,7.085901464365611,0,1,1,0,3,1,TA,6,Typ,1,Fa,BuiltIn,1954.0,Fin,2,539,TA,TA,Y,0.0,0.0,5.262690188904886,0.0,0.0,0.0,None,None,None,0.0,7,2006,WD,Normal,159500,7.52294091807237,47,47,1.5,1,1,1,0,192
1105,160,RM,3.2188758248682006,7.6093665379542115,Pave,None,Reg,Lvl,AllPub,Inside,Gtl,BrDale,Norm,Norm,TwnhsE,2Story,5,5,1970,1970,Gable,CompShg,HdBoard,HdBoard,BrkFace,5.720311776607412,TA,TA,CBlock,TA,TA,No,Unf,0.0,Unf,0.0,630,6.447305862541213,GasA,TA,Y,SBrkr,6.447305862541213,672,0.0,7.172424577124845,0,0,2,1,3,1,TA,6,Typ,0,None,Detchd,1970.0,Unf,2,440,TA,TA,Y,0.0,0.0,0.0,0.0,0.0,0.0,None,None,None,0.0,4,2007,WD,Normal,106000,7.566828479208331,37,37,2.5,1,1,0,1,0
1106,60,RL,4.59511985013459,9.413852481341165,Pave,None,IR1,Lvl,AllPub,Corner,Gtl,NoRidge,Norm,Norm,1Fam,2Story,8,5,1994,1995,Gable,CompShg,HdBoard,HdBoard,BrkFace,5.8944028342648505,Gd,TA,PConc,Ex,TA,Av,GLQ,6.940222469119639,Unf,0.0,431,7.288927694521257,GasA,Ex,Y,SBrkr,7.313886831633462,1122,0.0,7.872073979866873,1,0,2,1,3,1,Gd,9,Typ,2,TA,Attchd,1994.0,RFn,2,712,TA,TA,Y,5.231108616854587,3.4965075614664802,0.0,0.0,0.0,0.0,None,None,None,0.0,4,2010,WD,Normal,325000,8.315321775377567,16,15,3.5,1,1,1,1,218
1107,20,RL,4.74493212836325,9.245514446983837,Pave,None,IR1,Lvl,AllPub,Corner,Gtl,SawyerW,Feedr,Norm,1Fam,1Story,7,5,1990,1991,Hip,CompShg,HdBoard,HdBoard,None,0.0,Gd,TA,PConc,Gd,TA,Mn,GLQ,6.6052979209482015,Unf,0.0,172,6.814542897259958,GasA,Gd,Y,SBrkr,7.274479558773871,0,0.0,7.274479558773871,1,0,2,0,3,1,Gd,6,Typ,1,TA,Attchd,1990.0,Fin,2,719,TA,TA,Y,0.0,5.501258210544727,0.0,0.0,0.0,0.0,None,None,None,0.0,5,2007,WD,Normal,179900,7.763446388727362,17,16,3.0,1,1,1,0,244
1108,60,RL,5.1298987149230735,10.05440443785299,Pave,None,IR3,HLS,AllPub,CulDSac,Gtl,Gilbert,Norm,Norm,1Fam,2Story,7,5,2006,2006,Gable,CompShg,VinylSd,VinylSd,None,0.0,Gd,TA,PConc,Ex,Gd,No,Unf,0.0,Unf,0.0,868,6.767343125265392,GasA,Ex,Y,SBrkr,6.78897174299217,1134,0.0,7.611842399580417,0,0,2,1,3,1,Gd,9,Typ,1,Gd,BuiltIn,2006.0,RFn,2,422,TA,TA,Y,0.0,4.61512051684126,0.0,0.0,0.0,0.0,None,None,None,0.0,9,2006,New,Partial,274725,7.969011781106478,0,0,2.5,1,1,1,1,100
1109,60,RL,4.189654742026425,8.99516499031115,Pave,None,Reg,Lvl,AllPub,Inside,Gtl,Gilbert,Norm,Norm,1Fam,2Story,6,5,2000,2000,Gable,CompShg,VinylSd,VinylSd,None,0.0,TA,TA,PConc,Gd,TA,No,Unf,0.0,Unf,0.0,924,6.829793737512425,GasA,Ex,Y,SBrkr,6.855408798609928,742,0.0,7.43307534889858,0,0,2,1,3,1,TA,7,Typ,1,TA,Attchd,2000.0,RFn,2,463,TA,TA,Y,4.61512051684126,3.8918202981106265,0.0,0.0,0.0,0.0,None,None,None,0.0,11,2007,WD,Abnorml,181000,7.869019376499023,7,7,2.5,1,1,1,1,148
1110,20,RL,4.68213122712422,9.338117741918008,Pave,None,IR1,Lvl,AllPub,Inside,Gtl,NridgHt,Norm,Norm,1Fam,1Story,8,5,2004,2005,Gable,CompShg,MetalSd,MetalSd,Stone,3.7612001156935624,Gd,TA,PConc,Ex,TA,Mn,GLQ,6.946975992135418,Unf,0.0,797,7.515889085215125,GasA,Ex,Y,SBrkr,7.515889085215125,0,0.0,7.515889085215125,1,0,2,0,3,1,Gd,7,Typ,1,Gd,Attchd,2004.0,Fin,3,862,TA,TA,Y,4.836281906951478,5.225746673713202,0.0,0.0,0.0,0.0,None,None,None,0.0,3,2009,WD,Normal,280000,8.208764045819667,5,4,3.0,1,1,1,0,310
1111,60,RL,4.189654742026425,8.987321812850125,Pave,None,Reg,Lvl,AllPub,Inside,Gtl,Gilbert,Norm,Norm,1Fam,2Story,6,5,1995,1996,Gable,CompShg,HdBoard,HdBoard,None,0.0,TA,TA,PConc,Gd,TA,No,GLQ,5.393627546352362,Unf,0.0,554,6.651571873589727,GasA,Gd,Y,SBrkr,6.651571873589727,885,0.0,7.413970290190444,1,0,2,1,3,1,TA,8,Typ,1,TA,Attchd,1995.0,Fin,2,431,TA,TA,Y,5.41610040220442,4.442651256490317,0.0,0.0,0.0,0.0,None,None,None,0.0,6,2008,WD,Normal,188000,7.796469243086058,13,12,3.5,1,1,1,1,308
1112,60,RL,4.394449154672439,9.257319373170178,Pave,None,Reg,Lvl,AllPub,Inside,Gtl,NWAmes,Norm,Norm,1Fam,2Story,7,6,1976,1976,Hip,CompShg,Plywood,Plywood,BrkFace,6.493753839851686,TA,TA,CBlock,TA,TA,No,ALQ,6.0014148779611505,Unf,0.0,400,6.6895992691789665,GasA,TA,Y,SBrkr,7.002155954403621,866,0.0,7.583247524303362,0,0,2,1,4,1,TA,8,Typ,1,Gd,Attchd,1976.0,RFn,2,483,TA,TA,Y,0.0,4.248495242049359,0.0,0.0,0.0,0.0,None,None,None,0.0,9,2008,WD,Normal,205000,7.92588031673756,32,32,2.5,1,1,1,1,69
1113,20,RL,4.30406509320417,8.867990898182093,Pave,None,IR1,Lvl,AllPub,Corner,Gtl,NAmes,Norm,Norm,1Fam,1Story,5,7,1957,1957,Gable,CompShg,WdShing,Wd Shng,None,0.0,TA,TA,CBlock,TA,TA,No,GLQ,6.5638555265321274,Unf,0.0,108,6.705639094860003,GasA,TA,Y,FuseA,6.705639094860003,0,0.0,6.705639094860003,1,0,1,0,2,1,TA,5,Typ,0,None,Detchd,1957.0,Unf,1,308,TA,TA,Y,0.0,0.0,0.0,0.0,0.0,0.0,None,None,None,0.0,7,2006,WD,Normal,129900,7.398174092970465,49,49,2.0,1,1,0,0,0
1114,20,RL,4.204692619390966,9.096499555552423,Pave,None,Reg,Lvl,AllPub,Inside,Gtl,NAmes,Norm,Norm,1Fam,1Story,5,7,1953,2006,Gable,CompShg,Wd Sdng,Wd Sdng,None,0.0,TA,TA,CBlock,TA,TA,No,BLQ,6.467698726104354,Unf,0.0,365,6.9167150203536085,GasA,Gd,Y,SBrkr,6.9167150203536085,0,0.0,6.9167150203536085,1,0,1,0,2,1,Gd,6,Typ,0,None,Attchd,1953.0,Unf,1,240,TA,TA,Y,0.0,2.9444389791664403,0.0,0.0,0.0,0.0,None,None,None,0.0,5,2007,WD,Normal,134500,7.6093665379542115,54,1,2.0,1,1,0,0,18
1115,20,RL,4.51085950651685,8.594339400592892,Pave,None,Reg,Lvl,AllPub,Inside,Gtl,OldTown,Norm,Norm,1Fam,1Story,5,7,1954,2000,Gable,CompShg,MetalSd,MetalSd,None,0.0,TA,Gd,CBlock,TA,TA,No,Rec,6.030685260261263,Unf,0.0,418,6.726233402358747,GasA,Ex,Y,SBrkr,6.726233402358747,0,0.0,6.726233402358747,0,0,1,0,2,1,Gd,4,Typ,0,None,Detchd,1955.0,Unf,1,326,TA,TA,Y,0.0,0.0,0.0,0.0,0.0,0.0,None,MnPrv,None,0.0,8,2006,WD,Normal,117000,7.418780882750794,52,6,1.0,1,1,0,0,0
1116,20,RL,4.543294782270004,9.399803036921504,Pave,None,Reg,Lvl,AllPub,Inside,Gtl,NridgHt,Norm,Norm,1Fam,1Story,8,5,2007,2007,Hip,CompShg,VinylSd,VinylSd,Stone,5.796057750765372,Gd,TA,PConc,Ex,TA,No,GLQ,6.912742820493176,Unf,0.0,730,7.45876269238096,GasA,Ex,Y,SBrkr,7.45876269238096,0,0.0,7.45876269238096,1,0,2,0,3,1,Ex,7,Typ,1,Gd,Attchd,2007.0,RFn,3,928,TA,TA,Y,0.0,0.0,0.0,0.0,0.0,0.0,None,None,None,0.0,11,2007,New,Partial,318000,8.15162164696975,0,0,3.0,1,1,1,0,0
1117,80,RL,4.189654742026425,8.955577146281511,Pave,None,Reg,Lvl,AllPub,Inside,Gtl,Gilbert,Norm,Norm,1Fam,SLvl,8,5,2002,2002,Hip,CompShg,VinylSd,VinylSd,None,0.0,Gd,TA,PConc,Gd,TA,No,GLQ,5.869296913133774,Unf,0.0,55,6.013715156042802,GasA,Ex,Y,SBrkr,6.659293919683638,640,0.0,7.258412150595307,1,0,2,1,3,1,Gd,7,Typ,1,TA,BuiltIn,2002.0,Fin,2,527,TA,TA,Y,4.795790545596741,0.0,0.0,0.0,0.0,0.0,None,None,None,0.0,3,2009,WD,Normal,184100,7.510977752014095,7,7,3.5,1,1,1,1,120
1118,20,RL,4.060443010546419,9.186559843310778,Pave,None,IR1,Lvl,AllPub,FR2,Gtl,Sawyer,Feedr,Norm,1Fam,1Story,5,7,1967,2003,Gable,CompShg,VinylSd,VinylSd,None,0.0,TA,TA,CBlock,TA,TA,No,BLQ,6.555356891810665,Unf,0.0,192,6.796823718274855,GasA,Ex,Y,SBrkr,6.796823718274855,0,0.0,6.796823718274855,1,0,1,0,3,1,Gd,5,Typ,0,None,Attchd,1967.0,RFn,2,450,TA,TA,Y,0.0,0.0,0.0,0.0,0.0,0.0,None,None,None,0.0,5,2008,WD,Normal,130000,7.489412083508719,41,5,2.0,1,1,0,0,0
1119,80,RL,4.454347296253507,9.53430615650521,Pave,None,Reg,Lvl,AllPub,Inside,Gtl,Sawyer,Norm,Norm,1Fam,SLvl,5,6,1958,1987,Gable,CompShg,MetalSd,MetalSd,None,0.0,TA,Gd,CBlock,TA,TA,No,Unf,0.0,Unf,0.0,533,6.280395838960195,GasA,TA,Y,SBrkr,6.92951677076365,580,0.0,7.379008127628304,0,1,1,0,3,1,TA,6,Min2,0,None,BuiltIn,1958.0,RFn,1,300,TA,TA,Y,5.638354669333745,3.5553480614894135,0.0,0.0,0.0,0.0,None,None,None,0.0,12,2008,WD,Normal,140000,7.666221925662725,50,21,1.5,1,1,0,1,314
1120,20,RL,4.2626798770413155,8.93075873555827,Pave,None,Reg,Lvl,AllPub,Inside,Gtl,NAmes,Norm,Norm,1Fam,1Story,5,5,1959,1959,Gable,CompShg,BrkFace,Wd Sdng,None,0.0,TA,TA,CBlock,TA,TA,No,LwQ,5.91350300563827,Unf,0.0,671,6.947937068614969,GasA,TA,Y,FuseA,6.947937068614969,0,0.0,6.947937068614969,0,0,1,0,3,1,TA,6,Typ,0,None,Attchd,1959.0,RFn,1,286,TA,TA,Y,4.948759890378168,0.0,5.53338948872752,0.0,0.0,0.0,None,GdWo,None,0.0,7,2006,WD,Normal,133700,7.640603826393634,47,47,1.0,1,1,0,0,392
1121,30,RM,4.0943445622221,9.019664010799474,Pave,None,Reg,Bnk,AllPub,Inside,Mod,IDOTRR,Norm,Norm,1Fam,1Story,6,5,1920,1950,Gable,CompShg,BrkFace,BrkFace,None,0.0,TA,TA,BrkTil,TA,TA,No,Unf,0.0,Unf,0.0,1012,6.920671504248683,GasA,TA,Y,FuseA,6.920671504248683,0,0.0,6.920671504248683,0,0,1,0,2,1,TA,6,Typ,1,Gd,Detchd,1920.0,Unf,1,308,TA,TA,Y,0.0,3.1354942159291497,4.727387818712341,0.0,0.0,0.0,None,MnPrv,None,0.0,5,2007,WD,Normal,118400,7.613324979540639,87,57,1.0,1,1,1,0,134
1122,20,RL,4.442651256490317,9.218804450388312,Pave,None,Reg,Lvl,AllPub,Inside,Gtl,CollgCr,Norm,Norm,1Fam,1Story,7,5,2005,2006,Gable,CompShg,VinylSd,VinylSd,BrkFace,5.2832037287379885,Gd,TA,PConc,Gd,TA,Av,GLQ,3.2188758248682006,Unf,0.0,1528,7.347943823148687,GasA,Ex,Y,SBrkr,7.347943823148687,0,0.0,7.347943823148687,0,0,2,0,3,1,Gd,7,Typ,0,None,Attchd,2005.0,RFn,3,782,TA,TA,Y,4.976733742420574,3.044522437723423,0.0,0.0,0.0,0.0,None,None,None,0.0,7,2006,New,Partial,212900,8.040768994367578,1,0,2.0,1,1,0,0,164
1123,20,RL,4.197201947661808,9.096835671179361,Pave,None,IR1,Lvl,AllPub,Corner,Gtl,Edwards,Norm,Norm,1Fam,1Story,4,3,1956,1956,Gable,CompShg,AsbShng,AsbShng,None,0.0,TA,TA,CBlock,TA,TA,No,Unf,0.0,Unf,0.0,672,6.511745329644728,GasA,Ex,Y,FuseA,6.8679744089702925,0,0.0,6.8679744089702925,0,0,1,0,3,1,TA,5,Typ,0,None,Basment,1956.0,Unf,1,288,TA,TA,Y,4.174387269895637,0.0,0.0,0.0,5.081404364984463,0.0,None,MnPrv,None,0.0,10,2009,COD,Abnorml,112000,7.398174092970465,53,53,1.0,1,1,0,0,224
1124,20,RL,3.9318256327243257,9.149103062504993,Pave,None,Reg,Lvl,AllPub,Inside,Gtl,Edwards,Norm,Norm,1Fam,1Story,5,9,1947,2008,Hip,CompShg,VinylSd,VinylSd,None,0.0,TA,Ex,CBlock,TA,TA,No,Unf,0.0,Unf,0.0,698,6.54965074223381,GasA,Ex,Y,SBrkr,6.54965074223381,0,0.0,6.54965074223381,0,1,1,0,2,1,TA,4,Typ,0,None,None,0.0,None,0,0,None,None,Y,0.0,5.303304908059076,0.0,0.0,0.0,0.0,None,None,None,0.0,6,2009,WD,Normal,118000,7.242082359256962,62,1,1.5,0,1,0,0,200
1125,80,RL,4.189654742026425,9.118882761487347,Pave,None,IR1,Lvl,AllPub,Inside,Gtl,Gilbert,Norm,Norm,1Fam,SLvl,7,5,1992,1992,Gable,CompShg,HdBoard,HdBoard,BrkFace,5.14166355650266,TA,TA,PConc,Gd,TA,No,Unf,0.0,Unf,0.0,384,5.953243334287785,GasA,Gd,Y,SBrkr,6.70073110954781,670,0.0,7.301822342137932,0,0,2,1,3,1,Gd,7,Typ,1,TA,Attchd,1992.0,Fin,2,392,TA,TA,Y,4.61512051684126,3.258096538021482,0.0,0.0,0.0,0.0,None,None,None,0.0,7,2007,WD,Normal,163900,7.532088143541722,15,15,2.5,1,1,1,1,125
1126,20,RL,4.110873864173311,9.252920819511301,Pave,None,Reg,Lvl,AllPub,Inside,Gtl,NAmes,Norm,Norm,1Fam,1Story,4,5,1955,1955,Gable,CompShg,Plywood,Plywood,None,0.0,TA,TA,CBlock,TA,TA,No,Unf,0.0,Unf,0.0,1005,6.913737350659685,GasA,TA,Y,SBrkr,6.913737350659685,0,0.0,6.913737350659685,0,0,1,0,2,1,Fa,5,Typ,1,TA,Detchd,1977.0,Unf,2,672,Fa,Fa,Y,0.0,0.0,0.0,0.0,0.0,0.0,None,None,None,0.0,11,2009,WD,Normal,115000,7.606387389772652,54,54,1.0,1,1,1,0,0
1127,120,RL,3.9889840465642745,8.212025804623437,Pave,None,Reg,Lvl,AllPub,Inside,Gtl,Blmngtn,Norm,Norm,TwnhsE,1Story,7,5,2007,2007,Hip,CompShg,VinylSd,VinylSd,BrkFace,4.875197323201151,Gd,TA,PConc,Gd,TA,No,Unf,0.0,Unf,0.0,1373,7.2254814727822945,GasA,Ex,Y,SBrkr,7.349873704738337,0,0.0,7.349873704738337,0,0,2,0,2,1,Gd,7,Typ,1,TA,Attchd,2007.0,Fin,3,660,TA,TA,Y,4.969813299576001,3.044522437723423,0.0,0.0,0.0,0.0,None,None,None,0.0,6,2009,WD,Normal,174000,7.982416346827733,2,2,2.0,1,1,1,0,163
1128,20,RL,5.209486152841421,9.586925780533697,Pave,None,IR3,Lvl,AllPub,Corner,Gtl,Gilbert,Norm,Norm,1Fam,1Story,7,5,2004,2004,Hip,CompShg,VinylSd,VinylSd,None,0.0,Gd,TA,PConc,Gd,TA,Av,GLQ,7.170888478512505,Unf,0.0,230,7.333676395657684,GasA,Ex,Y,SBrkr,7.333676395657684,0,0.0,7.333676395657684,1,0,2,0,3,1,Gd,7,Typ,1,Gd,Attchd,2004.0,Fin,3,630,TA,TA,Y,4.976733742420574,3.6109179126442243,0.0,0.0,0.0,0.0,None,None,None,0.0,11,2007,WD,Family,259000,8.026496938945412,3,3,3.0,1,1,1,0,180
1129,60,RL,4.0943445622221,9.375600540841843,Pave,None,IR1,Lvl,AllPub,Inside,Gtl,Gilbert,Norm,Norm,1Fam,2Story,7,5,2004,2005,Gable,CompShg,VinylSd,VinylSd,None,0.0,Gd,TA,PConc,Gd,TA,Av,Unf,0.0,Unf,0.0,847,6.742880635791903,GasA,Ex,Y,SBrkr,6.742880635791903,1112,0.0,7.580699752224563,0,0,2,1,4,1,Gd,8,Typ,1,Gd,BuiltIn,2004.0,Fin,2,434,TA,TA,Y,4.61512051684126,3.8918202981106265,0.0,0.0,0.0,0.0,None,None,None,0.0,7,2007,WD,Normal,215000,7.939871576361883,3,2,2.5,1,1,1,1,148
1130,90,RM,4.110873864173311,8.881975184248867,Pave,Grvl,Reg,Lvl,AllPub,Inside,Gtl,OldTown,Norm,Norm,Duplex,SFoyer,5,5,1980,1980,Gable,CompShg,MetalSd,MetalSd,BrkFace,5.198497031265826,TA,TA,CBlock,Gd,TA,Gd,GLQ,6.842683282238422,Unf,0.0,0,6.842683282238422,GasA,TA,Y,SBrkr,6.842683282238422,0,0.0,6.842683282238422,1,0,1,0,2,1,TA,4,Typ,0,None,Detchd,1980.0,Unf,2,672,TA,TA,Y,3.912023005428146,0.0,0.0,0.0,0.0,0.0,None,None,None,0.0,8,2007,WD,Normal,140000,7.5352967024440884,27,27,2.0,1,1,0,0,49
1131,50,RL,4.189654742026425,8.962519832949532,Pave,None,Reg,Lvl,AllPub,Inside,Gtl,SWISU,Norm,Norm,1Fam,1.5Fin,4,3,1928,1950,Gable,CompShg,WdShing,Plywood,None,0.0,TA,TA,BrkTil,TA,TA,No,BLQ,6.434546518787453,Unf,0.0,500,7.023758954738443,GasA,TA,Y,SBrkr,7.192182058713246,653,0.0,7.591861714889934,1,0,2,0,4,1,Gd,7,Min2,2,TA,Detchd,1981.0,Unf,2,576,TA,TA,Y,6.068425588244111,3.8066624897703196,0.0,0.0,0.0,0.0,None,MnPrv,None,0.0,12,2009,WD,Normal,135000,8.04044688130311,81,59,3.0,1,1,1,1,475
1132,20,RL,4.1588830833596715,9.279213236262558,Pave,None,Reg,Lvl,AllPub,Inside,Gtl,Mitchel,Norm,Norm,1Fam,1Story,5,5,1991,1992,Gable,CompShg,HdBoard,HdBoard,None,0.0,TA,TA,PConc,Gd,TA,Mn,BLQ,5.3612921657094255,Unf,0.0,762,6.882437470997847,GasA,TA,Y,SBrkr,6.882437470997847,0,0.0,6.882437470997847,0,0,1,0,3,1,TA,5,Typ,0,None,None,0.0,None,0,0,None,None,Y,0.0,3.367295829986474,0.0,0.0,0.0,0.0,None,MnPrv,None,0.0,9,2007,Oth,Abnorml,93500,7.575071699507561,16,15,1.0,0,1,0,0,28
1133,70,RM,4.51085950651685,9.200391041122515,Pave,None,Reg,Lvl,AllPub,Inside,Gtl,OldTown,Norm,Norm,1Fam,2Story,6,4,1880,1950,Gable,CompShg,Wd Sdng,Wd Sdng,None,0.0,TA,TA,BrkTil,TA,TA,Mn,Unf,0.0,Unf,0.0,1008,6.9167150203536085,GasW,TA,Y,SBrkr,7.072421900537371,1032,0.0,7.701200180857446,0,0,2,0,5,1,Fa,8,Typ,0,None,Detchd,1930.0,Unf,1,205,Fa,TA,N,0.0,3.8918202981106265,0.0,0.0,0.0,0.0,None,None,None,0.0,5,2007,WD,Normal,117500,8.076826031298808,127,57,2.0,1,1,0,1,48
1134,60,RL,4.394449154672439,9.19309247856663,Pave,None,IR1,Lvl,AllPub,Inside,Gtl,SawyerW,Norm,Norm,1Fam,2Story,8,5,1995,1995,Gable,CompShg,VinylSd,VinylSd,None,0.0,Gd,TA,PConc,Gd,TA,No,GLQ,6.371611847231857,Unf,0.0,544,7.029087564149662,GasA,Ex,Y,SBrkr,7.04141166379481,878,0.0,7.611347717403621,0,0,2,1,3,1,Gd,8,Typ,1,TA,Attchd,1995.0,RFn,2,466,TA,TA,Y,0.0,5.049856007249537,0.0,0.0,0.0,0.0,None,None,None,0.0,6,2009,WD,Normal,239500,8.054840221101024,14,14,2.5,1,1,1,1,155
1135,60,RL,4.060443010546419,9.07954808172616,Pave,None,IR1,HLS,AllPub,Inside,Gtl,Gilbert,Norm,Norm,1Fam,2Story,6,5,1997,1997,Gable,CompShg,VinylSd,VinylSd,None,0.0,TA,TA,PConc,Gd,TA,Av,Unf,0.0,Unf,0.0,916,6.821107472256465,GasA,Gd,Y,SBrkr,6.821107472256465,684,0.0,7.3783837129967145,0,0,2,1,3,1,TA,7,Typ,1,TA,Attchd,1997.0,Fin,2,460,TA,TA,Y,4.61512051684126,3.6635616461296463,0.0,0.0,0.0,0.0,None,None,None,0.0,8,2007,WD,Normal,169000,7.830822995135316,10,10,2.5,1,1,1,1,138
1136,30,RM,4.110873864173311,8.729235349659273,Pave,None,Reg,Lvl,AllPub,Corner,Gtl,BrkSide,Norm,Norm,1Fam,1Story,6,5,1926,1950,Gable,CompShg,Wd Sdng,Wd Sdng,None,0.0,TA,TA,BrkTil,TA,TA,No,Unf,0.0,Unf,0.0,960,6.8679744089702925,GasA,TA,N,SBrkr,6.894670039433482,0,0.0,6.894670039433482,0,0,1,0,2,1,TA,5,Typ,1,Gd,Detchd,1926.0,Unf,1,180,TA,TA,Y,0.0,4.859812404361672,0.0,0.0,0.0,0.0,None,None,None,0.0,5,2007,WD,Normal,102000,7.5740450053721995,81,57,1.0,1,1,1,0,128
1137,50,RL,4.394449154672439,9.169622538697624,Pave,None,Reg,Lvl,AllPub,Inside,Gtl,NAmes,Norm,Norm,1Fam,1.5Fin,6,5,1950,1950,Gable,CompShg,VinylSd,VinylSd,None,0.0,TA,TA,CBlock,TA,TA,No,BLQ,5.638354669333745,Unf,0.0,752,6.940222469119639,GasA,TA,Y,FuseA,6.940222469119639,220,0.0,7.133295954896068,0,0,1,0,3,1,TA,6,Typ,0,None,Attchd,1950.0,Unf,1,288,TA,TA,Y,0.0,0.0,4.574710978503383,0.0,0.0,0.0,None,None,None,0.0,4,2008,WD,Abnorml,119000,7.734121303328305,58,58,1.0,1,1,0,1,96
1138,50,RL,4.007333185232471,8.755107121633896,Pave,None,Reg,Lvl,AllPub,Inside,Gtl,Sawyer,Feedr,Norm,1Fam,1.5Fin,5,8,1875,1996,Gable,CompShg,VinylSd,VinylSd,None,0.0,TA,Gd,CBlock,TA,TA,No,Unf,0.0,Unf,0.0,780,6.660575149839686,GasA,Gd,N,SBrkr,6.660575149839686,240,0.0,6.928537818164665,0,0,1,0,2,1,TA,6,Typ,0,None,None,0.0,None,0,0,None,None,N,0.0,0.0,5.176149732573829,0.0,0.0,0.0,None,None,None,0.0,5,2010,WD,Normal,94000,7.496097345175956,135,14,1.0,0,1,0,1,176
1139,20,RL,4.30406509320417,9.192176401348512,Pave,None,IR1,Lvl,AllPub,Inside,Mod,Mitchel,Norm,Norm,1Fam,1Story,6,5,1977,1977,Gable,CompShg,Plywood,ImStucc,None,0.0,TA,TA,PConc,TA,TA,Gd,ALQ,7.357556200910353,Unf,0.0,0,7.357556200910353,GasA,TA,Y,SBrkr,7.357556200910353,0,0.0,7.357556200910353,1,0,2,0,2,1,Gd,5,Typ,2,TA,Attchd,1977.0,RFn,2,714,TA,TA,Y,5.579729825986222,3.4965075614664802,0.0,0.0,0.0,0.0,None,None,None,0.0,5,2009,WD,Normal,196000,8.050384453067021,32,32,3.0,1,1,1,0,296
1140,30,RL,4.59511985013459,9.074749717669835,Pave,None,IR1,Lvl,AllPub,Inside,Gtl,BrkSide,Norm,Norm,1Fam,1Story,5,5,1920,1950,Gable,CompShg,Stucco,Stucco,None,0.0,TA,Fa,BrkTil,TA,TA,No,BLQ,6.470799503782602,Unf,0.0,270,6.82001636467413,GasA,TA,Y,SBrkr,7.0630481633881725,0,0.0,7.0630481633881725,0,0,1,0,3,1,TA,6,Maj1,1,Gd,Detchd,1972.0,Unf,2,495,TA,TA,Y,0.0,0.0,5.37989735354046,0.0,4.844187086458591,0.0,None,None,None,0.0,5,2007,WD,Normal,144000,7.641564441260972,87,57,1.0,1,1,1,0,342
1141,20,RL,4.110873864173311,8.902591637374087,Pave,None,Reg,Lvl,AllPub,Corner,Gtl,NAmes,Norm,Norm,1Fam,1Story,5,7,1951,1951,Gable,CompShg,HdBoard,HdBoard,None,0.0,TA,TA,CBlock,TA,TA,Mn,ALQ,6.748759547491679,Unf,0.0,100,6.859614903654202,GasA,TA,Y,SBrkr,6.859614903654202,0,0.0,6.859614903654202,1,0,1,0,2,1,TA,4,Typ,0,None,Detchd,1988.0,Unf,2,840,TA,TA,Y,0.0,0.0,0.0,0.0,0.0,0.0,None,None,None,0.0,6,2008,COD,Abnorml,139000,7.552237287560802,57,57,2.0,1,1,0,0,0
1142,60,RL,4.394449154672439,9.240384493324559,Pave,None,IR1,Lvl,AllPub,CulDSac,Gtl,NWAmes,PosN,Norm,1Fam,2Story,5,7,1976,1976,Gable,CompShg,Plywood,Plywood,BrkFace,3.8066624897703196,TA,Gd,CBlock,TA,TA,No,ALQ,5.945420608606575,Unf,0.0,399,6.660575149839686,GasA,Ex,Y,SBrkr,6.9930151229329605,780,0.0,7.533158807455563,1,0,2,1,4,1,Gd,9,Typ,1,TA,Attchd,1976.0,Unf,2,484,TA,TA,Y,6.1070228877422545,4.574710978503383,0.0,0.0,0.0,0.0,None,None,None,0.0,10,2009,WD,Normal,197500,7.88193748927207,33,33,3.5,1,1,1,1,544
1143,60,RL,4.356708826689592,9.20693457884135,Pave,None,Reg,Lvl,AllPub,Inside,Gtl,CollgCr,Norm,Norm,1Fam,2Story,8,5,2006,2007,Hip,CompShg,VinylSd,VinylSd,Stone,5.831882477283517,Gd,TA,PConc,Ex,TA,Gd,GLQ,7.048386408721883,Unf,0.0,316,7.2909747781429814,GasA,Ex,Y,SBrkr,7.2909747781429814,1362,0.0,7.947678571301568,1,0,3,0,4,1,Gd,11,Typ,1,TA,BuiltIn,2006.0,RFn,3,1052,TA,TA,Y,4.836281906951478,4.976733742420574,0.0,0.0,0.0,0.0,None,None,None,0.0,4,2007,New,Partial,424870,8.365206834418355,1,0,4.0,1,1,1,1,269
1144,20,RL,4.276666119016055,9.105090961257085,Pave,None,Reg,Lvl,AllPub,Inside,Gtl,Sawyer,Norm,Norm,1Fam,1Story,5,3,1959,1959,Gable,CompShg,Wd Sdng,Plywood,None,0.0,TA,TA,CBlock,TA,TA,No,GLQ,5.666426688112432,Unf,0.0,718,6.914730892718563,GasA,TA,Y,SBrkr,6.914730892718563,0,0.0,6.914730892718563,0,0,1,0,3,1,TA,5,Typ,0,None,None,0.0,None,0,0,None,None,Y,0.0,3.2188758248682006,0.0,0.0,0.0,0.0,None,None,None,0.0,7,2008,WD,Normal,80000,7.607381425639791,49,49,1.0,0,1,0,0,24
1145,190,RL,4.110873864173311,9.407632639699958,Pave,None,Reg,Lvl,AllPub,Inside,Gtl,Edwards,Norm,Norm,2fmCon,1.5Fin,4,4,1941,1950,Gable,CompShg,MetalSd,MetalSd,None,0.0,TA,Fa,BrkTil,Gd,TA,No,BLQ,5.855071922202427,Unf,0.0,324,6.511745329644728,Grav,Fa,N,FuseA,6.511745329644728,252,0.0,6.829793737512425,1,0,1,0,2,1,Fa,5,Typ,0,None,Detchd,1941.0,Unf,1,280,TA,TA,Y,0.0,0.0,0.0,0.0,0.0,0.0,None,MnPrv,None,0.0,7,2010,WD,Normal,80000,7.3758821482150125,69,60,2.0,1,1,0,1,0
1146,50,RM,3.970291913552122,8.738895704934043,Pave,None,Reg,Lvl,AllPub,Inside,Gtl,BrkSide,Norm,Norm,1Fam,1.5Fin,5,6,1928,1950,Gable,CompShg,MetalSd,MetalSd,None,0.0,TA,TA,BrkTil,TA,TA,No,Unf,0.0,Unf,0.0,1042,6.949856455000773,GasA,Ex,Y,SBrkr,6.949856455000773,534,0.0,7.3632795869630385,0,0,1,0,3,1,TA,8,Typ,1,Gd,Detchd,1928.0,Unf,1,225,TA,TA,Y,0.0,0.0,0.0,0.0,0.0,0.0,None,None,None,0.0,8,2006,WD,Family,149000,7.870547844507712,78,56,1.0,1,1,1,1,0
1147,20,RL,4.212127597878484,9.32375833901174,Pave,None,Reg,Lvl,AllPub,Inside,Gtl,SawyerW,Norm,Norm,1Fam,1Story,6,5,1985,1985,Gable,CompShg,Wd Sdng,Wd Shng,BrkFace,4.454347296253507,Gd,TA,CBlock,Gd,TA,No,GLQ,7.138073034044347,Unf,0.0,40,7.1693500166706,GasA,TA,Y,SBrkr,7.1693500166706,0,0.0,7.1693500166706,1,0,2,0,3,1,Gd,5,Typ,1,TA,Attchd,1985.0,Unf,2,403,TA,TA,Y,5.111987788356544,3.295836866004329,0.0,0.0,0.0,0.0,None,None,None,0.0,5,2006,WD,Normal,180000,7.862112211662748,21,21,3.0,1,1,1,0,191
1148,70,RL,4.330733340286331,9.392745258631441,Pave,None,Reg,Bnk,AllPub,Inside,Gtl,Crawfor,Norm,Norm,1Fam,2Story,7,7,1941,1950,Gable,CompShg,MetalSd,MetalSd,None,0.0,TA,TA,CBlock,TA,TA,No,Rec,5.62040086571715,Unf,0.0,429,6.558197802812269,GasA,Ex,Y,SBrkr,6.7580945044277305,704,0.0,7.355641102974253,0,0,1,1,3,1,Fa,7,Typ,1,Gd,Attchd,1941.0,Unf,1,234,TA,TA,Y,0.0,0.0,0.0,0.0,0.0,0.0,None,None,None,0.0,7,2009,WD,Normal,174500,7.727094484779841,68,59,1.5,1,1,1,1,0
1149,50,RM,4.110873864173311,8.648396877031582,Pave,None,Reg,Lvl,AllPub,Inside,Gtl,OldTown,Norm,Norm,1Fam,1.5Fin,7,7,1926,1950,Gable,CompShg,Wd Sdng,Wd Sdng,None,0.0,TA,TA,PConc,TA,TA,No,Unf,0.0,Unf,0.0,572,6.35088571671474,GasA,TA,Y,SBrkr,6.35088571671474,539,0.0,7.013915474810528,0,0,1,0,2,1,TA,5,Typ,1,Gd,Detchd,1982.0,Unf,1,288,TA,TA,Y,0.0,0.0,5.176149732573829,0.0,0.0,0.0,None,None,None,0.0,8,2008,WD,Normal,116900,7.428927194802272,82,58,1.0,1,1,1,1,176
1150,70,RM,3.9318256327243257,9.105090961257085,Pave,None,Reg,Lvl,AllPub,Inside,Gtl,OldTown,Artery,Norm,1Fam,2Story,7,9,1920,1988,Hip,CompShg,VinylSd,VinylSd,None,0.0,TA,Gd,PConc,TA,TA,No,ALQ,6.437751649736401,Unf,0.0,26,6.478509642208569,GasA,Ex,Y,SBrkr,6.725033642166843,650,0.0,7.301822342137932,0,1,1,0,3,1,TA,7,Typ,0,None,Detchd,1930.0,Unf,2,324,TA,TA,Y,0.0,0.0,0.0,0.0,0.0,0.0,None,None,None,0.0,7,2009,WD,Normal,143000,7.665284718471351,89,21,1.5,1,1,0,1,0
1151,20,RL,4.060443010546419,9.0217190130337,Pave,None,IR1,Lvl,AllPub,Inside,Gtl,NAmes,Norm,Norm,1Fam,1Story,6,5,1950,1950,Gable,CompShg,BrkFace,BrkFace,None,0.0,TA,TA,CBlock,TA,TA,No,Unf,0.0,Unf,0.0,932,6.838405200847344,GasA,Ex,Y,FuseA,6.838405200847344,0,0.0,6.838405200847344,0,0,1,0,2,1,Gd,4,Typ,1,Gd,Attchd,1950.0,Unf,1,306,TA,TA,Y,0.0,0.0,5.3706380281276624,0.0,0.0,0.0,None,GdPrv,None,0.0,11,2007,WD,Normal,124000,7.5310163320779155,57,57,1.0,1,1,1,0,214
1152,20,RL,4.90527477843843,9.784478765953926,Pave,None,Reg,Lvl,AllPub,Inside,Gtl,Edwards,Norm,Norm,1Fam,1Story,5,4,1959,1959,Gable,CompShg,HdBoard,Plywood,BrkFace,4.890349128221754,TA,TA,CBlock,TA,TA,No,BLQ,5.176149732573829,Unf,0.0,1290,7.2909747781429814,GasA,TA,Y,SBrkr,7.2909747781429814,0,0.0,7.2909747781429814,0,0,1,1,3,1,Fa,6,Typ,2,Gd,Attchd,1959.0,Fin,2,528,TA,TA,Y,0.0,4.948759890378168,0.0,0.0,4.61512051684126,0.0,None,None,None,0.0,11,2006,WD,Normal,149900,7.983781068977451,47,47,1.5,1,1,1,0,240
1153,20,RL,4.51085950651685,9.55506418479516,Pave,None,IR1,Lvl,AllPub,Inside,Gtl,Crawfor,Norm,Norm,1Fam,1Story,6,7,1956,2004,Gable,CompShg,Stone,Stone,None,0.0,TA,TA,PConc,TA,TA,No,ALQ,5.6937321388027,GLQ,6.306275286948016,230,6.97914527506881,GasA,Ex,Y,SBrkr,7.502186486602924,0,0.0,7.502186486602924,0,0,1,0,2,1,Ex,6,Typ,1,Gd,Attchd,1956.0,Fin,2,470,TA,TA,Y,0.0,0.0,5.638354669333745,0.0,0.0,0.0,None,None,None,0.0,7,2006,WD,Abnorml,230000,7.9672801789422,50,2,1.0,1,1,1,0,280
1154,30,RM,4.110873864173311,8.681181041521688,Pave,None,Reg,Lvl,AllPub,Corner,Gtl,IDOTRR,Norm,Norm,1Fam,1Story,6,8,1930,2007,Gable,CompShg,Wd Sdng,Wd Sdng,None,0.0,Gd,Gd,BrkTil,TA,TA,Av,ALQ,6.289715570908998,Unf,0.0,278,6.705639094860003,GasA,Ex,Y,SBrkr,6.705639094860003,0,0.0,6.705639094860003,0,0,1,0,2,1,TA,5,Typ,0,None,Detchd,2002.0,Unf,1,432,TA,TA,Y,0.0,0.0,4.574710978503383,0.0,0.0,0.0,None,None,None,0.0,6,2008,WD,Normal,120500,7.398174092970465,78,1,1.0,1,1,0,0,96
1155,60,RL,4.30406509320417,9.525224101853109,Pave,None,IR1,Lvl,AllPub,Inside,Gtl,NAmes,Norm,Norm,1Fam,2Story,7,6,1965,1988,Gable,CompShg,VinylSd,VinylSd,Stone,5.666426688112432,TA,TA,CBlock,TA,TA,Gd,ALQ,6.12029741895095,Unf,0.0,410,6.762729506931879,GasA,TA,Y,SBrkr,6.805722553416985,918,0.0,7.507141079727608,0,0,1,2,4,1,Gd,8,Typ,2,Gd,Attchd,1965.0,Unf,2,492,TA,TA,Y,4.110873864173311,4.442651256490317,0.0,0.0,5.6131281063880705,0.0,None,GdPrv,None,0.0,5,2008,WD,Normal,201800,7.895436006942965,43,20,2.0,1,1,1,1,417
1156,20,RL,4.51085950651685,9.284426915328881,Pave,None,IR1,Lvl,AllPub,Corner,Gtl,Veenker,Norm,Norm,1Fam,1Story,5,8,1976,2004,Gable,CompShg,Plywood,Plywood,None,0.0,Gd,Gd,CBlock,Gd,TA,Gd,ALQ,7.05444965813294,Unf,0.0,280,7.271008538280992,GasA,TA,Y,SBrkr,7.271008538280992,0,0.0,7.271008538280992,1,0,2,0,3,1,Gd,6,Typ,1,Fa,Attchd,1976.0,RFn,2,528,TA,TA,Y,0.0,3.091042453358316,0.0,0.0,5.198497031265826,0.0,None,None,None,0.0,7,2007,WD,Normal,218000,7.963807953231451,31,3,3.0,1,1,1,0,201
1157,80,RL,4.454347296253507,9.143238568435446,Pave,None,Reg,Lvl,AllPub,Inside,Gtl,NAmes,Norm,Norm,1Fam,SLvl,5,8,1965,1999,Gable,CompShg,BrkFace,BrkFace,None,0.0,TA,Gd,PConc,TA,TA,Gd,ALQ,6.452048954437226,Unf,0.0,586,7.106606137727303,GasA,Gd,Y,SBrkr,7.143617602704121,0,0.0,7.143617602704121,0,1,2,0,3,1,Gd,6,Typ,1,Gd,Attchd,1965.0,RFn,2,502,TA,TA,Y,0.0,4.532599493153256,0.0,4.574710978503383,0.0,0.0,None,MnPrv,None,0.0,10,2008,WD,Normal,179900,7.818027938530729,43,9,2.5,1,1,1,0,188
1158,120,RL,3.5553480614894135,8.517593111437565,Pave,None,IR1,Lvl,AllPub,Inside,Gtl,NridgHt,Norm,Norm,Twnhs,1Story,7,5,2007,2008,Gable,CompShg,VinylSd,VinylSd,Stone,5.117993812416755,Gd,TA,PConc,Gd,TA,No,GLQ,6.807934943699926,Unf,0.0,410,7.181591944611865,GasA,Ex,Y,SBrkr,7.181591944611865,0,0.0,7.181591944611865,1,0,2,0,2,1,Gd,6,Typ,1,Gd,Attchd,2008.0,RFn,2,626,TA,TA,Y,5.153291594497779,4.143134726391533,0.0,0.0,0.0,0.0,None,None,None,0.0,7,2009,WD,Normal,230000,7.874358824729881,2,1,3.0,1,1,1,0,234
1159,20,RL,4.532599493153256,9.387062950369655,Pave,None,Reg,Lvl,AllPub,FR2,Gtl,Somerst,Feedr,Norm,1Fam,1Story,8,5,2007,2008,Gable,CompShg,VinylSd,VinylSd,Stone,5.231108616854587,Gd,TA,PConc,Gd,TA,No,Unf,0.0,Unf,0.0,1580,7.365812837209472,GasA,Ex,Y,SBrkr,7.365812837209472,0,0.0,7.365812837209472,0,0,2,0,3,1,Gd,7,Typ,0,None,Attchd,2008.0,RFn,3,830,TA,TA,Y,0.0,3.2188758248682006,0.0,0.0,0.0,0.0,None,None,None,0.0,6,2008,ConLD,Partial,235128,8.058643712215618,1,0,2.0,1,1,0,0,24
1160,60,RL,4.343805421853684,9.118334726180159,Pave,None,Reg,Lvl,AllPub,Inside,Gtl,NWAmes,Norm,Norm,1Fam,2Story,6,6,1974,1974,Hip,CompShg,HdBoard,HdBoard,BrkFace,5.602118820879701,Gd,TA,CBlock,TA,TA,No,ALQ,6.093569770045136,Unf,0.0,459,6.804614520062624,GasA,TA,Y,SBrkr,6.8501261661455,933,0.0,7.537430036586509,0,0,2,1,4,1,Gd,8,Typ,1,TA,Attchd,1974.0,RFn,2,540,Gd,TA,Y,0.0,4.248495242049359,0.0,0.0,0.0,0.0,None,None,None,0.0,7,2008,WD,Normal,185000,7.9294865233142895,34,34,2.5,1,1,1,1,69
1161,160,RL,3.2188758248682006,7.732369222284388,Pave,None,Reg,Lvl,AllPub,Inside,Gtl,NPkVill,Norm,Norm,Twnhs,2Story,6,5,1978,1978,Gable,CompShg,Plywood,Brk Cmn,None,0.0,TA,TA,CBlock,Gd,TA,No,ALQ,5.7430031878094825,Unf,0.0,544,6.752270376141742,GasA,Fa,Y,SBrkr,6.752270376141742,601,0.0,7.284134806195205,0,0,2,1,3,1,TA,7,Typ,1,TA,Attchd,1978.0,Unf,2,440,TA,TA,Y,3.295836866004329,0.0,0.0,0.0,0.0,0.0,None,None,None,0.0,7,2010,WD,Normal,146000,7.7458682297922685,32,32,2.5,1,1,1,1,26
1162,20,RL,4.31748811353631,9.600962533214572,Pave,None,IR1,Low,AllPub,CulDSac,Gtl,Crawfor,PosN,Norm,1Fam,1Story,6,7,1954,2006,Hip,CompShg,HdBoard,HdBoard,BrkFace,4.290459441148391,Gd,TA,CBlock,TA,TA,No,BLQ,6.591673732008658,Unf,0.0,568,7.167809184316444,GasA,Ex,Y,SBrkr,7.403061091090091,0,0.0,7.403061091090091,1,0,1,0,3,1,Gd,7,Typ,1,Gd,Detchd,1993.0,Unf,2,924,TA,TA,Y,4.6913478822291435,0.0,0.0,5.37989735354046,0.0,0.0,None,None,None,0.0,11,2008,WD,Normal,224000,7.98514393119862,54,2,2.0,1,1,1,0,324
1163,20,RL,4.700480365792417,9.073947747070628,Pave,None,Reg,Lvl,AllPub,Inside,Gtl,Sawyer,Norm,Norm,1Fam,1Story,5,5,1968,1968,Gable,CompShg,VinylSd,VinylSd,None,0.0,TA,TA,CBlock,Gd,TA,No,BLQ,6.20050917404269,Unf,0.0,402,6.796823718274855,GasA,Gd,Y,SBrkr,6.796823718274855,0,0.0,6.796823718274855,0,0,1,0,3,1,TA,5,Typ,1,Po,Attchd,1968.0,Fin,2,450,TA,TA,Y,0.0,0.0,0.0,0.0,0.0,0.0,None,None,None,0.0,5,2007,WD,Normal,129000,7.489412083508719,39,39,1.0,1,1,1,0,0
1164,90,RL,4.110873864173311,9.465060106725137,Pave,None,Reg,Lvl,AllPub,Inside,Gtl,Sawyer,Feedr,Norm,Duplex,SFoyer,4,4,1969,1969,Gable,CompShg,Plywood,Plywood,None,0.0,TA,TA,CBlock,Gd,TA,Av,GLQ,7.089243155027514,Unf,0.0,0,7.089243155027514,GasA,TA,Y,SBrkr,7.138073034044347,0,0.0,7.138073034044347,2,0,0,2,0,2,TA,6,Typ,0,None,CarPort,1969.0,Unf,2,400,Fa,TA,Y,4.795790545596741,0.0,0.0,0.0,0.0,0.0,None,None,None,0.0,1,2008,WD,Alloca,108959,7.806696372521179,39,39,3.0,1,1,0,0,120
1165,80,RL,4.23410650459726,9.690170562039654,Pave,None,IR1,Lvl,AllPub,FR2,Gtl,Veenker,Feedr,Norm,1Fam,SLvl,5,7,1978,1978,Gable,CompShg,Plywood,Plywood,None,0.0,TA,TA,PConc,Gd,TA,Gd,ALQ,6.523562306149512,Rec,5.971261839790462,289,7.215975002651466,GasA,Ex,Y,SBrkr,7.267525427828172,0,0.0,7.267525427828172,1,0,1,1,2,1,Gd,5,Typ,1,TA,Attchd,1978.0,Unf,2,588,TA,TA,Y,5.1298987149230735,5.198497031265826,0.0,0.0,0.0,0.0,None,None,None,0.0,6,2007,WD,Normal,194000,7.934871565945177,29,29,2.5,1,1,1,0,348
1166,20,RL,4.382026634673881,9.163458386076051,Pave,None,IR1,Lvl,AllPub,Inside,Gtl,NridgHt,Norm,Norm,1Fam,1Story,7,5,2009,2009,Gable,CompShg,VinylSd,VinylSd,Stone,5.594711379601839,Gd,TA,PConc,Gd,TA,No,Unf,0.0,Unf,0.0,1502,7.315218389752975,GasA,Ex,Y,SBrkr,7.315218389752975,0,0.0,7.315218389752975,0,0,2,0,3,1,Gd,7,Typ,0,None,Attchd,2009.0,RFn,2,644,TA,TA,Y,0.0,4.74493212836325,0.0,0.0,0.0,0.0,None,None,None,0.0,9,2009,New,Partial,233170,8.008032846969307,0,0,2.0,1,1,0,0,114
1167,20,RL,4.174387269895637,9.256842205627603,Pave,None,IR1,Lvl,AllPub,Corner,Gtl,CollgCr,Norm,Norm,1Fam,1Story,8,5,2008,2008,Gable,CompShg,VinylSd,VinylSd,Stone,4.290459441148391,Gd,TA,PConc,Gd,TA,Av,Unf,0.0,Unf,0.0,1694,7.43543801981455,GasA,Ex,Y,SBrkr,7.43543801981455,0,0.0,7.43543801981455,0,0,2,0,3,1,Gd,7,Typ,0,None,Attchd,2008.0,RFn,3,776,TA,TA,Y,5.081404364984463,3.5263605246161616,0.0,0.0,0.0,0.0,None,None,None,0.0,2,2010,WD,Normal,245350,8.128290171607052,2,2,2.0,1,1,0,0,193
1168,60,RL,4.07753744390572,9.292196818446016,Pave,None,IR1,Lvl,AllPub,Inside,Gtl,Gilbert,RRAn,Norm,1Fam,2Story,6,5,2000,2000,Gable,CompShg,VinylSd,VinylSd,None,0.0,TA,TA,PConc,Gd,TA,No,GLQ,6.668228248417403,Unf,0.0,173,6.866933284461882,GasA,Ex,Y,SBrkr,6.866933284461882,712,0.0,7.421775793644647,1,0,2,1,3,1,TA,7,Typ,1,TA,Attchd,2000.0,Fin,2,472,TA,TA,Y,0.0,3.6635616461296463,0.0,0.0,0.0,0.0,None,None,None,0.0,2,2006,WD,Normal,173000,7.875119281040293,6,6,3.5,1,1,1,1,38
1169,70,RL,4.795790545596741,9.527265662897605,Pave,None,Reg,Lvl,AllPub,Corner,Gtl,Edwards,Norm,Norm,1Fam,2Story,6,7,1935,1986,Hip,CompShg,Stucco,Stucco,None,0.0,TA,TA,CBlock,TA,TA,No,Rec,6.440946540632921,Unf,0.0,501,7.028201432058005,GasA,Ex,Y,SBrkr,7.1204443723924875,872,0.0,7.653969180478774,0,0,2,0,4,1,Gd,7,Typ,2,TA,Basment,1935.0,Unf,2,540,TA,TA,Y,0.0,0.0,0.0,0.0,4.51085950651685,0.0,None,None,None,0.0,7,2008,WD,Normal,235000,8.082093278178382,73,22,2.0,1,1,1,1,90
1170,60,RL,4.77912349311153,10.484613193102275,Pave,None,IR1,Lvl,AllPub,CulDSac,Gtl,NoRidge,Norm,Norm,1Fam,2Story,10,5,1995,1996,Hip,CompShg,HdBoard,HdBoard,BrkFace,7.229113877793302,Gd,Gd,PConc,Ex,TA,Gd,GLQ,7.23561914106675,Unf,0.0,543,7.565793282428515,GasA,Ex,Y,SBrkr,7.513163545234075,1796,0.0,8.196436811235028,1,0,3,1,4,1,Gd,10,Typ,1,TA,Attchd,1995.0,Fin,3,807,TA,TA,Y,5.8916442118257715,4.343805421853684,0.0,0.0,0.0,0.0,None,None,None,0.0,7,2006,WD,Normal,625000,8.62299361030245,11,10,4.5,1,1,1,1,437
1171,80,RL,4.343805421853684,9.198369000194964,Pave,None,Reg,Lvl,AllPub,Inside,Gtl,Mitchel,Norm,Norm,1Fam,SLvl,6,6,1977,1977,Gable,CompShg,Plywood,Plywood,None,0.0,TA,TA,CBlock,TA,TA,Av,ALQ,6.259581464064923,Unf,0.0,574,7.00033446027523,GasA,TA,Y,SBrkr,7.020190708311925,0,0.0,7.020190708311925,1,0,1,0,3,1,TA,6,Typ,1,Po,Attchd,1977.0,Fin,1,358,TA,TA,Y,5.318119993844216,0.0,0.0,0.0,0.0,6.3578422665081,Gd,GdPrv,None,0.0,7,2008,WD,Normal,171000,7.703007682479236,31,31,2.0,1,1,1,0,203
1172,20,RL,4.343805421853684,9.118334726180159,Pave,None,Reg,Lvl,AllPub,Inside,Gtl,NAmes,Norm,Norm,1Fam,1Story,6,6,1958,1958,Hip,CompShg,MetalSd,MetalSd,None,0.0,TA,TA,CBlock,TA,TA,No,ALQ,6.4967749901858625,Unf,0.0,599,7.140453043101158,GasA,Ex,Y,SBrkr,7.140453043101158,0,0.0,7.140453043101158,1,0,1,0,3,1,TA,6,Typ,1,TA,Attchd,1958.0,RFn,2,433,TA,TA,Y,0.0,0.0,0.0,0.0,5.666426688112432,0.0,None,None,Shed,7.244941546337007,11,2008,WD,Normal,163000,7.833203948641057,50,50,2.0,1,1,1,0,288
1173,160,FV,3.58351893845611,8.29853954537488,Pave,Pave,IR1,Lvl,AllPub,Inside,Gtl,Somerst,Norm,Norm,TwnhsE,2Story,7,5,2006,2007,Gable,CompShg,MetalSd,MetalSd,None,0.0,Gd,TA,PConc,Gd,TA,No,Unf,0.0,Unf,0.0,625,6.439350371100098,GasA,Ex,Y,SBrkr,6.439350371100098,625,0.0,7.1316985104669115,0,0,2,1,2,1,Gd,5,Typ,0,None,Detchd,2006.0,Fin,2,625,TA,TA,Y,0.0,4.007333185232471,0.0,0.0,0.0,0.0,None,None,None,0.0,3,2008,WD,Normal,171900,7.53689712956617,2,1,2.5,1,1,0,1,54
1174,50,RL,4.9344739331306915,9.799847777776368,Pave,None,IR1,Bnk,AllPub,Inside,Gtl,ClearCr,Norm,Norm,1Fam,1.5Fin,5,6,1946,1994,Gable,CompShg,MetalSd,MetalSd,None,0.0,TA,TA,CBlock,TA,TA,No,Rec,5.030437921392435,BLQ,6.152732694704104,977,7.377133712833954,GasA,TA,Y,SBrkr,7.400620577371135,971,6.173786103901937,8.034955024502159,0,0,3,0,3,1,Ex,12,Maj1,1,Gd,None,0.0,None,0,0,None,None,Y,4.812184355372417,0.0,0.0,0.0,0.0,0.0,None,MnPrv,None,0.0,3,2007,WD,Normal,200500,8.344267356262645,61,13,3.0,0,1,1,1,122
1175,70,RL,4.394449154672439,9.714805812589491,Pave,None,IR1,Lvl,AllPub,Inside,Gtl,Crawfor,Norm,Norm,1Fam,2Story,6,8,1932,1950,Gable,CompShg,Wd Sdng,Wd Sdng,None,0.0,TA,TA,BrkTil,Gd,TA,No,Rec,6.222576268071369,Unf,0.0,449,6.859614903654202,GasA,TA,Y,SBrkr,7.065613363597717,1175,0.0,7.76046702921342,0,0,2,1,4,1,TA,9,Typ,1,Gd,Detchd,1932.0,Unf,2,360,TA,TA,Y,0.0,0.0,0.0,0.0,0.0,0.0,None,None,None,0.0,7,2006,WD,Normal,239000,8.101071503119543,74,56,2.5,1,1,1,1,0
1176,50,RL,4.454347296253507,9.276034475171546,Pave,None,Reg,Lvl,AllPub,Inside,Gtl,NoRidge,Norm,Norm,1Fam,1.5Fin,8,5,1992,2000,Hip,CompShg,HdBoard,HdBoard,BrkFace,5.823045895483019,Gd,TA,PConc,Gd,TA,No,GLQ,6.55250788703459,Unf,0.0,983,7.428927194802272,GasA,Ex,Y,SBrkr,7.6638772587034705,743,0.0,7.96311205897929,0,0,2,1,4,1,Gd,9,Typ,1,TA,Attchd,1992.0,Fin,2,541,TA,TA,Y,0.0,3.5263605246161616,0.0,0.0,0.0,0.0,None,None,None,0.0,4,2007,WD,Normal,285000,8.424200324567073,15,7,2.5,1,1,1,1,33
1177,20,RL,3.6375861597263857,8.846784666945227,Pave,None,IR1,Lvl,AllPub,CulDSac,Gtl,Mitchel,Norm,Norm,1Fam,1Story,5,5,1984,1985,Gable,CompShg,HdBoard,Plywood,None,0.0,TA,TA,CBlock,TA,TA,No,ALQ,6.490723534502507,Unf,0.0,218,6.776506992372183,GasA,TA,Y,SBrkr,6.828712071641684,0,0.0,6.828712071641684,1,0,1,0,3,1,TA,5,Typ,0,None,Attchd,1984.0,Unf,1,264,TA,TA,Y,5.8944028342648505,0.0,0.0,0.0,0.0,0.0,None,MnPrv,None,0.0,10,2008,WD,Normal,119500,7.495541943884256,24,23,2.0,1,1,0,0,362
1178,50,RM,4.110873864173311,8.281723990411392,Pave,Grvl,Reg,Bnk,AllPub,Inside,Gtl,OldTown,Artery,Norm,1Fam,1.5Fin,6,8,1926,2004,Gable,CompShg,MetalSd,MetalSd,None,0.0,TA,TA,CBlock,TA,TA,No,Rec,6.150602768446279,Unf,0.0,350,6.70808408385307,GasA,TA,Y,SBrkr,6.70808408385307,406,0.0,7.110696122978827,0,0,1,0,3,1,TA,5,Typ,0,None,Detchd,1926.0,Unf,1,210,TA,TA,N,0.0,0.0,4.762173934797756,0.0,0.0,0.0,None,None,None,0.0,12,2009,WD,Normal,115000,7.622174594817622,83,5,1.0,1,1,0,1,116
1179,50,RL,4.007333185232471,8.94663520890585,Pave,None,IR1,Lvl,AllPub,FR2,Gtl,Crawfor,Norm,Norm,1Fam,1.5Fin,5,6,1921,1950,Gable,CompShg,Wd Sdng,Wd Sdng,None,0.0,TA,TA,BrkTil,TA,TA,No,Unf,0.0,Unf,0.0,731,6.595780513961311,GasA,Ex,Y,SBrkr,6.710523109452428,523,0.0,7.203405521083095,0,0,1,1,3,1,TA,7,Typ,1,Gd,Detchd,1921.0,Unf,1,186,Fa,TA,Y,5.262690188904886,0.0,4.634728988229636,0.0,0.0,0.0,None,None,None,0.0,7,2009,WD,Normal,154900,7.637716432664798,88,59,1.5,1,1,1,1,294
1180,20,RL,4.356708826689592,9.028338763993148,Pave,None,Reg,Lvl,AllPub,Corner,Gtl,Edwards,Norm,Norm,1Fam,1Story,5,5,1954,1954,Gable,CompShg,Wd Sdng,Wd Sdng,None,0.0,TA,TA,Slab,None,None,None,None,0.0,None,0.0,0,0.0,GasA,Gd,Y,SBrkr,7.025538314638521,0,0.0,7.025538314638521,0,0,1,0,3,1,TA,5,Min2,1,Gd,None,0.0,None,0,0,None,None,N,0.0,3.6109179126442243,5.25227342804663,0.0,0.0,0.0,None,None,None,0.0,4,2006,WD,Normal,93000,7.025538314638521,52,52,1.0,0,0,1,0,226
1181,60,RL,4.454347296253507,9.321076413570848,Pave,None,IR2,Lvl,AllPub,Corner,Gtl,Timber,Norm,Norm,1Fam,2Story,7,5,1990,1991,Gable,CompShg,MetalSd,MetalSd,None,0.0,TA,TA,Wood,Gd,TA,No,LwQ,7.104144092987527,Unf,0.0,0,7.104144092987527,GasA,Ex,Y,SBrkr,7.1693500166706,1216,0.0,7.83002808253384,0,0,2,1,4,1,TA,8,Typ,0,None,Attchd,1990.0,Fin,2,693,TA,TA,Y,0.0,0.0,0.0,0.0,0.0,0.0,None,GdPrv,None,0.0,4,2006,WD,Normal,250000,8.224431573221159,16,15,2.5,1,1,0,1,0
1182,120,RM,4.174387269895637,8.628376720376853,Pave,None,IR1,HLS,AllPub,Inside,Mod,Crawfor,Norm,Norm,TwnhsE,1Story,8,5,2008,2008,Hip,CompShg,CemntBd,CmentBd,Stone,5.231108616854587,Ex,TA,PConc,Ex,TA,Gd,GLQ,7.300472814267799,Unf,0.0,120,7.3783837129967145,GasA,Ex,Y,SBrkr,7.410347097821024,0,0.0,7.410347097821024,1,1,2,0,2,1,Gd,5,Typ,1,Gd,Attchd,2008.0,Fin,2,482,TA,TA,Y,5.093750200806762,3.9889840465642745,0.0,5.0369526024136295,0.0,0.0,None,None,None,0.0,11,2008,New,Partial,392500,8.087332926473351,0,0,3.5,1,1,1,0,368
1183,60,RL,5.081404364984463,9.656563472556515,Pave,None,IR1,Lvl,AllPub,Corner,Gtl,NoRidge,Norm,Norm,1Fam,2Story,10,5,1996,1996,Hip,CompShg,Wd Sdng,ImStucc,None,0.0,Gd,TA,PConc,Ex,TA,Av,GLQ,7.64826303090192,Unf,0.0,300,7.781973234434385,GasA,Ex,Y,SBrkr,7.788211557847076,2065,0.0,8.406708458240965,1,0,3,1,4,1,Ex,10,Typ,2,TA,Attchd,1996.0,Fin,3,813,TA,TA,Y,5.147494476813453,4.3694478524670215,0.0,0.0,0.0,6.320768294250582,Ex,MnPrv,None,0.0,7,2007,WD,Abnorml,745000,8.835355971121606,11,11,4.5,1,1,1,1,249
1184,30,RL,4.110873864173311,9.287394001418473,Pave,Grvl,Reg,Lvl,AllPub,Inside,Gtl,OldTown,Norm,Norm,1Fam,1Story,5,6,1920,1950,Hip,CompShg,Stucco,Stucco,None,0.0,TA,TA,BrkTil,TA,TA,No,Rec,6.71174039505618,Unf,0.0,299,7.02197642307216,GasA,Ex,Y,SBrkr,7.030857476116121,0,0.0,7.030857476116121,1,0,1,0,2,1,TA,5,Typ,1,Gd,Detchd,1970.0,Unf,2,720,TA,TA,Y,5.438079308923196,0.0,0.0,0.0,0.0,0.0,None,None,None,0.0,6,2006,WD,Normal,120000,7.719129840906732,86,56,2.0,1,1,1,0,229
1185,20,RL,3.9318256327243257,10.466924601573329,Grvl,None,Reg,Lvl,AllPub,Inside,Mod,Timber,Norm,Norm,1Fam,1Story,5,4,1963,1963,Hip,CompShg,MetalSd,MetalSd,BrkFace,5.424950017481403,TA,TA,CBlock,TA,TA,Gd,Rec,7.05617528410041,Unf,0.0,413,7.360739903058278,GasA,Gd,Y,SBrkr,7.360739903058278,0,0.0,7.360739903058278,1,0,1,1,3,1,TA,5,Typ,2,TA,2Types,1963.0,RFn,3,995,TA,TA,Y,0.0,5.575949103146316,0.0,0.0,5.575949103146316,0.0,None,None,None,0.0,5,2007,WD,Normal,186700,8.05356916913454,44,44,2.5,1,1,1,0,526
1186,50,RL,4.110873864173311,9.1838937219612,Pave,None,Reg,Lvl,AllPub,Inside,Gtl,Edwards,Norm,Norm,1Fam,1.5Fin,5,7,1924,1950,Gable,CompShg,AsbShng,AsbShng,None,0.0,TA,Gd,BrkTil,TA,TA,No,BLQ,5.973809611869261,Unf,0.0,392,6.665683717782408,GasA,Gd,Y,SBrkr,6.856461984594587,272,0.0,7.108244139731541,1,0,1,0,4,1,TA,7,Typ,0,None,Attchd,1965.0,Unf,1,392,TA,TA,Y,0.0,0.0,5.4680601411351315,0.0,0.0,0.0,None,None,None,0.0,3,2006,WD,Normal,104900,7.603897968521881,82,56,2.0,1,1,0,1,236
1187,190,RL,4.68213122712422,9.270117576012044,Pave,None,IR1,Bnk,AllPub,Corner,Mod,OldTown,Artery,Artery,2fmCon,2Story,3,5,1900,1970,Gable,CompShg,HdBoard,HdBoard,None,0.0,TA,TA,CBlock,Fa,TA,Mn,BLQ,6.089044875446846,Unf,0.0,538,6.88653164253051,GasA,TA,Y,SBrkr,6.922643891475888,685,0.0,7.438383530044307,1,0,2,0,3,2,TA,7,Typ,0,None,CarPort,1920.0,Unf,2,420,Fa,Fa,Y,0.0,4.31748811353631,0.0,0.0,0.0,0.0,None,None,None,0.0,8,2009,WD,Abnorml,95000,7.8928255262511176,109,39,3.0,1,1,0,1,74
1188,20,RL,4.499809670330265,9.430439293104167,Pave,None,Reg,Lvl,AllPub,Corner,Gtl,NoRidge,Norm,Norm,1Fam,1Story,8,5,1994,1995,Gable,CompShg,ImStucc,ImStucc,None,0.0,Gd,TA,PConc,Gd,TA,No,GLQ,7.284134806195205,Unf,0.0,168,7.393263094763838,GasA,Ex,Y,SBrkr,7.393263094763838,0,0.0,7.393263094763838,1,0,2,0,2,1,Gd,5,Typ,1,Fa,Attchd,1994.0,RFn,3,757,TA,TA,Y,0.0,4.74493212836325,5.262690188904886,0.0,0.0,0.0,None,GdPrv,None,0.0,7,2006,WD,Normal,262000,8.0861025356691,12,11,3.0,1,1,1,0,306
1189,60,RL,4.23410650459726,9.097843340749037,Pave,None,IR1,Lvl,AllPub,Inside,Gtl,CollgCr,Norm,Norm,1Fam,2Story,7,5,2002,2002,Gable,CompShg,VinylSd,VinylSd,BrkFace,4.564348191467836,Gd,TA,PConc,Gd,TA,No,Unf,0.0,Unf,0.0,831,6.723832440821209,GasA,Ex,Y,SBrkr,6.723832440821209,829,0.0,7.415175109613295,0,0,2,1,3,1,Gd,7,Typ,0,None,Attchd,2002.0,RFn,2,493,TA,TA,Y,4.976733742420574,4.23410650459726,0.0,0.0,0.0,0.0,None,None,None,0.0,7,2009,WD,Normal,195000,7.820840879907344,7,7,2.5,1,1,0,1,212
1190,60,RL,4.110873864173311,8.922791623969637,Pave,None,Reg,Lvl,AllPub,Inside,Gtl,Gilbert,Norm,Norm,1Fam,2Story,7,5,1999,1999,Gable,CompShg,VinylSd,VinylSd,None,0.0,TA,TA,PConc,TA,TA,No,Unf,0.0,Unf,0.0,994,6.902742737158593,GasA,Gd,Y,SBrkr,6.9363427358340495,776,0.0,7.498315870766981,0,0,2,1,3,1,Gd,7,Typ,1,TA,Attchd,1999.0,Fin,2,442,TA,TA,Y,4.948759890378168,4.110873864173311,0.0,0.0,0.0,0.0,None,None,None,0.0,6,2010,WD,Normal,189000,7.937017489515454,11,11,2.5,1,1,1,1,200
1191,190,RL,4.30406509320417,10.387887062065596,Pave,None,Reg,Low,AllPub,Inside,Mod,Mitchel,Norm,Norm,2fmCon,1Story,4,4,1961,1975,Gable,CompShg,MetalSd,MetalSd,Stone,5.0106352940962555,TA,Gd,CBlock,TA,TA,Av,BLQ,7.05617528410041,Unf,0.0,90,7.1308988302963465,GasA,Ex,Y,SBrkr,7.392031567514591,0,0.0,7.392031567514591,1,0,1,0,3,1,TA,7,Typ,1,TA,2Types,1975.0,Fin,4,1356,TA,TA,Y,6.0867747269123065,0.0,0.0,0.0,0.0,0.0,None,None,None,0.0,3,2007,WD,Normal,168000,7.962763930168115,46,32,2.0,1,1,1,0,439
1192,160,FV,3.2188758248682006,7.880804344674901,Pave,Pave,Reg,Lvl,AllPub,Inside,Gtl,Somerst,Norm,Norm,Twnhs,2Story,8,5,1999,2000,Gable,CompShg,MetalSd,MetalSd,BrkFace,6.124683390894205,Gd,TA,PConc,Gd,TA,No,Unf,0.0,Unf,0.0,776,6.655440350367647,GasA,Ex,Y,SBrkr,6.639875833826536,677,0.0,7.273786317844895,0,0,2,1,2,1,Gd,5,Typ,0,None,Detchd,1999.0,Unf,2,492,TA,TA,Y,5.332718793265369,0.0,0.0,0.0,0.0,0.0,None,None,None,0.0,11,2007,WD,Normal,174000,7.704361167910313,8,7,2.5,1,1,0,1,206
1193,50,RM,4.110873864173311,9.169622538697624,Pave,Grvl,Reg,Lvl,AllPub,Inside,Gtl,OldTown,Norm,Norm,1Fam,1.5Fin,5,8,1925,1994,Gambrel,CompShg,VinylSd,VinylSd,None,0.0,TA,TA,PConc,TA,TA,Mn,Unf,0.0,Unf,0.0,702,6.555356891810665,GasA,Gd,Y,SBrkr,6.736966958001855,630,0.0,7.29505641646263,0,0,1,0,3,1,Gd,6,Typ,0,None,Detchd,1925.0,Unf,1,250,TA,Fa,P,0.0,0.0,4.442651256490317,0.0,0.0,0.0,None,GdWo,None,0.0,7,2007,WD,Normal,125000,7.684783943522785,82,13,1.0,1,1,0,1,84
1194,120,RM,4.30406509320417,8.412054873292933,Pave,None,Reg,Lvl,AllPub,FR2,Gtl,Mitchel,Norm,Norm,TwnhsE,1Story,6,5,1999,1999,Hip,CompShg,VinylSd,VinylSd,BrkFace,6.054439346269371,TA,TA,PConc,Ex,TA,No,GLQ,6.784457062637643,Unf,0.0,341,7.110696122978827,GasA,Ex,Y,SBrkr,7.110696122978827,0,0.0,7.110696122978827,1,0,2,0,2,1,TA,5,Typ,0,None,Attchd,1999.0,Fin,2,402,TA,TA,Y,0.0,5.720311776607412,0.0,0.0,0.0,0.0,None,None,None,0.0,6,2009,WD,Normal,165000,7.803435056952168,10,10,3.0,1,1,0,0,304
1195,60,RL,4.394449154672439,9.144734614878189,Pave,None,Reg,Lvl,AllPub,Corner,Gtl,Sawyer,Norm,Norm,1Fam,2Story,6,7,1969,1969,Gable,CompShg,HdBoard,HdBoard,Stone,4.969813299576001,TA,TA,CBlock,TA,TA,No,ALQ,5.918893854273146,Unf,0.0,292,6.498282149476434,GasA,TA,Y,SBrkr,6.498282149476434,689,0.0,7.210079628170788,0,0,1,1,4,1,TA,7,Typ,0,None,Attchd,1969.0,Fin,1,299,TA,TA,Y,5.940171252720432,3.6109179126442243,0.0,0.0,0.0,0.0,None,MnPrv,None,0.0,3,2010,WD,Normal,158000,7.60887062919126,41,41,1.5,1,1,0,1,415
1196,60,RL,3.9512437185814275,8.990939806940807,Pave,None,IR1,Lvl,AllPub,Inside,Gtl,Gilbert,Norm,Norm,1Fam,2Story,6,5,2005,2005,Gable,CompShg,VinylSd,VinylSd,None,0.0,TA,TA,PConc,Gd,TA,No,Unf,0.0,Unf,0.0,728,6.591673732008658,GasA,Ex,Y,SBrkr,6.591673732008658,728,0.0,7.284134806195205,0,0,2,1,3,1,Gd,8,Typ,0,None,Attchd,2005.0,Fin,2,400,TA,TA,Y,4.61512051684126,3.2188758248682006,0.0,0.0,0.0,0.0,None,None,None,0.0,7,2008,WD,Normal,176000,7.68937110752969,3,3,2.5,1,1,0,1,124
1197,60,RL,4.07753744390572,9.550733483340633,Pave,None,IR1,Lvl,AllPub,Inside,Gtl,Gilbert,Norm,Norm,1Fam,2Story,7,5,2006,2006,Gable,CompShg,VinylSd,VinylSd,None,0.0,Gd,TA,PConc,Gd,TA,Av,Unf,0.0,Unf,0.0,879,6.779921907472252,GasA,Ex,Y,SBrkr,6.779921907472252,984,0.0,7.530479995245536,0,0,2,1,4,1,Gd,9,Typ,1,Gd,BuiltIn,2006.0,Fin,3,660,TA,TA,Y,4.61512051684126,2.8903717578961645,0.0,0.0,0.0,0.0,None,None,None,0.0,11,2006,New,Partial,219210,7.916807490937603,0,0,2.5,1,1,1,1,117
1198,75,RM,4.189654742026425,9.088285725968877,Pave,None,IR1,Bnk,AllPub,Corner,Gtl,OldTown,Norm,Norm,1Fam,2.5Unf,7,6,1916,1950,Gable,CompShg,MetalSd,MetalSd,None,0.0,TA,TA,BrkTil,TA,TA,No,Unf,0.0,Unf,0.0,815,6.704414354964107,GasA,Ex,Y,SBrkr,6.704414354964107,875,0.0,7.43307534889858,0,0,1,0,3,1,TA,7,Typ,1,Gd,Detchd,1916.0,Unf,1,225,TA,TA,Y,0.0,0.0,5.802118375377063,0.0,0.0,0.0,None,None,None,0.0,7,2006,ConLw,Normal,144000,7.826443135456014,90,56,1.0,1,1,1,1,330
1199,20,RL,4.2626798770413155,9.116139576577355,Pave,None,Reg,Lvl,AllPub,Inside,Gtl,CollgCr,Norm,Norm,1Fam,1Story,7,5,2001,2001,Gable,CompShg,VinylSd,VinylSd,None,0.0,Gd,TA,PConc,Gd,TA,No,Unf,0.0,Unf,0.0,1212,7.10085190894405,GasA,Ex,Y,SBrkr,7.10085190894405,0,0.0,7.10085190894405,0,0,2,0,3,1,Gd,6,Typ,0,None,Attchd,2001.0,RFn,2,573,TA,TA,Y,5.877735781779639,0.0,0.0,0.0,0.0,0.0,None,None,None,0.0,6,2009,WD,Normal,178000,7.793586803371584,8,8,2.0,1,1,0,0,356
1200,20,RL,4.330733340286331,9.326878188224134,Pave,None,Reg,Lvl,AllPub,Inside,Gtl,Sawyer,Norm,Norm,1Fam,1Story,4,5,1963,1979,Gable,CompShg,HdBoard,HdBoard,BrkFace,3.9512437185814275,TA,TA,CBlock,TA,TA,No,Rec,6.306275286948016,Unf,0.0,504,6.9584483932976555,GasA,Gd,Y,SBrkr,7.232010331664759,0,0.0,7.232010331664759,0,0,1,1,3,1,TA,6,Typ,1,Po,Attchd,1974.0,Unf,2,459,TA,TA,Y,0.0,4.418840607796598,0.0,0.0,0.0,0.0,None,None,None,0.0,10,2006,WD,Normal,148000,7.797291273547472,43,27,1.5,1,1,1,0,82
1201,20,RL,4.276666119016055,9.143559338285831,Pave,None,Reg,Lvl,AllPub,Inside,Gtl,NAmes,Norm,Norm,1Fam,1Story,4,5,1970,1970,Gable,CompShg,MetalSd,MetalSd,None,0.0,TA,TA,CBlock,TA,TA,No,Unf,0.0,Unf,0.0,864,6.762729506931879,GasA,Gd,Y,SBrkr,6.762729506931879,0,0.0,6.762729506931879,0,0,1,0,3,1,TA,5,Typ,0,None,Attchd,1972.0,Unf,1,280,TA,TA,Y,0.0,0.0,0.0,0.0,0.0,0.0,None,None,Shed,0.0,7,2006,Oth,Abnorml,116050,7.455298485683291,36,36,1.0,1,1,0,0,0
1202,60,RL,4.394449154672439,9.249657234353133,Pave,None,Reg,Lvl,AllPub,Corner,Gtl,CollgCr,Norm,Norm,1Fam,2Story,7,5,1998,1998,Gable,CompShg,VinylSd,VinylSd,None,0.0,TA,TA,PConc,Gd,TA,Av,Unf,0.0,Unf,0.0,866,6.7650389767805414,GasA,Ex,Y,SBrkr,6.7650389767805414,913,0.0,7.484368643286131,0,0,2,1,3,1,Gd,6,Typ,0,None,Attchd,1998.0,RFn,2,546,TA,TA,Y,5.293304824724492,3.6109179126442243,0.0,0.0,0.0,0.0,None,None,None,0.0,3,2009,WD,Normal,197900,7.880804344674901,11,11,2.5,1,1,0,1,234
1203,50,RM,3.9318256327243257,8.699681400989514,Pave,None,Reg,Lvl,AllPub,Corner,Gtl,BrkSide,Norm,Norm,1Fam,1.5Fin,5,8,1925,1997,Gable,CompShg,Wd Sdng,Wd Sdng,None,0.0,TA,TA,BrkTil,TA,TA,No,Unf,0.0,Unf,0.0,884,6.785587645007929,GasA,Ex,Y,SBrkr,6.785587645007929,464,0.0,7.207118856207756,1,0,1,0,3,1,TA,5,Typ,1,Fa,Detchd,1960.0,Unf,1,216,TA,TA,N,0.0,0.0,5.342334251964811,0.0,0.0,0.0,None,None,None,0.0,5,2009,WD,Normal,117000,7.711101251840158,84,12,2.0,1,1,1,1,208
1204,20,RL,4.330733340286331,9.18512512283512,Pave,None,Reg,Lvl,AllPub,Inside,Gtl,CollgCr,Norm,Norm,1Fam,1Story,7,5,2000,2001,Gable,CompShg,VinylSd,VinylSd,BrkFace,5.147494476813453,Gd,TA,PConc,Gd,TA,No,Unf,0.0,Unf,0.0,1630,7.396948602621014,GasA,Ex,Y,SBrkr,7.396948602621014,0,0.0,7.396948602621014,0,0,2,0,3,1,Gd,6,Typ,1,TA,Attchd,2000.0,Unf,2,451,TA,TA,Y,4.31748811353631,5.459585514144159,0.0,0.0,0.0,0.0,None,None,None,0.0,10,2009,WD,Normal,213000,8.089789175789319,9,8,2.0,1,1,1,0,308
1205,20,RL,4.3694478524670215,9.224341891611996,Pave,None,Reg,Lvl,AllPub,Inside,Gtl,NWAmes,Norm,Norm,1Fam,1Story,5,6,1975,1975,Gable,CompShg,HdBoard,HdBoard,None,0.0,TA,TA,CBlock,Gd,TA,No,ALQ,6.670766320845874,Unf,0.0,268,6.963189985870238,GasA,Ex,Y,SBrkr,6.980075940561763,0,0.0,6.980075940561763,1,0,1,1,3,1,TA,6,Typ,0,None,Attchd,1975.0,RFn,2,495,TA,TA,Y,0.0,4.48863636973214,0.0,0.0,0.0,0.0,None,MnPrv,None,0.0,7,2006,WD,Normal,153500,7.664346632098617,31,31,2.5,1,1,0,0,88
1206,20,RL,4.51085950651685,9.59458184363272,Pave,None,IR1,Lvl,AllPub,CulDSac,Gtl,SawyerW,Norm,Norm,1Fam,1Story,7,7,1990,1991,Hip,CompShg,HdBoard,HdBoard,BrkFace,5.459585514144159,Gd,TA,CBlock,Gd,TA,Mn,ALQ,6.186208623900494,BLQ,5.181783550292085,1496,7.677400430514807,GasA,Gd,Y,SBrkr,7.69484807238461,0,0.0,7.69484807238461,0,0,2,0,3,1,Gd,7,Typ,1,TA,Attchd,1990.0,RFn,3,701,TA,TA,Y,4.442651256490317,4.2626798770413155,0.0,0.0,0.0,0.0,None,None,None,0.0,6,2009,WD,Normal,271900,8.379079889286603,19,18,2.0,1,1,1,0,154
1207,20,RH,4.212127597878484,9.093918908958932,Pave,None,Reg,Lvl,AllPub,Inside,Gtl,SawyerW,Norm,Norm,1Fam,1Story,4,4,1966,1966,Gable,CompShg,HdBoard,HdBoard,None,0.0,TA,TA,CBlock,TA,TA,No,Rec,6.963189985870238,Unf,0.0,0,6.963189985870238,GasA,TA,Y,SBrkr,6.963189985870238,0,0.0,6.963189985870238,1,0,1,0,2,1,TA,5,Typ,0,None,Detchd,1966.0,Unf,1,384,TA,TA,Y,0.0,3.7612001156935624,0.0,0.0,0.0,0.0,None,MnPrv,None,0.0,11,2006,WD,Normal,107000,7.655864017616056,40,40,2.0,1,1,0,0,42
1208,20,RL,4.2626798770413155,9.119977931895791,Pave,None,Reg,Lvl,AllPub,Inside,Gtl,CollgCr,Norm,Norm,1Fam,1Story,6,5,2003,2003,Gable,CompShg,VinylSd,VinylSd,BrkFace,4.795790545596741,Gd,TA,PConc,Gd,TA,Av,GLQ,5.831882477283517,Unf,0.0,1342,7.428333194190806,GasA,Ex,Y,SBrkr,7.438971592395862,0,0.0,7.438971592395862,1,0,2,0,3,1,Gd,7,Typ,0,None,Attchd,2003.0,RFn,2,544,TA,TA,Y,5.262690188904886,3.1780538303479458,0.0,0.0,0.0,0.0,None,None,None,0.0,5,2006,WD,Normal,200000,8.12651816878071,3,3,3.0,1,1,0,0,215
1209,20,RL,4.2626798770413155,8.957252944288902,Pave,None,Reg,Lvl,AllPub,Inside,Gtl,NAmes,Norm,Norm,1Fam,1Story,5,7,1962,1980,Gable,CompShg,MetalSd,MetalSd,None,0.0,TA,Gd,CBlock,TA,TA,No,Rec,6.22455842927536,BLQ,4.6913478822291435,319,6.837332814685591,GasA,TA,Y,SBrkr,7.157735484249907,0,0.0,7.157735484249907,1,0,1,0,3,1,TA,6,Typ,0,None,Detchd,1980.0,Unf,2,506,TA,TA,Y,0.0,0.0,0.0,0.0,0.0,0.0,None,None,None,0.0,10,2008,WD,Normal,140000,7.703007682479236,46,28,2.0,1,1,0,0,0
1210,20,RL,4.454347296253507,9.228474942171665,Pave,None,IR1,Lvl,AllPub,CulDSac,Gtl,Somerst,RRNn,Norm,1Fam,1Story,8,5,2006,2006,Hip,CompShg,VinylSd,VinylSd,Stone,6.042632833682381,Gd,TA,PConc,Ex,TA,Mn,GLQ,7.107425474110705,Unf,0.0,440,7.415175109613295,GasA,Ex,Y,SBrkr,7.415175109613295,0,0.0,7.415175109613295,1,0,2,0,3,1,Gd,8,Typ,1,Gd,Attchd,2006.0,RFn,2,500,TA,TA,Y,5.777652323222656,3.9318256327243257,0.0,0.0,0.0,0.0,None,None,None,0.0,5,2006,New,Partial,290000,8.108021221376747,0,0,3.0,1,1,1,0,372
1211,60,RL,4.2626798770413155,9.325364048544964,Pave,None,Reg,Lvl,AllPub,Inside,Gtl,SawyerW,Norm,Norm,1Fam,2Story,6,5,1992,1992,Gable,CompShg,Wd Sdng,Wd Sdng,None,0.0,Gd,TA,PConc,Gd,TA,No,Unf,0.0,Unf,0.0,1055,6.962243464266207,GasA,Ex,Y,SBrkr,6.962243464266207,790,0.0,7.520776415062797,0,0,2,1,3,1,Gd,8,Typ,1,TA,Attchd,1992.0,RFn,2,462,TA,TA,Y,6.455198563340122,4.653960350157523,0.0,0.0,0.0,0.0,None,GdPrv,Shed,5.993961427306569,5,2010,WD,Normal,189000,7.972810784121404,18,18,2.5,1,1,1,1,739
1212,50,RL,5.030437921392435,9.403849118160702,Pave,None,IR1,Bnk,AllPub,Inside,Mod,Gilbert,Norm,Norm,1Fam,1.5Fin,8,7,1988,2005,Gable,CompShg,Wd Sdng,Wd Sdng,None,0.0,Gd,TA,Wood,Gd,TA,Av,GLQ,6.059123195581797,Unf,0.0,132,6.327936783729195,GasA,Gd,Y,SBrkr,6.985641817639208,672,0.0,7.469083884921234,0,0,2,0,4,1,TA,8,Typ,0,None,Basment,1988.0,RFn,2,492,TA,TA,Y,5.786897381366708,2.5649493574615367,0.0,0.0,0.0,0.0,None,None,None,0.0,6,2010,WD,Normal,164000,7.7458682297922685,22,5,2.0,1,1,0,1,337
1213,30,RL,3.9318256327243257,9.14216859187285,Pave,None,Reg,Lvl,AllPub,Inside,Gtl,Edwards,Norm,Norm,1Fam,1Story,4,6,1941,1950,Hip,CompShg,MetalSd,MetalSd,None,0.0,TA,TA,CBlock,TA,TA,No,Rec,5.84354441703136,Unf,0.0,328,6.511745329644728,GasA,TA,Y,SBrkr,6.511745329644728,0,0.0,6.511745329644728,1,0,1,0,2,1,TA,4,Typ,0,None,Attchd,1941.0,Unf,1,234,TA,TA,N,0.0,4.736198448394496,0.0,0.0,0.0,0.0,None,None,None,0.0,8,2009,WD,Normal,113000,7.20414929203594,68,59,2.0,1,1,0,0,113
1214,80,RL,4.276666119016055,9.234740258799718,Pave,None,IR1,Lvl,AllPub,CulDSac,Gtl,Sawyer,Norm,Norm,1Fam,SLvl,4,9,1965,2001,Gable,CompShg,VinylSd,VinylSd,None,0.0,TA,Gd,CBlock,TA,Gd,Av,GLQ,6.47543271670409,Unf,0.0,0,6.47543271670409,GasA,Ex,Y,SBrkr,6.8679744089702925,0,0.0,6.8679744089702925,1,1,0,0,0,1,TA,3,Typ,0,None,Attchd,1965.0,Unf,1,364,TA,TA,Y,4.48863636973214,0.0,0.0,0.0,0.0,0.0,None,None,None,0.0,5,2006,WD,Normal,145000,7.3833681469923835,41,5,1.5,1,1,0,0,88
1215,85,RL,4.248495242049359,9.230731061623917,Pave,None,IR1,Lvl,AllPub,Inside,Gtl,NAmes,Norm,Norm,1Fam,SFoyer,5,5,1962,1962,Gable,CompShg,MetalSd,MetalSd,None,0.0,TA,TA,CBlock,TA,TA,Av,BLQ,6.665683717782408,Unf,0.0,141,6.8308742346461795,GasA,TA,Y,SBrkr,6.907755278982137,0,0.0,6.907755278982137,1,0,1,0,3,1,TA,6,Typ,0,None,Attchd,1962.0,Unf,1,300,TA,TA,Y,5.017279836814924,4.290459441148391,0.0,0.0,0.0,0.0,None,None,None,0.0,5,2006,WD,Normal,134500,7.562681246721884,44,44,2.0,1,1,0,0,222
1216,20,RL,4.605170185988092,8.867145589594143,Pave,None,IR1,Lvl,AllPub,Inside,Gtl,Sawyer,Norm,Norm,1Fam,1Story,5,5,1966,1966,Gable,CompShg,VinylSd,VinylSd,None,0.0,TA,TA,CBlock,TA,TA,No,Rec,5.198497031265826,LwQ,5.926926025970411,340,6.796823718274855,GasA,TA,Y,SBrkr,6.796823718274855,0,0.0,6.796823718274855,0,0,1,0,3,1,TA,5,Typ,0,None,Detchd,1966.0,RFn,1,384,TA,TA,Y,0.0,0.0,0.0,0.0,0.0,0.0,None,MnPrv,None,0.0,5,2007,WD,Normal,125000,7.489412083508719,41,41,1.0,1,1,0,0,0
1217,90,RM,4.23410650459726,9.097283649683886,Pave,None,Reg,Lvl,AllPub,Inside,Gtl,Sawyer,RRAe,Norm,Duplex,1.5Fin,6,5,1978,1978,Gable,CompShg,VinylSd,VinylSd,None,0.0,TA,TA,Slab,None,None,None,None,0.0,None,0.0,0,0.0,GasA,TA,Y,SBrkr,7.1846291527173145,584,0.0,7.551186867296149,0,0,2,0,4,2,TA,8,Typ,0,None,Attchd,1978.0,Unf,2,539,TA,TA,Y,0.0,0.0,0.0,0.0,0.0,0.0,None,None,None,0.0,4,2010,WD,Normal,112000,7.551186867296149,32,32,2.0,1,0,0,1,0
1218,20,FV,4.290459441148391,9.0642735958414,Pave,None,Reg,Lvl,AllPub,Inside,Gtl,Somerst,Norm,Norm,1Fam,1Story,8,5,2009,2009,Gable,CompShg,CemntBd,CmentBd,Stone,4.290459441148391,Gd,TA,PConc,Gd,TA,Mn,GLQ,6.842683282238422,Unf,0.0,364,7.170888478512505,GasA,Ex,Y,SBrkr,7.181591944611865,0,0.0,7.181591944611865,1,0,2,0,3,1,Gd,6,Typ,0,None,Attchd,2009.0,RFn,2,552,TA,TA,Y,4.912654885736052,4.727387818712341,0.0,0.0,0.0,0.0,None,None,None,0.0,9,2009,New,Partial,229456,7.869019376499023,0,0,3.0,1,1,0,0,247
1219,50,RM,3.970291913552122,8.738895704934043,Pave,None,Reg,Lvl,AllPub,Inside,Gtl,BrkSide,Norm,Norm,1Fam,1.5Fin,4,5,1947,1950,Gable,CompShg,AsbShng,AsbShng,None,0.0,TA,TA,Slab,None,None,None,None,0.0,None,0.0,0,0.0,GasA,Gd,N,SBrkr,6.511745329644728,240,0.0,6.816735880594968,0,0,1,0,2,1,TA,3,Typ,0,None,None,0.0,None,0,0,None,None,N,0.0,0.0,0.0,0.0,0.0,0.0,None,None,None,0.0,7,2006,WD,Normal,80500,6.816735880594968,59,56,1.0,0,0,0,1,0
1220,160,RM,3.091042453358316,7.427144133408616,Pave,None,Reg,Lvl,AllPub,Inside,Gtl,BrDale,Norm,Norm,Twnhs,2Story,6,5,1971,1971,Gable,CompShg,CemntBd,CmentBd,BrkFace,5.4680601411351315,TA,TA,CBlock,TA,TA,No,Unf,0.0,Unf,0.0,672,6.511745329644728,GasA,TA,Y,SBrkr,6.511745329644728,546,0.0,7.105786129481271,0,0,1,1,3,1,TA,7,Typ,0,None,None,0.0,None,0,0,None,None,N,5.308267697401205,0.0,0.0,0.0,0.0,0.0,None,None,None,0.0,4,2006,WD,Abnorml,91500,7.544861068658458,35,35,1.5,0,1,0,1,201
1221,20,RL,4.204692619390966,8.962007209588313,Pave,None,IR1,Lvl,AllPub,Inside,Gtl,NAmes,Norm,Norm,1Fam,1Story,5,5,1964,1964,Gable,CompShg,Wd Sdng,Wd Sdng,None,0.0,TA,TA,CBlock,TA,TA,No,Rec,5.746203190540153,LwQ,6.398594934535208,0,6.816735880594968,GasA,TA,Y,SBrkr,6.816735880594968,0,0.0,6.816735880594968,0,0,1,0,2,1,TA,5,Typ,0,None,Attchd,1964.0,Unf,1,288,TA,TA,Y,0.0,0.0,0.0,0.0,0.0,0.0,None,None,None,0.0,11,2006,WD,Abnorml,115000,7.509335266016592,42,42,1.0,1,1,0,0,0
1222,20,RL,4.02535169073515,9.018089684104343,Pave,None,Reg,Lvl,AllPub,Inside,Gtl,Sawyer,Feedr,Norm,1Fam,1Story,5,5,1968,1968,Hip,CompShg,HdBoard,HdBoard,None,0.0,TA,TA,CBlock,TA,TA,No,BLQ,5.5254529391317835,LwQ,6.20050917404269,210,6.859614903654202,GasA,Ex,Y,SBrkr,7.10002716662926,0,0.0,7.10002716662926,0,0,1,0,3,1,TA,5,Typ,1,TA,Attchd,1968.0,Unf,1,322,TA,TA,Y,0.0,4.1588830833596715,0.0,0.0,0.0,0.0,None,None,None,0.0,8,2008,WD,Normal,134000,7.679713639966372,40,40,1.0,1,1,1,0,63
1223,50,RL,4.3694478524670215,9.258844781035798,Pave,None,Reg,Lvl,AllPub,Inside,Gtl,NAmes,Artery,Norm,1Fam,1.5Fin,6,6,1949,1950,Gable,CompShg,Wd Sdng,Wd Sdng,BrkFace,5.771441123130016,TA,TA,CBlock,TA,TA,Mn,Rec,5.2832037287379885,Unf,0.0,844,6.947937068614969,GasA,Ex,Y,SBrkr,7.063903961472068,678,0.0,7.52131798019924,0,0,2,0,3,1,TA,7,Typ,1,Gd,Attchd,1949.0,Unf,1,315,TA,TA,Y,0.0,0.0,0.0,0.0,0.0,0.0,None,GdWo,None,0.0,1,2007,WD,Normal,143000,7.967973179662935,58,57,2.0,1,1,1,1,0
1224,20,RL,4.499809670330265,9.276221741089696,Pave,None,Reg,Lvl,AllPub,Inside,Gtl,NAmes,Norm,Norm,1Fam,1Story,5,3,1951,1951,Hip,CompShg,Wd Sdng,Wd Sdng,BrkFace,3.8066624897703196,TA,TA,CBlock,TA,Fa,No,LwQ,6.6293632534374485,Unf,0.0,1380,7.667158255319148,GasA,TA,N,FuseA,7.667158255319148,0,0.0,7.667158255319148,0,0,2,0,4,1,TA,7,Mod,0,None,Detchd,1951.0,Unf,2,528,TA,TA,Y,0.0,3.4339872044851463,0.0,0.0,0.0,0.0,None,MnPrv,None,0.0,10,2006,WD,Normal,137900,8.360071435644025,55,55,2.0,1,1,0,0,30
1225,60,RL,4.110873864173311,9.641148287756142,Pave,None,IR1,Lvl,AllPub,Inside,Gtl,Gilbert,RRAn,Norm,1Fam,2Story,7,5,2004,2005,Gable,CompShg,VinylSd,VinylSd,None,0.0,Gd,TA,PConc,Gd,TA,Av,GLQ,6.586171654854675,Unf,0.0,64,6.670766320845874,GasA,Ex,Y,SBrkr,6.670766320845874,702,0.0,7.307202314764738,1,0,2,1,3,1,Gd,8,Typ,1,Gd,Attchd,2004.0,Fin,2,388,TA,TA,Y,4.61512051684126,4.330733340286331,0.0,0.0,0.0,0.0,None,None,None,0.0,2,2008,WD,Normal,184000,7.731492029245684,4,3,3.5,1,1,1,1,175
1226,80,RL,4.189654742026425,9.257510176452573,Pave,None,Reg,Lvl,AllPub,Inside,Gtl,NAmes,Norm,Norm,1Fam,SLvl,6,8,1958,1958,Hip,CompShg,VinylSd,VinylSd,BrkFace,4.1588830833596715,TA,Gd,CBlock,TA,TA,Av,GLQ,6.230481447578482,Unf,0.0,81,6.3784261836515865,GasA,Ex,Y,SBrkr,7.037905963447182,0,0.0,7.037905963447182,0,1,1,0,3,1,TA,6,Typ,0,None,Attchd,1958.0,RFn,1,264,TA,TA,Y,5.41610040220442,0.0,0.0,0.0,0.0,0.0,None,MnWw,None,0.0,6,2007,WD,Normal,145000,7.454141078146678,49,49,1.5,1,1,0,0,224
1227,60,RL,4.465908118654584,9.58870831219998,Pave,None,IR1,Lvl,AllPub,CulDSac,Gtl,Somerst,Feedr,Norm,1Fam,2Story,6,5,2007,2007,Gable,CompShg,VinylSd,VinylSd,Stone,4.31748811353631,Gd,TA,PConc,Gd,TA,Mn,Unf,0.0,Unf,0.0,894,6.796823718274855,GasA,Ex,Y,SBrkr,6.796823718274855,1039,0.0,7.56734567601324,0,0,2,1,4,1,Gd,9,Typ,1,Gd,BuiltIn,2007.0,Fin,3,668,TA,TA,Y,4.61512051684126,2.9444389791664403,0.0,0.0,0.0,0.0,None,None,None,0.0,1,2008,WD,Normal,214000,7.947325027016463,1,1,2.5,1,1,1,1,118
1228,20,RL,4.290459441148391,9.090768236835338,Pave,None,Reg,Lvl,AllPub,Corner,Gtl,NAmes,Norm,Norm,1Fam,1Story,5,8,1965,2008,Gable,CompShg,VinylSd,VinylSd,BrkFace,5.707110264748875,TA,TA,CBlock,TA,TA,No,ALQ,6.39024066706535,Unf,0.0,317,6.816735880594968,GasA,Ex,Y,SBrkr,6.816735880594968,0,0.0,6.816735880594968,1,0,1,0,2,1,Gd,5,Typ,0,None,Detchd,1992.0,Unf,2,576,TA,TA,Y,0.0,5.484796933490655,0.0,0.0,0.0,0.0,None,None,None,0.0,12,2008,WD,Normal,147000,7.509335266016592,43,0,2.0,1,1,0,0,240
1229,120,RL,4.189654742026425,9.079092085366229,Pave,None,Reg,Lvl,AllPub,Corner,Gtl,NridgHt,Norm,Norm,TwnhsE,1Story,9,5,2008,2008,Hip,CompShg,MetalSd,MetalSd,BrkFace,6.642486801367256,Ex,TA,PConc,Ex,TA,No,GLQ,7.340186835320115,Unf,0.0,162,7.440146680662688,GasA,Ex,Y,SBrkr,7.440146680662688,0,0.0,7.440146680662688,1,0,1,1,1,1,Ex,7,Typ,1,Gd,Attchd,2008.0,Fin,3,1052,TA,TA,Y,0.0,4.290459441148391,0.0,0.0,5.41610040220442,0.0,None,None,None,0.0,10,2008,New,Partial,367294,8.133000218583613,0,0,2.5,1,1,1,0,296
1230,80,RL,4.2626798770413155,8.976009475021396,Pave,None,Reg,Lvl,AllPub,Inside,Gtl,NAmes,Norm,Norm,1Fam,SLvl,5,5,1960,1960,Hip,CompShg,BrkFace,HdBoard,None,0.0,TA,TA,CBlock,TA,TA,No,ALQ,6.502790045915623,Unf,0.0,409,6.98100574072173,GasA,Gd,Y,SBrkr,7.318539548567902,0,0.0,7.318539548567902,0,0,2,0,4,1,TA,7,Maj1,0,None,Basment,1960.0,Unf,1,404,TA,TA,Y,0.0,0.0,0.0,0.0,0.0,0.0,None,GdWo,None,0.0,8,2008,WD,Normal,127000,7.8567067930958405,48,48,2.0,1,1,0,0,0
1231,90,RL,4.276666119016055,9.846440897156853,Pave,None,IR1,Lvl,AllPub,Inside,Gtl,Sawyer,Feedr,RRAe,Duplex,1.5Fin,5,5,1977,1977,Shed,CompShg,Plywood,Plywood,None,0.6931471805599453,TA,TA,CBlock,Gd,TA,No,GLQ,6.212606095751519,Rec,5.356586274672012,652,7.216709486709457,GasA,Ex,Y,SBrkr,7.216709486709457,1259,0.0,7.8713112033234065,0,0,2,2,4,2,TA,12,Typ,1,TA,BuiltIn,1977.0,RFn,2,600,TA,TA,N,5.049856007249537,3.2188758248682006,4.983606621708336,0.0,0.0,0.0,None,None,Gar2,9.024131268455035,8,2007,WD,Normal,190000,8.289539484624141,30,30,3.0,1,1,1,1,324
1232,90,RL,4.2626798770413155,8.952734767106872,Pave,None,Reg,Lvl,AllPub,Inside,Gtl,NAmes,Norm,Norm,Duplex,SLvl,5,6,1962,1962,Hip,CompShg,Wd Sdng,Wd Sdng,BrkFace,4.795790545596741,TA,TA,CBlock,TA,TA,Av,ALQ,6.6895992691789665,Unf,0.0,303,7.009408932708637,GasA,TA,Y,SBrkr,7.0825485693553,0,0.0,7.0825485693553,1,0,1,0,3,1,TA,6,Typ,0,None,Attchd,1962.0,Unf,2,540,TA,TA,Y,0.0,2.9444389791664403,0.0,0.0,0.0,0.0,None,GdWo,None,0.0,5,2006,WD,Normal,132500,7.739359202689098,44,44,2.0,1,1,0,0,18
1233,90,RL,4.2626798770413155,9.194515821629212,Pave,None,Reg,Lvl,AllPub,FR2,Gtl,NAmes,Norm,Norm,Duplex,1Story,4,5,1962,1962,Gable,CompShg,HdBoard,HdBoard,None,0.0,TA,TA,Slab,None,None,None,None,0.0,None,0.0,0,0.0,GasA,TA,Y,SBrkr,7.110696122978827,0,0.0,7.110696122978827,0,0,2,0,2,2,TA,6,Typ,0,None,CarPort,1962.0,Unf,2,462,TA,TA,Y,0.0,0.0,0.0,0.0,0.0,0.0,None,None,None,0.0,3,2007,WD,Normal,101800,7.110696122978827,45,45,2.0,1,0,0,0,0
1234,20,RL,4.30406509320417,9.405989388981,Pave,None,IR1,Lvl,AllPub,Inside,Gtl,NAmes,Norm,Norm,1Fam,1Story,5,5,1959,1959,Hip,CompShg,Plywood,Plywood,BrkFace,5.198497031265826,TA,TA,CBlock,TA,TA,No,Rec,6.90875477931522,Unf,0.0,188,7.080867896690782,GasA,Fa,Y,SBrkr,7.080867896690782,0,0.0,7.080867896690782,1,0,1,0,3,1,TA,6,Typ,0,None,Attchd,1959.0,RFn,2,531,TA,TA,Y,0.0,0.0,0.0,0.0,0.0,0.0,None,MnPrv,None,0.0,5,2010,COD,Abnorml,142000,7.773594467360194,51,51,2.0,1,1,0,0,0
1235,70,RH,4.02535169073515,9.050875597325156,Pave,None,Reg,Bnk,AllPub,Inside,Gtl,SWISU,Norm,Norm,1Fam,2Story,5,6,1911,1950,Gable,CompShg,MetalSd,MetalSd,None,0.0,TA,TA,PConc,TA,TA,Av,Unf,0.0,Unf,0.0,940,6.846943139585379,GasA,TA,N,FuseA,6.932447891572509,940,0.0,7.583247524303362,0,0,1,1,4,1,TA,7,Typ,0,None,None,0.0,None,0,0,None,None,N,0.0,5.262690188904886,0.0,0.0,0.0,0.0,None,None,None,0.0,11,2008,WD,Abnorml,130000,7.974188669286011,97,58,1.5,0,1,0,1,192
1236,70,RL,4.574710978503383,9.48288342558516,Pave,None,Reg,Lvl,AllPub,Inside,Gtl,Crawfor,Norm,Norm,1Fam,2Story,5,5,1914,1950,Gable,CompShg,Wd Sdng,Wd Sdng,None,0.0,TA,TA,BrkTil,Gd,TA,Mn,Unf,0.0,Unf,0.0,747,6.617402977974478,GasA,Gd,Y,FuseF,6.794586580876499,892,0.0,7.487173694213739,0,0,1,1,4,1,TA,9,Typ,0,None,Detchd,1914.0,Unf,1,180,Fa,Fa,N,5.318119993844216,3.713572066704308,0.0,0.0,0.0,0.0,None,None,None,0.0,7,2006,WD,Normal,138887,7.836764783264067,92,56,1.5,1,1,0,1,243
1237,160,RL,3.6109179126442243,7.874358824729881,Pave,None,Reg,Lvl,AllPub,Inside,Gtl,NridgHt,Norm,Norm,Twnhs,2Story,7,5,2003,2003,Gable,CompShg,VinylSd,Wd Shng,Stone,4.672828834461906,Gd,TA,PConc,Gd,TA,No,Unf,0.0,Unf,0.0,764,6.639875833826536,GasA,Ex,Y,SBrkr,6.639875833826536,862,0.0,7.394493107219038,0,0,2,1,2,1,Gd,6,Typ,0,None,BuiltIn,2003.0,RFn,2,474,TA,TA,Y,0.0,3.332204510175204,0.0,0.0,0.0,0.0,None,None,None,0.0,6,2010,WD,Normal,175500,7.779466967458324,7,7,2.5,1,1,0,1,27
1238,60,RL,3.7376696182833684,9.424967763522053,Pave,None,IR2,Lvl,AllPub,FR2,Gtl,CollgCr,Norm,Norm,1Fam,2Story,7,5,2004,2005,Gable,CompShg,VinylSd,VinylSd,None,0.0,Gd,TA,PConc,Gd,TA,No,Unf,0.0,Unf,0.0,847,6.742880635791903,GasA,Ex,Y,SBrkr,6.742880635791903,1101,0.0,7.575071699507561,0,0,2,1,4,1,Gd,8,Typ,1,Gd,BuiltIn,2004.0,Fin,2,434,TA,TA,Y,4.61512051684126,3.8918202981106265,0.0,0.0,0.0,0.0,None,None,None,0.0,9,2006,WD,Normal,195000,7.935945103353701,2,1,2.5,1,1,1,1,148
1239,20,RL,4.1588830833596715,9.47830431356186,Pave,None,Reg,Lvl,AllPub,Inside,Gtl,SawyerW,RRAe,Norm,1Fam,1Story,6,5,2005,2005,Gable,CompShg,VinylSd,VinylSd,None,0.0,Gd,TA,PConc,Gd,TA,No,Unf,0.0,Unf,0.0,1141,7.040536390215956,GasA,Ex,Y,SBrkr,7.040536390215956,0,0.0,7.040536390215956,0,0,1,1,3,1,TA,6,Typ,0,None,Detchd,2005.0,Unf,2,484,TA,TA,Y,0.0,0.0,0.0,0.0,0.0,0.0,None,None,None,0.0,3,2006,WD,Abnorml,142500,7.733245646529795,1,1,1.5,1,1,0,0,0
1240,20,RL,4.174387269895637,9.109193189971226,Pave,None,IR1,HLS,AllPub,Inside,Gtl,Timber,Norm,Norm,1Fam,1Story,8,5,2006,2006,Hip,CompShg,VinylSd,VinylSd,BrkFace,3.4965075614664802,Gd,TA,PConc,Gd,TA,Av,GLQ,6.061456918928017,Unf,0.0,1048,7.29776828253138,GasA,Ex,Y,SBrkr,7.3031700512368,0,0.0,7.3031700512368,0,0,2,0,2,1,Ex,6,Typ,1,Gd,Attchd,2006.0,RFn,2,472,TA,TA,Y,4.795790545596741,3.5263605246161616,0.0,0.0,0.0,0.0,None,None,None,0.0,12,2007,WD,Normal,265900,7.993282328101591,1,1,2.0,1,1,1,0,153
1241,60,RL,4.189654742026425,9.0068768914288,Pave,None,Reg,Lvl,AllPub,Inside,Gtl,CollgCr,Norm,Norm,1Fam,2Story,7,5,2003,2003,Gable,CompShg,VinylSd,VinylSd,BrkFace,5.53338948872752,Gd,TA,PConc,Gd,TA,No,GLQ,6.311734809152915,Unf,0.0,334,6.785587645007929,GasA,Ex,Y,SBrkr,6.785587645007929,884,0.0,7.478169694159785,1,0,2,1,3,1,Gd,8,Typ,0,None,Attchd,2003.0,RFn,2,543,TA,TA,Y,0.0,4.1588830833596715,0.0,0.0,0.0,0.0,None,None,None,0.0,7,2008,WD,Normal,224900,7.88344635413774,5,5,3.5,1,1,0,1,63
1242,20,RL,4.430816798843313,9.195226734166134,Pave,None,Reg,Lvl,AllPub,Inside,Gtl,Somerst,Norm,Norm,1Fam,1Story,7,6,2007,2007,Hip,CompShg,VinylSd,VinylSd,Stone,0.0,Gd,TA,PConc,Gd,TA,Av,Unf,0.0,Unf,0.0,1689,7.432483807917119,GasA,Ex,Y,SBrkr,7.432483807917119,0,0.0,7.432483807917119,0,0,2,0,3,1,Gd,7,Typ,0,None,Attchd,2007.0,RFn,3,954,TA,TA,Y,0.0,4.04305126783455,0.0,0.0,0.0,0.0,None,None,None,0.0,6,2007,New,Partial,248328,8.12533508671429,0,0,2.0,1,1,0,0,56
1243,85,RL,4.454347296253507,9.271059107010888,Pave,None,Reg,Lvl,AllPub,Inside,Gtl,NWAmes,Norm,Norm,1Fam,SFoyer,7,6,1974,1974,Gable,CompShg,Plywood,Plywood,BrkFace,4.406719247264253,TA,TA,CBlock,Gd,TA,Gd,GLQ,6.786716950605081,LwQ,5.1298987149230735,0,6.960347729101308,GasA,TA,Y,SBrkr,7.068172000388042,0,0.0,7.068172000388042,1,0,2,0,3,1,Gd,6,Typ,2,TA,Attchd,1974.0,RFn,2,528,TA,TA,Y,0.0,4.795790545596741,0.0,0.0,0.0,0.0,None,MnPrv,None,0.0,1,2010,WD,Family,170000,7.708410667257367,36,36,3.0,1,1,1,0,120
1244,20,RL,4.68213122712422,9.539068413863964,Pave,None,Reg,Lvl,AllPub,Inside,Gtl,NridgHt,Norm,Norm,1Fam,1Story,10,5,2006,2006,Gable,CompShg,VinylSd,VinylSd,None,0.0,Ex,TA,PConc,Ex,Gd,Gd,GLQ,7.234898420314831,Unf,0.0,690,7.638679823876112,GasA,Ex,Y,SBrkr,7.638679823876112,0,0.0,7.638679823876112,1,0,2,1,2,1,Ex,7,Typ,1,Gd,Attchd,2006.0,Fin,3,850,TA,TA,Y,5.37989735354046,5.438079308923196,0.0,0.0,0.0,0.0,None,None,None,0.0,9,2006,New,Partial,465000,8.331586243630754,0,0,3.5,1,1,1,0,445
1245,70,RL,4.31748811353631,9.344521553442203,Pave,None,IR1,HLS,AllPub,Corner,Mod,Crawfor,Norm,Norm,1Fam,2Story,8,7,1929,1950,Gable,CompShg,BrkFace,Stucco,None,0.0,TA,TA,PConc,Gd,TA,No,Unf,0.0,Unf,0.0,792,6.675823221634848,GasA,Fa,Y,SBrkr,6.675823221634848,725,0.0,7.325148957955575,0,0,1,0,3,1,Gd,7,Typ,2,Gd,Detchd,1931.0,Unf,2,400,TA,TA,Y,0.0,0.0,0.0,0.0,0.0,0.0,None,None,None,0.0,6,2006,WD,Normal,230000,7.745002803515839,77,56,1.0,1,1,1,1,0
1246,80,RL,4.3694478524670215,9.400216653174247,Pave,None,Reg,Lvl,AllPub,Inside,Gtl,NWAmes,Norm,Norm,1Fam,SLvl,6,7,1984,2003,Hip,CompShg,VinylSd,VinylSd,BrkFace,4.31748811353631,TA,TA,CBlock,Gd,TA,No,Unf,0.0,Unf,0.0,585,6.373319789577012,GasA,Ex,Y,SBrkr,7.039660349862076,728,0.0,7.533158807455563,0,0,3,1,3,1,TA,7,Typ,1,TA,BuiltIn,1984.0,Fin,2,477,TA,TA,Y,5.594711379601839,4.727387818712341,0.0,0.0,4.997212273764115,0.0,None,None,None,0.0,1,2007,WD,Abnorml,178000,7.805474625270857,23,4,3.5,1,1,1,1,527
1247,60,FV,4.189654742026425,9.002824076547672,Pave,None,Reg,Lvl,AllPub,Inside,Gtl,Somerst,Norm,Norm,1Fam,2Story,7,5,2005,2006,Gable,CompShg,VinylSd,VinylSd,None,0.0,Gd,TA,PConc,Gd,TA,No,Unf,0.0,Unf,0.0,756,6.6293632534374485,GasA,Ex,Y,SBrkr,6.6293632534374485,797,0.0,7.348587530927593,0,0,2,1,3,1,Gd,6,Typ,0,None,Attchd,2005.0,RFn,2,615,TA,TA,Y,0.0,3.828641396489095,0.0,0.0,0.0,0.0,None,None,None,0.0,3,2006,New,Partial,186500,7.745002803515839,1,0,2.5,1,1,0,1,45
1248,80,RL,4.30406509320417,9.419709489868552,Pave,None,IR1,Lvl,AllPub,Inside,Gtl,Mitchel,Norm,Norm,1Fam,SLvl,6,5,1976,1976,Gable,CompShg,HdBoard,HdBoard,BrkFace,5.817111159963204,TA,TA,CBlock,TA,TA,Av,GLQ,6.29156913955832,Unf,0.0,473,6.920671504248683,GasA,TA,Y,SBrkr,6.942156705699469,0,0.0,6.942156705699469,1,0,1,0,3,1,TA,6,Typ,0,None,Attchd,1976.0,Unf,3,888,TA,TA,Y,0.0,0.0,0.0,0.0,0.0,0.0,None,None,None,0.0,5,2010,WD,Normal,169900,7.624130585661289,34,34,2.0,1,1,0,0,0
1249,75,RM,4.110873864173311,9.169622538697624,Pave,Grvl,Reg,Lvl,AllPub,Inside,Gtl,OldTown,Norm,Norm,1Fam,2.5Unf,6,5,1917,1950,Gable,CompShg,AsbShng,AsbShng,None,0.0,TA,TA,BrkTil,Gd,TA,No,Rec,5.768320995793772,Unf,0.0,416,6.601230118728877,OthW,Fa,N,SBrkr,7.034387929915503,924,0.0,7.629975707027789,0,0,1,1,3,1,TA,8,Typ,1,Gd,Detchd,1950.0,Unf,2,396,Fa,Fa,P,0.0,0.0,5.560681631015528,0.0,0.0,0.0,None,None,None,0.0,4,2008,WD,Normal,129500,7.935229539816907,91,58,1.5,1,1,1,1,259
1250,20,RL,4.110873864173311,8.881975184248867,Pave,None,Reg,Lvl,AllPub,Inside,Gtl,NAmes,Norm,Norm,1Fam,1Story,5,7,1950,1950,Gable,CompShg,MetalSd,MetalSd,None,0.0,TA,TA,CBlock,TA,TA,No,BLQ,6.282266746896006,Rec,4.574710978503383,246,6.776506992372183,GasA,TA,Y,SBrkr,6.8966943316227125,0,0.0,6.8966943316227125,0,0,1,0,3,1,TA,6,Typ,0,None,Attchd,1950.0,Unf,1,276,TA,TA,Y,0.0,4.394449154672439,0.0,0.0,0.0,0.0,None,None,None,0.0,5,2007,WD,Normal,119000,7.5310163320779155,57,57,1.0,1,1,0,0,80
1251,20,RL,4.543294782270004,9.320180837655714,Pave,None,Reg,Lvl,AllPub,Corner,Gtl,NAmes,Norm,Norm,1Fam,1Story,7,5,1968,1968,Hip,CompShg,BrkFace,BrkFace,None,0.0,Gd,TA,CBlock,TA,TA,No,ALQ,6.97166860472579,Unf,0.0,1045,7.65491704784832,GasA,Ex,Y,SBrkr,7.65491704784832,0,0.0,7.65491704784832,1,0,2,1,3,1,Ex,8,Typ,2,TA,Attchd,1968.0,Fin,2,522,TA,TA,Y,0.0,0.0,0.0,0.0,0.0,0.0,None,None,None,0.0,4,2010,WD,Normal,244000,8.347827345782498,42,42,3.5,1,1,1,0,0
1252,120,RL,4.4942386252808095,8.051022208190679,Pave,None,IR1,Lvl,AllPub,Corner,Gtl,NridgHt,Norm,Norm,TwnhsE,1Story,7,5,2003,2003,Gable,CompShg,VinylSd,Wd Shng,Stone,5.099866427824199,Gd,TA,PConc,Gd,TA,No,Unf,0.0,Unf,0.0,1405,7.2485040723706105,GasA,Ex,Y,SBrkr,7.2485040723706105,0,0.0,7.2485040723706105,0,0,2,0,2,1,Gd,6,Typ,1,Gd,Attchd,2003.0,RFn,2,478,TA,TA,Y,5.003946305945459,3.6109179126442243,0.0,0.0,0.0,0.0,None,None,None,0.0,3,2006,WD,Normal,171750,7.941295570906532,3,3,2.0,1,1,1,0,184
1253,20,RL,4.143134726391533,9.196140022575042,Pave,None,Reg,Lvl,AllPub,Inside,Gtl,Mitchel,Norm,Norm,1Fam,1Story,5,6,1968,1968,Gable,CompShg,HdBoard,HdBoard,None,0.0,TA,TA,CBlock,TA,TA,No,BLQ,6.236369590203704,Unf,0.0,354,6.762729506931879,GasA,TA,Y,SBrkr,6.774223886357614,0,0.0,6.774223886357614,1,0,1,0,3,1,TA,5,Typ,0,None,Attchd,1968.0,RFn,1,288,TA,TA,Y,3.5263605246161616,0.0,0.0,0.0,0.0,0.0,None,GdWo,Shed,6.398594934535208,11,2009,WD,Normal,130000,7.461065514354283,41,41,2.0,1,1,0,0,33
1254,60,RL,4.23410650459726,9.772410288929185,Pave,None,IR1,Lvl,AllPub,Inside,Gtl,Veenker,Norm,Norm,1Fam,2Story,7,7,1974,2003,Gable,CompShg,Wd Sdng,Wd Sdng,None,0.0,Gd,TA,CBlock,TA,TA,Gd,LwQ,4.836281906951478,ALQ,6.939253946041508,36,7.084226422097916,GasA,TA,Y,SBrkr,7.324489979348532,651,0.0,7.681560362559537,1,0,2,1,3,1,Gd,9,Typ,2,Gd,Attchd,1974.0,RFn,2,518,TA,TA,Y,5.3981627015177525,3.871201010907891,0.0,0.0,0.0,0.0,None,MnPrv,None,0.0,7,2007,WD,Normal,294000,8.11969625295725,33,4,3.5,1,1,1,1,267
1255,60,RL,4.110873864173311,8.843903650835497,Pave,None,Reg,Lvl,AllPub,Inside,Gtl,Edwards,Norm,Norm,1Fam,2Story,7,5,2003,2004,Gable,CompShg,VinylSd,VinylSd,Stone,4.532599493153256,Gd,TA,PConc,Gd,TA,No,Unf,0.0,Unf,0.0,746,6.616065185132817,GasA,Ex,Y,SBrkr,6.634633357861686,896,0.0,7.4127640174265625,0,0,2,1,3,1,Gd,7,Typ,1,Gd,BuiltIn,2003.0,Fin,2,397,TA,TA,Y,5.187385805840755,4.859812404361672,0.0,0.0,0.0,0.0,None,None,None,0.0,7,2008,WD,Normal,165400,7.784473235736469,5,4,2.5,1,1,1,1,306
1256,50,RM,3.970291913552122,8.738895704934043,Pave,None,Reg,Lvl,AllPub,Inside,Gtl,BrkSide,Norm,Norm,1Fam,1.5Fin,6,6,1931,1950,Gable,CompShg,Wd Sdng,Wd Sdng,None,0.0,TA,TA,BrkTil,TA,Fa,No,LwQ,6.054439346269371,Unf,0.0,459,6.785587645007929,GasA,TA,Y,FuseA,6.866933284461882,408,0.0,7.221105098182496,0,0,1,0,3,1,TA,6,Typ,1,Gd,Detchd,1978.0,Unf,1,560,TA,TA,Y,0.0,0.0,0.0,0.0,4.795790545596741,0.0,None,None,None,0.0,11,2007,WD,Normal,127500,7.719573989259581,76,57,1.0,1,1,1,1,120
1257,20,RL,4.5217885770490405,9.568294497413296,Pave,None,IR1,Lvl,AllPub,Corner,Gtl,NoRidge,Norm,Norm,1Fam,1Story,8,5,1994,1994,Hip,CompShg,HdBoard,HdBoard,BrkFace,6.318968113746434,Gd,TA,PConc,Gd,TA,Gd,GLQ,7.181591944611865,Unf,0.0,672,7.594381242551817,GasA,Ex,Y,SBrkr,7.59488438721652,0,0.0,7.59488438721652,1,0,2,0,2,1,Gd,7,Typ,1,TA,Attchd,1994.0,Fin,2,691,TA,TA,Y,5.572154032177765,3.6109179126442243,0.0,0.0,0.0,0.0,None,None,None,0.0,8,2008,WD,Normal,301500,8.287528423111763,14,14,3.0,1,1,1,0,298
1258,30,RL,4.04305126783455,8.309184527686298,Pave,None,Reg,Lvl,AllPub,Corner,Gtl,Edwards,Feedr,Norm,1Fam,1Story,5,8,1922,1950,Gable,CompShg,Wd Sdng,Wd Sdng,None,0.0,TA,TA,PConc,Fa,TA,No,Unf,0.0,Unf,0.0,864,6.762729506931879,GasA,Ex,Y,SBrkr,6.762729506931879,0,0.0,6.762729506931879,0,0,1,0,2,1,TA,4,Typ,0,None,None,0.0,None,0,0,None,None,Y,0.0,4.574710978503383,0.0,0.0,0.0,0.0,None,None,None,0.0,7,2009,WD,Normal,99900,7.455298485683291,87,59,1.0,0,1,0,0,96
1259,80,RL,4.0943445622221,9.168267595554275,Pave,None,IR1,Lvl,AllPub,Inside,Gtl,Gilbert,Norm,Norm,1Fam,SLvl,7,5,2005,2005,Gable,CompShg,VinylSd,VinylSd,Stone,5.209486152841421,Gd,TA,PConc,Gd,TA,Gd,GLQ,6.486160788944089,Unf,0.0,201,6.75343791859778,GasA,Ex,Y,SBrkr,7.062191632286556,0,0.0,7.062191632286556,1,0,2,0,2,1,Gd,5,Typ,0,None,Attchd,2005.0,Fin,2,400,TA,TA,Y,5.3612921657094255,0.0,0.0,0.0,0.0,0.0,None,None,None,0.0,7,2008,WD,Normal,190000,7.612336837167746,3,3,3.0,1,1,0,0,212
1260,20,RL,4.189654742026425,9.18512512283512,Pave,None,Reg,Lvl,AllPub,FR2,Gtl,NAmes,Norm,Norm,1Fam,1Story,6,8,1969,1969,Gable,CompShg,HdBoard,HdBoard,None,0.0,TA,TA,CBlock,Gd,TA,No,ALQ,6.401917196727186,LwQ,6.0844994130751715,14,6.961296045910167,GasA,Gd,Y,SBrkr,6.961296045910167,0,0.0,6.961296045910167,1,0,1,1,3,1,TA,6,Typ,0,None,Attchd,1969.0,Unf,2,460,TA,TA,Y,5.198497031265826,0.0,0.0,0.0,4.394449154672439,0.0,None,None,None,0.0,7,2008,WD,Normal,151000,7.653969180478774,39,39,2.5,1,1,0,0,260
1261,60,RL,4.189654742026425,10.113870026547724,Pave,None,IR3,Lvl,AllPub,CulDSac,Gtl,Gilbert,RRAn,Norm,1Fam,2Story,6,5,1999,1999,Gable,CompShg,VinylSd,VinylSd,None,0.0,TA,TA,PConc,Gd,TA,No,Unf,0.0,Unf,0.0,841,6.7357800142423265,GasA,Ex,Y,SBrkr,6.794586580876499,783,0.0,7.424165281042028,0,0,2,1,3,1,TA,7,Typ,1,TA,BuiltIn,1999.0,Fin,2,502,TA,TA,Y,0.0,4.6443908991413725,0.0,0.0,0.0,0.0,None,None,None,0.0,6,2009,WD,Normal,181000,7.830822995135316,10,10,2.5,1,1,1,1,103
1262,20,RL,4.394449154672439,9.169622538697624,Pave,None,Reg,Lvl,AllPub,Inside,Gtl,NAmes,Norm,Norm,1Fam,1Story,5,6,1956,1956,Hip,CompShg,MetalSd,MetalSd,None,0.0,TA,TA,CBlock,TA,TA,No,Rec,6.22455842927536,Unf,0.0,546,6.957497370876951,GasA,Gd,Y,SBrkr,6.957497370876951,0,0.0,6.957497370876951,0,0,1,0,2,1,TA,5,Typ,0,None,Attchd,1956.0,Unf,1,338,TA,TA,Y,0.0,0.0,0.0,0.0,0.0,0.0,None,None,None,0.0,6,2009,WD,Normal,128900,7.650168700845001,53,53,1.0,1,1,0,0,0
1263,50,RL,4.394449154672439,9.328212292571072,Pave,None,Reg,Lvl,AllPub,Inside,Gtl,ClearCr,Norm,Norm,1Fam,1.5Fin,4,5,1957,1989,Gable,CompShg,Wd Sdng,Wd Sdng,None,0.0,TA,TA,CBlock,TA,TA,Av,Unf,0.0,Unf,0.0,1104,7.007600613951853,GasA,Ex,Y,FuseA,7.007600613951853,684,0.0,7.489412083508719,1,0,1,0,5,1,TA,8,Min2,2,TA,Attchd,1957.0,Unf,1,304,TA,TA,Y,4.795790545596741,0.0,0.0,0.0,0.0,0.0,None,None,None,0.0,11,2009,WD,Normal,161500,7.970049304976135,52,20,2.0,1,1,1,1,120
1264,70,RL,4.110873864173311,9.511629447834181,Pave,Pave,Reg,Lvl,AllPub,Inside,Gtl,BrkSide,Norm,Norm,1Fam,2Story,6,6,1919,1950,Gambrel,CompShg,Wd Sdng,Wd Sdng,None,0.0,TA,TA,PConc,TA,TA,No,Unf,0.0,Unf,0.0,764,6.639875833826536,GasA,Ex,Y,FuseA,6.966967138613983,764,0.0,7.509335266016592,0,0,1,0,3,1,TA,8,Typ,1,Gd,Detchd,1940.0,Unf,2,520,TA,TA,N,0.0,0.0,4.844187086458591,0.0,0.0,0.0,None,GdPrv,None,0.0,7,2007,WD,Normal,180500,7.859026979751538,88,57,1.0,1,1,1,1,126
1265,120,RH,3.5553480614894135,8.309184527686298,Pave,None,Reg,Lvl,AllPub,Inside,Gtl,NAmes,Norm,Norm,TwnhsE,1Story,6,5,1998,1999,Gable,CompShg,MetalSd,MetalSd,None,0.0,Gd,TA,PConc,Gd,TA,No,GLQ,5.58724865840025,Unf,0.0,1139,7.2485040723706105,GasA,Ex,Y,SBrkr,7.198931240688173,0,0.0,7.198931240688173,1,0,2,0,2,1,Gd,5,Typ,0,None,Attchd,1998.0,Fin,2,511,TA,TA,Y,4.976733742420574,4.23410650459726,0.0,0.0,0.0,0.0,None,None,None,0.0,8,2008,COD,Abnorml,181000,7.916807490937603,10,9,3.0,1,1,0,0,212
1266,160,FV,3.58351893845611,8.225770799348734,Pave,None,Reg,Lvl,AllPub,FR3,Gtl,Somerst,Norm,Norm,TwnhsE,2Story,7,5,1999,1999,Hip,CompShg,MetalSd,MetalSd,BrkFace,5.389071729816501,Gd,TA,PConc,Gd,TA,No,GLQ,6.111467339502679,Unf,0.0,241,6.539585955617669,GasA,Ex,Y,SBrkr,6.570882962339584,739,0.0,7.2813856635702825,1,0,2,1,3,1,Gd,6,Typ,0,None,Detchd,1999.0,Unf,2,506,TA,TA,Y,0.0,3.5553480614894135,0.0,0.0,0.0,0.0,None,None,None,0.0,3,2006,WD,Normal,183900,7.670428522190693,7,7,3.5,1,1,0,1,34
1267,190,RM,4.110873864173311,9.222367752188902,Pave,None,IR1,Bnk,AllPub,Inside,Gtl,OldTown,Feedr,Norm,2fmCon,2.5Unf,7,4,1910,1950,Hip,CompShg,Wd Sdng,Wd Sdng,None,0.0,Fa,TA,CBlock,TA,TA,No,Unf,0.0,Unf,0.0,925,6.8308742346461795,GasA,TA,N,FuseF,6.872128101338986,925,0.0,7.5443321080536885,0,0,1,1,4,2,TA,9,Typ,1,Gd,Detchd,1960.0,Unf,1,308,TA,TA,N,0.0,0.0,5.579729825986222,0.0,0.0,0.0,None,MnPrv,None,0.0,1,2007,WD,Normal,122000,7.942717540573791,97,57,1.5,1,1,1,1,264
1268,20,RL,4.499809670330265,9.48910782703839,Pave,None,IR1,HLS,AllPub,Inside,Gtl,Timber,Norm,Norm,1Fam,1Story,9,5,2008,2009,Hip,CompShg,Stucco,CmentBd,None,0.0,Ex,TA,PConc,Ex,TA,Gd,Unf,0.0,Unf,0.0,2002,7.602401335665818,GasA,Ex,Y,SBrkr,7.610357618312838,0,0.0,7.610357618312838,0,0,2,0,3,1,Ex,10,Typ,1,Gd,Attchd,2009.0,Fin,3,746,TA,TA,Y,4.976733742420574,4.343805421853684,0.0,0.0,0.0,0.0,None,None,None,0.0,5,2010,WD,Normal,378500,8.299285906897275,2,1,2.0,1,1,1,0,220
1269,50,RL,4.31748811353631,9.55400099583723,Pave,None,IR1,Lvl,AllPub,Inside,Mod,Crawfor,Norm,Norm,1Fam,1.5Fin,8,9,1935,1997,Gable,CompShg,Stucco,Stucco,BrkFace,6.450470422144176,TA,Gd,CBlock,TA,TA,Mn,Rec,5.262690188904886,Unf,0.0,536,6.591673732008658,GasA,Ex,Y,SBrkr,7.585281078639126,1479,0.0,8.145549631783584,0,0,3,1,4,1,Gd,11,Typ,2,Gd,BuiltIn,1982.0,Unf,3,1014,TA,TA,Y,5.752572638825633,2.5649493574615367,0.0,0.0,0.0,0.0,None,GdWo,None,0.0,5,2008,WD,Normal,381000,8.337109129562474,73,11,3.5,1,1,1,1,326
1270,50,RL,4.3694478524670215,9.336532397213942,Pave,None,Reg,Lvl,AllPub,Inside,Gtl,NAmes,Feedr,Norm,1Fam,1.5Fin,5,5,1958,1958,Gable,CompShg,MetalSd,MetalSd,BrkFace,5.198497031265826,TA,TA,CBlock,TA,TA,No,BLQ,6.133398042996649,Unf,0.0,414,6.774223886357614,GasW,TA,Y,FuseA,6.774223886357614,650,0.0,7.329749689041512,0,0,1,1,3,1,TA,7,Typ,0,None,Attchd,1958.0,Unf,1,315,TA,TA,Y,0.0,0.0,0.0,0.0,0.0,0.0,None,GdWo,None,0.0,7,2007,WD,Normal,144000,7.782807262839695,49,49,1.5,1,1,0,1,0
1271,40,RL,4.394449154672439,10.068832485122966,Pave,None,Reg,Low,AllPub,Inside,Sev,ClearCr,Norm,Norm,1Fam,1Story,7,6,1979,1979,Shed,WdShake,Plywood,Plywood,None,0.0,Gd,TA,PConc,Gd,TA,Gd,GLQ,7.138073034044347,Unf,0.0,74,7.195187320178709,GasA,TA,Y,SBrkr,7.195187320178709,192,0.0,7.329749689041512,2,0,0,1,0,1,Gd,4,Typ,1,TA,Attchd,1979.0,Fin,2,586,TA,TA,Y,5.594711379601839,0.0,0.0,0.0,0.0,0.0,None,None,None,0.0,4,2010,WD,Normal,260000,7.957527402230773,31,31,2.5,1,1,1,1,268
1272,20,RL,4.394449154672439,9.122273893107732,Pave,None,IR1,Lvl,AllPub,Inside,Gtl,NWAmes,PosN,Norm,1Fam,1Story,6,7,1968,1968,Hip,CompShg,BrkFace,BrkFace,None,0.0,TA,TA,CBlock,TA,TA,No,Unf,0.0,Unf,0.0,1489,7.306531398939505,GasA,Gd,Y,SBrkr,7.306531398939505,0,0.0,7.306531398939505,0,0,2,0,3,1,Gd,7,Typ,1,Gd,Attchd,1968.0,RFn,2,462,TA,TA,Y,0.0,0.0,0.0,0.0,0.0,0.0,None,None,None,0.0,8,2009,WD,Normal,185750,7.999342952713282,41,41,2.0,1,1,1,0,0
1273,20,RL,4.276666119016055,9.512442967089195,Pave,None,IR1,Lvl,AllPub,CulDSac,Gtl,Sawyer,Norm,Norm,1Fam,1Story,5,6,1965,1965,Hip,CompShg,HdBoard,Plywood,BrkFace,4.74493212836325,TA,TA,CBlock,TA,TA,No,BLQ,6.329720905522696,LwQ,5.929589143389895,0,6.841615476477592,GasA,TA,Y,SBrkr,6.841615476477592,0,0.0,6.841615476477592,1,0,1,0,3,1,TA,5,Typ,0,None,Attchd,1965.0,Unf,1,288,TA,TA,Y,5.198497031265826,0.0,0.0,0.0,0.0,0.0,None,MnPrv,None,0.0,11,2006,WD,Normal,137000,7.534228326274089,41,41,2.0,1,1,0,0,180
1274,80,RL,4.8283137373023015,9.351232110673664,Pave,None,IR1,Lvl,AllPub,Corner,Gtl,Edwards,Norm,Norm,1Fam,SLvl,6,7,1959,2006,Gable,CompShg,Plywood,Plywood,BrkFace,4.442651256490317,TA,TA,CBlock,TA,TA,Av,ALQ,6.579251212010101,Unf,0.0,300,6.927557906278317,GasA,Gd,Y,SBrkr,7.213768308118642,0,0.0,7.213768308118642,1,0,1,0,2,1,Ex,5,Typ,1,Gd,Basment,1959.0,RFn,1,312,TA,TA,Y,0.0,0.0,0.0,0.0,5.099866427824199,0.0,None,GdPrv,None,0.0,5,2008,WD,Normal,177000,7.773594467360194,49,2,2.0,1,1,1,0,163
1275,50,RL,3.9889840465642745,8.587278798982926,Pave,None,Reg,Lvl,AllPub,Corner,Gtl,Crawfor,Norm,Norm,1Fam,1.5Fin,5,6,1910,2003,Gable,CompShg,Wd Sdng,Wd Shng,None,0.0,TA,TA,PConc,TA,TA,No,Unf,0.0,Unf,0.0,661,6.495265555937008,GasA,Ex,Y,SBrkr,6.495265555937008,589,0.0,7.1316985104669115,0,0,2,0,3,1,TA,8,Typ,1,Gd,Detchd,1985.0,Unf,2,552,TA,TA,Y,5.493061443340548,0.0,4.406719247264253,0.0,0.0,0.0,None,None,None,0.0,11,2007,WD,Normal,139000,7.555905093611346,97,4,2.0,1,1,1,1,323
1276,90,RL,4.564348191467836,9.336620537886512,Pave,None,Reg,Lvl,AllPub,Corner,Gtl,NAmes,Feedr,Norm,Duplex,2Story,5,5,1948,1950,Gable,Roll,AsbShng,AsbShng,Stone,6.342121418721152,TA,TA,CBlock,TA,TA,No,Rec,5.3981627015177525,Unf,0.0,708,6.834108738813838,GasA,Gd,Y,FuseA,6.834108738813838,992,0.0,7.560601162768557,0,0,2,0,4,2,TA,10,Typ,0,None,Detchd,1948.0,Unf,2,400,TA,Fa,Y,0.0,0.0,0.0,0.0,0.0,0.0,None,None,None,0.0,7,2007,WD,Normal,137000,7.954723334497908,59,57,2.0,1,1,0,1,0
1277,60,RL,4.394449154672439,9.467846701917901,Pave,None,IR1,Lvl,AllPub,CulDSac,Gtl,NWAmes,Norm,Norm,1Fam,2Story,6,6,1972,1972,Gable,CompShg,HdBoard,Plywood,None,0.0,TA,TA,CBlock,TA,Gd,No,BLQ,6.386879319362645,Unf,0.0,130,6.584791392385716,GasA,TA,Y,SBrkr,6.601230118728877,660,0.0,7.241366283322318,0,1,1,1,3,1,TA,6,Typ,1,TA,Attchd,1972.0,Unf,2,497,TA,TA,Y,5.68697535633982,4.762173934797756,0.0,0.0,0.0,0.0,None,None,None,0.0,12,2009,WD,Normal,162000,7.6586995582682995,37,37,2.0,1,1,1,1,410
1278,80,RL,4.394449154672439,9.790990521308983,Pave,None,IR1,Lvl,AllPub,CulDSac,Gtl,NWAmes,Norm,Norm,1Fam,SLvl,6,5,1967,1976,Gable,CompShg,HdBoard,HdBoard,BrkFace,5.886104031450156,TA,TA,CBlock,Gd,TA,Av,ALQ,6.270988431858299,Unf,0.0,1152,7.427144133408616,GasA,Fa,Y,SBrkr,7.45298232946546,0,0.0,7.45298232946546,1,0,1,1,3,1,TA,7,Typ,1,Gd,Attchd,1967.0,RFn,2,480,TA,TA,Y,0.0,0.0,0.0,0.0,0.0,0.0,None,None,None,0.0,6,2009,WD,Normal,197900,8.133000218583613,42,33,2.5,1,1,1,0,0
1279,60,RL,4.330733340286331,9.156306483483696,Pave,None,Reg,Lvl,AllPub,Inside,Gtl,CollgCr,Norm,Norm,1Fam,2Story,8,5,2002,2002,Gable,CompShg,VinylSd,VinylSd,None,0.0,Gd,TA,PConc,Gd,TA,No,GLQ,6.690842277418564,Unf,0.0,324,7.029087564149662,GasA,Ex,Y,SBrkr,7.029087564149662,903,0.0,7.616775808698373,1,0,2,1,3,1,Gd,7,Typ,1,Gd,Attchd,2002.0,RFn,2,577,TA,TA,Y,0.0,5.356586274672012,0.0,0.0,0.0,0.0,None,None,None,0.0,3,2008,WD,Normal,237000,8.058327306580958,6,6,3.5,1,1,1,1,211
1280,50,C (all),4.110873864173311,8.922791623969637,Pave,None,Reg,Lvl,AllPub,Inside,Gtl,IDOTRR,Norm,Norm,1Fam,1.5Fin,4,4,1920,1950,Gable,CompShg,MetalSd,MetalSd,None,0.0,TA,Gd,CBlock,TA,TA,No,Unf,0.0,Unf,0.0,698,6.54965074223381,GasA,TA,Y,FuseA,6.54965074223381,430,0.0,7.029087564149662,0,0,1,0,2,1,TA,6,Typ,0,None,Detchd,1980.0,RFn,2,528,TA,TA,Y,3.4339872044851463,0.0,5.10594547390058,0.0,0.0,0.0,None,None,None,0.0,4,2010,COD,Abnorml,68400,7.510430556378006,90,60,1.0,1,1,0,1,194
1281,20,RL,4.219507705176107,9.191055610564316,Pave,None,IR1,Lvl,AllPub,Inside,Gtl,CollgCr,Norm,Norm,1Fam,1Story,7,5,2002,2002,Gable,CompShg,VinylSd,VinylSd,BrkFace,4.709530201312334,Gd,TA,PConc,Gd,TA,No,GLQ,6.670766320845874,Unf,0.0,785,7.3613754289773485,GasA,Ex,Y,SBrkr,7.3613754289773485,0,0.0,7.3613754289773485,1,0,2,0,3,1,Gd,6,Typ,0,None,Attchd,2002.0,RFn,2,544,TA,TA,Y,0.0,4.290459441148391,0.0,0.0,0.0,0.0,None,None,None,0.0,3,2009,WD,Normal,227000,8.054204897064407,7,7,3.0,1,1,0,0,72
1282,20,RL,3.9318256327243257,8.99342737041261,Pave,None,IR1,Lvl,AllPub,CulDSac,Gtl,Timber,Norm,Norm,1Fam,1Story,7,5,1990,1990,Hip,CompShg,HdBoard,HdBoard,BrkFace,4.007333185232471,TA,TA,CBlock,Gd,TA,No,ALQ,6.960347729101308,Unf,0.0,256,7.177782416195197,GasA,TA,Y,SBrkr,7.200424892944957,0,0.0,7.200424892944957,1,0,2,0,2,1,TA,6,Typ,1,TA,Attchd,1990.0,Fin,2,484,Gd,Gd,Y,0.0,4.07753744390572,0.0,0.0,4.51085950651685,0.0,None,None,None,0.0,7,2006,WD,Normal,180000,7.88193748927207,16,16,3.0,1,1,1,0,148
1283,20,RL,4.127134385045092,9.082620630373812,Pave,None,IR1,Lvl,AllPub,Inside,Gtl,CollgCr,Norm,Norm,1Fam,1Story,5,7,1977,2008,Gable,CompShg,HdBoard,HdBoard,None,0.0,TA,TA,CBlock,Gd,TA,Mn,LwQ,6.278521424165844,Rec,4.976733742420574,364,6.947937068614969,GasA,TA,Y,SBrkr,6.947937068614969,0,0.0,6.947937068614969,0,0,2,0,3,1,Gd,5,Typ,0,None,Detchd,1977.0,Unf,2,484,TA,TA,Y,0.0,0.0,0.0,0.0,5.666426688112432,0.0,None,None,None,0.0,9,2009,WD,Normal,150500,7.640603826393634,32,1,2.0,1,1,0,0,288
1284,90,RL,4.553876891600541,9.148571345578551,Pave,None,Reg,Low,AllPub,Corner,Gtl,Mitchel,Norm,Norm,Duplex,2Story,6,5,1971,1971,Mansard,CompShg,MetalSd,Wd Shng,None,0.0,TA,TA,CBlock,TA,TA,Av,Unf,0.0,Unf,0.0,912,6.816735880594968,GasA,TA,Y,SBrkr,6.816735880594968,912,0.0,7.509335266016592,0,0,2,2,4,2,TA,8,Typ,0,None,None,0.0,None,0,0,None,None,Y,4.859812404361672,0.0,0.0,0.0,0.0,0.0,None,None,None,0.0,4,2010,WD,Normal,139000,7.914617709040679,39,39,3.0,0,1,0,1,128
1285,50,RL,3.9318256327243257,9.173572647783969,Pave,None,Reg,Lvl,AllPub,Inside,Gtl,SWISU,Feedr,Norm,1Fam,1.5Fin,6,7,1919,1990,Gable,CompShg,Wd Sdng,Wd Shng,None,0.0,TA,TA,PConc,TA,TA,No,Unf,0.0,Unf,0.0,804,6.690842277418564,GasA,Ex,Y,SBrkr,7.438383530044307,748,0.0,7.803026643632217,0,0,2,0,4,1,Gd,10,Min2,1,Gd,Detchd,1969.0,Unf,1,336,TA,TA,Y,5.60947179518496,0.0,3.7612001156935624,0.0,4.762173934797756,0.0,None,None,None,0.0,3,2010,WD,Normal,169000,8.087025470667701,91,20,2.0,1,1,1,1,430
1286,50,RM,3.9318256327243257,8.699681400989514,Pave,None,Reg,Lvl,AllPub,Inside,Gtl,BrkSide,Norm,Norm,1Fam,1.5Fin,6,6,1939,1950,Gable,CompShg,MetalSd,MetalSd,None,0.0,TA,Fa,CBlock,TA,TA,No,Unf,0.0,Unf,0.0,780,6.660575149839686,GasA,Ex,Y,FuseF,6.716594773520978,587,0.0,7.253470382684528,0,0,1,0,4,1,TA,6,Typ,1,Gd,Detchd,1939.0,Unf,1,280,TA,TA,Y,3.828641396489095,0.0,0.0,0.0,0.0,0.0,None,None,None,0.0,5,2009,WD,Normal,132500,7.693025748417888,70,59,1.0,1,1,1,1,45
1287,20,RL,4.394449154672439,9.189218875354072,Pave,None,Reg,Lvl,AllPub,Inside,Gtl,NWAmes,Feedr,Norm,1Fam,1Story,6,5,1963,1963,Hip,CompShg,HdBoard,HdBoard,BrkFace,6.113682179832232,TA,TA,CBlock,TA,TA,No,ALQ,6.345636360828596,Rec,4.406719247264253,678,7.192182058713246,GasA,TA,Y,SBrkr,7.192182058713246,0,0.0,7.192182058713246,1,0,1,1,3,1,TA,6,Typ,2,Gd,Attchd,1963.0,Unf,2,528,TA,TA,Y,0.0,3.295836866004329,0.0,0.0,0.0,0.0,None,None,None,0.0,6,2010,WD,Normal,143000,7.884952945759814,47,47,2.5,1,1,1,0,26
1288,20,RL,4.394449154672439,10.505094936455558,Pave,None,IR1,Low,AllPub,Inside,Mod,ClearCr,Norm,Norm,1Fam,1Story,5,5,1964,1964,Gable,CompShg,Wd Sdng,Wd Sdng,BrkCmn,6.432940092739179,TA,Gd,CBlock,TA,TA,Av,Rec,6.70073110954781,Unf,0.0,812,7.393263094763838,GasA,Fa,Y,SBrkr,7.367077059881012,0,0.0,7.367077059881012,0,1,2,0,4,1,TA,7,Typ,0,None,Attchd,1964.0,Unf,2,390,TA,TA,N,5.1298987149230735,5.293304824724492,0.0,0.0,0.0,0.0,None,None,None,0.0,6,2006,WD,Normal,190000,8.073091199693154,42,42,2.5,1,1,0,0,366
1289,120,RL,3.713572066704308,8.642062173462106,Pave,None,IR1,Lvl,AllPub,Inside,Gtl,StoneBr,Norm,Norm,TwnhsE,1Story,8,5,2000,2000,Gable,CompShg,CemntBd,CmentBd,None,0.0,Gd,TA,PConc,Gd,TA,No,GLQ,7.055312843339752,Unf,0.0,343,7.31455283232408,GasA,Ex,Y,SBrkr,7.414572881350589,0,0.0,7.414572881350589,1,0,2,0,2,1,Ex,5,Typ,1,Ex,Attchd,2000.0,Fin,2,499,TA,TA,Y,5.3612921657094255,4.0943445622221,0.0,0.0,0.0,0.0,None,None,None,0.0,10,2009,WD,Normal,278000,8.058643712215618,9,9,3.0,1,1,1,0,271
1290,60,RL,4.465908118654584,9.311632623458054,Pave,None,IR1,Lvl,AllPub,Inside,Gtl,NridgHt,Norm,Norm,1Fam,2Story,8,5,2006,2006,Gable,CompShg,VinylSd,VinylSd,Stone,6.670766320845874,Gd,TA,PConc,Gd,TA,Mn,Unf,0.0,Unf,0.0,1085,6.990256500493881,GasA,Ex,Y,SBrkr,7.02197642307216,850,0.0,7.58629630715272,0,0,2,1,3,1,Ex,8,Typ,1,Gd,BuiltIn,2006.0,Fin,3,753,TA,TA,Y,5.181783550292085,4.31748811353631,0.0,0.0,0.0,0.0,None,None,None,0.0,10,2006,New,Partial,281000,8.024862150286411,0,0,2.5,1,1,1,1,251
1291,80,RL,4.30406509320417,9.554851637414007,Pave,None,IR1,Lvl,AllPub,Corner,Gtl,NAmes,Norm,Norm,1Fam,SLvl,5,7,1964,1964,Hip,CompShg,Wd Sdng,HdBoard,BrkFace,4.465908118654584,TA,TA,PConc,TA,TA,Av,GLQ,6.922643891475888,Unf,0.0,138,7.050122520269059,GasA,TA,Y,SBrkr,7.050122520269059,0,0.0,7.050122520269059,1,0,1,0,3,1,TA,6,Typ,1,Gd,Attchd,1964.0,RFn,2,484,TA,TA,Y,5.429345628954441,0.0,0.0,0.0,0.0,0.0,None,None,None,0.0,4,2010,WD,Normal,180500,7.742835955430749,46,46,2.0,1,1,1,0,227
1292,160,RM,3.091042453358316,7.427144133408616,Pave,None,Reg,Lvl,AllPub,Inside,Gtl,BrDale,Norm,Norm,Twnhs,2Story,5,7,1972,1972,Gable,CompShg,CemntBd,CmentBd,BrkFace,5.594711379601839,TA,TA,CBlock,TA,TA,No,ALQ,5.44673737166631,Unf,0.0,399,6.447305862541213,GasA,TA,Y,SBrkr,6.447305862541213,672,0.0,7.172424577124845,0,0,2,1,3,1,TA,6,Typ,0,None,Detchd,1972.0,Unf,1,264,TA,TA,Y,5.225746673713202,0.0,0.0,0.0,0.0,0.0,None,None,None,0.0,2,2009,WD,Normal,119500,7.566828479208331,37,37,2.5,1,1,0,1,185
1293,70,RM,4.110873864173311,8.79497643168877,Pave,None,Reg,Lvl,AllPub,Corner,Gtl,OldTown,Norm,Norm,1Fam,2Story,5,4,1892,1965,Gable,CompShg,Wd Sdng,Wd Sdng,None,0.0,TA,TA,Stone,TA,TA,No,Unf,0.0,Unf,0.0,994,6.902742737158593,GasA,TA,N,SBrkr,7.229113877793302,994,0.0,7.771910256435763,0,0,2,0,4,2,TA,11,Min2,0,None,Attchd,1985.0,RFn,1,432,TA,TA,Y,0.0,5.662960480135946,0.0,0.0,0.0,0.0,None,None,None,0.0,12,2009,WD,Normal,107500,8.121777419161074,117,44,2.0,1,1,0,1,287
1294,60,RL,4.3694478524670215,9.224341891611996,Pave,None,Reg,Lvl,AllPub,Inside,Gtl,NWAmes,Norm,Norm,1Fam,2Story,7,5,1976,1976,Gable,CompShg,HdBoard,HdBoard,None,0.0,TA,TA,PConc,Gd,TA,No,GLQ,5.272999558563747,Unf,0.0,638,6.725033642166843,GasA,TA,Y,SBrkr,6.725033642166843,832,0.0,7.417580402414544,0,0,2,1,4,1,TA,8,Typ,1,TA,Attchd,1976.0,RFn,2,528,TA,TA,Y,0.0,3.367295829986474,0.0,0.0,5.560681631015528,0.0,None,GdWo,None,0.0,3,2006,WD,Normal,162900,7.822845290279774,30,30,2.5,1,1,1,1,287
1295,20,RL,4.110873864173311,9.00859131751613,Pave,None,Reg,Lvl,AllPub,Inside,Gtl,Edwards,Norm,Norm,1Fam,1Story,5,7,1955,1990,Hip,CompShg,WdShing,Plywood,None,0.0,TA,TA,CBlock,TA,TA,No,Rec,5.123963979403259,Unf,0.0,697,6.762729506931879,GasA,TA,Y,SBrkr,6.762729506931879,0,0.0,6.762729506931879,1,0,1,0,2,1,TA,5,Typ,0,None,Detchd,1957.0,Unf,2,572,TA,TA,N,0.0,0.0,0.0,0.0,0.0,0.0,None,None,None,0.0,4,2006,WD,Normal,115000,7.455298485683291,51,16,2.0,1,1,0,0,0
1296,20,RL,4.2626798770413155,9.036106025364846,Pave,None,Reg,Lvl,AllPub,Inside,Gtl,NAmes,Feedr,Norm,1Fam,1Story,5,5,1968,1968,Hip,CompShg,HdBoard,HdBoard,BrkFace,5.1298987149230735,TA,TA,CBlock,TA,TA,Av,BLQ,6.92461239604856,Unf,0.0,36,6.959398512133975,GasA,Gd,Y,SBrkr,6.959398512133975,0,0.0,6.959398512133975,1,0,1,1,3,1,TA,5,Typ,0,None,Attchd,1968.0,RFn,1,288,TA,TA,Y,5.877735781779639,0.0,0.0,0.0,0.0,0.0,None,GdWo,None,0.0,11,2006,WD,Normal,138500,7.652070746116482,38,38,2.5,1,1,0,0,356
1297,20,RL,4.394449154672439,9.071193240566025,Pave,None,Reg,Lvl,AllPub,Inside,Gtl,NAmes,Norm,Norm,1Fam,1Story,5,6,1963,1963,Hip,CompShg,MetalSd,MetalSd,BrkFace,5.003946305945459,TA,Gd,CBlock,TA,TA,Mn,ALQ,6.655440350367647,Unf,0.0,344,7.02197642307216,GasA,Gd,Y,SBrkr,7.029087564149662,0,0.0,7.029087564149662,1,0,2,0,3,1,TA,6,Typ,0,None,Attchd,1963.0,RFn,2,525,TA,TA,Y,5.262690188904886,3.044522437723423,4.820281565605037,0.0,0.0,0.0,None,MnPrv,None,0.0,12,2008,WD,Normal,155000,7.718240951959316,45,45,3.0,1,1,0,0,335
1298,180,RM,3.58351893845611,8.209580483475577,Pave,None,Reg,Lvl,AllPub,Inside,Gtl,Edwards,Norm,Norm,TwnhsE,SFoyer,6,5,2005,2006,Gable,CompShg,VinylSd,VinylSd,BrkFace,4.418840607796598,TA,TA,PConc,Gd,TA,Gd,GLQ,6.306275286948016,Unf,0.0,0,6.306275286948016,GasA,Gd,Y,SBrkr,6.9782137426306985,0,0.0,6.9782137426306985,1,0,2,0,2,1,TA,5,Typ,0,None,Basment,2005.0,Fin,2,525,TA,TA,Y,0.0,3.8066624897703196,0.0,0.0,0.0,0.0,None,None,None,0.0,6,2006,New,Partial,140000,7.3901814282264295,1,0,3.0,1,1,0,0,44
1299,60,RL,5.749392985908253,11.064886829303003,Pave,None,IR3,Bnk,AllPub,Corner,Gtl,Edwards,Feedr,Norm,1Fam,2Story,10,5,2008,2008,Hip,ClyTile,Stucco,Stucco,Stone,6.680854678790215,Ex,TA,PConc,Ex,TA,Gd,GLQ,8.638525476583762,Unf,0.0,466,8.717845704894916,GasA,Ex,Y,SBrkr,8.453827315794417,950,0.0,8.63817111796914,2,0,2,1,3,1,Ex,12,Typ,3,Gd,Attchd,2008.0,Fin,2,1418,TA,TA,Y,5.3706380281276624,5.680172609017068,0.0,0.0,0.0,6.175867270105761,Gd,None,None,0.0,1,2008,New,Partial,160000,9.371863806132854,0,0,4.5,1,1,1,1,506
1300,20,RL,4.330733340286331,8.922791623969637,Pave,None,Reg,Lvl,AllPub,Inside,Gtl,NAmes,Norm,Norm,1Fam,1Story,5,7,1959,1994,Hip,CompShg,BrkFace,BrkFace,None,0.0,TA,TA,CBlock,TA,TA,No,LwQ,5.831882477283517,Rec,6.810142450115136,0,7.1284959456800365,GasA,Ex,Y,SBrkr,7.1284959456800365,0,0.0,7.1284959456800365,1,0,1,1,3,1,Gd,6,Typ,0,None,Attchd,1959.0,RFn,1,305,TA,TA,Y,5.389071729816501,0.0,0.0,0.0,0.0,0.0,None,GdPrv,None,0.0,5,2010,WD,Normal,154000,7.821242083523558,51,16,2.5,1,1,0,0,218
1301,60,RL,4.189654742026425,9.283869605264298,Pave,None,IR1,Lvl,AllPub,CulDSac,Gtl,Gilbert,Norm,Norm,1Fam,2Story,7,5,1999,1999,Gable,CompShg,VinylSd,VinylSd,None,5.84354441703136,Gd,TA,PConc,Gd,TA,No,GLQ,6.543911845564792,Unf,0.0,284,6.88653164253051,GasA,Ex,Y,SBrkr,6.913737350659685,978,0.0,7.592870287844818,0,0,2,1,3,1,Gd,9,Typ,1,TA,Attchd,1999.0,Fin,2,490,TA,TA,Y,0.0,0.0,0.0,0.0,0.0,0.0,None,None,None,0.0,5,2009,WD,Normal,225000,7.993619994827744,10,10,2.5,1,1,1,1,0
1302,70,RL,4.31748811353631,8.922791623969637,Pave,None,IR1,Bnk,AllPub,Inside,Gtl,Crawfor,Norm,Norm,1Fam,2Story,6,7,1942,1950,Gable,CompShg,Wd Sdng,Wd Sdng,None,0.0,TA,TA,CBlock,TA,TA,No,BLQ,6.306275286948016,Unf,0.0,224,6.648984550024776,GasA,Fa,Y,SBrkr,6.625392368007956,741,0.0,7.3098814858247865,0,0,1,0,3,1,Gd,7,Typ,2,Gd,Attchd,1942.0,Unf,1,213,TA,TA,P,0.0,0.0,0.0,0.0,5.41610040220442,0.0,None,None,None,0.0,11,2009,WD,Normal,177500,7.725771441587952,67,59,1.0,1,1,1,1,224
1303,60,RL,4.532599493153256,9.222367752188902,Pave,None,Reg,Lvl,AllPub,Inside,Gtl,NoRidge,Norm,Norm,1Fam,2Story,8,5,1994,1994,Hip,CompShg,VinylSd,VinylSd,BrkFace,5.971261839790462,Gd,TA,PConc,Gd,TA,No,GLQ,6.608000625296087,Unf,0.0,425,7.061334366910438,GasA,Ex,Y,SBrkr,7.093404625868766,1323,0.0,7.834788107388194,1,0,2,1,4,1,Gd,8,Typ,1,TA,Attchd,1994.0,RFn,3,844,TA,TA,Y,5.736572297479192,4.3694478524670215,0.0,0.0,0.0,0.0,None,None,None,0.0,12,2006,WD,Normal,290000,8.213923595622743,12,12,3.5,1,1,1,1,387
1304,20,RL,4.30406509320417,9.069813136839207,Pave,None,Reg,Lvl,AllPub,Inside,Gtl,Somerst,Norm,Norm,1Fam,1Story,7,5,2005,2005,Gable,CompShg,VinylSd,VinylSd,BrkFace,5.43372200355424,Gd,TA,PConc,Gd,TA,Av,Unf,0.0,Unf,0.0,1616,7.388327859577107,GasA,Ex,Y,SBrkr,7.388327859577107,0,0.0,7.388327859577107,0,0,2,0,3,1,Gd,7,Typ,0,None,Attchd,2005.0,RFn,3,834,TA,TA,Y,5.342334251964811,4.0943445622221,0.0,0.0,0.0,0.0,None,None,None,0.0,4,2006,WD,Normal,232000,8.081165777725433,1,1,2.0,1,1,0,0,267
1305,160,RM,3.4965075614664802,8.120886021092838,Pave,None,Reg,Lvl,AllPub,Inside,Gtl,Edwards,Norm,Norm,TwnhsE,2Story,7,5,2004,2004,Gable,CompShg,VinylSd,VinylSd,Stone,4.770684624465665,Gd,TA,PConc,Gd,TA,No,Unf,0.0,Unf,0.0,976,6.884486652042782,GasA,Ex,Y,SBrkr,6.884486652042782,732,0.0,7.443663683115591,0,0,2,0,3,1,Gd,7,Maj1,0,None,Detchd,2004.0,Unf,2,380,TA,TA,Y,0.0,3.713572066704308,0.0,0.0,0.0,0.0,None,None,None,0.0,4,2006,WD,Normal,130000,7.895436006942965,2,2,2.0,1,1,0,1,40
1306,20,RL,4.6913478822291435,9.486000469200638,Pave,None,IR1,Lvl,AllPub,Corner,Gtl,NridgHt,Norm,Norm,1Fam,1Story,9,5,2006,2007,Hip,CompShg,VinylSd,VinylSd,Stone,5.707110264748875,Gd,TA,PConc,Ex,TA,No,GLQ,7.360739903058278,Unf,0.0,80,7.410347097821024,GasA,Ex,Y,SBrkr,7.410347097821024,0,0.0,7.410347097821024,1,0,2,0,2,1,Ex,6,Typ,2,Ex,Attchd,2006.0,Fin,2,840,TA,TA,Y,6.003887067106539,4.634728988229636,0.0,0.0,0.0,0.0,None,None,None,0.0,11,2009,WD,Normal,325000,8.103191752285786,3,2,3.0,1,1,1,0,506
1307,120,RL,3.8918202981106265,8.847359875474174,Pave,None,IR1,Lvl,AllPub,Inside,Gtl,NridgHt,Norm,Norm,TwnhsE,1Story,7,5,2005,2006,Gable,CompShg,VinylSd,VinylSd,Stone,4.553876891600541,Gd,TA,PConc,Gd,TA,No,Unf,0.0,Unf,0.0,1368,7.221835825288449,GasA,Ex,Y,SBrkr,7.221835825288449,0,0.0,7.221835825288449,0,0,2,0,2,1,Gd,6,Typ,1,Gd,Attchd,2005.0,RFn,2,474,TA,TA,Y,4.890349128221754,3.58351893845611,0.0,0.0,0.0,0.0,None,None,None,0.0,9,2006,New,Partial,202500,7.914617709040679,1,0,2.0,1,1,1,0,167
1308,20,RL,4.110873864173311,8.996280439395015,Pave,None,Reg,Lvl,AllPub,Inside,Gtl,CollgCr,Norm,Norm,1Fam,1Story,5,5,1994,1995,Gable,CompShg,VinylSd,VinylSd,None,0.0,TA,Gd,PConc,Gd,Gd,No,ALQ,6.616065185132817,Unf,0.0,244,6.898714534329988,GasA,Ex,Y,SBrkr,6.898714534329988,0,0.0,6.898714534329988,1,0,1,0,3,1,TA,5,Typ,0,None,Detchd,2000.0,Unf,2,480,TA,TA,Y,0.0,4.174387269895637,0.0,0.0,0.0,0.0,None,None,None,0.0,5,2009,WD,Normal,138000,7.591357046698551,15,14,2.0,1,1,0,0,64
1309,20,RM,4.61512051684126,9.392745258631441,Pave,None,Reg,Lvl,AllPub,Inside,Gtl,OldTown,Norm,Norm,1Fam,1Story,5,7,1948,2005,Gable,CompShg,MetalSd,MetalSd,None,0.0,TA,TA,CBlock,TA,TA,No,GLQ,4.976733742420574,ALQ,6.411818267709897,172,6.829793737512425,GasA,Ex,Y,SBrkr,7.023758954738443,0,0.0,7.023758954738443,1,0,1,0,2,1,Gd,6,Typ,0,None,Attchd,1948.0,Unf,2,528,TA,TA,Y,0.0,3.6109179126442243,0.0,0.0,0.0,0.0,None,GdWo,None,0.0,5,2008,WD,Normal,147000,7.624130585661289,60,3,2.0,1,1,0,0,36
1310,20,RL,4.212127597878484,8.875426919818963,Pave,None,Reg,Lvl,AllPub,Inside,Gtl,SawyerW,Norm,Norm,1Fam,1Story,6,5,1991,1991,Gable,CompShg,HdBoard,HdBoard,BrkFace,4.48863636973214,TA,TA,CBlock,Gd,TA,No,GLQ,7.0909098220799835,Unf,0.0,78,7.153833801578843,GasA,Gd,Y,SBrkr,7.166265974133638,0,0.0,7.166265974133638,1,0,2,0,3,1,Gd,6,Typ,0,None,Attchd,1991.0,RFn,2,496,TA,TA,Y,4.727387818712341,3.9512437185814275,0.0,0.0,0.0,0.0,None,GdWo,None,0.0,6,2008,WD,Normal,179200,7.8528278122817445,17,17,3.0,1,1,0,0,163
1311,20,RL,4.61512051684126,9.770013301136158,Pave,None,Reg,Lvl,AllPub,Inside,Gtl,Crawfor,PosA,Norm,1Fam,1Story,7,8,1959,2002,Gable,CompShg,BrkFace,HdBoard,None,0.0,Gd,Gd,PConc,Gd,TA,Av,GLQ,7.249215057114389,Unf,0.0,496,7.551186867296149,GasA,TA,Y,SBrkr,7.551186867296149,0,0.0,7.551186867296149,1,0,2,0,3,1,Ex,7,Typ,2,TA,Attchd,1959.0,Fin,2,567,TA,TA,Y,0.0,5.337538079701318,5.093750200806762,0.0,0.0,0.0,None,None,None,0.0,5,2010,WD,Normal,335000,8.244071270295786,51,8,3.0,1,1,1,0,369
1312,20,RL,4.23410650459726,9.08421009483197,Pave,None,Reg,Lvl,AllPub,Inside,Gtl,CollgCr,Norm,Norm,1Fam,1Story,7,5,2005,2007,Gable,CompShg,VinylSd,VinylSd,BrkFace,4.394449154672439,Gd,TA,PConc,Gd,TA,No,GLQ,6.8308742346461795,Unf,0.0,349,7.150701457592526,GasA,Ex,Y,SBrkr,7.150701457592526,0,0.0,7.150701457592526,1,0,2,0,3,1,Gd,6,Typ,0,None,Attchd,2005.0,RFn,2,508,TA,TA,Y,5.579729825986222,4.59511985013459,0.0,0.0,0.0,0.0,None,None,None,0.0,1,2007,New,Partial,203000,7.8434564043761155,2,0,3.0,1,1,0,0,362
1313,60,RL,4.5217885770490405,9.166701914946353,Pave,None,IR1,Lvl,AllPub,Inside,Gtl,NoRidge,Norm,Norm,1Fam,2Story,8,5,1990,1990,Gable,CompShg,Wd Sdng,Wd Sdng,BrkFace,5.820082930352362,Gd,TA,PConc,Ex,TA,No,GLQ,6.180016653652572,Unf,0.0,971,7.282073658093465,GasA,Ex,Y,SBrkr,7.282073658093465,1357,0.0,7.941295570906532,0,0,2,1,4,1,Gd,9,Typ,1,Ex,Attchd,1990.0,RFn,2,750,Gd,Gd,Y,6.2166061010848646,0.0,0.0,0.0,0.0,0.0,None,None,None,0.0,6,2007,WD,Normal,302000,8.357962965845681,17,17,2.5,1,1,1,1,500
1314,60,RL,4.6913478822291435,9.6006918422743,Pave,None,IR1,Lvl,AllPub,Corner,Gtl,NoRidge,Norm,Norm,1Fam,2Story,9,5,1999,1999,Gable,CompShg,VinylSd,VinylSd,BrkFace,5.111987788356544,Gd,TA,PConc,Gd,TA,No,Unf,0.0,Unf,0.0,1393,7.2399325913204695,GasA,Ex,Y,SBrkr,7.260522598089852,1177,0.0,7.8632667240095735,0,0,2,1,4,1,Gd,10,Typ,1,TA,BuiltIn,1999.0,Fin,3,779,TA,TA,Y,6.505784060128229,3.4339872044851463,0.0,0.0,0.0,0.0,None,None,None,0.0,5,2010,WD,Normal,333168,8.292298107063221,11,11,2.5,1,1,1,1,698
1315,20,RL,4.110873864173311,9.010791269515602,Pave,None,Reg,Lvl,AllPub,Inside,Gtl,Edwards,Norm,Norm,1Fam,1Story,4,6,1954,1954,Hip,CompShg,Wd Sdng,Wd Sdng,None,0.0,TA,TA,CBlock,TA,TA,No,Rec,6.597145701886651,Unf,0.0,216,6.855408798609928,GasA,Ex,Y,SBrkr,6.855408798609928,0,0.0,6.855408798609928,1,0,1,0,3,1,TA,5,Typ,1,TA,Detchd,1956.0,Unf,1,280,TA,TA,Y,0.0,3.6109179126442243,0.0,0.0,0.0,0.0,None,None,None,0.0,10,2007,WD,Normal,119000,7.5480289699350145,53,53,2.0,1,1,1,0,36
1316,60,RL,4.454347296253507,9.312535884290853,Pave,None,Reg,Lvl,AllPub,Inside,Gtl,NAmes,Norm,Norm,1Fam,2Story,6,5,1969,1969,Gable,CompShg,HdBoard,HdBoard,None,0.0,TA,TA,CBlock,Fa,TA,Mn,ALQ,6.2166061010848646,LwQ,5.6240175061873385,176,6.859614903654202,GasA,TA,Y,SBrkr,6.996681488176539,1020,0.0,7.655864017616056,0,0,2,1,4,1,TA,9,Typ,2,Gd,Attchd,1969.0,Unf,2,576,TA,TA,Y,5.638354669333745,0.0,0.0,0.0,0.0,0.0,None,None,None,0.0,6,2008,WD,Normal,206900,8.027802848370312,39,39,2.5,1,1,1,1,280
1317,20,RL,4.127134385045092,9.232786560806012,Pave,None,IR1,Lvl,AllPub,Inside,Gtl,CollgCr,Norm,Norm,1Fam,1Story,8,5,2008,2008,Gable,CompShg,VinylSd,VinylSd,Stone,5.602118820879701,Gd,TA,PConc,Ex,TA,Gd,Unf,0.0,Unf,0.0,1622,7.392031567514591,GasA,Ex,Y,SBrkr,7.396948602621014,0,0.0,7.396948602621014,1,0,2,0,3,1,Ex,8,Typ,1,Gd,Attchd,2008.0,RFn,3,860,TA,TA,Y,5.153291594497779,3.7612001156935624,0.0,0.0,0.0,0.0,None,None,None,0.0,1,2009,WD,Normal,295493,8.087332926473351,1,1,3.0,1,1,1,0,214
1318,120,FV,3.871201010907891,8.350193650720067,Pave,Pave,Reg,Lvl,AllPub,Corner,Gtl,Somerst,Norm,Norm,TwnhsE,1Story,7,5,2006,2007,Gable,CompShg,VinylSd,VinylSd,None,0.0,Gd,TA,PConc,Ex,Gd,No,Unf,0.0,Unf,0.0,1352,7.210079628170788,GasA,Ex,Y,SBrkr,7.210079628170788,0,0.0,7.210079628170788,0,0,2,0,2,1,Gd,5,Typ,1,Gd,Attchd,2006.0,RFn,2,466,TA,TA,Y,0.0,5.488937726156687,0.0,0.0,0.0,0.0,None,None,None,0.0,4,2007,New,Partial,208900,7.902857191280582,1,0,2.0,1,1,1,0,241
1319,20,RL,4.2626798770413155,9.601165503344832,Pave,None,IR2,Lvl,AllPub,CulDSac,Gtl,CollgCr,Norm,Norm,1Fam,1Story,8,5,2001,2002,Hip,CompShg,VinylSd,VinylSd,BrkFace,5.187385805840755,Gd,TA,PConc,Gd,TA,Gd,Unf,0.0,Unf,0.0,1753,7.469654172932128,GasA,Ex,Y,SBrkr,7.488852955733459,0,0.0,7.488852955733459,0,0,2,0,3,1,Gd,7,Typ,1,TA,Attchd,2001.0,RFn,3,748,TA,TA,Y,5.293304824724492,5.017279836814924,0.0,0.0,0.0,0.0,None,None,None,0.0,8,2006,WD,Normal,275000,8.172164452111904,5,4,2.0,1,1,1,0,348
1320,20,RL,4.330733340286331,9.231710397712375,Pave,None,Reg,Bnk,AllPub,Inside,Gtl,Edwards,Norm,Norm,1Fam,1Story,4,5,1954,1954,Hip,CompShg,Wd Sdng,Wd Sdng,BrkFace,4.890349128221754,TA,TA,PConc,TA,TA,No,ALQ,6.20050917404269,Unf,0.0,372,6.762729506931879,GasA,Ex,Y,SBrkr,6.855408798609928,0,0.0,6.855408798609928,0,0,1,0,3,1,TA,5,Typ,0,None,Attchd,1954.0,Unf,1,248,TA,TA,Y,0.0,0.0,0.0,0.0,0.0,0.0,None,None,None,0.0,2,2007,WD,Normal,111000,7.502738210754851,53,53,1.0,1,1,0,0,0
1321,20,RL,4.2626798770413155,9.036106025364846,Pave,None,Reg,Lvl,AllPub,Inside,Gtl,NAmes,Norm,Norm,1Fam,1Story,6,3,1957,1957,Hip,CompShg,BrkFace,BrkFace,None,0.0,TA,TA,CBlock,TA,TA,No,ALQ,5.247024072160486,Rec,6.495265555937008,628,7.2991214627108,GasA,Gd,Y,SBrkr,7.2991214627108,0,0.0,7.2991214627108,1,0,1,1,3,1,TA,6,Typ,2,Gd,Attchd,1957.0,RFn,2,442,TA,TA,Y,4.74493212836325,0.0,0.0,0.0,5.37989735354046,0.0,None,None,None,0.0,6,2009,WD,Normal,156500,7.9919305198524775,52,52,2.5,1,1,1,0,330
1322,20,RL,3.970291913552122,8.799058378546453,Pave,None,IR1,Lvl,AllPub,Corner,Gtl,BrkSide,Feedr,Norm,1Fam,1Story,3,6,1949,1950,Hip,CompShg,VinylSd,VinylSd,None,0.0,TA,TA,CBlock,None,None,None,None,0.0,None,0.0,0,0.0,Floor,TA,N,SBrkr,6.580639137284949,0,0.0,6.580639137284949,0,0,1,0,2,1,TA,4,Typ,0,None,Detchd,1955.0,Unf,1,287,TA,Fa,Y,0.0,0.0,0.0,0.0,0.0,0.0,None,None,None,0.0,7,2008,WD,Normal,72500,6.580639137284949,59,58,1.0,1,0,0,0,0
1323,60,RL,4.68213122712422,9.228867676590067,Pave,None,IR1,Lvl,AllPub,Inside,Gtl,NoRidge,Norm,Norm,1Fam,2Story,7,5,1992,1992,Gable,CompShg,HdBoard,HdBoard,None,0.0,Gd,TA,PConc,Gd,TA,No,GLQ,6.51471269087253,Unf,0.0,76,6.621405651764134,GasA,Ex,Y,SBrkr,6.967909201801884,862,0.0,7.562161631225652,1,0,2,1,3,1,Gd,8,Typ,1,TA,Attchd,1992.0,RFn,2,564,TA,TA,Y,5.484796933490655,3.6888794541139363,0.0,0.0,0.0,0.0,None,None,None,0.0,6,2010,WD,Normal,190000,7.891330757661889,18,18,3.5,1,1,1,1,279
1324,30,RL,3.9318256327243257,8.581294116822761,Pave,None,Reg,HLS,AllPub,Inside,Gtl,BrkSide,Norm,Norm,1Fam,1Story,4,7,1940,1950,Hip,CompShg,VinylSd,VinylSd,None,0.0,Fa,TA,CBlock,TA,TA,No,LwQ,5.638354669333745,Unf,0.0,140,6.042632833682381,GasA,Gd,Y,SBrkr,6.5638555265321274,0,0.0,6.5638555265321274,0,0,1,0,2,1,Fa,5,Typ,0,None,None,0.0,None,0,0,None,None,Y,5.10594547390058,0.0,0.0,0.0,0.0,0.0,None,None,None,0.0,12,2009,WD,Normal,82500,7.029087564149662,69,59,1.0,0,1,0,0,164
1325,20,RL,4.330733340286331,9.209039526243135,Pave,None,Reg,Lvl,AllPub,Inside,Gtl,Somerst,Norm,Norm,1Fam,1Story,8,5,2006,2007,Gable,CompShg,VinylSd,VinylSd,BrkFace,6.061456918928017,Gd,TA,PConc,Ex,TA,Av,Unf,0.0,Unf,0.0,1795,7.493317248862145,GasA,Ex,Y,SBrkr,7.493317248862145,0,0.0,7.493317248862145,0,0,2,0,2,1,Gd,7,Typ,1,Gd,Attchd,2007.0,RFn,3,895,TA,TA,Y,0.0,3.912023005428146,0.0,0.0,0.0,0.0,None,None,None,0.0,2,2007,New,Partial,147000,8.186185994226083,1,0,2.0,1,1,1,0,49
1326,30,RM,3.713572066704308,8.19891444498699,Pave,None,Reg,Lvl,AllPub,Inside,Gtl,IDOTRR,Norm,Norm,1Fam,1Story,4,4,1922,1950,Gable,CompShg,AsbShng,AsbShng,None,0.0,TA,TA,BrkTil,TA,Fa,No,Unf,0.0,Unf,0.0,796,6.680854678790215,GasA,Fa,N,SBrkr,6.680854678790215,0,0.0,6.680854678790215,0,0,1,0,2,1,TA,5,Typ,0,None,None,0.0,None,0,0,None,None,N,0.0,0.0,4.61512051684126,0.0,0.0,0.0,None,MnPrv,None,0.0,1,2008,WD,Normal,55000,7.373374309910049,86,58,1.0,0,1,0,0,100
1327,30,RH,4.2626798770413155,8.359603270841466,Pave,None,Reg,Bnk,AllPub,Inside,Mod,Edwards,Norm,Norm,1Fam,1Story,3,6,1931,2006,Gable,CompShg,MetalSd,MetalSd,None,0.0,TA,TA,BrkTil,TA,TA,No,Rec,6.300785794663244,Unf,0.0,0,6.300785794663244,GasA,Ex,Y,SBrkr,6.652863029353347,0,0.0,6.652863029353347,0,0,1,0,3,1,Gd,6,Typ,0,None,None,0.0,None,0,0,None,None,Y,0.0,0.0,5.659482215759621,0.0,0.0,0.0,None,None,None,0.0,5,2007,WD,Normal,79000,7.1846291527173145,76,1,1.0,0,1,0,0,286
1328,20,RL,4.110873864173311,8.79497643168877,Pave,None,Reg,Lvl,AllPub,Inside,Gtl,Mitchel,Norm,Norm,1Fam,1Story,5,9,1982,2008,Gable,CompShg,VinylSd,VinylSd,None,0.0,Gd,Gd,CBlock,TA,TA,No,ALQ,6.464588303689961,Unf,0.0,175,6.705639094860003,GasA,Ex,Y,SBrkr,6.705639094860003,0,0.0,6.705639094860003,0,1,1,0,3,1,Gd,5,Typ,1,Ex,Attchd,1982.0,Unf,1,264,TA,TA,Y,0.0,0.0,0.0,0.0,0.0,0.0,None,MnPrv,None,0.0,10,2008,WD,Normal,130500,7.398174092970465,26,0,1.5,1,1,1,0,0
1329,50,RM,4.110873864173311,9.25349564229011,Pave,Grvl,Reg,Lvl,AllPub,Corner,Gtl,OldTown,Norm,Norm,1Fam,1.5Fin,6,7,1920,1950,Gable,CompShg,BrkFace,Wd Sdng,None,0.0,Gd,Gd,BrkTil,Gd,TA,No,LwQ,6.202535517187923,Unf,0.0,1017,7.32052696227274,GasW,Ex,Y,SBrkr,7.368339686311381,1208,0.0,7.934871565945177,0,0,2,0,5,1,TA,8,Mod,2,TA,Detchd,1920.0,Unf,2,520,Fa,TA,Y,0.0,6.306275286948016,0.0,0.0,6.175867270105761,0.0,None,MnPrv,Shed,7.048386408721883,6,2008,WD,Normal,256000,8.3670677328386,88,58,2.0,1,1,1,1,1027
1330,60,RL,4.1588830833596715,9.114379980830272,Pave,None,IR1,Lvl,AllPub,Inside,Gtl,Gilbert,Norm,Norm,1Fam,2Story,7,5,1998,1998,Hip,CompShg,VinylSd,VinylSd,None,0.0,TA,TA,PConc,Gd,TA,No,Unf,0.0,Unf,0.0,935,6.841615476477592,GasA,Gd,Y,SBrkr,6.862757913051401,677,0.0,7.398174092970465,0,0,2,1,3,1,TA,8,Typ,1,TA,Attchd,1998.0,Fin,2,462,TA,TA,Y,0.0,3.367295829986474,0.0,0.0,0.0,0.0,None,None,None,0.0,6,2006,WD,Normal,176500,7.850882664809852,8,8,2.5,1,1,1,1,28
1331,20,RL,4.454347296253507,9.210440366976517,Pave,None,Reg,Lvl,AllPub,Inside,Gtl,Somerst,Norm,Norm,1Fam,1Story,8,5,2006,2006,Hip,CompShg,VinylSd,VinylSd,Stone,6.018593214496234,Gd,TA,PConc,Gd,Gd,Av,Unf,0.0,Unf,0.0,1588,7.370860166536716,GasA,Ex,Y,SBrkr,7.370860166536716,0,0.0,7.370860166536716,0,0,2,0,3,1,Gd,7,Typ,1,Gd,Attchd,2006.0,RFn,3,825,TA,TA,Y,4.976733742420574,3.828641396489095,0.0,0.0,0.0,0.0,None,None,None,0.0,12,2007,WD,Normal,227000,8.063692634269517,1,1,2.0,1,1,1,0,189
1332,80,RL,4.02535169073515,9.285540604539118,Pave,None,IR1,Lvl,AllPub,Inside,Gtl,CollgCr,Norm,Norm,1Fam,SLvl,5,5,1976,1976,Gable,CompShg,MetalSd,MetalSd,None,0.0,TA,TA,CBlock,TA,TA,Av,ALQ,6.182084906716632,Unf,0.0,428,6.815639990074331,GasA,Gd,Y,SBrkr,6.86171134048073,0,0.0,6.86171134048073,0,0,1,0,3,1,TA,6,Typ,0,None,Detchd,1976.0,Unf,2,576,TA,TA,Y,0.0,0.0,0.0,0.0,0.0,0.0,None,None,None,0.0,7,2006,WD,Normal,132500,7.531552381407289,30,30,1.0,1,1,0,0,0
1333,20,RL,4.219507705176107,9.09133158539398,Pave,None,Reg,Lvl,AllPub,Inside,Mod,Edwards,Norm,Norm,1Fam,1Story,4,6,1938,1958,Gable,CompShg,MetalSd,MetalSd,None,0.0,TA,TA,CBlock,TA,TA,Mn,ALQ,6.53813982376767,Unf,0.0,126,6.705639094860003,GasA,Ex,Y,SBrkr,6.705639094860003,0,0.0,6.705639094860003,1,0,1,0,2,1,TA,3,Typ,1,Gd,Detchd,1958.0,Unf,1,288,Fa,Fa,Y,0.0,0.0,0.0,0.0,0.0,0.0,None,None,None,0.0,5,2009,WD,Normal,100000,7.398174092970465,71,51,2.0,1,1,1,0,0
1334,50,RM,4.110873864173311,8.881975184248867,Pave,None,Reg,Lvl,AllPub,Corner,Gtl,IDOTRR,Norm,Norm,1Fam,1.5Fin,5,6,1938,1995,Gable,CompShg,Wd Sdng,Wd Sdng,None,0.0,TA,TA,CBlock,TA,TA,No,Unf,0.0,Unf,0.0,803,6.6895992691789665,GasA,Ex,Y,SBrkr,6.6895992691789665,557,0.0,7.215975002651466,0,0,1,1,2,1,Gd,6,Typ,0,None,Detchd,1951.0,Unf,1,297,TA,TA,Y,0.0,4.189654742026425,5.25227342804663,0.0,0.0,0.0,None,MnPrv,None,0.0,7,2006,WD,Normal,125500,7.679713639966372,68,11,1.5,1,1,0,1,255
1335,160,RM,3.2188758248682006,7.7702232041587855,Pave,None,Reg,Lvl,AllPub,Inside,Gtl,BrDale,Norm,Norm,TwnhsE,2Story,5,6,1970,1970,Gable,CompShg,HdBoard,HdBoard,None,5.746203190540153,TA,TA,CBlock,TA,TA,No,LwQ,6.641182169740591,Unf,0.0,0,6.641182169740591,GasA,TA,Y,SBrkr,6.641182169740591,600,0.0,7.2196420401307355,0,0,1,1,3,1,TA,7,Min1,0,None,Attchd,1970.0,Unf,2,440,TA,TA,Y,0.0,3.6109179126442243,0.0,0.0,0.0,0.0,None,None,None,0.0,5,2009,WD,Normal,125000,7.664346632098617,39,39,1.5,1,1,0,1,36
1336,20,RL,4.394449154672439,9.174816815907135,Pave,None,Reg,Lvl,AllPub,Inside,Gtl,NWAmes,Norm,Norm,1Fam,1Story,6,5,1977,1977,Gable,CompShg,Plywood,Plywood,BrkFace,5.8888779583328805,TA,TA,CBlock,Gd,TA,No,ALQ,6.532334292222349,Unf,0.0,664,7.208600337960199,GasA,TA,Y,SBrkr,7.19668657083435,0,0.0,7.19668657083435,0,1,2,0,2,1,TA,6,Typ,1,TA,Attchd,1977.0,RFn,2,630,TA,TA,Y,0.0,2.833213344056216,0.0,0.0,0.0,0.0,None,None,None,0.0,4,2009,WD,Normal,167900,7.895436006942965,32,32,2.5,1,1,1,0,16
1337,90,RL,4.477336814478207,9.132054453577638,Pave,None,IR1,Lvl,AllPub,Inside,Gtl,NWAmes,Feedr,Norm,Duplex,1Story,5,5,1973,1973,Gable,CompShg,Plywood,Plywood,BrkFace,6.336825731146441,TA,TA,CBlock,TA,TA,No,Unf,0.0,Unf,0.0,1656,7.4127640174265625,GasA,TA,Y,SBrkr,7.4127640174265625,0,0.0,7.4127640174265625,0,0,2,0,4,2,TA,8,Typ,0,None,Detchd,1973.0,Unf,2,506,TA,TA,Y,0.0,5.356586274672012,0.0,0.0,0.0,0.0,None,None,None,0.0,11,2008,WD,Normal,135000,8.105609402299896,35,35,2.0,1,1,0,0,211
1338,30,RM,5.0369526024136295,8.323365694436081,Pave,Grvl,IR1,Bnk,AllPub,Corner,Mod,OldTown,Feedr,Norm,1Fam,1Story,4,4,1941,1950,Gable,CompShg,Wd Sdng,Wd Sdng,None,0.0,TA,TA,CBlock,TA,TA,No,Unf,0.0,Unf,0.0,693,6.542471960506805,Grav,Fa,N,FuseA,6.542471960506805,0,0.0,6.542471960506805,0,0,1,0,2,1,Fa,4,Typ,0,None,None,0.0,None,0,0,None,None,N,0.0,3.044522437723423,0.0,0.0,0.0,0.0,None,None,None,0.0,3,2006,WD,Normal,52500,7.234898420314831,65,56,1.0,0,1,0,0,20
1339,60,RL,4.564348191467836,9.506808731708581,Pave,None,IR1,Lvl,AllPub,Corner,Gtl,CollgCr,Norm,Norm,1Fam,2Story,7,5,2002,2002,Gable,CompShg,VinylSd,VinylSd,None,0.0,Gd,TA,PConc,Gd,TA,No,GLQ,6.55250788703459,Unf,0.0,216,6.821107472256465,GasA,Ex,Y,SBrkr,6.825460036255307,941,0.0,7.529406457837013,1,0,2,1,3,1,Gd,8,Typ,0,None,BuiltIn,2002.0,RFn,2,492,TA,TA,Y,4.990432586778736,4.5217885770490405,0.0,0.0,0.0,0.0,None,None,None,0.0,6,2006,WD,Normal,200000,7.9294865233142895,4,4,3.5,1,1,0,1,237
1340,20,RL,4.795790545596741,9.165447603085447,Pave,None,IR1,Lvl,AllPub,Corner,Gtl,CollgCr,Norm,Norm,1Fam,1Story,5,7,1972,1972,Hip,CompShg,MetalSd,MetalSd,None,0.0,TA,Gd,CBlock,TA,TA,Mn,Rec,5.8888779583328805,Unf,0.0,504,6.762729506931879,GasA,Ex,Y,SBrkr,6.762729506931879,0,0.0,6.762729506931879,0,0,1,0,3,1,TA,5,Typ,0,None,Attchd,1972.0,RFn,1,288,TA,TA,Y,0.0,0.0,0.0,0.0,0.0,0.0,None,None,None,0.0,6,2006,WD,Normal,128500,7.455298485683291,34,34,1.0,1,1,0,0,0
1341,20,RL,4.2626798770413155,9.023408202624545,Pave,None,Reg,Lvl,AllPub,Inside,Gtl,NAmes,Norm,Norm,1Fam,1Story,4,5,1971,1971,Gable,CompShg,MetalSd,MetalSd,None,0.0,TA,TA,CBlock,TA,TA,No,Unf,0.0,Unf,0.0,858,6.755768921984255,GasA,TA,Y,SBrkr,6.771935555839602,0,0.0,6.771935555839602,0,0,1,0,3,1,TA,5,Typ,0,None,Detchd,1974.0,Unf,4,480,TA,TA,Y,0.0,0.0,0.0,0.0,0.0,0.0,None,GdWo,None,0.0,6,2007,WD,Normal,123000,7.456454555176209,36,36,1.0,1,1,0,0,0
1342,20,RL,4.204692619390966,9.524859098381523,Pave,None,Reg,Lvl,AllPub,Inside,Gtl,SawyerW,RRAe,Norm,1Fam,1Story,6,5,2003,2004,Gable,CompShg,VinylSd,VinylSd,None,0.0,TA,TA,PConc,Gd,TA,No,GLQ,6.703188113240863,Unf,0.0,300,7.016609683894219,GasA,Ex,Y,SBrkr,7.016609683894219,0,0.0,7.016609683894219,1,0,1,0,3,1,Gd,6,Typ,0,None,Detchd,2004.0,Unf,2,576,TA,TA,Y,0.0,4.3694478524670215,0.0,0.0,0.0,0.0,None,None,None,0.0,7,2008,WD,Normal,155000,7.709308333385869,5,4,2.0,1,1,0,0,78
1343,60,RL,4.2626798770413155,9.145908511816794,Pave,None,Reg,Lvl,AllPub,Inside,Gtl,CollgCr,Norm,Norm,1Fam,2Story,8,5,2002,2002,Gable,CompShg,VinylSd,VinylSd,BrkFace,5.0106352940962555,Gd,TA,PConc,Gd,TA,No,Unf,0.0,Unf,0.0,1284,7.158513997329321,GasA,Ex,Y,SBrkr,7.158513997329321,885,0.0,7.682482446534506,0,0,2,1,3,1,Gd,7,Typ,1,Gd,Attchd,2002.0,RFn,2,647,TA,TA,Y,5.262690188904886,4.477336814478207,0.0,0.0,0.0,0.0,None,None,None,0.0,8,2007,WD,Normal,228500,8.147288258706624,5,5,2.5,1,1,1,1,279
1344,50,RL,4.060443010546419,8.930494185292178,Pave,None,Reg,Bnk,AllPub,Inside,Gtl,Crawfor,Norm,Norm,1Fam,1.5Fin,6,6,1928,1950,Gable,CompShg,BrkFace,Stone,None,0.0,TA,TA,BrkTil,TA,TA,No,Unf,0.0,Unf,0.0,896,6.799055862058796,GasA,Gd,Y,SBrkr,7.067319848653476,741,0.0,7.5569505720129,0,0,1,1,3,1,TA,9,Typ,1,TA,Detchd,1929.0,Unf,2,342,Fa,Fa,Y,0.0,0.0,0.0,0.0,0.0,0.0,None,None,None,0.0,3,2009,WD,Normal,177000,7.940939762327791,81,59,1.5,1,1,1,1,0
1345,60,RL,4.454347296253507,9.315060682746585,Pave,None,IR1,Lvl,AllPub,Corner,Gtl,CollgCr,Norm,Norm,1Fam,2Story,7,5,2006,2006,Gable,CompShg,VinylSd,VinylSd,None,0.0,Gd,TA,PConc,Gd,TA,No,Unf,0.0,Unf,0.0,728,6.591673732008658,GasA,Ex,Y,SBrkr,6.591673732008658,728,0.0,7.284134806195205,0,0,2,1,3,1,Gd,8,Typ,1,TA,Attchd,2006.0,Fin,2,440,TA,TA,Y,0.0,0.0,0.0,0.0,0.0,0.0,None,None,None,0.0,7,2007,New,Partial,155835,7.68937110752969,1,1,2.5,1,1,1,1,0
1346,30,RM,3.9318256327243257,8.699681400989514,Pave,None,Reg,Lvl,AllPub,Inside,Gtl,OldTown,Norm,Norm,1Fam,1Story,4,4,1920,1950,Hip,CompShg,MetalSd,MetalSd,None,0.0,TA,TA,PConc,TA,TA,No,ALQ,5.5254529391317835,Unf,0.0,710,6.8679744089702925,GasA,Gd,Y,FuseA,6.8679744089702925,0,0.0,6.8679744089702925,0,0,1,0,2,1,Fa,5,Typ,0,None,Detchd,1997.0,Unf,1,308,TA,TA,Y,0.0,0.0,5.1298987149230735,0.0,0.0,0.0,None,None,None,0.0,7,2007,WD,Normal,108500,7.560601162768557,87,57,1.0,1,1,0,0,168
1347,20,RL,4.394449154672439,9.941842506412591,Pave,None,IR2,Lvl,AllPub,CulDSac,Gtl,NWAmes,PosN,Norm,1Fam,1Story,7,7,1968,2003,Hip,CompShg,BrkFace,HdBoard,None,0.0,TA,TA,CBlock,TA,TA,No,BLQ,5.697093486505405,Rec,4.23410650459726,1203,7.358193752733032,GasA,TA,Y,SBrkr,7.676473646389156,0,0.0,7.676473646389156,0,0,2,0,3,1,TA,9,Typ,1,Gd,Attchd,1968.0,RFn,2,508,Gd,TA,Y,0.0,4.394449154672439,0.0,5.673323267171493,0.0,0.0,None,None,None,0.0,6,2006,WD,Normal,262500,8.22282213081366,38,3,2.0,1,1,1,0,370
1348,20,RL,4.543294782270004,9.636065519091707,Pave,None,IR1,HLS,AllPub,Corner,Gtl,Timber,Norm,Norm,1Fam,1Story,8,5,2006,2007,Gable,CompShg,VinylSd,VinylSd,Stone,4.61512051684126,Gd,TA,PConc,Ex,TA,Gd,GLQ,4.394449154672439,Unf,0.0,1652,7.457609289715606,GasA,Ex,Y,SBrkr,7.482681828154651,0,0.0,7.482681828154651,1,0,2,0,3,1,Gd,7,Typ,1,Gd,Attchd,2006.0,Fin,3,712,TA,TA,Y,0.0,0.0,0.0,0.0,0.0,0.0,None,None,None,0.0,5,2007,New,Partial,283463,8.163086375583216,1,0,3.0,1,1,1,0,0
1349,20,RL,4.212127597878484,9.692581318886397,Pave,None,IR3,Low,AllPub,Inside,Gtl,SawyerW,Norm,Norm,1Fam,1Story,7,5,1998,1998,Gable,CompShg,VinylSd,VinylSd,None,0.0,Gd,TA,PConc,Gd,TA,Gd,GLQ,7.275172319452771,Unf,0.0,39,7.301822342137932,GasA,Ex,Y,SBrkr,7.3098814858247865,0,0.0,7.3098814858247865,1,0,2,0,3,1,Gd,5,Typ,1,Fa,Attchd,1998.0,RFn,2,514,TA,TA,Y,5.998936561946683,3.258096538021482,0.0,0.0,0.0,0.0,None,None,None,0.0,8,2007,WD,Normal,215000,7.998671361015776,9,9,3.0,1,1,1,0,427
1350,70,RM,3.9318256327243257,8.566173813637858,Pave,Pave,Reg,Lvl,AllPub,Inside,Gtl,OldTown,Norm,Norm,1Fam,2Story,8,5,1872,1987,Gable,CompShg,MetalSd,MetalSd,None,0.0,TA,Gd,BrkTil,TA,Fa,No,LwQ,5.560681631015528,Unf,0.0,425,6.529418838262226,OthW,Fa,N,SBrkr,6.844815479208263,1215,5.327876168789581,7.765993079407675,0,0,2,0,4,1,TA,8,Typ,0,None,None,0.0,None,0,0,None,None,Y,0.0,4.007333185232471,3.044522437723423,0.0,0.0,0.0,None,None,None,0.0,12,2008,WD,Normal,122000,7.950854857719988,136,21,2.0,0,1,0,1,74
1351,90,RL,4.5217885770490405,9.362546304865514,Pave,None,Reg,Lvl,AllPub,Inside,Gtl,NAmes,Artery,Norm,Duplex,2Story,5,5,1969,1969,Gable,CompShg,MetalSd,MetalSd,BrkFace,5.910796644040527,TA,TA,CBlock,TA,TA,No,LwQ,6.2166061010848646,Unf,0.0,748,7.130098510125578,GasA,TA,Y,SBrkr,7.199678345691172,1296,0.0,7.876638460975463,1,1,2,2,6,2,TA,12,Typ,0,None,Detchd,1969.0,Unf,4,968,TA,TA,Y,0.0,0.0,0.0,0.0,0.0,0.0,None,None,None,0.0,8,2009,WD,Normal,200000,8.264363329731667,40,40,4.5,1,1,0,1,0
1352,60,RL,4.2626798770413155,9.13216259091216,Pave,None,IR1,Lvl,AllPub,Inside,Gtl,NAmes,Norm,Norm,1Fam,2Story,6,6,1962,1962,Gable,CompShg,HdBoard,HdBoard,BrkFace,5.765191102784844,TA,TA,CBlock,TA,TA,No,Rec,5.768320995793772,Unf,0.0,539,6.755768921984255,GasA,Ex,Y,SBrkr,6.755768921984255,858,0.0,7.448333860897476,0,0,1,1,4,1,TA,8,Typ,1,Gd,Attchd,1962.0,Fin,2,490,TA,TA,Y,0.0,4.442651256490317,0.0,0.0,4.795790545596741,0.0,None,None,None,0.0,3,2008,WD,Normal,171000,7.853604813097837,46,46,1.5,1,1,1,1,204
1353,50,RM,3.9318256327243257,8.699681400989514,Pave,None,Reg,Lvl,AllPub,Inside,Gtl,BrkSide,Norm,Norm,1Fam,1.5Fin,6,9,1937,2000,Gable,CompShg,MetalSd,MetalSd,None,0.0,Gd,TA,BrkTil,TA,TA,No,Unf,0.0,Unf,0.0,698,6.54965074223381,GasA,TA,Y,SBrkr,6.668228248417403,390,0.0,7.0707241072602764,0,0,1,0,2,1,TA,4,Typ,0,None,Detchd,1999.0,Unf,2,624,TA,TA,N,5.351858133476067,0.0,0.0,0.0,0.0,0.0,None,None,None,0.0,7,2009,WD,Normal,134900,7.536363938404511,72,9,1.0,1,1,0,1,210
1354,50,RL,4.04305126783455,9.597030324758013,Pave,None,IR1,Lvl,AllPub,CulDSac,Gtl,NoRidge,Norm,Norm,1Fam,1.5Fin,8,5,1995,1996,Hip,CompShg,VinylSd,VinylSd,BrkFace,6.363028103540465,Gd,TA,PConc,Gd,TA,Av,GLQ,6.705639094860003,Unf,0.0,1217,7.617759576608505,GasA,Ex,Y,SBrkr,7.627544390488503,1185,0.0,8.08301991917133,1,0,2,1,4,1,Gd,9,Typ,1,Ex,Attchd,1996.0,Fin,3,666,TA,TA,Y,5.648974238161206,4.465908118654584,0.0,0.0,0.0,0.0,None,None,None,0.0,3,2010,WD,Normal,410000,8.570165076182343,15,14,3.5,1,1,1,1,369
1355,60,RL,4.2626798770413155,9.241548299100376,Pave,None,IR1,Lvl,AllPub,Inside,Gtl,CollgCr,Norm,Norm,1Fam,2Story,7,5,2000,2000,Gable,CompShg,VinylSd,VinylSd,None,0.0,Gd,TA,PConc,Gd,TA,No,GLQ,6.601230118728877,Unf,0.0,257,6.900730664045173,GasA,Ex,Y,SBrkr,6.900730664045173,873,0.0,7.531552381407289,1,0,2,1,3,1,Gd,7,Typ,1,TA,Attchd,2000.0,RFn,3,839,TA,TA,Y,0.0,5.220355825078324,0.0,0.0,0.0,0.0,None,None,None,0.0,6,2008,WD,Normal,235000,7.957877358489813,8,8,3.5,1,1,1,1,184
1356,80,RL,4.634728988229636,9.229456489168413,Pave,None,IR1,Lvl,AllPub,Inside,Gtl,NWAmes,Norm,Norm,1Fam,SLvl,7,6,1968,1992,Gable,CompShg,MetalSd,MetalSd,BrkFace,4.969813299576001,TA,TA,CBlock,TA,TA,No,Unf,0.0,Unf,0.0,570,6.3473892096560105,GasA,Gd,Y,SBrkr,7.109062135687172,698,0.0,7.560601162768557,0,0,3,0,4,1,Gd,8,Typ,1,TA,Attchd,1968.0,RFn,2,487,TA,TA,Y,0.0,4.59511985013459,0.0,0.0,0.0,0.0,None,GdPrv,None,0.0,9,2006,WD,Normal,170000,7.820439515262181,38,14,3.0,1,1,1,1,98
1357,20,RL,4.30406509320417,9.156728602527533,Pave,None,Reg,Lvl,AllPub,Corner,Gtl,NAmes,Norm,Norm,1Fam,1Story,5,5,1966,1966,Gable,CompShg,HdBoard,HdBoard,BrkFace,4.189654742026425,TA,TA,CBlock,TA,TA,No,Rec,5.831882477283517,Unf,0.0,524,6.762729506931879,GasA,TA,Y,SBrkr,6.794586580876499,0,0.0,6.794586580876499,0,0,1,0,3,1,TA,5,Typ,0,None,Attchd,1966.0,RFn,1,264,TA,TA,Y,0.0,0.0,0.0,0.0,0.0,0.0,None,GdWo,None,0.0,10,2008,WD,Normal,110000,7.471363088187097,42,42,1.0,1,1,0,0,0
1358,20,RL,4.30406509320417,9.436519311833914,Pave,None,IR1,Lvl,AllPub,CulDSac,Gtl,NAmes,Norm,Norm,1Fam,1Story,5,6,1971,2008,Gable,CompShg,VinylSd,VinylSd,None,0.0,TA,TA,CBlock,TA,TA,No,GLQ,6.5998704992128365,Unf,0.0,344,6.983789965258135,GasA,Ex,Y,SBrkr,6.983789965258135,0,0.0,6.983789965258135,1,0,1,1,3,1,TA,6,Typ,1,Fa,Attchd,1971.0,Fin,2,500,TA,TA,Y,0.0,0.0,0.0,0.0,0.0,0.0,None,None,None,0.0,4,2010,WD,Normal,149900,7.676473646389156,39,2,2.5,1,1,1,0,0
1359,160,FV,4.310799125385514,7.658227526161352,Pave,None,Reg,Lvl,AllPub,Inside,Gtl,Somerst,Norm,Norm,Twnhs,2Story,6,5,2000,2000,Gable,CompShg,MetalSd,MetalSd,BrkFace,5.37989735354046,Gd,TA,PConc,Gd,TA,No,GLQ,5.937536205082426,Unf,0.0,378,6.6293632534374485,GasA,Ex,Y,SBrkr,6.646390514847729,804,0.0,7.3613754289773485,0,0,2,1,3,1,Gd,5,Typ,0,None,Detchd,2000.0,Unf,2,440,TA,TA,Y,0.0,3.4965075614664802,0.0,0.0,0.0,0.0,None,None,None,0.0,6,2010,WD,Normal,177500,7.753623546559746,10,10,2.5,1,1,0,1,32
1360,20,RL,4.867534450455582,9.725436862592819,Pave,None,Reg,Lvl,AllPub,FR3,Gtl,NridgHt,Norm,Norm,1Fam,1Story,9,5,2004,2005,Hip,CompShg,VinylSd,VinylSd,BrkFace,4.204692619390966,Gd,TA,PConc,Ex,TA,Av,GLQ,7.277938572945661,Unf,0.0,533,7.591357046698551,GasA,Ex,Y,SBrkr,7.591357046698551,0,0.0,7.591357046698551,1,0,2,0,3,1,Ex,8,Typ,1,Gd,Attchd,2004.0,Fin,3,770,TA,TA,Y,5.272999558563747,3.828641396489095,0.0,0.0,0.0,0.0,None,None,None,0.0,9,2006,WD,Normal,315000,8.284251797621916,2,1,3.0,1,1,1,0,239
1361,70,RL,3.9512437185814275,9.194515821629212,Pave,None,Reg,Lvl,AllPub,Inside,Gtl,SWISU,Feedr,Norm,1Fam,2Story,5,6,1921,1998,Gable,CompShg,MetalSd,Wd Sdng,None,0.0,TA,TA,BrkTil,TA,Fa,No,Unf,0.0,Unf,0.0,612,6.418364935936212,GasA,Ex,Y,SBrkr,6.898714534329988,1611,0.0,7.86403565907245,0,0,3,1,4,1,TA,8,Typ,0,None,BuiltIn,1998.0,RFn,2,621,TA,TA,Y,5.214935757608986,0.0,5.71042701737487,0.0,0.0,0.0,None,None,None,0.0,5,2008,WD,Normal,189000,8.075271546297458,87,10,3.5,1,1,0,1,484
1362,20,RL,4.8283137373023015,9.690232448972248,Pave,None,IR1,Low,AllPub,Inside,Mod,StoneBr,Norm,Norm,1Fam,1Story,7,5,2005,2005,Hip,CompShg,VinylSd,VinylSd,Stone,2.833213344056216,Gd,TA,PConc,Ex,TA,Av,ALQ,7.150701457592526,Unf,0.0,256,7.333676395657684,GasA,Ex,Y,SBrkr,7.333676395657684,0,0.0,7.333676395657684,1,0,2,0,3,1,Gd,7,Typ,1,Gd,Attchd,2005.0,Fin,2,430,TA,TA,Y,5.1298987149230735,3.6109179126442243,0.0,0.0,0.0,0.0,None,None,None,0.0,6,2009,WD,Normal,260000,8.026496938945412,4,4,3.0,1,1,1,0,204
1363,50,RL,4.30406509320417,9.43460329655831,Pave,None,IR1,Lvl,AllPub,FR2,Gtl,NAmes,Feedr,Norm,1Fam,1.5Fin,4,4,1920,2007,Gable,CompShg,VinylSd,VinylSd,None,0.0,TA,Gd,BrkTil,TA,Fa,No,Unf,0.0,Unf,0.0,715,6.573680166960646,GasA,Gd,Y,SBrkr,7.156176637480615,457,0.0,7.461065514354283,0,0,2,0,4,1,TA,7,Typ,1,Gd,Attchd,1920.0,Unf,1,368,TA,TA,Y,4.02535169073515,0.0,0.0,0.0,0.0,0.0,None,None,None,0.0,6,2009,WD,Normal,104900,7.805474625270857,89,2,2.0,1,1,1,1,55
1364,60,RL,4.30406509320417,9.047821442478408,Pave,None,IR1,Lvl,AllPub,Inside,Gtl,Gilbert,Norm,Norm,1Fam,2Story,6,5,2006,2007,Gable,CompShg,VinylSd,VinylSd,None,0.0,TA,TA,PConc,Gd,TA,No,Unf,0.0,Unf,0.0,616,6.424869023905388,GasA,Ex,Y,SBrkr,6.424869023905388,796,0.0,7.253470382684528,0,0,2,1,3,1,Gd,6,Typ,1,Gd,BuiltIn,2007.0,Fin,2,432,TA,TA,Y,0.0,3.6109179126442243,0.0,0.0,0.0,0.0,None,None,None,0.0,3,2007,New,Partial,156932,7.615298339825815,1,0,2.5,1,1,1,1,36
1365,160,FV,3.4339872044851463,8.064950891749143,Pave,Pave,Reg,Lvl,AllPub,Inside,Gtl,Somerst,Norm,Norm,TwnhsE,2Story,7,5,2005,2005,Gable,CompShg,MetalSd,MetalSd,None,0.0,Gd,TA,PConc,Gd,TA,No,Unf,0.0,Unf,0.0,600,6.398594934535208,GasA,Ex,Y,SBrkr,6.255750041753367,600,4.394449154672439,7.0909098220799835,0,0,2,1,2,1,Gd,4,Typ,0,None,Detchd,2005.0,RFn,2,480,TA,TA,Y,0.0,5.117993812416755,0.0,0.0,0.0,0.0,None,None,None,0.0,4,2006,WD,Abnorml,144152,7.450660796211539,1,1,2.5,1,1,0,1,166
1366,60,FV,4.310799125385514,8.922791623969637,Pave,None,Reg,Lvl,AllPub,Inside,Gtl,Somerst,Norm,Norm,1Fam,2Story,7,5,2000,2000,Gable,CompShg,VinylSd,VinylSd,None,0.0,Gd,TA,PConc,Gd,TA,No,GLQ,6.280395838960195,Unf,0.0,281,6.703188113240863,GasA,Ex,Y,SBrkr,6.703188113240863,860,0.0,7.423568444259167,1,0,2,1,3,1,Gd,7,Typ,0,None,Attchd,2000.0,RFn,2,663,TA,TA,Y,0.0,4.574710978503383,0.0,0.0,0.0,0.0,None,None,None,0.0,1,2010,WD,Normal,216000,7.819636302367592,10,10,3.5,1,1,0,1,96
1367,60,RL,4.23410650459726,9.124782483614537,Pave,None,IR1,Lvl,AllPub,Inside,Gtl,CollgCr,Norm,Norm,1Fam,2Story,7,5,1999,1999,Gable,CompShg,VinylSd,VinylSd,BrkFace,5.0689042022202315,Gd,TA,PConc,Gd,TA,No,GLQ,6.452048954437226,Unf,0.0,240,6.773080375655535,GasA,Ex,Y,SBrkr,6.78332520060396,908,0.0,7.490529402060711,1,0,2,1,3,1,Gd,7,Typ,0,None,Attchd,1999.0,RFn,2,588,TA,TA,Y,0.0,4.48863636973214,0.0,0.0,0.0,0.0,None,None,None,0.0,6,2008,WD,Abnorml,193000,7.88758403166028,9,9,3.5,1,1,0,1,88
1368,160,RM,3.7376696182833684,7.888334500738654,Pave,None,Reg,Lvl,AllPub,Inside,Gtl,MeadowV,Norm,Norm,TwnhsE,2Story,5,6,1977,1977,Gable,CompShg,CemntBd,CmentBd,None,0.0,TA,TA,PConc,TA,TA,No,ALQ,6.3080984415095305,Rec,5.159055299214529,36,6.630683385642372,GasA,Ex,Y,SBrkr,6.8308742346461795,550,0.0,7.297091005160418,0,0,2,0,4,1,TA,6,Typ,1,TA,Attchd,1977.0,RFn,1,336,TA,TA,Y,4.653960350157523,3.295836866004329,0.0,0.0,0.0,0.0,None,None,None,0.0,7,2006,WD,Normal,127000,7.711101251840158,29,29,2.0,1,1,1,1,130
1369,120,RM,4.2626798770413155,8.397508348470257,Pave,None,Reg,Lvl,AllPub,Inside,Gtl,CollgCr,Norm,Norm,TwnhsE,1Story,6,5,2003,2004,Gable,CompShg,VinylSd,VinylSd,BrkFace,5.14166355650266,Gd,TA,PConc,Gd,TA,Av,GLQ,6.530877627725885,Unf,0.0,163,6.744059186311348,GasA,Ex,Y,SBrkr,6.744059186311348,0,0.0,6.744059186311348,1,0,1,0,1,1,Gd,4,Typ,0,None,Attchd,2003.0,Fin,2,420,TA,TA,Y,4.948759890378168,0.0,0.0,0.0,0.0,0.0,None,None,None,0.0,6,2009,WD,Normal,144000,7.436617265234227,6,5,2.0,1,1,0,0,140
1370,20,RL,3.8918202981106265,9.27199975236291,Pave,None,IR2,Lvl,AllPub,FR2,Gtl,CollgCr,Norm,Norm,1Fam,1Story,8,5,2003,2003,Hip,CompShg,VinylSd,VinylSd,BrkFace,5.147494476813453,Gd,TA,PConc,Gd,TA,Av,BLQ,5.916202062607435,GLQ,6.880384082186005,315,7.4133673356952405,GasA,Ex,Y,SBrkr,7.419979923661835,0,0.0,7.419979923661835,1,0,2,0,3,1,Gd,8,Typ,1,TA,Attchd,2003.0,Fin,2,502,TA,TA,Y,0.0,5.572154032177765,0.0,0.0,0.0,0.0,None,None,None,0.0,5,2010,WD,Normal,232000,8.109525659752872,7,7,3.0,1,1,1,0,262
1371,50,RL,4.51085950651685,8.594339400592892,Pave,None,Reg,Lvl,AllPub,Corner,Gtl,OldTown,Artery,Norm,1Fam,1.5Fin,4,6,1920,1950,Gable,CompShg,CBlock,CBlock,None,0.0,Fa,TA,PConc,TA,TA,No,ALQ,5.755742213586912,Rec,4.663439094112067,420,6.734591659972948,GasA,Ex,Y,SBrkr,6.734591659972948,534,0.0,7.226209010100671,0,0,1,0,2,1,TA,6,Typ,0,None,Detchd,1967.0,Fin,1,338,TA,TA,Y,0.0,0.0,5.293304824724492,0.0,0.0,0.0,None,None,None,0.0,10,2009,WD,Normal,105000,7.703007682479236,89,59,1.0,1,1,0,1,198
1372,80,RL,4.394449154672439,9.169622538697624,Pave,None,Reg,Lvl,AllPub,Inside,Gtl,NAmes,Norm,Norm,1Fam,SLvl,6,6,1955,1996,Hip,CompShg,AsbShng,AsbShng,None,0.0,TA,TA,CBlock,TA,TA,Av,BLQ,6.723832440821209,Unf,0.0,161,6.900730664045173,GasA,Gd,Y,SBrkr,7.415776975415394,0,0.0,7.415776975415394,1,0,1,0,3,1,Gd,8,Typ,1,TA,BuiltIn,1955.0,RFn,1,377,TA,TA,Y,0.0,3.367295829986474,0.0,0.0,5.187385805840755,0.0,None,MnPrv,None,0.0,10,2008,WD,Normal,165500,7.8838232148921525,53,12,2.0,1,1,1,0,206
1373,60,RL,4.330733340286331,9.18512512283512,Pave,None,Reg,Lvl,AllPub,Corner,Gtl,CollgCr,Norm,Norm,1Fam,2Story,7,6,1998,1998,Gable,CompShg,VinylSd,VinylSd,None,0.0,TA,TA,PConc,Gd,TA,Av,GLQ,6.883462586413092,Unf,0.0,133,7.011213987350367,GasA,Ex,Y,SBrkr,7.011213987350367,989,0.0,7.6487397889562425,1,0,2,1,3,1,Gd,8,Typ,1,TA,Detchd,1998.0,RFn,2,583,TA,TA,Y,5.537334267018537,5.14166355650266,0.0,0.0,0.0,0.0,None,None,None,0.0,6,2006,WD,Normal,274300,8.072779333169498,8,8,3.5,1,1,1,1,423
1374,20,RL,4.5217885770490405,9.34145634983372,Pave,None,Reg,Lvl,AllPub,Inside,Gtl,NoRidge,Norm,Norm,1Fam,1Story,10,5,2001,2002,Hip,CompShg,VinylSd,VinylSd,BrkFace,6.559615237493242,Ex,TA,PConc,Ex,TA,Gd,GLQ,7.1569563646156364,Unf,0.0,1351,7.876258882303226,GasA,Ex,Y,SBrkr,7.876258882303226,0,0.0,7.876258882303226,1,0,2,1,2,1,Ex,8,Typ,2,Gd,Attchd,2001.0,RFn,3,804,TA,TA,Y,5.752572638825633,4.948759890378168,0.0,0.0,0.0,0.0,None,None,None,0.0,3,2007,WD,Normal,466500,8.569216219483389,6,5,3.5,1,1,1,0,454
1375,60,FV,4.454347296253507,9.271059107010888,Pave,None,Reg,Lvl,AllPub,Inside,Gtl,Somerst,Norm,Norm,1Fam,2Story,7,5,2005,2005,Gable,CompShg,CemntBd,CmentBd,None,0.0,Gd,TA,PConc,Gd,TA,No,Unf,0.0,Unf,0.0,1026,6.934397209928558,GasA,Ex,Y,SBrkr,6.934397209928558,932,0.0,7.580189417944541,0,0,2,1,3,1,Gd,9,Typ,1,Gd,Attchd,2005.0,Fin,3,936,TA,TA,Y,5.043425116919247,5.351858133476067,0.0,0.0,0.0,0.0,None,None,None,0.0,7,2008,WD,Normal,250000,8.001355025826703,3,3,2.5,1,1,1,1,364
1376,20,RL,4.499809670330265,9.30492301446213,Pave,None,IR1,HLS,AllPub,Inside,Gtl,Timber,Norm,Norm,1Fam,1Story,8,5,2007,2007,Gable,CompShg,VinylSd,VinylSd,BrkFace,4.394449154672439,Gd,TA,PConc,Gd,TA,Gd,Unf,0.0,Unf,0.0,1571,7.360103972989152,GasA,Ex,Y,SBrkr,7.360103972989152,0,0.0,7.360103972989152,0,0,2,0,3,1,Gd,7,Typ,1,Gd,Attchd,2007.0,Fin,3,722,TA,TA,Y,4.61512051684126,3.6109179126442243,0.0,0.0,0.0,0.0,None,None,None,0.0,12,2007,New,Partial,239000,8.052933036797567,0,0,2.0,1,1,1,0,136
1377,30,RL,3.970291913552122,8.747193183526933,Pave,None,Reg,Bnk,AllPub,Inside,Gtl,SWISU,Norm,Norm,1Fam,1Story,6,5,1930,1950,Gable,CompShg,Wd Sdng,Wd Sdng,None,0.0,TA,TA,BrkTil,Gd,TA,Mn,Rec,5.953243334287785,Unf,0.0,384,6.645090969505644,GasA,TA,N,SBrkr,6.673297967767654,0,0.0,6.673297967767654,0,0,1,0,2,1,TA,4,Typ,0,None,Detchd,1925.0,Unf,1,160,Fa,TA,Y,0.0,4.955827057601261,0.0,0.0,0.0,0.0,None,None,None,0.0,4,2008,WD,Normal,91000,7.351799869057777,78,58,1.0,1,1,0,0,141
1378,50,RL,4.110873864173311,9.305559638557117,Pave,Grvl,Reg,Lvl,AllPub,Inside,Gtl,Edwards,Norm,Norm,1Fam,1.5Fin,5,5,1941,1960,Gable,CompShg,Wd Sdng,Wd Sdng,None,0.0,TA,TA,CBlock,TA,TA,No,LwQ,6.013715156042802,BLQ,6.042632833682381,156,6.892641641172089,GasA,Ex,Y,SBrkr,6.892641641172089,620,0.0,7.380879035564116,0,0,2,0,3,1,TA,6,Min2,0,None,Detchd,1977.0,Unf,2,660,TA,TA,Y,0.0,4.23410650459726,0.0,0.0,0.0,0.0,None,None,None,0.0,7,2009,WD,Normal,117000,7.859026979751538,68,49,2.0,1,1,0,1,68
1379,160,RM,3.091042453358316,7.577633832602728,Pave,None,Reg,Lvl,AllPub,Inside,Gtl,BrDale,Norm,Norm,Twnhs,2Story,6,5,1973,1973,Gable,CompShg,HdBoard,HdBoard,BrkFace,6.013715156042802,TA,TA,CBlock,TA,Fa,No,BLQ,5.736572297479192,Unf,0.0,174,6.182084906716632,GasA,TA,Y,SBrkr,6.182084906716632,504,0.0,6.895682697747868,0,0,1,1,2,1,TA,5,Typ,0,None,Detchd,1973.0,Unf,1,264,TA,TA,Y,4.290459441148391,0.0,0.0,0.0,0.0,0.0,None,None,None,0.0,6,2006,WD,Normal,83000,7.293697720601438,33,33,1.5,1,1,0,1,72
1380,80,RL,4.30406509320417,9.183585634667363,Pave,None,Reg,Lvl,AllPub,Inside,Gtl,Timber,Norm,Norm,1Fam,SLvl,5,5,2006,2007,Gable,CompShg,VinylSd,VinylSd,None,0.0,TA,TA,PConc,Gd,TA,No,Unf,0.0,Unf,0.0,384,5.953243334287785,GasA,Gd,Y,SBrkr,6.626717749249025,640,0.0,7.240649694255466,0,0,2,1,3,1,Gd,7,Typ,0,None,BuiltIn,2007.0,Fin,2,400,TA,TA,Y,4.61512051684126,0.0,0.0,0.0,0.0,0.0,None,None,None,0.0,5,2008,WD,Normal,167500,7.483806687665835,2,1,2.5,1,1,0,1,100
1381,30,RL,3.828641396489095,9.013473543740192,Pave,Grvl,Reg,Lvl,AllPub,Inside,Gtl,Edwards,Norm,Norm,1Fam,1Story,3,3,1914,1950,Gable,CompShg,Stucco,Stucco,None,0.0,TA,Fa,BrkTil,TA,Fa,No,Rec,5.318119993844216,Unf,0.0,661,6.762729506931879,GasA,TA,N,FuseF,6.762729506931879,0,0.0,6.762729506931879,1,0,1,0,2,1,TA,5,Typ,0,None,Detchd,1938.0,Unf,1,200,TA,Fa,Y,0.0,0.0,4.574710978503383,0.0,0.0,0.0,None,None,None,0.0,6,2010,WD,Normal,58500,7.455298485683291,96,60,2.0,1,1,0,0,96
1382,20,RL,4.30406509320417,9.46699606582284,Pave,None,IR1,Lvl,AllPub,Corner,Gtl,NAmes,Norm,Norm,1Fam,1Story,6,7,1970,1970,Gable,CompShg,BrkFace,Plywood,None,0.0,TA,TA,CBlock,TA,TA,Mn,BLQ,6.763884908562435,Unf,0.0,340,7.095064377287131,GasA,Ex,Y,SBrkr,7.658227526161352,0,0.0,7.658227526161352,0,0,2,1,4,1,TA,7,Typ,2,Gd,Attchd,1970.0,Fin,2,550,TA,TA,Y,0.0,3.7612001156935624,0.0,0.0,0.0,0.0,None,None,None,0.0,5,2008,WD,Normal,237500,8.108623268354595,38,38,2.5,1,1,1,0,42
1383,70,RM,4.110873864173311,8.881975184248867,Pave,None,Reg,Lvl,AllPub,Corner,Gtl,OldTown,Norm,Norm,1Fam,2Story,7,7,1920,1950,Hip,CompShg,Wd Sdng,Wd Sdng,None,0.0,TA,TA,BrkTil,Fa,TA,No,Unf,0.0,Unf,0.0,596,6.391917113392602,GasA,Ex,Y,SBrkr,6.906754778648554,764,0.0,7.47477218239787,1,0,1,1,4,1,Gd,8,Typ,0,None,Detchd,1989.0,Unf,2,576,TA,TA,N,3.6109179126442243,0.0,5.402677381872279,0.0,0.0,0.0,None,None,None,0.0,10,2006,WD,Normal,157000,7.765993079407675,86,56,2.5,1,1,0,1,257
1384,30,RL,4.276666119016055,10.14013945387513,Pave,None,Reg,Lvl,AllPub,Inside,Gtl,Sawyer,Norm,Norm,1Fam,1Story,5,7,1918,2007,Gable,CompShg,Wd Sdng,Wd Sdng,None,0.0,TA,Gd,BrkTil,TA,TA,No,Unf,0.0,Unf,0.0,816,6.705639094860003,GasA,Ex,Y,SBrkr,7.256297239690681,0,0.0,7.256297239690681,0,0,2,0,3,1,Gd,7,Typ,0,None,Attchd,2007.0,Unf,2,576,TA,TA,N,0.0,0.0,4.727387818712341,0.0,0.0,0.0,None,None,None,0.0,8,2007,WD,Normal,112000,7.711101251840158,89,0,2.0,1,1,0,0,112
1385,50,RL,4.110873864173311,9.11173476822206,Pave,None,Reg,Lvl,AllPub,Inside,Gtl,Edwards,Norm,Norm,1Fam,1.5Fin,6,5,1939,1950,Gable,CompShg,WdShing,Wd Shng,None,0.0,TA,TA,BrkTil,TA,TA,Mn,Rec,5.3230099791384085,Unf,0.0,356,6.329720905522696,GasA,TA,Y,SBrkr,6.54965074223381,560,0.0,7.138073034044347,0,0,1,0,2,1,TA,6,Typ,0,None,Detchd,1939.0,Unf,1,280,TA,TA,P,0.0,0.0,0.0,0.0,0.0,0.0,None,MnPrv,None,0.0,10,2009,WD,Normal,105000,7.506042178518122,70,59,1.0,1,1,0,1,0
1386,50,RM,3.713572066704308,8.600982717145921,Pave,None,Reg,Lvl,AllPub,Inside,Gtl,IDOTRR,Norm,Norm,1Fam,1.5Fin,4,8,1922,2007,Gable,CompShg,VinylSd,VinylSd,None,0.0,TA,Gd,BrkTil,TA,TA,No,BLQ,6.601230118728877,Unf,0.0,61,6.680854678790215,GasA,Gd,Y,SBrkr,6.680854678790215,358,0.0,7.051855622955894,1,0,1,0,3,1,Gd,7,Typ,0,None,Detchd,1922.0,Unf,1,240,TA,TA,N,0.0,4.574710978503383,0.0,0.0,0.0,0.0,None,MnPrv,None,0.0,5,2010,WD,Normal,125500,7.576097340623111,88,3,2.0,1,1,0,1,96
1387,60,RL,4.394449154672439,9.722744748855389,Pave,None,IR1,Lvl,AllPub,Inside,Gtl,NWAmes,RRAn,Norm,1Fam,2Story,7,5,1978,1978,Gable,CompShg,Plywood,Plywood,BrkFace,5.220355825078324,TA,TA,CBlock,Gd,TA,No,BLQ,6.673297967767654,LwQ,6.152732694704104,133,7.239214973779806,GasA,TA,Y,SBrkr,7.239214973779806,1392,0.0,7.932003152361385,1,0,3,1,5,1,Gd,12,Typ,2,TA,Attchd,1978.0,RFn,2,564,TA,TA,Y,0.0,4.727387818712341,0.0,0.0,6.089044875446846,6.253828811575473,Fa,MnPrv,TenC,7.601402334583733,7,2006,WD,Normal,250000,8.337348564497175,28,28,4.5,1,1,1,1,552
1388,50,RM,4.110873864173311,9.050288983827956,Pave,Grvl,Reg,Lvl,AllPub,Inside,Gtl,OldTown,Artery,Norm,1Fam,1.5Fin,6,7,1916,1950,Gable,CompShg,Stucco,Stucco,None,0.0,TA,Gd,BrkTil,TA,TA,No,Rec,5.1298987149230735,LwQ,6.304448802421981,0,6.5722825426940075,GasW,TA,N,SBrkr,7.417580402414544,862,0.0,7.834788107388194,0,0,2,0,5,1,Gd,10,Typ,1,Gd,Detchd,1916.0,Unf,1,216,TA,TA,Y,4.48863636973214,2.772588722239781,0.0,0.0,0.0,0.0,None,GdWo,None,0.0,8,2007,CWD,Family,136000,8.083637203141548,91,57,2.0,1,1,1,1,103
1389,20,RL,3.7612001156935624,9.608646582885868,Pave,None,IR1,HLS,AllPub,CulDSac,Gtl,Gilbert,Norm,Norm,1Fam,1Story,9,5,2006,2007,Gable,CompShg,VinylSd,VinylSd,Stone,5.081404364984463,Ex,TA,PConc,Ex,TA,Gd,GLQ,7.186144304522325,Unf,0.0,426,7.465655310134056,GasA,Ex,Y,SBrkr,7.465655310134056,0,0.0,7.465655310134056,1,0,2,0,3,1,Ex,7,Typ,2,Gd,Attchd,2006.0,Fin,3,758,TA,TA,Y,5.308267697401205,3.6888794541139363,0.0,0.0,0.0,0.0,None,None,None,0.0,10,2009,WD,Normal,377500,8.158516244806831,3,2,3.0,1,1,1,0,240
1390,50,RM,4.110873864173311,8.699681400989514,Pave,None,Reg,Lvl,AllPub,Inside,Gtl,BrkSide,Norm,Norm,1Fam,1.5Fin,6,6,1941,1950,Gable,CompShg,Wd Sdng,Wd Sdng,None,0.0,TA,Gd,BrkTil,TA,Gd,No,ALQ,5.929589143389895,Unf,0.0,360,6.601230118728877,GasA,Ex,Y,SBrkr,6.76849321164863,349,0.0,7.105786129481271,0,1,1,0,3,1,TA,6,Typ,1,Gd,Detchd,2003.0,Unf,2,440,TA,TA,Y,0.0,0.0,0.0,0.0,0.0,0.0,None,None,None,0.0,3,2007,WD,Normal,131000,7.577633832602728,66,57,1.5,1,1,1,1,0
1391,20,RL,4.2626798770413155,9.116139576577355,Pave,None,Reg,Lvl,AllPub,Inside,Gtl,CollgCr,Norm,Norm,1Fam,1Story,7,5,2000,2000,Gable,CompShg,VinylSd,VinylSd,BrkFace,5.501258210544727,Gd,TA,PConc,Gd,TA,Av,GLQ,7.244941546337007,Unf,0.0,125,7.330405211844402,GasA,Ex,Y,SBrkr,7.330405211844402,0,0.0,7.330405211844402,1,0,2,0,3,1,Gd,6,Typ,0,None,Attchd,2000.0,RFn,2,541,TA,TA,Y,5.393627546352362,3.6109179126442243,0.0,0.0,0.0,0.0,None,None,None,0.0,9,2006,WD,Normal,235000,8.02322468471667,6,6,3.0,1,1,0,0,255
1392,90,RL,4.189654742026425,9.09884999594282,Pave,None,Reg,Lvl,AllPub,Inside,Gtl,NAmes,Norm,Norm,Duplex,1Story,5,5,1967,1967,Gable,CompShg,Plywood,Plywood,None,0.0,TA,TA,CBlock,TA,TA,No,Unf,0.0,Unf,0.0,1584,7.368339686311381,GasA,TA,Y,SBrkr,7.368339686311381,0,0.0,7.368339686311381,0,0,2,0,4,2,TA,8,Mod,0,None,Detchd,1967.0,Unf,3,792,TA,TA,Y,0.0,5.030437921392435,0.0,0.0,0.0,0.0,None,None,None,0.0,4,2009,WD,Normal,124000,8.06117135969092,42,42,2.0,1,1,0,0,152
1393,85,RL,4.23410650459726,8.966866554188723,Pave,None,Reg,Lvl,AllPub,Inside,Gtl,NAmes,Norm,Norm,1Fam,SFoyer,5,5,1967,1967,Gable,CompShg,HdBoard,HdBoard,None,0.0,TA,TA,CBlock,TA,TA,Av,ALQ,6.646390514847729,Unf,0.0,95,6.762729506931879,GasA,TA,Y,SBrkr,6.803505257608338,0,0.0,6.803505257608338,1,0,1,0,3,1,TA,6,Typ,1,Po,Attchd,1967.0,RFn,1,288,TA,TA,Y,5.170483995038151,4.976733742420574,0.0,0.0,0.0,0.0,None,MnWw,None,0.0,12,2006,WD,Normal,123000,7.475905969367397,39,39,2.0,1,1,1,0,319
1394,190,RM,4.110873864173311,9.287394001418473,Pave,Pave,Reg,Lvl,AllPub,Inside,Gtl,OldTown,Norm,Norm,2fmCon,1.5Fin,6,7,1905,2000,Gable,CompShg,Wd Sdng,Wd Sdng,None,0.0,TA,TA,BrkTil,Fa,TA,No,Unf,0.0,Unf,0.0,482,6.180016653652572,GasA,Ex,N,SBrkr,7.108244139731541,691,0.0,7.556427969440253,0,0,2,0,3,2,TA,7,Typ,1,TA,Detchd,2003.0,Unf,2,672,Gd,TA,Y,0.0,3.258096538021482,5.3612921657094255,0.0,0.0,0.0,None,None,None,0.0,4,2008,WD,Normal,163000,7.781138509845015,103,8,2.0,1,1,1,1,237
1395,120,RL,3.9889840465642745,8.305484017727691,Pave,None,Reg,Lvl,AllPub,Inside,Gtl,Blmngtn,Norm,Norm,TwnhsE,1Story,7,5,2006,2006,Hip,CompShg,VinylSd,VinylSd,BrkFace,3.828641396489095,Gd,TA,PConc,Gd,TA,Av,GLQ,6.976348070447749,Unf,0.0,286,7.213031659834869,GasA,Ex,Y,SBrkr,7.313886831633462,0,0.0,7.313886831633462,1,0,2,0,2,1,Gd,6,Typ,1,Gd,Attchd,2006.0,Fin,3,648,TA,TA,Y,5.087596335232384,3.044522437723423,0.0,0.0,0.0,0.0,None,None,None,0.0,10,2006,New,Partial,246578,7.957527402230773,0,0,3.0,1,1,1,0,181
1396,60,RL,4.48863636973214,9.446676517076376,Pave,None,IR1,Lvl,AllPub,Inside,Gtl,Timber,Norm,Norm,1Fam,2Story,8,5,2005,2006,Hip,CompShg,VinylSd,VinylSd,BrkFace,5.5053315359323625,Gd,TA,PConc,Gd,Gd,Gd,Unf,0.0,Unf,0.0,1094,6.9985096422506015,GasA,Ex,Y,SBrkr,7.033506484287697,1349,0.0,7.817222785508166,0,0,2,1,4,1,Gd,9,Typ,1,Gd,BuiltIn,2005.0,Fin,3,642,TA,TA,Y,4.976733742420574,3.6888794541139363,0.0,0.0,0.0,0.0,None,None,None,0.0,2,2007,WD,Normal,281213,8.182279739259018,2,1,2.5,1,1,1,1,183
1397,20,RL,4.454347296253507,10.954326659732555,Pave,None,IR1,Bnk,AllPub,Inside,Sev,Timber,Norm,Norm,1Fam,1Story,5,5,1948,1950,Gable,CompShg,Wd Sdng,Wd Sdng,None,0.0,TA,TA,CBlock,TA,TA,Av,BLQ,5.869296913133774,Rec,5.814130531825066,60,6.617402977974478,GasA,TA,Y,SBrkr,7.431299675155903,0,0.0,7.431299675155903,1,0,1,0,3,1,TA,7,Min1,2,TA,Detchd,1966.0,Unf,2,572,TA,TA,N,0.0,0.0,3.9318256327243257,0.0,0.0,0.0,None,None,None,0.0,6,2010,WD,Normal,160000,7.79770203551669,62,60,2.0,1,1,1,0,50
1398,70,RM,3.9512437185814275,8.71948076085107,Pave,None,Reg,Lvl,AllPub,Inside,Gtl,BrkSide,Norm,Norm,1Fam,2Story,5,8,1920,2004,Gable,CompShg,MetalSd,MetalSd,None,0.0,TA,TA,BrkTil,TA,TA,Mn,Unf,0.0,Unf,0.0,939,6.84587987526405,GasA,Ex,Y,SBrkr,6.84587987526405,574,0.0,7.322510433997394,0,0,1,1,4,1,TA,8,Typ,0,None,Detchd,1933.0,Unf,1,180,Fa,Fa,N,3.2188758248682006,0.0,5.017279836814924,0.0,0.0,0.0,None,None,None,0.0,5,2007,WD,Normal,137500,7.8050670442584895,87,3,1.5,1,1,0,1,174
1399,50,RL,4.110873864173311,8.881975184248867,Pave,None,Reg,Lvl,AllPub,Inside,Gtl,NAmes,Norm,Norm,1Fam,1.5Fin,5,4,1950,1982,Gable,CompShg,VinylSd,Wd Sdng,None,0.0,TA,TA,CBlock,TA,TA,No,Rec,5.198497031265826,BLQ,5.8664680569332965,676,7.097548850614793,GasA,Gd,Y,FuseA,7.036148493750536,768,0.0,7.552237287560802,1,0,1,1,3,1,TA,7,Min1,0,None,Attchd,1950.0,Unf,1,240,TA,TA,Y,0.0,0.0,5.1298987149230735,0.0,0.0,0.0,None,GdPrv,None,0.0,5,2009,WD,Normal,138000,8.043342170441608,59,27,2.5,1,1,0,1,168
1400,50,RL,3.9512437185814275,8.72777821348305,Pave,None,Reg,Lvl,AllPub,Inside,Gtl,SWISU,Norm,Norm,1Fam,1.5Fin,6,6,1925,1990,Gable,CompShg,WdShing,Wd Shng,None,0.0,TA,TA,BrkTil,TA,TA,No,BLQ,5.579729825986222,Unf,0.0,712,6.884486652042782,GasA,Ex,Y,SBrkr,7.057036981697891,448,0.0,7.3833681469923835,0,0,2,1,3,1,Gd,7,Typ,1,Gd,Detchd,1925.0,Unf,1,216,Fa,TA,Y,4.997212273764115,2.833213344056216,0.0,0.0,0.0,0.0,None,MnPrv,None,0.0,10,2009,WD,Normal,137450,7.85748078694253,84,19,2.5,1,1,1,1,163
1401,50,RM,3.9318256327243257,8.699681400989514,Pave,None,Reg,Lvl,AllPub,Corner,Gtl,BrkSide,Norm,Norm,1Fam,1.5Fin,6,7,1929,1950,Gable,CompShg,WdShing,Wd Shng,None,0.0,TA,TA,BrkTil,TA,TA,No,Unf,0.0,Unf,0.0,862,6.760414691083428,GasA,TA,Y,SBrkr,6.85751406254539,208,0.0,7.055312843339752,0,0,1,0,3,1,TA,5,Typ,1,Gd,BuiltIn,1929.0,RFn,1,208,TA,TA,Y,0.0,0.0,4.727387818712341,0.0,0.0,0.0,None,None,None,0.0,7,2008,WD,Normal,120000,7.611347717403621,79,58,1.0,1,1,1,1,112
1402,60,RL,4.143134726391533,8.91139510724569,Pave,None,IR1,Lvl,AllPub,Inside,Gtl,Gilbert,Norm,Norm,1Fam,2Story,6,5,2004,2004,Gable,CompShg,VinylSd,VinylSd,None,0.0,TA,TA,PConc,TA,TA,No,GLQ,6.633318433280377,Unf,0.0,80,6.733401891837359,GasA,Ex,Y,SBrkr,6.762729506931879,729,0.0,7.374001859350161,1,0,2,1,3,1,TA,8,Typ,1,TA,Attchd,2004.0,Fin,2,398,TA,TA,Y,4.61512051684126,4.330733340286331,0.0,0.0,0.0,0.0,None,None,None,0.0,4,2008,WD,Normal,193000,7.796880342783522,4,4,3.5,1,1,1,1,175
1403,20,RL,4.174387269895637,8.81922185757494,Pave,None,Reg,Lvl,AllPub,Inside,Gtl,CollgCr,Norm,Norm,1Fam,1Story,7,5,2006,2006,Gable,CompShg,VinylSd,VinylSd,None,0.0,Gd,TA,PConc,Gd,Gd,Av,Unf,0.0,Unf,0.0,1286,7.160069207596127,GasA,Ex,Y,SBrkr,7.166265974133638,0,0.0,7.166265974133638,0,0,2,0,2,1,Gd,6,Typ,1,Gd,Attchd,2006.0,RFn,2,662,TA,TA,Y,5.1298987149230735,4.02535169073515,0.0,0.0,0.0,0.0,None,None,None,0.0,7,2006,New,Partial,193879,7.855932199718614,0,0,2.0,1,1,1,0,223
1404,20,RL,3.912023005428146,9.632793693113202,Pave,None,IR1,Lvl,AllPub,CulDSac,Gtl,Somerst,RRAn,Norm,1Fam,1Story,8,5,2007,2007,Gable,CompShg,VinylSd,VinylSd,Stone,4.442651256490317,Gd,TA,PConc,Gd,TA,Gd,GLQ,6.835184586147301,Unf,0.0,556,7.303843225277705,GasA,Ex,Y,SBrkr,7.289610521451167,0,0.0,7.289610521451167,1,0,2,0,3,1,Gd,6,Typ,0,None,Attchd,2007.0,Unf,3,754,TA,TA,Y,5.1298987149230735,5.081404364984463,0.0,0.0,0.0,0.0,None,None,None,0.0,8,2007,WD,Normal,282922,7.989560449333865,0,0,3.0,1,1,0,0,328
1405,50,RL,4.110873864173311,9.250618218474752,Pave,Grvl,Reg,Lvl,AllPub,Corner,Gtl,OldTown,Artery,Norm,1Fam,1.5Fin,3,4,1915,1950,Gable,CompShg,Wd Sdng,Wd Sdng,None,0.0,TA,TA,PConc,TA,TA,No,Unf,0.0,Unf,0.0,672,6.511745329644728,GasA,TA,Y,SBrkr,6.543911845564792,520,0.0,7.102499355774649,0,0,1,0,3,1,TA,6,Typ,0,None,Detchd,1998.0,Unf,3,936,TA,TA,Y,5.37989735354046,0.0,5.081404364984463,0.0,0.0,0.0,None,MnPrv,None,0.0,1,2006,WD,Family,105000,7.54274354536855,91,56,1.0,1,1,0,1,376
1406,120,RM,3.8066624897703196,8.254008590564844,Pave,None,IR1,HLS,AllPub,Inside,Mod,Crawfor,Norm,Norm,TwnhsE,1Story,8,5,2004,2005,Hip,CompShg,CemntBd,CmentBd,Stone,5.1647859739235145,Gd,TA,PConc,Ex,TA,Gd,GLQ,7.2254814727822945,Unf,0.0,221,7.374629015218945,GasA,Ex,Y,SBrkr,7.4067107301776405,0,0.0,7.4067107301776405,1,1,2,0,2,1,Gd,5,Typ,1,Gd,Attchd,2004.0,Fin,2,482,TA,TA,Y,4.859812404361672,3.9889840465642745,0.0,0.0,5.049856007249537,0.0,None,None,None,0.0,1,2008,WD,Normal,275000,8.083637203141548,4,3,3.5,1,1,1,0,336
1407,85,RL,4.2626798770413155,9.041448235493888,Pave,None,Reg,Lvl,AllPub,Corner,Gtl,CollgCr,Norm,Norm,1Fam,SFoyer,5,7,1972,2007,Gable,CompShg,HdBoard,Wd Shng,None,0.0,TA,TA,CBlock,Gd,TA,Av,GLQ,6.48768401848461,Unf,0.0,112,6.645090969505644,GasA,TA,Y,SBrkr,6.645090969505644,0,0.0,6.645090969505644,1,0,1,0,2,1,TA,5,Typ,0,None,Detchd,1988.0,Unf,2,396,TA,TA,Y,4.07753744390572,0.0,0.0,0.0,0.0,0.0,None,MnPrv,None,0.0,3,2009,WD,Normal,133000,7.337587743538596,37,2,2.0,1,1,0,0,58
1408,20,RL,4.30406509320417,9.080345575359996,Pave,None,IR1,Lvl,AllPub,Corner,Gtl,Mitchel,Norm,Norm,1Fam,1Story,5,5,1985,1985,Gable,CompShg,HdBoard,Plywood,None,0.0,TA,TA,CBlock,TA,TA,No,ALQ,6.439350371100098,Unf,0.0,208,6.726233402358747,GasA,Ex,Y,SBrkr,6.726233402358747,0,0.0,6.726233402358747,1,0,1,0,3,1,TA,5,Typ,0,None,None,0.0,None,0,0,None,None,Y,0.0,0.0,0.0,0.0,0.0,0.0,None,MnPrv,None,0.0,3,2009,WD,Normal,112000,7.418780882750794,24,24,2.0,0,1,0,0,0
1409,70,RM,4.110873864173311,8.954286157204713,Pave,None,Reg,Lvl,AllPub,Inside,Gtl,OldTown,Norm,Norm,1Fam,2Story,4,7,1910,1950,Gable,CompShg,VinylSd,VinylSd,None,0.0,TA,TA,CBlock,Fa,TA,No,Unf,0.0,Unf,0.0,622,6.434546518787453,GasA,Gd,Y,SBrkr,6.60934924316738,622,0.0,7.218176838403408,0,0,1,0,3,1,TA,6,Typ,0,None,Detchd,1966.0,Unf,2,528,TA,TA,Y,0.0,0.0,0.0,0.0,5.1298987149230735,0.0,None,None,None,0.0,6,2010,WD,Normal,125500,7.593877844605118,100,60,1.0,1,1,0,1,168
1410,60,RL,3.8501476017100584,9.93037288131751,Pave,None,IR1,Lvl,AllPub,CulDSac,Gtl,NWAmes,Norm,Norm,1Fam,2Story,7,6,1986,1991,Gable,CompShg,Plywood,Plywood,BrkFace,4.820281565605037,TA,Gd,CBlock,Gd,TA,No,Unf,0.0,Unf,0.0,791,6.674561391814426,GasA,Gd,Y,SBrkr,7.1204443723924875,857,0.0,7.646831391430482,0,0,2,1,3,1,TA,7,Typ,1,TA,Attchd,1986.0,Fin,2,542,TA,TA,Y,5.8998973535824915,4.1588830833596715,0.0,0.0,0.0,0.0,None,MnPrv,None,0.0,11,2008,WD,Normal,215000,7.9672801789422,22,17,2.5,1,1,1,1,427
1411,60,RL,4.382026634673881,9.427143867544194,Pave,None,Reg,Lvl,AllPub,Inside,Gtl,CollgCr,Norm,Norm,1Fam,2Story,7,5,2001,2001,Gable,CompShg,VinylSd,VinylSd,None,0.0,Gd,TA,PConc,Gd,TA,No,GLQ,6.502790045915623,Unf,0.0,278,6.851184927493743,GasA,Ex,Y,SBrkr,6.851184927493743,896,0.0,7.518064181233078,1,0,2,1,3,1,Gd,6,Typ,0,None,Attchd,2001.0,RFn,2,622,TA,TA,Y,0.0,3.828641396489095,0.0,0.0,0.0,0.0,None,None,None,0.0,6,2009,WD,Normal,230000,7.932003152361385,8,8,3.5,1,1,0,1,45
1412,50,RL,4.394449154672439,9.169622538697624,Pave,None,Reg,Lvl,AllPub,Inside,Gtl,NAmes,Norm,Norm,1Fam,1.5Fin,6,8,1950,2005,Gable,CompShg,VinylSd,VinylSd,None,0.0,TA,Gd,CBlock,TA,TA,No,BLQ,4.795790545596741,Unf,0.0,736,6.75343791859778,GasA,Ex,Y,SBrkr,7.014814351275545,556,0.0,7.419979923661835,0,0,1,1,3,1,TA,6,Min2,0,None,Attchd,1950.0,Unf,1,271,TA,TA,Y,0.0,0.0,0.0,0.0,0.0,0.0,None,MnPrv,None,0.0,9,2009,WD,Normal,140000,7.83399634170946,59,4,1.5,1,1,0,1,0
1413,90,RL,4.110873864173311,8.881975184248867,Pave,None,Reg,Lvl,AllPub,Inside,Gtl,NAmes,Norm,Norm,Duplex,1Story,4,5,1949,1950,Gable,CompShg,BrkFace,Stone,None,0.0,TA,TA,Slab,None,None,None,None,0.0,None,0.0,0,0.0,Wall,Fa,N,FuseF,6.947937068614969,0,0.0,6.947937068614969,0,0,2,0,2,2,TA,6,Typ,0,None,Detchd,1956.0,Unf,2,420,TA,TA,Y,0.0,0.0,0.0,0.0,0.0,0.0,None,None,None,0.0,6,2009,WD,Normal,90000,6.947937068614969,60,59,2.0,1,0,0,0,0
1414,20,RL,4.48863636973214,9.305195902988862,Pave,None,IR1,Lvl,AllPub,Corner,Gtl,SawyerW,Norm,Norm,1Fam,1Story,8,5,2005,2006,Gable,CompShg,VinylSd,VinylSd,Stone,5.905361848054571,Gd,TA,PConc,Gd,Gd,No,GLQ,6.884486652042782,Unf,0.0,868,7.520234556474628,GasA,Ex,Y,SBrkr,7.520234556474628,0,0.0,7.520234556474628,1,0,2,0,2,1,Gd,7,Typ,1,Gd,Attchd,2005.0,Fin,2,620,TA,TA,Y,5.111987788356544,3.8066624897703196,0.0,0.0,0.0,0.0,None,None,None,0.0,9,2009,COD,Abnorml,257000,8.213110697596676,4,3,3.0,1,1,1,0,209
1415,50,RL,4.174387269895637,9.476849879195163,Pave,Pave,Reg,Bnk,AllPub,Inside,Gtl,BrkSide,Norm,Norm,1Fam,1.5Fin,6,7,1923,2000,Gambrel,CompShg,Wd Sdng,Wd Sdng,None,0.0,TA,TA,BrkTil,TA,TA,No,Unf,0.0,Unf,0.0,833,6.726233402358747,GasA,Gd,Y,SBrkr,6.960347729101308,795,0.0,7.522400231387125,0,0,1,1,4,1,Gd,8,Typ,1,Gd,Detchd,1922.0,Unf,2,370,TA,TA,N,0.0,0.0,0.0,0.0,5.3981627015177525,0.0,None,None,None,0.0,6,2008,WD,Normal,207000,7.894318063841624,85,8,1.5,1,1,1,1,220
1416,120,RL,3.9512437185814275,8.19863945529737,Pave,None,Reg,Lvl,AllPub,Inside,Gtl,Blmngtn,Norm,Norm,TwnhsE,1Story,7,5,2007,2007,Hip,CompShg,VinylSd,VinylSd,BrkFace,4.875197323201151,Gd,TA,PConc,Gd,TA,No,ALQ,6.8966943316227125,Unf,0.0,398,7.234898420314831,GasA,Ex,Y,SBrkr,7.358830898342354,0,0.0,7.358830898342354,0,1,2,0,1,1,Gd,7,Typ,1,TA,Attchd,2007.0,RFn,3,660,TA,TA,Y,4.969813299576001,3.044522437723423,0.0,0.0,0.0,0.0,None,None,None,0.0,5,2009,WD,Normal,175900,7.991592282068092,2,2,2.5,1,1,1,0,163
1417,190,RM,4.110873864173311,9.33617975681533,Pave,None,Reg,Lvl,AllPub,Inside,Gtl,OldTown,Norm,Norm,2fmCon,2Story,4,6,1885,1950,Gable,CompShg,VinylSd,AsbShng,None,0.0,TA,TA,PConc,TA,TA,No,Unf,0.0,Unf,0.0,777,6.656726524178391,GasA,Gd,Y,SBrkr,7.1284959456800365,1044,0.0,7.736743682453495,0,0,2,0,4,2,TA,11,Typ,0,None,Detchd,1971.0,Unf,2,560,TA,TA,N,0.0,0.0,4.74493212836325,0.0,0.0,0.0,None,None,None,0.0,4,2010,WD,Normal,122500,8.028781162487148,125,60,2.0,1,1,0,1,114
1418,60,RL,4.5217885770490405,9.713899659750128,Pave,None,IR1,Lvl,AllPub,Inside,Gtl,NoRidge,Norm,Norm,1Fam,2Story,8,5,1998,1998,Gable,CompShg,VinylSd,VinylSd,BrkFace,6.595780513961311,Gd,TA,PConc,Gd,TA,Mn,GLQ,6.661854740545311,Unf,0.0,503,7.158513997329321,GasA,Ex,Y,SBrkr,7.1785454837637,1140,0.0,7.804251383528112,1,0,2,1,3,1,Gd,7,Typ,1,TA,Attchd,1998.0,Fin,3,1069,TA,TA,Y,0.0,4.844187086458591,0.0,0.0,0.0,0.0,None,None,None,0.0,5,2009,WD,Normal,340000,8.225503097566918,11,11,3.5,1,1,1,1,126
1419,20,RL,4.276666119016055,9.127502093667179,Pave,None,Reg,Lvl,AllPub,Inside,Gtl,NAmes,Norm,Norm,1Fam,1Story,5,5,1963,1963,Gable,CompShg,HdBoard,HdBoard,None,0.0,TA,TA,CBlock,TA,TA,No,BLQ,3.258096538021482,Rec,6.771935555839602,247,7.0431599159883405,GasA,TA,Y,SBrkr,7.0431599159883405,0,0.0,7.0431599159883405,1,0,1,1,3,1,TA,6,Typ,0,None,Detchd,1962.0,Unf,1,336,TA,TA,Y,0.0,4.48863636973214,0.0,0.0,0.0,0.0,None,None,None,0.0,8,2008,COD,Normal,124000,7.735870319952567,45,45,2.5,1,1,0,0,88
1420,20,RL,4.31748811353631,9.703938450075547,Pave,None,IR1,Lvl,AllPub,Inside,Gtl,Crawfor,Norm,Norm,1Fam,1Story,6,5,1969,1969,Gable,CompShg,Plywood,Plywood,BrkFace,5.746203190540153,Gd,Gd,CBlock,TA,TA,Av,Rec,7.01301578963963,Unf,0.0,734,7.520234556474628,GasA,Gd,Y,SBrkr,7.520234556474628,0,0.0,7.520234556474628,1,0,2,0,3,1,Gd,7,Typ,1,TA,Attchd,1969.0,RFn,2,540,TA,TA,Y,0.0,4.30406509320417,5.37989735354046,0.0,0.0,0.0,None,None,None,0.0,12,2006,WD,Normal,223000,8.213110697596676,37,37,3.0,1,1,1,0,289
1421,60,RL,4.51085950651685,9.367429587218957,Pave,None,Reg,Lvl,AllPub,Corner,Gtl,NWAmes,Norm,Norm,1Fam,2Story,6,6,1968,1968,Gable,CompShg,HdBoard,HdBoard,BrkFace,6.042632833682381,TA,TA,CBlock,TA,TA,No,ALQ,6.003887067106539,Unf,0.0,304,6.5638555265321274,GasA,Gd,Y,SBrkr,6.5638555265321274,708,0.0,7.256297239690681,0,0,2,1,3,1,TA,7,Typ,1,TA,Attchd,1968.0,RFn,2,776,TA,TA,Y,0.0,5.135798437050262,0.0,0.0,4.787491742782046,0.0,None,None,None,0.0,5,2006,WD,Normal,179900,7.661527081358517,38,38,2.5,1,1,1,1,288
1422,120,RL,3.9889840465642745,8.304989580140361,Pave,None,Reg,Lvl,AllPub,Inside,Gtl,NPkVill,Norm,Norm,TwnhsE,1Story,6,5,1977,1977,Gable,CompShg,Plywood,Plywood,None,0.0,TA,TA,CBlock,Gd,TA,No,ALQ,5.8888779583328805,Unf,0.0,709,6.975413927455952,GasA,TA,Y,SBrkr,6.975413927455952,0,0.0,6.975413927455952,0,0,2,0,2,1,TA,4,Typ,1,Fa,Attchd,1977.0,RFn,2,440,TA,TA,Y,0.0,4.02535169073515,0.0,0.0,5.111987788356544,0.0,None,None,None,0.0,7,2010,WD,Normal,127500,7.668093709082406,33,33,2.0,1,1,1,0,220
1423,120,RM,3.6375861597263857,8.397508348470257,Pave,None,Reg,Lvl,AllPub,Inside,Gtl,CollgCr,Norm,Norm,TwnhsE,1Story,6,5,2003,2003,Gable,CompShg,VinylSd,VinylSd,BrkFace,5.14166355650266,Gd,TA,PConc,Gd,TA,Av,GLQ,6.532334292222349,Unf,0.0,162,6.744059186311348,GasA,Ex,Y,SBrkr,6.744059186311348,0,0.0,6.744059186311348,1,0,1,0,1,1,Gd,3,Typ,0,None,Attchd,2003.0,Fin,2,420,TA,TA,Y,4.948759890378168,0.0,0.0,0.0,0.0,0.0,None,None,None,0.0,3,2008,WD,Normal,136500,7.436617265234227,5,5,2.0,1,1,0,0,140
1424,80,RL,4.197201947661808,9.88791695754517,Pave,None,IR1,Lvl,AllPub,CulDSac,Gtl,Edwards,Norm,Norm,1Fam,SLvl,6,7,1966,1966,Flat,Tar&Grv,Plywood,Plywood,None,0.0,Gd,Gd,CBlock,Gd,TA,Av,Unf,0.0,Unf,0.0,697,6.548219102762372,GasA,TA,Y,SBrkr,7.362645270417825,626,0.0,7.697121317282625,0,0,2,0,4,1,Gd,8,Typ,1,Gd,Attchd,1966.0,Unf,2,432,Gd,Gd,Y,6.375024819828097,5.4680601411351315,0.0,0.0,0.0,6.6052979209482015,Gd,GdPrv,None,0.0,8,2006,WD,Alloca,274970,7.972121128921655,40,40,2.0,1,1,1,1,822
1425,20,RL,4.30406509320417,9.159468041602427,Pave,None,Reg,Lvl,AllPub,Inside,Gtl,NAmes,Norm,Norm,1Fam,1Story,5,5,1958,1983,Hip,CompShg,HdBoard,HdBoard,None,0.0,TA,TA,CBlock,TA,TA,No,ALQ,6.126869184114185,Rec,5.926926025970411,193,6.932447891572509,GasA,TA,Y,SBrkr,7.20414929203594,0,0.0,7.20414929203594,1,0,1,0,2,1,TA,6,Min1,1,TA,Detchd,1970.0,Unf,1,484,TA,TA,Y,5.75890177387728,3.367295829986474,0.0,0.0,0.0,0.0,None,GdWo,None,0.0,6,2007,WD,Normal,144000,7.7702232041587855,49,24,2.0,1,1,1,0,344
1426,20,RL,4.394449154672439,9.280052984387483,Pave,None,IR1,Lvl,AllPub,Inside,Gtl,NAmes,Norm,Norm,1Fam,1Story,6,6,1959,1959,Hip,CompShg,HdBoard,HdBoard,Stone,5.497168225293202,Gd,TA,CBlock,TA,TA,No,Unf,0.0,Unf,0.0,1252,7.133295954896068,GasA,Ex,Y,SBrkr,7.133295954896068,0,0.0,7.133295954896068,0,0,1,0,3,1,Gd,7,Typ,0,None,Detchd,1960.0,Unf,2,528,TA,TA,Y,0.0,3.6888794541139363,0.0,0.0,0.0,0.0,None,None,None,0.0,10,2008,WD,Normal,142000,7.826044013518965,49,49,1.0,1,1,0,0,39
1427,60,RL,4.406719247264253,9.300638009956963,Pave,None,IR1,Lvl,AllPub,Inside,Gtl,NoRidge,Norm,Norm,1Fam,2Story,7,5,1994,1994,Gable,CompShg,VinylSd,VinylSd,BrkFace,6.1070228877422545,Gd,TA,PConc,Gd,TA,No,GLQ,6.90875477931522,Unf,0.0,223,7.1098794630722715,GasA,Ex,Y,SBrkr,7.1098794630722715,904,0.0,7.662937850461535,1,0,2,1,3,1,Gd,5,Typ,2,TA,Attchd,1994.0,RFn,2,525,TA,TA,Y,5.147494476813453,4.890349128221754,0.0,0.0,0.0,0.0,None,None,None,0.0,8,2008,WD,Normal,271000,8.11701408773731,14,14,3.5,1,1,1,1,303
1428,50,RL,4.110873864173311,9.299358068293836,Pave,Grvl,Reg,Bnk,AllPub,Inside,Gtl,NAmes,Artery,Norm,1Fam,1.5Fin,5,6,1945,1950,Gable,CompShg,MetalSd,MetalSd,None,0.0,TA,TA,CBlock,TA,TA,No,BLQ,6.364750756851911,Unf,0.0,333,6.81783057145415,GasA,TA,Y,FuseA,6.955592608396297,510,0.0,7.351799869057777,1,0,1,1,3,1,TA,6,Typ,1,TA,Attchd,1962.0,Unf,1,288,TA,TA,Y,0.0,0.0,0.0,0.0,0.0,0.0,None,None,None,0.0,4,2008,WD,Normal,140000,7.812782818577581,63,58,2.5,1,1,1,1,0
1429,30,RM,4.110873864173311,8.881975184248867,Pave,None,Reg,Lvl,AllPub,Corner,Gtl,OldTown,Norm,Norm,1Fam,1Story,5,7,1940,1992,Gable,CompShg,MetalSd,MetalSd,Stone,5.68697535633982,TA,Gd,CBlock,TA,TA,No,BLQ,6.236369590203704,Unf,0.0,278,6.670766320845874,GasA,TA,Y,SBrkr,6.690842277418564,0,0.0,6.690842277418564,1,0,1,0,2,1,Gd,4,Typ,2,Gd,Attchd,1940.0,Unf,1,240,TA,TA,Y,0.0,0.0,5.043425116919247,0.0,0.0,0.0,None,MnPrv,None,0.0,2,2010,WD,Abnorml,119000,7.373374309910049,70,18,2.0,1,1,1,0,154
1430,20,RL,4.394449154672439,9.4372368721597,Pave,None,IR1,Lvl,AllPub,Corner,Gtl,NWAmes,Norm,Norm,1Fam,1Story,6,7,1981,1981,Gable,CompShg,MetalSd,MetalSd,BrkFace,5.739792912179234,Gd,Gd,CBlock,Gd,TA,No,BLQ,6.520621127558696,Unf,0.0,762,7.273092595999522,GasA,Ex,Y,SBrkr,7.273092595999522,0,0.0,7.273092595999522,0,0,2,0,3,1,Gd,7,Typ,1,TA,Attchd,1981.0,Fin,2,467,TA,TA,Y,0.0,0.0,4.605170185988092,0.0,0.0,0.0,None,None,None,0.0,4,2007,WD,Normal,182900,7.9658927350845286,26,26,2.0,1,1,1,0,99
1431,60,RL,4.110873864173311,9.995656440007505,Pave,None,IR3,Lvl,AllPub,Inside,Gtl,Gilbert,RRAn,Norm,1Fam,2Story,5,5,2005,2005,Gable,CompShg,VinylSd,VinylSd,None,0.0,Gd,TA,PConc,Gd,Gd,Av,Unf,0.0,Unf,0.0,732,6.597145701886651,GasA,Ex,Y,SBrkr,6.5998704992128365,1104,0.0,7.516977224604321,0,0,2,1,4,1,TA,7,Typ,1,Gd,BuiltIn,2005.0,Fin,2,372,TA,TA,Y,4.61512051684126,3.713572066704308,0.0,0.0,0.0,0.0,None,None,None,0.0,7,2006,WD,Normal,192140,7.852050207265889,1,1,2.5,1,1,1,1,140
1432,120,RL,3.2188758248682006,8.502891406705377,Pave,None,IR1,Lvl,AllPub,Inside,Gtl,NPkVill,Norm,Norm,TwnhsE,1Story,6,6,1976,1976,Gable,CompShg,Plywood,Plywood,None,0.0,TA,TA,CBlock,Gd,TA,No,LwQ,6.8658910748834385,Unf,0.0,0,6.8658910748834385,GasA,TA,Y,SBrkr,6.8658910748834385,0,0.0,6.8658910748834385,0,0,2,0,2,1,TA,5,Typ,0,None,Attchd,1976.0,RFn,2,440,TA,TA,Y,0.0,4.110873864173311,0.0,0.0,0.0,0.0,None,None,None,0.0,10,2009,WD,Normal,143750,7.558516743045645,33,33,2.0,1,1,0,0,60
1433,30,RL,4.110873864173311,9.287394001418473,Pave,Grvl,Reg,Lvl,AllPub,Inside,Gtl,OldTown,Norm,Norm,1Fam,1Story,4,6,1927,2007,Gable,CompShg,Wd Sdng,Wd Sdng,None,0.0,TA,TA,BrkTil,TA,TA,No,Unf,0.0,Unf,0.0,656,6.48768401848461,GasA,TA,Y,SBrkr,6.876264611890766,0,0.0,6.876264611890766,0,0,2,0,4,1,TA,5,Typ,0,None,Detchd,1928.0,Unf,1,216,Fa,Fa,Y,0.0,0.0,0.0,0.0,0.0,0.0,None,None,None,0.0,8,2007,WD,Normal,64500,7.393263094763838,80,0,2.0,1,1,0,0,0
1434,60,RL,4.543294782270004,9.23620303150191,Pave,None,IR1,Lvl,AllPub,Inside,Gtl,Gilbert,Norm,Norm,1Fam,2Story,6,5,2000,2000,Gable,CompShg,VinylSd,VinylSd,BrkFace,5.765191102784844,TA,TA,PConc,Gd,TA,No,Unf,0.0,Unf,0.0,936,6.842683282238422,GasA,Ex,Y,SBrkr,6.870053411798126,830,0.0,7.491645473605133,1,0,2,1,3,1,TA,8,Typ,1,TA,Attchd,2000.0,Fin,2,451,TA,TA,Y,0.0,0.0,0.0,0.0,0.0,0.0,None,None,None,0.0,5,2008,WD,Normal,186500,7.911690520708339,8,8,3.5,1,1,1,1,0
1435,20,RL,4.394449154672439,9.76428295481558,Pave,None,Reg,Low,AllPub,Inside,Mod,Mitchel,Norm,Norm,1Fam,1Story,5,5,1977,1977,Gable,CompShg,BrkFace,BrkFace,None,0.0,TA,TA,CBlock,TA,TA,No,ALQ,6.842683282238422,Unf,0.0,190,7.027314514039777,GasA,Fa,Y,SBrkr,7.027314514039777,0,0.0,7.027314514039777,1,0,2,0,3,1,TA,5,Typ,1,Gd,Attchd,1977.0,RFn,2,484,TA,TA,P,5.69035945432406,3.7376696182833684,0.0,0.0,0.0,0.0,None,None,None,0.0,5,2006,WD,Normal,160000,7.720017940432244,29,29,3.0,1,1,1,0,336
1436,20,RL,4.394449154672439,9.036106025364846,Pave,None,Reg,Lvl,AllPub,Inside,Gtl,NAmes,Norm,Norm,1Fam,1Story,6,9,1962,2005,Gable,CompShg,Wd Sdng,Wd Sdng,BrkFace,5.472270673671475,Gd,Gd,CBlock,TA,TA,No,Unf,0.0,Unf,0.0,1319,7.1853870155804165,GasA,TA,Y,SBrkr,7.338238150065589,0,0.0,7.338238150065589,1,0,1,1,3,1,Gd,7,Typ,1,Gd,Attchd,1962.0,RFn,2,462,TA,TA,Y,0.0,3.6109179126442243,0.0,0.0,0.0,0.0,None,GdPrv,None,0.0,7,2008,COD,Abnorml,174000,7.957527402230773,46,3,2.5,1,1,1,0,36
1437,20,RL,4.110873864173311,9.105090961257085,Pave,None,Reg,Lvl,AllPub,FR2,Gtl,NAmes,Norm,Norm,1Fam,1Story,4,6,1971,1971,Gable,CompShg,HdBoard,HdBoard,None,0.0,TA,TA,PConc,TA,TA,No,ALQ,6.424869023905388,Unf,0.0,248,6.762729506931879,GasA,TA,Y,SBrkr,6.762729506931879,0,0.0,6.762729506931879,0,0,1,0,3,1,TA,5,Typ,0,None,Detchd,1974.0,Unf,2,528,TA,TA,Y,0.0,0.0,0.0,0.0,0.0,0.0,None,GdWo,None,0.0,5,2007,WD,Normal,120500,7.455298485683291,36,36,1.0,1,1,0,0,0
1438,20,RL,4.574710978503383,9.429074214801693,Pave,None,Reg,Lvl,AllPub,FR2,Gtl,NridgHt,Norm,Norm,1Fam,1Story,8,5,2008,2008,Hip,CompShg,VinylSd,VinylSd,Stone,6.056784013228625,Ex,TA,PConc,Ex,TA,Av,GLQ,7.198183577101943,Unf,0.0,596,7.566828479208331,GasA,Ex,Y,SBrkr,7.566828479208331,0,0.0,7.566828479208331,1,0,2,0,2,1,Ex,7,Typ,1,Gd,Attchd,2008.0,Fin,3,774,TA,TA,Y,0.0,4.204692619390966,0.0,5.720311776607412,0.0,0.0,None,None,None,0.0,11,2008,New,Partial,394617,8.259716961021523,0,0,3.0,1,1,1,0,370
1439,20,RM,4.51085950651685,8.910315776326016,Pave,None,Reg,Lvl,AllPub,Inside,Gtl,OldTown,Artery,Norm,1Fam,1Story,6,7,1957,1996,Gable,CompShg,MetalSd,MetalSd,None,0.0,TA,TA,CBlock,TA,TA,No,GLQ,6.398594934535208,Unf,0.0,312,6.816735880594968,GasA,TA,Y,FuseA,7.1204443723924875,0,0.0,7.1204443723924875,1,0,1,0,2,1,TA,6,Typ,0,None,Attchd,1957.0,Unf,2,923,TA,TA,Y,0.0,5.0689042022202315,5.0689042022202315,0.0,0.0,0.0,None,MnPrv,None,0.0,4,2010,WD,Normal,149700,7.67275789664251,53,14,2.0,1,1,0,0,316
1440,60,RL,4.394449154672439,9.357466436866476,Pave,None,Reg,Lvl,AllPub,Inside,Gtl,NWAmes,Norm,Norm,1Fam,SLvl,7,6,1979,1979,Hip,CompShg,HdBoard,HdBoard,BrkFace,4.574710978503383,TA,TA,CBlock,TA,TA,No,GLQ,5.755742213586912,Rec,4.709530201312334,114,6.29156913955832,GasA,TA,Y,SBrkr,6.947937068614969,685,0.0,7.453561871643373,0,0,2,1,3,1,TA,6,Typ,1,TA,Attchd,1979.0,RFn,2,550,TA,TA,Y,0.0,4.48863636973214,5.37989735354046,0.0,0.0,0.0,None,None,None,0.0,11,2007,WD,Normal,197000,7.725330037917135,28,28,2.5,1,1,1,1,304
1441,70,RL,4.382026634673881,9.352447388601012,Pave,None,IR1,Bnk,AllPub,Inside,Mod,Crawfor,Norm,Norm,1Fam,2.5Fin,6,7,1922,1994,Gable,CompShg,MetalSd,MetalSd,None,0.0,TA,TA,BrkTil,Ex,TA,No,Unf,0.0,Unf,0.0,588,6.3784261836515865,GasA,Fa,Y,SBrkr,7.261225091971921,748,5.953243334287785,7.846198815497425,0,0,2,0,3,1,TA,11,Min1,1,Gd,Detchd,1993.0,Fin,2,672,TA,TA,Y,6.068425588244111,0.0,0.0,0.0,0.0,0.0,None,None,None,0.0,9,2008,WD,Normal,191000,7.9229859587111955,86,14,2.0,1,1,1,1,431
1442,120,RM,4.2626798770413155,8.395477432732141,Pave,None,Reg,Lvl,AllPub,Inside,Gtl,CollgCr,Norm,Norm,TwnhsE,1Story,6,5,2004,2004,Gable,CompShg,VinylSd,VinylSd,BrkFace,4.997212273764115,Gd,TA,PConc,Gd,TA,Av,GLQ,6.548219102762372,Unf,0.0,151,6.744059186311348,GasA,Ex,Y,SBrkr,6.744059186311348,0,0.0,6.744059186311348,1,0,1,0,1,1,Gd,3,Typ,1,TA,Attchd,2004.0,RFn,2,420,TA,TA,Y,5.0106352940962555,0.0,0.0,0.0,0.0,0.0,None,None,None,0.0,5,2008,WD,Normal,149300,7.436617265234227,4,4,2.0,1,1,1,0,149
1443,60,FV,4.454347296253507,9.306014122044465,Pave,None,Reg,Lvl,AllPub,Inside,Gtl,Somerst,Norm,Norm,1Fam,2Story,10,5,2008,2008,Gable,CompShg,VinylSd,VinylSd,Stone,5.081404364984463,Ex,TA,PConc,Ex,TA,Av,GLQ,6.641182169740591,Unf,0.0,252,6.925595197110468,GasA,Ex,Y,SBrkr,6.934397209928558,981,0.0,7.60489448081162,1,0,2,1,3,1,Ex,10,Typ,1,Ex,Attchd,2008.0,Fin,3,812,TA,TA,Y,5.1298987149230735,3.970291913552122,0.0,0.0,0.0,0.0,None,None,None,0.0,4,2009,WD,Normal,310000,8.014666370464942,1,1,3.5,1,1,1,1,220
1444,30,RL,3.970291913552122,9.088737550216933,Pave,None,Reg,Lvl,AllPub,Inside,Gtl,BrkSide,Norm,Norm,1Fam,1.5Unf,6,6,1916,1950,Gable,CompShg,Wd Sdng,Wd Sdng,None,0.0,TA,TA,BrkTil,TA,TA,No,Unf,0.0,Unf,0.0,952,6.859614903654202,Grav,Fa,N,FuseF,6.859614903654202,0,0.0,6.859614903654202,0,0,1,0,2,1,Fa,4,Typ,1,Gd,Detchd,1916.0,Unf,1,192,Fa,Po,P,0.0,4.59511985013459,0.0,0.0,3.713572066704308,0.0,None,None,None,0.0,5,2009,WD,Normal,121000,7.552237287560802,93,59,1.0,1,1,1,0,138
1445,20,RL,4.1588830833596715,9.04793908261736,Pave,None,Reg,Lvl,AllPub,FR2,Gtl,CollgCr,Norm,Norm,1Fam,1Story,7,5,2004,2004,Gable,CompShg,VinylSd,VinylSd,BrkFace,4.672828834461906,Gd,TA,PConc,Gd,TA,Av,Unf,0.0,Unf,0.0,1422,7.260522598089852,GasA,Ex,Y,SBrkr,7.260522598089852,0,0.0,7.260522598089852,0,0,2,0,3,1,Gd,7,Typ,0,None,Attchd,2004.0,RFn,2,626,TA,TA,Y,5.262690188904886,4.110873864173311,0.0,0.0,0.0,0.0,None,None,None,0.0,11,2007,WD,Normal,179600,7.953318346560431,3,3,2.0,1,1,0,0,252
1446,85,RL,4.2626798770413155,9.036106025364846,Pave,None,Reg,Lvl,AllPub,Inside,Gtl,Sawyer,Norm,Norm,1Fam,SFoyer,6,5,1966,1966,Gable,CompShg,VinylSd,VinylSd,None,0.0,TA,TA,CBlock,TA,TA,Gd,LwQ,5.236441962829949,Rec,6.4425401664681985,0,6.703188113240863,GasA,Gd,Y,SBrkr,6.81783057145415,0,0.0,6.81783057145415,1,0,1,0,3,1,TA,6,Typ,0,None,Detchd,1990.0,Unf,1,240,TA,TA,Y,0.0,0.0,5.53338948872752,0.0,0.0,0.0,None,None,None,0.0,5,2007,WD,Normal,129000,7.454719949364001,41,41,2.0,1,1,0,0,252
1447,20,RL,4.30406509320417,10.17133674723419,Pave,None,IR1,Lvl,AllPub,CulDSac,Gtl,Mitchel,Norm,Norm,1Fam,1Story,5,7,1962,1962,Gable,CompShg,HdBoard,HdBoard,BrkFace,5.247024072160486,TA,TA,CBlock,TA,TA,No,Rec,6.386879319362645,Unf,0.0,595,7.080867896690782,GasA,TA,Y,SBrkr,7.080867896690782,0,0.0,7.080867896690782,0,0,1,0,3,1,TA,6,Typ,0,None,Attchd,1962.0,Unf,1,312,TA,TA,P,5.568344503761097,3.6888794541139363,0.0,0.0,0.0,0.0,None,None,None,0.0,4,2010,WD,Normal,157900,7.773594467360194,48,48,1.0,1,1,0,0,300
1448,60,RL,4.394449154672439,9.210440366976517,Pave,None,Reg,Lvl,AllPub,Inside,Gtl,CollgCr,Norm,Norm,1Fam,2Story,8,5,1995,1996,Gable,CompShg,VinylSd,VinylSd,BrkFace,6.0844994130751715,Gd,TA,PConc,Gd,TA,No,GLQ,6.984716320118266,Unf,0.0,141,7.107425474110705,GasA,Ex,Y,SBrkr,7.107425474110705,870,0.0,7.645397699428633,1,0,2,1,3,1,Gd,8,Typ,1,TA,Attchd,1995.0,RFn,2,556,TA,TA,Y,0.0,4.189654742026425,0.0,0.0,0.0,0.0,None,None,None,0.0,12,2007,WD,Normal,240000,8.105005537547246,12,11,3.5,1,1,1,1,65
1449,50,RL,4.2626798770413155,9.373139262281274,Pave,None,Reg,Lvl,AllPub,Inside,Gtl,Edwards,Norm,Norm,1Fam,2Story,4,7,1910,2000,Gable,CompShg,MetalSd,HdBoard,None,0.0,TA,TA,CBlock,Fa,TA,No,Unf,0.0,Unf,0.0,560,6.329720905522696,GasA,Gd,N,SBrkr,6.680854678790215,550,0.0,7.205635176410364,0,0,1,1,2,1,TA,6,Min2,0,None,Detchd,1950.0,Unf,1,384,Fa,TA,Y,5.1298987149230735,3.2188758248682006,0.0,0.0,0.0,0.0,None,GdWo,None,0.0,5,2007,WD,Normal,112000,7.553286605600419,97,7,1.5,1,1,0,1,192
1450,180,RM,3.091042453358316,7.335633981927201,Pave,None,Reg,Lvl,AllPub,Inside,Gtl,MeadowV,Norm,Norm,Twnhs,SFoyer,5,7,1970,1970,Gable,CompShg,CemntBd,CmentBd,None,0.0,TA,TA,CBlock,Gd,TA,Av,GLQ,6.317164686747284,Unf,0.0,77,6.447305862541213,GasA,Ex,Y,SBrkr,6.447305862541213,0,0.0,6.447305862541213,1,0,1,0,1,1,Ex,3,Typ,0,None,None,0.0,None,0,0,None,None,Y,0.0,0.0,0.0,0.0,0.0,0.0,None,None,None,0.0,8,2006,WD,Abnorml,92000,7.13966033596492,36,36,2.0,0,1,0,0,0
1451,90,RL,4.110873864173311,9.105090961257085,Pave,None,Reg,Lvl,AllPub,FR2,Gtl,NAmes,Norm,Norm,Duplex,2Story,5,5,1974,1974,Gable,CompShg,VinylSd,VinylSd,None,0.0,TA,TA,CBlock,Gd,TA,No,Unf,0.0,Unf,0.0,896,6.799055862058796,GasA,TA,Y,SBrkr,6.799055862058796,896,0.0,7.491645473605133,0,0,2,2,4,2,TA,8,Typ,0,None,None,0.0,None,0,0,None,None,Y,3.4965075614664802,3.828641396489095,0.0,0.0,0.0,0.0,None,None,None,0.0,9,2009,WD,Normal,136000,7.896924656268864,35,35,3.0,0,1,0,1,77
1452,20,RL,4.3694478524670215,9.133783249254028,Pave,None,Reg,Lvl,AllPub,Inside,Gtl,Somerst,Norm,Norm,1Fam,1Story,8,5,2008,2009,Gable,CompShg,CemntBd,CmentBd,Stone,5.272999558563747,Gd,TA,PConc,Gd,TA,No,Unf,0.0,Unf,0.0,1573,7.3613754289773485,GasA,Ex,Y,SBrkr,7.364547014255642,0,0.0,7.364547014255642,0,0,2,0,3,1,Ex,7,Typ,1,Gd,Attchd,2008.0,Fin,3,840,TA,TA,Y,0.0,3.6109179126442243,0.0,0.0,0.0,0.0,None,None,None,0.0,5,2009,New,Partial,287090,8.05579245097777,1,0,2.0,1,1,1,0,36
1453,180,RM,3.58351893845611,8.209580483475577,Pave,None,Reg,Lvl,AllPub,Inside,Gtl,Edwards,Norm,Norm,TwnhsE,SLvl,5,5,2005,2005,Gable,CompShg,VinylSd,VinylSd,BrkFace,4.394449154672439,TA,TA,PConc,Gd,TA,Gd,GLQ,6.306275286948016,Unf,0.0,0,6.306275286948016,GasA,Gd,Y,SBrkr,6.9782137426306985,0,0.0,6.9782137426306985,1,0,1,0,2,1,TA,5,Typ,0,None,Basment,2005.0,Fin,2,525,TA,TA,Y,0.0,3.367295829986474,0.0,0.0,0.0,0.0,None,None,None,0.0,5,2006,WD,Normal,145000,7.3901814282264295,1,1,2.0,1,1,0,0,28
1454,20,RL,4.51085950651685,9.7537106272179,Pave,None,Reg,Lvl,AllPub,Inside,Gtl,Mitchel,Norm,Norm,1Fam,1Story,5,5,2006,2006,Gable,CompShg,VinylSd,VinylSd,None,0.0,TA,TA,PConc,Gd,TA,No,Unf,0.0,Unf,0.0,1140,7.039660349862076,GasA,Ex,Y,SBrkr,7.039660349862076,0,0.0,7.039660349862076,0,0,1,0,3,1,TA,6,Typ,0,None,None,0.0,None,0,0,None,None,Y,3.6109179126442243,4.04305126783455,0.0,0.0,0.0,0.0,None,None,None,0.0,7,2006,WD,Abnorml,84500,7.732369222284388,0,0,1.0,0,1,0,0,92
1455,20,FV,4.143134726391533,8.922791623969637,Pave,Pave,Reg,Lvl,AllPub,Inside,Gtl,Somerst,Norm,Norm,1Fam,1Story,7,5,2004,2005,Gable,CompShg,VinylSd,VinylSd,None,0.0,Gd,TA,PConc,Gd,TA,No,GLQ,6.018593214496234,Unf,0.0,811,7.108244139731541,GasA,Ex,Y,SBrkr,7.108244139731541,0,0.0,7.108244139731541,1,0,2,0,2,1,Gd,6,Typ,0,None,Attchd,2004.0,RFn,2,400,TA,TA,Y,0.0,4.736198448394496,0.0,0.0,0.0,0.0,None,None,None,0.0,10,2009,WD,Normal,185000,7.8009820712577405,5,4,3.0,1,1,0,0,113
1456,60,RL,4.143134726391533,8.976893927666076,Pave,None,Reg,Lvl,AllPub,Inside,Gtl,Gilbert,Norm,Norm,1Fam,2Story,6,5,1999,2000,Gable,CompShg,VinylSd,VinylSd,None,0.0,TA,TA,PConc,Gd,TA,No,Unf,0.0,Unf,0.0,953,6.860663671448287,GasA,Ex,Y,SBrkr,6.860663671448287,694,0.0,7.4073177104694174,0,0,2,1,3,1,TA,7,Typ,1,TA,Attchd,1999.0,RFn,2,460,TA,TA,Y,0.0,3.713572066704308,0.0,0.0,0.0,0.0,None,None,None,0.0,8,2007,WD,Normal,175000,7.8636512654486515,8,7,2.5,1,1,1,1,40
1457,20,RL,4.454347296253507,9.486152271857476,Pave,None,Reg,Lvl,AllPub,Inside,Gtl,NWAmes,Norm,Norm,1Fam,1Story,6,6,1978,1988,Gable,CompShg,Plywood,Plywood,Stone,4.787491742782046,TA,TA,CBlock,Gd,TA,No,ALQ,6.673297967767654,Rec,5.099866427824199,589,7.341483852363161,GasA,TA,Y,SBrkr,7.637234388789473,0,0.0,7.637234388789473,1,0,2,0,3,1,TA,7,Min1,2,TA,Attchd,1978.0,Unf,2,500,TA,TA,Y,5.857933154483459,0.0,0.0,0.0,0.0,0.0,None,MnPrv,None,0.0,2,2010,WD,Normal,210000,8.193123721512068,32,22,3.0,1,1,1,0,349
1458,70,RL,4.204692619390966,9.10974625674048,Pave,None,Reg,Lvl,AllPub,Inside,Gtl,Crawfor,Norm,Norm,1Fam,2Story,7,9,1941,2006,Gable,CompShg,CemntBd,CmentBd,None,0.0,Ex,Gd,Stone,TA,Gd,No,GLQ,5.62040086571715,Unf,0.0,877,7.050122520269059,GasA,Ex,Y,SBrkr,7.080867896690782,1152,0.0,7.75833346749091,0,0,2,0,4,1,Gd,9,Typ,2,Gd,Attchd,1941.0,RFn,1,252,TA,TA,Y,0.0,4.110873864173311,0.0,0.0,0.0,0.0,None,GdPrv,Shed,7.824445930877619,5,2010,WD,Normal,266500,8.158516244806831,69,4,2.0,1,1,1,1,60
1459,20,RL,4.23410650459726,9.181735114965848,Pave,None,Reg,Lvl,AllPub,Inside,Gtl,NAmes,Norm,Norm,1Fam,1Story,5,6,1950,1996,Hip,CompShg,MetalSd,MetalSd,None,0.0,TA,TA,CBlock,TA,TA,Mn,GLQ,3.912023005428146,Rec,6.937314081223682,0,6.983789965258135,GasA,Gd,Y,FuseA,6.983789965258135,0,0.0,6.983789965258135,1,0,1,0,2,1,Gd,5,Typ,0,None,Attchd,1950.0,Unf,1,240,TA,TA,Y,5.905361848054571,0.0,4.727387818712341,0.0,0.0,0.0,None,None,None,0.0,4,2010,WD,Normal,142125,7.676473646389156,60,14,2.0,1,1,0,0,478
1460,20,RL,4.330733340286331,9.204121072162266,Pave,None,Reg,Lvl,AllPub,Inside,Gtl,Edwards,Norm,Norm,1Fam,1Story,5,6,1965,1965,Gable,CompShg,HdBoard,HdBoard,None,0.0,Gd,TA,CBlock,TA,TA,No,BLQ,6.7226297948554485,LwQ,5.673323267171493,136,7.136483208590247,GasA,Gd,Y,SBrkr,7.136483208590247,0,0.0,7.136483208590247,1,0,1,1,3,1,TA,6,Typ,0,None,Attchd,1965.0,Fin,1,276,TA,TA,Y,6.602587892189336,4.23410650459726,0.0,0.0,0.0,0.0,None,None,None,0.0,6,2008,WD,Normal,147500,7.829232537543592,43,43,2.5,1,1,0,0,804
